사고번호,사고일시,요일,시군구,사고내용,사망자수,중상자수,경상자수,부상신고자수,사고유형,법규위반,노면상태,기상상태,도로형태,가해운전자 차종,가해운전자 성별,가해운전자 연령,가해운전자 상해정도,피해운전자 차종,피해운전자 성별,피해운전자 연령,피해운전자 상해정도
2016010800100507,2016년 1월 8일 20시,금요일,경상북도 칠곡군 석적읍,중상사고,0,1,2,0,차대차 - 추돌,안전거리미확보,건조,맑음,교차로 - 교차로안,화물,남,44세,상해없음,승용,여,29세,경상
2016010800100508,2016년 1월 8일 20시,금요일,경상북도 구미시 원평동,경상사고,0,0,1,0,차대차 - 추돌,안전운전불이행,건조,맑음,단일로 - 기타,승용,남,21세,상해없음,승용,남,44세,경상
2016010800100509,2016년 1월 8일 20시,금요일,경상북도 구미시 공단동,사망사고,1,0,0,0,차대사람 - 기타,안전운전불이행,건조,맑음,단일로 - 기타,승용,여,54세,상해없음,보행자,남,60세,사망
2016010800100536,2016년 1월 8일 21시,금요일,경상북도 경주시 성건동,중상사고,0,1,0,0,차대차 - 측면충돌,신호위반,건조,맑음,교차로 - 교차로안,승용,여,50세,상해없음,이륜,여,42세,중상
2016010800100537,2016년 1월 8일 21시,금요일,경상북도 경주시 성건동,중상사고,0,1,1,0,차대차 - 측면충돌,중앙선침범,건조,맑음,단일로 - 기타,승용,남,60세,상해없음,원동기,남,18세,중상
2016010800100538,2016년 1월 8일 21시,금요일,경상북도 칠곡군 석적읍,중상사고,0,1,0,1,차대차 - 측면직각충돌,신호위반,건조,맑음,교차로 - 교차로안,승용,여,32세,부상신고,승용,여,32세,중상
2016010800100568,2016년 1월 8일 22시,금요일,경상북도 김천시 교동,경상사고,0,0,2,0,차대차 - 측면충돌,안전운전불이행,건조,맑음,단일로 - 기타,승합,여,20세,상해없음,승합,남,34세,상해없음
2016010800100595,2016년 1월 8일 23시,금요일,경상북도 구미시 공단동,경상사고,0,0,1,0,차량단독 - 전도전복,안전운전불이행,건조,맑음,단일로 - 기타,승용,남,25세,상해없음,,,,
2016010900100016,2016년 1월 9일 00시,토요일,경상북도 경산시 옥산동,경상사고,0,0,1,0,차대사람 - 횡단중,안전운전불이행,건조,맑음,교차로 - 교차로안,승용,남,42세,상해없음,보행자,남,19세,경상
2016010900100017,2016년 1월 9일 00시,토요일,경상북도 구미시 봉곡동,중상사고,0,1,0,0,차대차 - 측면충돌,안전운전불이행,건조,맑음,단일로 - 기타,승용,남,45세,상해없음,원동기,남,35세,중상
2016010900100086,2016년 1월 9일 04시,토요일,경상북도 영천시 완산동,중상사고,0,1,0,0,차대차 - 추돌,안전운전불이행,건조,맑음,단일로 - 기타,승용,남,40세,상해없음,원동기,남,73세,중상
2016010900100106,2016년 1월 9일 06시,토요일,경상북도 포항시 북구 항구동,중상사고,0,1,0,0,차대사람 - 횡단중,신호위반,건조,맑음,교차로 - 교차로안,승용,여,54세,상해없음,보행자,여,57세,중상
2016010900100107,2016년 1월 9일 06시,토요일,경상북도 포항시 북구 득량동,경상사고,0,0,1,0,차대사람 - 횡단중,보행자보호의무위반,건조,맑음,단일로 - 횡단보도상,승용,남,57세,상해없음,보행자,여,24세,경상
2016010900100108,2016년 1월 9일 06시,토요일,경상북도 군위군 군위읍,경상사고,0,0,1,1,차대차 - 추돌,안전운전불이행,건조,맑음,단일로 - 기타,승용,여,53세,경상,건설기계,남,46세,부상신고
2016010900100120,2016년 1월 9일 07시,토요일,경상북도 경주시 현곡면,중상사고,0,1,0,0,차대사람 - 기타,안전운전불이행,건조,맑음,단일로 - 기타,화물,남,40세,상해없음,보행자,여,73세,중상
2016010900100121,2016년 1월 9일 07시,토요일,경상북도 김천시 신음동,경상사고,0,0,1,0,차대차 - 정면충돌,신호위반,건조,맑음,교차로 - 교차로부근,승용,남,43세,상해없음,승용,남,33세,경상
2016010900100122,2016년 1월 9일 07시,토요일,경상북도 구미시 공단동,경상사고,0,0,1,0,차대차 - 측면직각충돌,차로위반,건조,맑음,단일로 - 기타,승용,남,59세,상해없음,승용,남,41세,경상
2016010900100141,2016년 1월 9일 08시,토요일,경상북도 영덕군 강구면,경상사고,0,0,1,0,차대사람 - 기타,안전운전불이행,건조,맑음,단일로 - 기타,승용,남,63세,상해없음,보행자,남,33세,경상
2016010900100177,2016년 1월 9일 10시,토요일,경상북도 문경시 유곡동,경상사고,0,0,1,0,차대사람 - 기타,안전운전불이행,건조,맑음,단일로 - 기타,화물,남,58세,상해없음,보행자,남,22세,경상
2016010900100207,2016년 1월 9일 11시,토요일,경상북도 포항시 북구 창포동,경상사고,0,0,1,0,차대차 - 추돌,안전거리미확보,건조,맑음,교차로 - 교차로부근,승용,남,58세,상해없음,화물,남,36세,경상
2016010900100232,2016년 1월 9일 12시,토요일,경상북도 포항시 북구 동빈2가,중상사고,0,1,0,0,차대사람 - 횡단중,안전운전불이행,건조,맑음,교차로 - 교차로부근,승용,여,43세,상해없음,보행자,여,72세,중상
2016010900100233,2016년 1월 9일 12시,토요일,경상북도 포항시 남구 대도동,중상사고,0,1,0,0,차량단독 - 주/정차차량 충돌,안전운전불이행,건조,맑음,단일로 - 기타,이륜,남,34세,중상,,,,
2016010900100234,2016년 1월 9일 12시,토요일,경상북도 포항시 남구 이동,경상사고,0,0,1,0,차대차 - 추돌,안전운전불이행,건조,맑음,기타 - 기타,화물,남,69세,상해없음,승용,남,34세,경상
2016010900100322,2016년 1월 9일 15시,토요일,경상북도 포항시 북구 학산동,경상사고,0,0,2,0,차대차 - 측면충돌,신호위반,건조,맑음,교차로 - 교차로안,승합,여,59세,경상,승용,남,44세,경상
2016010900100323,2016년 1월 9일 15시,토요일,경상북도 안동시 용상동,부상신고사고,0,0,0,1,차대차 - 정면충돌,안전운전불이행,건조,맑음,교차로 - 교차로안,자전거,남,67세,부상신고,건설기계,남,43세,상해없음
2016010900100324,2016년 1월 9일 15시,토요일,경상북도 영주시 순흥면,경상사고,0,0,1,0,차대차 - 측면충돌,안전운전불이행,건조,맑음,교차로 - 교차로안,승용,남,56세,상해없음,화물,여,50세,경상
2016010900100325,2016년 1월 9일 15시,토요일,경상북도 칠곡군 왜관읍,부상신고사고,0,0,0,1,차량단독 - 전도전복,안전운전불이행,건조,맑음,단일로 - 기타,화물,남,52세,부상신고,,,,
2016010900100353,2016년 1월 9일 16시,토요일,경상북도 경산시 사동,경상사고,0,0,1,0,차대차 - 기타,교차로운행방법위반,건조,맑음,교차로 - 교차로안,승용,남,35세,상해없음,승용,여,41세,경상
2016010900100378,2016년 1월 9일 17시,토요일,경상북도 경주시 서부동,경상사고,0,0,2,0,차대차 - 측면충돌,안전운전불이행,건조,맑음,단일로 - 기타,승용,여,63세,상해없음,승용,남,59세,경상
2016010900100379,2016년 1월 9일 17시,토요일,경상북도 포항시 북구 동빈2가,경상사고,0,0,1,0,차대차 - 정면충돌,신호위반,건조,맑음,교차로 - 교차로안,승용,남,59세,상해없음,승용,남,59세,상해없음
2016010900100380,2016년 1월 9일 17시,토요일,경상북도 칠곡군 왜관읍,경상사고,0,0,2,0,차대차 - 추돌,안전운전불이행,건조,맑음,단일로 - 기타,승용,남,62세,상해없음,승용,남,43세,경상
2016010900100381,2016년 1월 9일 17시,토요일,경상북도 영덕군 영덕읍,경상사고,0,0,1,0,차대사람 - 횡단중,안전운전불이행,건조,맑음,기타 - 기타,승합,남,41세,상해없음,보행자,여,7세,경상
2016010900100382,2016년 1월 9일 17시,토요일,경상북도 포항시 남구 구룡포읍,부상신고사고,0,0,0,1,차대차 - 측면충돌,안전운전불이행,건조,맑음,교차로 - 교차로안,승합,남,38세,상해없음,건설기계,남,61세,상해없음
2016010900100411,2016년 1월 9일 18시,토요일,경상북도 경주시 황남동,중상사고,0,1,0,0,차대차 - 측면충돌,안전운전불이행,건조,맑음,교차로 - 교차로안,화물,남,63세,상해없음,이륜,남,36세,중상
2016010900100412,2016년 1월 9일 18시,토요일,경상북도 포항시 북구 죽장면,중상사고,0,2,3,0,차량단독 - 전도전복,안전운전불이행,건조,맑음,단일로 - 기타,화물,남,70세,상해없음,,,,
2016010900100413,2016년 1월 9일 18시,토요일,경상북도 경산시 삼남동,중상사고,0,1,0,0,차대차 - 정면충돌,안전운전불이행,건조,맑음,단일로 - 기타,승용,남,26세,상해없음,이륜,남,39세,중상
2016010900100450,2016년 1월 9일 19시,토요일,경상북도 경주시 성건동,중상사고,0,1,3,1,차대차 - 추돌,안전운전불이행,건조,맑음,단일로 - 기타,승용,남,44세,부상신고,승용,남,39세,경상
2016010900100451,2016년 1월 9일 19시,토요일,경상북도 포항시 북구 죽도동,경상사고,0,0,1,0,차대차 - 측면충돌,신호위반,건조,맑음,교차로 - 교차로안,승용,남,59세,상해없음,이륜,남,35세,경상
2016010900100483,2016년 1월 9일 20시,토요일,경상북도 경산시 조영동,경상사고,0,0,2,0,차대차 - 기타,신호위반,건조,맑음,교차로 - 교차로안,이륜,남,56세,경상,이륜,남,48세,경상
2016010900100511,2016년 1월 9일 21시,토요일,경상북도 경주시 용강동,중상사고,0,1,1,0,차대차 - 측면직각충돌,안전운전불이행,건조,맑음,단일로 - 기타,승용,여,52세,경상,승용,남,34세,중상
2016010900100512,2016년 1월 9일 21시,토요일,경상북도 영주시 휴천동,중상사고,0,1,0,0,차대차 - 기타,안전운전불이행,건조,맑음,교차로 - 교차로부근,원동기,남,43세,상해없음,자전거,여,53세,중상
2016010900100528,2016년 1월 9일 22시,토요일,경상북도 안동시 송현동,경상사고,0,0,2,0,차대차 - 측면충돌,신호위반,건조,맑음,교차로 - 교차로부근,승용,남,51세,상해없음,승용,남,52세,경상
2016010900100529,2016년 1월 9일 22시,토요일,경상북도 구미시 형곡동,중상사고,0,2,0,0,차대차 - 측면직각충돌,신호위반,건조,맑음,교차로 - 교차로안,이륜,남,16세,중상,이륜,남,18세,중상
2016010900100550,2016년 1월 9일 23시,토요일,경상북도 포항시 북구 장성동,경상사고,0,0,3,0,차대차 - 측면충돌,차로위반,건조,맑음,단일로 - 기타,승용,남,63세,상해없음,승용,여,47세,경상
2016011000100025,2016년 1월 10일 01시,일요일,경상북도 칠곡군 북삼읍,중상사고,0,1,1,0,차대차 - 추돌,안전거리미확보,건조,맑음,단일로 - 기타,승용,남,34세,상해없음,승용,여,54세,경상
2016011000100077,2016년 1월 10일 05시,일요일,경상북도 포항시 남구 해도동,경상사고,0,0,2,0,차대차 - 추돌,안전운전불이행,건조,맑음,교차로 - 교차로부근,승합,남,55세,상해없음,승용,남,44세,경상
2016011000100092,2016년 1월 10일 07시,일요일,경상북도 경주시 진현동,경상사고,0,0,1,0,차대차 - 정면충돌,안전운전불이행,건조,맑음,단일로 - 기타,승용,남,74세,경상,승용,남,52세,상해없음
2016011000100093,2016년 1월 10일 07시,일요일,경상북도 경주시 강동면,중상사고,0,2,0,0,차량단독 - 기타,안전운전불이행,건조,맑음,단일로 - 기타,승용,남,29세,중상,,,,
2016011000100094,2016년 1월 10일 07시,일요일,경상북도 영천시 화남면,중상사고,0,3,0,1,차대차 - 정면충돌,중앙선침범,건조,맑음,단일로 - 기타,승용,남,59세,부상신고,승용,남,48세,중상
2016011000100095,2016년 1월 10일 07시,일요일,경상북도 구미시 선산읍,경상사고,0,0,3,0,차대차 - 측면직각충돌,직진우회전진행방해,건조,맑음,교차로 - 교차로안,승용,여,47세,경상,승용,남,50세,경상
2016011000100106,2016년 1월 10일 08시,일요일,경상북도 포항시 북구 죽도동,중상사고,0,1,0,0,차대차 - 기타,안전운전불이행,습기,흐림,단일로 - 기타,원동기,남,40세,상해없음,원동기,남,32세,중상
2016011000100107,2016년 1월 10일 08시,일요일,경상북도 문경시 문경읍,사망사고,1,0,0,0,차대차 - 측면충돌,안전운전불이행,건조,맑음,단일로 - 기타,원동기,남,69세,사망,승용,여,49세,상해없음
2016011000100122,2016년 1월 10일 09시,일요일,경상북도 의성군 단북면,경상사고,0,0,1,0,차대차 - 측면충돌,교차로운행방법위반,건조,맑음,교차로 - 교차로안,화물,남,36세,상해없음,승용,여,57세,경상
2016011000100135,2016년 1월 10일 10시,일요일,경상북도 경주시 안강읍,경상사고,0,0,5,1,차대차 - 정면충돌,안전운전불이행,건조,맑음,교차로 - 교차로안,승용,남,38세,상해없음,승용,남,46세,경상
2016011000100136,2016년 1월 10일 10시,일요일,경상북도 경산시 사동,중상사고,0,1,0,0,차대차 - 측면충돌,안전운전불이행,건조,맑음,교차로 - 교차로안,승용,여,27세,상해없음,이륜,남,80세,중상
2016011000100137,2016년 1월 10일 10시,일요일,경상북도 고령군 성산면,중상사고,0,1,0,0,차대차 - 기타,안전운전불이행,건조,맑음,단일로 - 기타,기타불명,기타불명,기타불명,기타불명,승용,여,34세,중상
2016011000100166,2016년 1월 10일 12시,일요일,경상북도 경주시 외동읍,중상사고,0,1,0,0,차대차 - 측면충돌,안전운전불이행,건조,맑음,교차로 - 교차로안,이륜,남,62세,중상,승용,여,48세,상해없음
2016011000100167,2016년 1월 10일 12시,일요일,경상북도 상주시 함창읍,중상사고,0,1,0,0,차대사람 - 횡단중,안전운전불이행,건조,맑음,교차로 - 교차로안,화물,남,54세,상해없음,보행자,여,75세,중상
2016011000100168,2016년 1월 10일 12시,일요일,경상북도 봉화군 소천면,경상사고,0,0,8,0,차대차 - 정면충돌,안전운전불이행,건조,맑음,단일로 - 기타,승용,남,47세,상해없음,승합,남,43세,경상
2016011000100183,2016년 1월 10일 13시,일요일,경상북도 구미시 송정동,중상사고,0,1,0,0,차대차 - 측면충돌,중앙선침범,건조,맑음,기타 - 기타,승용,남,42세,상해없음,승용,남,64세,상해없음
2016011000100184,2016년 1월 10일 13시,일요일,경상북도 구미시 신평동,부상신고사고,0,0,0,1,차대차 - 기타,신호위반,건조,맑음,단일로 - 기타,이륜,남,48세,부상신고,승용,남,64세,상해없음
2016011000100254,2016년 1월 10일 16시,일요일,경상북도 포항시 북구 두호동,경상사고,0,0,1,0,차대차 - 측면직각충돌,교차로운행방법위반,건조,맑음,교차로 - 교차로안,승용,여,58세,상해없음,승합,남,52세,상해없음
2016011000100255,2016년 1월 10일 16시,일요일,경상북도 경산시 하양읍,중상사고,0,1,0,0,차대차 - 측면충돌,직진우회전진행방해,건조,맑음,교차로 - 교차로안,승용,남,52세,상해없음,이륜,남,21세,중상
2016011000100286,2016년 1월 10일 17시,일요일,경상북도 상주시 냉림동,중상사고,0,1,0,0,차대차 - 측면충돌,교차로운행방법위반,건조,맑음,교차로 - 교차로안,화물,남,45세,상해없음,이륜,남,78세,중상
2016011000100287,2016년 1월 10일 17시,일요일,경상북도 경산시 신교동,경상사고,0,0,2,0,차대차 - 추돌,안전운전불이행,건조,맑음,단일로 - 기타,승용,남,57세,상해없음,승용,남,27세,경상
2016011000100288,2016년 1월 10일 17시,일요일,경상북도 영덕군 강구면,경상사고,0,0,4,0,차대차 - 추돌,안전거리미확보,건조,맑음,단일로 - 기타,승용,여,36세,상해없음,승용,남,42세,경상
2016011000100289,2016년 1월 10일 17시,일요일,경상북도 구미시 황상동,경상사고,0,0,1,0,차대사람 - 횡단중,안전운전불이행,건조,맑음,단일로 - 기타,승용,남,32세,상해없음,보행자,여,17세,경상
2016011000100290,2016년 1월 10일 17시,일요일,경상북도 포항시 남구 대잠동,사망사고,1,0,0,0,차대사람 - 횡단중,안전운전불이행,건조,맑음,단일로 - 기타,승합,남,50세,상해없음,보행자,여,75세,사망
2016011000100323,2016년 1월 10일 18시,일요일,경상북도 경산시 하양읍,중상사고,0,1,2,0,차대차 - 추돌,안전거리미확보,건조,맑음,교차로 - 교차로부근,승용,여,41세,중상,승용,남,58세,상해없음
2016011000100350,2016년 1월 10일 19시,일요일,경상북도 영천시 북안면,경상사고,0,0,1,0,차대사람 - 횡단중,안전운전불이행,건조,맑음,단일로 - 기타,승용,남,42세,상해없음,보행자,남,57세,경상
2016011000100372,2016년 1월 10일 20시,일요일,경상북도 상주시 함창읍,중상사고,0,1,0,0,차대차 - 추돌,안전거리미확보,건조,맑음,단일로 - 기타,승용,남,29세,상해없음,승용,남,54세,중상
2016011000100389,2016년 1월 10일 21시,일요일,경상북도 구미시 송정동,중상사고,0,1,0,0,차대차 - 측면직각충돌,안전운전불이행,건조,맑음,단일로 - 횡단보도부근,자전거,남,56세,중상,승용,남,54세,상해없음
2016011000100412,2016년 1월 10일 22시,일요일,경상북도 안동시 풍산읍,중상사고,0,1,0,0,차대차 - 추돌,안전운전불이행,건조,맑음,단일로 - 기타,승용,남,26세,상해없음,화물,남,66세,중상
2016011000100429,2016년 1월 10일 23시,일요일,경상북도 경산시 사동,경상사고,0,0,1,0,차대차 - 측면충돌,직진우회전진행방해,건조,맑음,교차로 - 교차로안,승용,남,71세,상해없음,이륜,남,24세,경상
2016011000100430,2016년 1월 10일 23시,일요일,경상북도 구미시 산동면,경상사고,0,0,1,0,차대사람 - 횡단중,안전운전불이행,건조,맑음,단일로 - 기타,승용,남,29세,상해없음,보행자,남,19세,경상
2016011100100007,2016년 1월 11일 00시,월요일,경상북도 구미시 임은동,경상사고,0,0,3,0,차대차 - 측면충돌,안전운전불이행,건조,맑음,교차로 - 교차로부근,승용,여,40세,상해없음,승용,남,18세,경상
2016011100100072,2016년 1월 11일 07시,월요일,경상북도 경주시 외동읍,경상사고,0,0,1,0,차대사람 - 길가장자리구역통행중,안전운전불이행,건조,맑음,교차로 - 교차로부근,승용,여,61세,상해없음,보행자,남,44세,경상
2016011100100073,2016년 1월 11일 07시,월요일,경상북도 경주시 양북면,부상신고사고,0,0,0,1,차대사람 - 차도통행중,안전운전불이행,건조,맑음,단일로 - 기타,기타불명,기타불명,기타불명,기타불명,보행자,여,70세,부상신고
2016011100100074,2016년 1월 11일 07시,월요일,경상북도 의성군 단촌면,중상사고,0,1,1,0,차대차 - 추돌,안전운전불이행,건조,맑음,단일로 - 기타,승용,남,46세,중상,건설기계,여,60세,경상
2016011100100075,2016년 1월 11일 07시,월요일,경상북도 구미시 지산동,중상사고,0,2,0,0,차대차 - 추돌,안전운전불이행,건조,맑음,교차로 - 교차로부근,승용,여,23세,상해없음,승용,여,23세,중상
2016011100100076,2016년 1월 11일 07시,월요일,경상북도 포항시 남구 송도동,경상사고,0,0,1,0,차대차 - 측면충돌,교차로운행방법위반,건조,맑음,단일로 - 기타,승용,여,57세,상해없음,자전거,남,54세,경상
2016011100100101,2016년 1월 11일 08시,월요일,경상북도 안동시 상아동,중상사고,0,1,0,0,차량단독 - 전도전복,안전운전불이행,건조,맑음,교차로 - 교차로부근,원동기,남,76세,중상,,,,
2016011100100102,2016년 1월 11일 08시,월요일,경상북도 경산시 진량읍,경상사고,0,0,2,0,차대차 - 정면충돌,교차로운행방법위반,건조,맑음,교차로 - 교차로안,승용,여,46세,경상,승합,남,32세,경상
2016011100100127,2016년 1월 11일 09시,월요일,경상북도 안동시 남후면,중상사고,0,1,1,0,차량단독 - 기타,안전운전불이행,건조,맑음,단일로 - 기타,승합,남,56세,상해없음,,,,
2016011100100128,2016년 1월 11일 09시,월요일,경상북도 경산시 중방동,중상사고,0,1,0,0,차대차 - 추돌,교차로운행방법위반,건조,맑음,교차로 - 교차로안,이륜,남,29세,중상,승용,남,55세,상해없음
2016011100100129,2016년 1월 11일 09시,월요일,경상북도 포항시 남구 송내동,경상사고,0,0,2,0,차대차 - 측면직각충돌,교차로운행방법위반,건조,맑음,교차로 - 교차로안,승용,남,35세,경상,승용,여,31세,경상
2016011100100157,2016년 1월 11일 10시,월요일,경상북도 경주시 안강읍,경상사고,0,0,2,0,차대차 - 측면직각충돌,안전운전불이행,건조,맑음,교차로 - 교차로안,화물,남,58세,경상,이륜,남,36세,경상
2016011100100158,2016년 1월 11일 10시,월요일,경상북도 포항시 북구 신광면,중상사고,0,1,0,0,차대사람 - 횡단중,안전운전불이행,건조,맑음,단일로 - 기타,승합,남,58세,상해없음,보행자,남,42세,중상
2016011100100159,2016년 1월 11일 10시,월요일,경상북도 영주시 휴천동,경상사고,0,0,1,0,차대차 - 측면충돌,안전운전불이행,건조,맑음,교차로 - 교차로안,승합,남,28세,상해없음,승용,여,48세,경상
2016011100100179,2016년 1월 11일 11시,월요일,경상북도 경주시 구황동,경상사고,0,0,2,1,차대차 - 측면충돌,중앙선침범,건조,맑음,단일로 - 기타,승용,남,47세,상해없음,화물,남,50세,부상신고
2016011100100180,2016년 1월 11일 11시,월요일,경상북도 문경시 점촌동,경상사고,0,0,2,0,차대차 - 추돌,안전운전불이행,건조,맑음,단일로 - 기타,화물,남,47세,상해없음,승용,남,47세,경상
2016011100100204,2016년 1월 11일 12시,월요일,경상북도 영천시 교촌동,경상사고,0,0,2,0,차대차 - 정면충돌,교차로운행방법위반,건조,맑음,단일로 - 기타,승용,여,46세,상해없음,승용,여,62세,경상
2016011100100205,2016년 1월 11일 12시,월요일,경상북도 봉화군 봉화읍,중상사고,0,2,0,0,차대사람 - 기타,안전운전불이행,건조,맑음,단일로 - 기타,화물,남,62세,상해없음,보행자,남,50세,중상
2016011100100206,2016년 1월 11일 12시,월요일,경상북도 구미시 인의동,중상사고,0,1,0,0,차대차 - 기타,안전운전불이행,건조,맑음,교차로 - 교차로안,이륜,남,23세,상해없음,자전거,남,63세,중상
2016011100100207,2016년 1월 11일 12시,월요일,경상북도 경주시 내남면,사망사고,1,0,0,0,차대차 - 추돌,안전운전불이행,건조,맑음,단일로 - 기타,특수,남,52세,상해없음,승용,남,31세,사망
2016011100100297,2016년 1월 11일 15시,월요일,경상북도 포항시 북구 흥해읍,경상사고,0,0,1,0,차대사람 - 횡단중,안전운전불이행,건조,맑음,교차로 - 교차로안,승용,여,39세,상해없음,보행자,남,50세,경상
2016011100100298,2016년 1월 11일 15시,월요일,경상북도 포항시 북구 흥해읍,중상사고,0,1,1,0,차대차 - 측면충돌,차로위반,건조,맑음,단일로 - 기타,승용,여,62세,상해없음,특수,남,67세,상해없음
2016011100100299,2016년 1월 11일 15시,월요일,경상북도 칠곡군 왜관읍,경상사고,0,0,1,0,차대사람 - 횡단중,안전운전불이행,건조,맑음,단일로 - 기타,승용,남,24세,상해없음,보행자,여,7세,경상
2016011100100300,2016년 1월 11일 15시,월요일,경상북도 포항시 남구 오천읍,경상사고,0,0,2,0,차대차 - 측면직각충돌,직진우회전진행방해,건조,맑음,교차로 - 교차로안,승용,여,42세,상해없음,이륜,남,68세,경상
2016011100100301,2016년 1월 11일 15시,월요일,경상북도 포항시 남구 상도동,경상사고,0,0,1,0,차대차 - 측면충돌,직진우회전진행방해,건조,맑음,교차로 - 교차로안,승용,여,58세,상해없음,승용,여,57세,경상
2016011100100325,2016년 1월 11일 16시,월요일,경상북도 경주시 사정동,부상신고사고,0,0,0,1,차대차 - 측면충돌,안전운전불이행,건조,맑음,단일로 - 기타,자전거,여,67세,부상신고,승용,여,46세,상해없음
2016011100100359,2016년 1월 11일 17시,월요일,경상북도 예천군 호명면,중상사고,0,4,1,0,차대차 - 측면직각충돌,중앙선침범,건조,맑음,단일로 - 기타,승용,남,62세,경상,건설기계,남,58세,중상
2016011100100401,2016년 1월 11일 18시,월요일,경상북도 포항시 북구 장성동,경상사고,0,0,5,0,차대차 - 측면충돌,직진우회전진행방해,건조,맑음,교차로 - 교차로부근,승용,남,31세,상해없음,승용,여,45세,경상
2016011100100402,2016년 1월 11일 18시,월요일,경상북도 김천시 구성면,중상사고,0,1,0,0,차대차 - 추돌,안전운전불이행,건조,맑음,단일로 - 기타,승합,남,48세,상해없음,화물,남,68세,기타불명
2016011100100403,2016년 1월 11일 18시,월요일,경상북도 의성군 안계면,중상사고,0,1,1,0,차대차 - 정면충돌,중앙선침범,건조,맑음,단일로 - 기타,승용,남,66세,중상,화물,남,51세,경상
2016011100100404,2016년 1월 11일 18시,월요일,경상북도 경산시 계양동,중상사고,0,1,0,0,차대사람 - 횡단중,보행자보호의무위반,건조,맑음,교차로 - 교차로안,승용,여,49세,상해없음,보행자,남,54세,중상
2016011100100405,2016년 1월 11일 18시,월요일,경상북도 구미시 공단동,부상신고사고,0,0,0,1,차대차 - 측면충돌,안전운전불이행,건조,맑음,단일로 - 횡단보도상,자전거,남,45세,부상신고,승용,여,57세,상해없음
2016011100100445,2016년 1월 11일 19시,월요일,경상북도 김천시 부곡동,중상사고,0,1,0,0,차대차 - 측면충돌,안전운전불이행,건조,맑음,단일로 - 기타,승용,남,54세,상해없음,이륜,남,40세,중상
2016011100100446,2016년 1월 11일 19시,월요일,경상북도 상주시 신봉동,중상사고,0,1,0,0,차대사람 - 횡단중,안전운전불이행,건조,맑음,단일로 - 기타,승용,여,38세,상해없음,보행자,남,59세,중상
2016011100100447,2016년 1월 11일 19시,월요일,경상북도 칠곡군 약목면,부상신고사고,0,0,0,1,차대차 - 측면직각충돌,안전거리미확보,건조,맑음,단일로 - 기타,승용,남,36세,상해없음,이륜,남,27세,부상신고
2016011100100476,2016년 1월 11일 20시,월요일,경상북도 상주시 외서면,경상사고,0,0,1,0,차대차 - 추돌,안전운전불이행,건조,맑음,단일로 - 기타,화물,남,60세,경상,특수,남,52세,상해없음
2016011100100477,2016년 1월 11일 20시,월요일,경상북도 상주시 냉림동,경상사고,0,0,1,0,차대차 - 정면충돌,안전운전불이행,건조,맑음,단일로 - 기타,승용,남,68세,상해없음,자전거,남,13세,경상
2016011100100504,2016년 1월 11일 21시,월요일,경상북도 경주시 성건동,중상사고,0,1,0,0,차대사람 - 차도통행중,안전운전불이행,건조,맑음,단일로 - 기타,승용,여,60세,상해없음,보행자,남,30세,중상
2016011100100505,2016년 1월 11일 21시,월요일,경상북도 칠곡군 동명면,경상사고,0,0,1,0,차대차 - 추돌,안전운전불이행,건조,맑음,교차로 - 교차로부근,승용,남,56세,상해없음,승용,여,57세,경상
2016011100100506,2016년 1월 11일 21시,월요일,경상북도 구미시 공단동,중상사고,0,1,0,0,차대차 - 측면충돌,안전운전불이행,건조,맑음,단일로 - 기타,승용,남,24세,상해없음,이륜,남,29세,중상
2016011100100507,2016년 1월 11일 21시,월요일,경상북도 포항시 남구 송도동,부상신고사고,0,0,0,1,차대차 - 측면직각충돌,신호위반,건조,맑음,교차로 - 교차로안,승용,남,22세,상해없음,원동기,남,18세,부상신고
2016011100100526,2016년 1월 11일 22시,월요일,경상북도 영덕군 축산면,중상사고,0,2,3,0,차대차 - 추돌,안전운전불이행,건조,맑음,단일로 - 기타,승용,남,31세,경상,승용,남,55세,중상
2016011100100542,2016년 1월 11일 23시,월요일,경상북도 구미시 진평동,경상사고,0,0,1,0,차대차 - 추돌,안전운전불이행,건조,맑음,교차로 - 교차로부근,승용,남,39세,상해없음,승용,남,25세,경상
2016011100100543,2016년 1월 11일 23시,월요일,경상북도 구미시 인의동,중상사고,0,1,1,0,차대차 - 추돌,안전운전불이행,건조,맑음,단일로 - 기타,승용,남,39세,기타불명,승용,남,28세,중상
2016011200100030,2016년 1월 12일 02시,화요일,경상북도 안동시 옥동,경상사고,0,0,3,0,차대차 - 측면직각충돌,직진우회전진행방해,건조,맑음,교차로 - 교차로안,승용,남,49세,상해없음,승용,남,26세,경상
2016011200100054,2016년 1월 12일 05시,화요일,경상북도 포항시 남구 인덕동,경상사고,0,0,1,0,차대차 - 측면직각충돌,신호위반,건조,맑음,교차로 - 교차로안,화물,남,65세,상해없음,승용,여,60세,경상
2016011200100067,2016년 1월 12일 06시,화요일,경상북도 칠곡군 북삼읍,중상사고,0,1,0,0,차대차 - 측면충돌,안전운전불이행,건조,맑음,단일로 - 기타,승용,남,22세,중상,화물,남,60세,상해없음
2016011200100115,2016년 1월 12일 08시,화요일,경상북도 포항시 북구 기계면,경상사고,0,0,1,0,차대차 - 정면충돌,신호위반,건조,맑음,교차로 - 교차로안,승용,여,27세,상해없음,승용,여,25세,경상