사고번호,사고일시,요일,시군구,사고내용,사망자수,중상자수,경상자수,부상신고자수,사고유형,법규위반,노면상태,기상상태,도로형태,가해운전자 차종,가해운전자 성별,가해운전자 연령,가해운전자 상해정도,피해운전자 차종,피해운전자 성별,피해운전자 연령,피해운전자 상해정도
2016011200100116,2016년 1월 12일 08시,화요일,경상북도 영양군 영양읍,경상사고,0,0,1,0,차대차 - 측면충돌,안전운전불이행,건조,맑음,교차로 - 교차로안,화물,남,52세,상해없음,승용,남,69세,경상
2016011200100117,2016년 1월 12일 08시,화요일,경상북도 구미시 공단동,부상신고사고,0,0,0,1,차대차 - 측면충돌,신호위반,건조,맑음,교차로 - 교차로안,자전거,남,36세,부상신고,승용,남,51세,상해없음
2016011200100144,2016년 1월 12일 09시,화요일,경상북도 영천시 청통면,중상사고,0,2,0,0,차대차 - 정면충돌,중앙선침범,건조,맑음,단일로 - 기타,승용,여,54세,중상,승용,여,65세,중상
2016011200100180,2016년 1월 12일 10시,화요일,경상북도 경주시 성건동,중상사고,0,1,0,0,차대차 - 측면직각충돌,안전운전불이행,건조,맑음,교차로 - 교차로안,승용,남,18세,상해없음,화물,남,62세,상해없음
2016011200100181,2016년 1월 12일 10시,화요일,경상북도 포항시 북구 창포동,중상사고,0,1,0,0,차대차 - 측면충돌,안전운전불이행,건조,맑음,단일로 - 기타,승용,여,57세,상해없음,승용,여,57세,중상
2016011200100182,2016년 1월 12일 10시,화요일,경상북도 포항시 북구 죽도동,경상사고,0,0,1,0,차대차 - 정면충돌,안전운전불이행,건조,맑음,단일로 - 기타,화물,남,63세,상해없음,승합,남,29세,경상
2016011200100271,2016년 1월 12일 13시,화요일,경상북도 포항시 남구 대도동,중상사고,0,1,0,0,차대차 - 측면충돌,안전운전불이행,건조,맑음,단일로 - 기타,화물,남,53세,상해없음,승용,남,47세,중상
2016011200100303,2016년 1월 12일 14시,화요일,경상북도 포항시 북구 죽도동,경상사고,0,0,1,0,차대차 - 정면충돌,신호위반,건조,맑음,교차로 - 교차로안,승합,남,65세,상해없음,승용,여,43세,경상
2016011200100304,2016년 1월 12일 14시,화요일,경상북도 의성군 단촌면,중상사고,0,1,0,0,차대차 - 추돌,안전운전불이행,건조,맑음,단일로 - 횡단보도부근,건설기계,남,58세,상해없음,승용,여,27세,상해없음
2016011200100342,2016년 1월 12일 15시,화요일,경상북도 상주시 함창읍,중상사고,0,2,1,0,차대차 - 측면직각충돌,교차로운행방법위반,건조,맑음,교차로 - 교차로안,화물,남,28세,상해없음,화물,남,76세,중상
2016011200100367,2016년 1월 12일 16시,화요일,경상북도 경주시 천군동,경상사고,0,0,2,0,차량단독 - 전도전복,안전운전불이행,건조,맑음,단일로 - 기타,원동기,남,19세,경상,,,,
2016011200100368,2016년 1월 12일 16시,화요일,경상북도 포항시 남구 상도동,부상신고사고,0,0,0,1,차대차 - 기타,직진우회전진행방해,건조,맑음,교차로 - 교차로안,화물,남,42세,상해없음,자전거,남,79세,부상신고
2016011200100369,2016년 1월 12일 16시,화요일,경상북도 포항시 남구 구룡포읍,경상사고,0,0,2,0,차대차 - 추돌,안전운전불이행,건조,맑음,단일로 - 기타,승용,남,48세,상해없음,승용,여,52세,경상
2016011200100403,2016년 1월 12일 17시,화요일,경상북도 상주시 함창읍,중상사고,0,1,0,0,차대차 - 기타,기타,건조,맑음,단일로 - 기타,화물,남,67세,상해없음,자전거,남,12세,중상
2016011200100404,2016년 1월 12일 17시,화요일,경상북도 칠곡군 석적읍,중상사고,0,1,0,0,차량단독 - 전도전복,안전운전불이행,건조,맑음,단일로 - 기타,이륜,남,68세,중상,,,,
2016011200100405,2016년 1월 12일 17시,화요일,경상북도 구미시 원평동,중상사고,0,1,0,0,차대사람 - 횡단중,안전운전불이행,건조,맑음,교차로 - 교차로부근,기타불명,기타불명,기타불명,기타불명,보행자,여,53세,중상
2016011200100436,2016년 1월 12일 18시,화요일,경상북도 포항시 북구 흥해읍,경상사고,0,0,1,0,차대차 - 측면충돌,신호위반,건조,맑음,교차로 - 교차로안,승용,남,57세,상해없음,승용,남,38세,경상
2016011200100437,2016년 1월 12일 18시,화요일,경상북도 포항시 북구 장성동,중상사고,0,1,0,0,차대사람 - 횡단중,안전운전불이행,건조,맑음,단일로 - 기타,승용,남,56세,상해없음,보행자,여,75세,중상
2016011200100476,2016년 1월 12일 19시,화요일,경상북도 구미시 도량동,중상사고,0,1,0,0,차대차 - 기타,교차로운행방법위반,건조,맑음,교차로 - 교차로부근,승합,남,39세,상해없음,이륜,남,54세,중상
2016011200100514,2016년 1월 12일 20시,화요일,경상북도 경주시 현곡면,중상사고,0,1,0,0,차대사람 - 기타,안전운전불이행,건조,맑음,단일로 - 기타,승용,남,36세,상해없음,보행자,남,43세,중상
2016011200100542,2016년 1월 12일 21시,화요일,경상북도 경산시 압량면,경상사고,0,0,1,0,차대차 - 측면충돌,직진우회전진행방해,건조,맑음,교차로 - 교차로안,승용,남,33세,상해없음,이륜,남,40세,경상
2016011200100543,2016년 1월 12일 21시,화요일,경상북도 포항시 남구 지곡동,경상사고,0,0,1,0,차대차 - 추돌,안전운전불이행,건조,맑음,단일로 - 기타,승용,남,53세,상해없음,승용,남,31세,경상
2016011200100569,2016년 1월 12일 22시,화요일,경상북도 안동시 태화동,경상사고,0,0,2,0,차대차 - 추돌,안전운전불이행,건조,맑음,단일로 - 기타,승용,남,47세,상해없음,승용,남,54세,경상
2016011200100570,2016년 1월 12일 22시,화요일,경상북도 성주군 월항면,중상사고,0,2,0,0,차대차 - 측면충돌,신호위반,건조,맑음,교차로 - 교차로안,승용,남,49세,상해없음,승용,남,43세,중상
2016011200100594,2016년 1월 12일 23시,화요일,경상북도 경주시 성건동,경상사고,0,0,1,0,차대차 - 측면충돌,안전운전불이행,건조,맑음,교차로 - 교차로안,승용,여,60세,상해없음,승용,남,26세,경상
2016011200100595,2016년 1월 12일 23시,화요일,경상북도 포항시 북구 창포동,중상사고,0,1,0,0,차대사람 - 횡단중,안전운전불이행,건조,맑음,교차로 - 교차로부근,승용,남,49세,상해없음,보행자,여,61세,중상
2016011200100596,2016년 1월 12일 23시,화요일,경상북도 구미시 비산동,경상사고,0,0,2,0,차대차 - 추돌,안전운전불이행,건조,맑음,교차로 - 교차로부근,승용,남,23세,상해없음,승용,남,43세,경상
2016011300100023,2016년 1월 13일 01시,수요일,경상북도 구미시 진평동,경상사고,0,0,1,0,차대차 - 측면충돌,안전운전불이행,건조,맑음,기타 - 기타,기타불명,기타불명,기타불명,기타불명,원동기,남,16세,경상
2016011300100095,2016년 1월 13일 07시,수요일,경상북도 문경시 호계면,경상사고,0,0,1,0,차대차 - 정면충돌,신호위반,건조,흐림,교차로 - 교차로안,승용,여,44세,기타불명,화물,남,60세,경상
2016011300100131,2016년 1월 13일 08시,수요일,경상북도 칠곡군 석적읍,경상사고,0,0,1,0,차대차 - 기타,교차로운행방법위반,건조,맑음,교차로 - 교차로부근,승합,남,53세,상해없음,승용,남,28세,경상
2016011300100187,2016년 1월 13일 10시,수요일,경상북도 경주시 건천읍,중상사고,0,1,0,0,차량단독 - 전도전복,안전운전불이행,건조,맑음,단일로 - 기타,농기계,남,67세,중상,,,,
2016011300100188,2016년 1월 13일 10시,수요일,경상북도 안동시 서후면,경상사고,0,0,3,0,차대차 - 측면직각충돌,안전운전불이행,건조,맑음,단일로 - 기타,화물,남,58세,경상,화물,남,63세,경상
2016011300100189,2016년 1월 13일 10시,수요일,경상북도 포항시 남구 구룡포읍,경상사고,0,0,1,0,차대차 - 측면직각충돌,안전운전불이행,건조,맑음,단일로 - 기타,화물,남,63세,상해없음,이륜,남,80세,경상
2016011300100211,2016년 1월 13일 11시,수요일,경상북도 안동시 와룡면,경상사고,0,0,1,0,차대차 - 측면직각충돌,기타,건조,맑음,교차로 - 교차로안,승용,남,43세,상해없음,건설기계,남,53세,경상
2016011300100212,2016년 1월 13일 11시,수요일,경상북도 김천시 신음동,경상사고,0,0,1,0,차대사람 - 횡단중,보행자보호의무위반,건조,맑음,단일로 - 기타,승용,여,40세,상해없음,보행자,남,21세,경상
2016011300100213,2016년 1월 13일 11시,수요일,경상북도 영주시 풍기읍,경상사고,0,0,1,0,차대사람 - 기타,안전운전불이행,건조,맑음,단일로 - 기타,화물,여,43세,상해없음,보행자,여,77세,경상
2016011300100214,2016년 1월 13일 11시,수요일,경상북도 성주군 선남면,중상사고,0,1,0,0,차대차 - 기타,안전운전불이행,건조,맑음,기타 - 기타,승용,여,46세,상해없음,원동기,여,78세,중상
2016011300100215,2016년 1월 13일 11시,수요일,경상북도 포항시 남구 대도동,경상사고,0,0,1,0,차대차 - 기타,안전운전불이행,건조,맑음,교차로 - 교차로안,승용,여,53세,상해없음,승용,남,67세,경상
2016011300100236,2016년 1월 13일 12시,수요일,경상북도 안동시 옥동,중상사고,0,1,0,0,차대사람 - 횡단중,안전운전불이행,건조,맑음,단일로 - 기타,화물,남,51세,상해없음,보행자,여,75세,중상
2016011300100264,2016년 1월 13일 13시,수요일,경상북도 경주시 배반동,경상사고,0,0,1,0,차대차 - 추돌,안전운전불이행,건조,맑음,교차로 - 교차로부근,승용,남,64세,상해없음,승용,남,54세,경상
2016011300100265,2016년 1월 13일 13시,수요일,경상북도 상주시 사벌면,경상사고,0,0,2,0,차대차 - 정면충돌,중앙선침범,건조,맑음,단일로 - 기타,승용,남,50세,상해없음,화물,남,76세,경상
2016011300100266,2016년 1월 13일 13시,수요일,경상북도 상주시 냉림동,경상사고,0,0,1,0,차대차 - 측면직각충돌,안전운전불이행,건조,맑음,단일로 - 기타,자전거,남,33세,경상,승용,남,67세,상해없음
2016011300100281,2016년 1월 13일 14시,수요일,경상북도 포항시 북구 죽도동,중상사고,0,1,0,0,차대사람 - 횡단중,보행자보호의무위반,건조,맑음,교차로 - 교차로안,승용,남,23세,상해없음,보행자,여,65세,중상
2016011300100282,2016년 1월 13일 14시,수요일,경상북도 경산시 와촌면,중상사고,0,1,1,0,차대차 - 정면충돌,안전운전불이행,건조,맑음,단일로 - 기타,화물,남,60세,상해없음,원동기,남,50세,중상
2016011300100352,2016년 1월 13일 16시,수요일,경상북도 구미시 형곡동,경상사고,0,0,1,0,차대차 - 추돌,안전운전불이행,건조,맑음,단일로 - 기타,승용,남,32세,상해없음,승용,남,36세,경상
2016011300100440,2016년 1월 13일 18시,수요일,경상북도 구미시 송정동,경상사고,0,0,3,0,차대차 - 기타,직진우회전진행방해,건조,맑음,교차로 - 교차로안,승합,남,55세,상해없음,승용,여,50세,경상
2016011300100441,2016년 1월 13일 18시,수요일,경상북도 포항시 남구 대잠동,경상사고,0,0,1,0,차대차 - 추돌,안전거리미확보,건조,맑음,교차로 - 교차로안,승용,남,40세,상해없음,승용,여,28세,경상
2016011300100486,2016년 1월 13일 19시,수요일,경상북도 성주군 가천면,사망사고,1,0,0,0,차량단독 - 공작물충돌,안전운전불이행,건조,맑음,단일로 - 기타,화물,남,47세,사망,,,,
2016011300100518,2016년 1월 13일 20시,수요일,경상북도 포항시 남구 구룡포읍,경상사고,0,0,6,0,차대차 - 기타,중앙선침범,건조,맑음,단일로 - 기타,승용,여,45세,경상,화물,남,37세,경상
2016011300100519,2016년 1월 13일 20시,수요일,경상북도 포항시 남구 대잠동,경상사고,0,0,1,0,차대차 - 측면충돌,기타,건조,맑음,단일로 - 기타,승용,남,47세,상해없음,이륜,남,24세,경상
2016011300100568,2016년 1월 13일 22시,수요일,경상북도 경주시 충효동,중상사고,0,1,1,0,차대차 - 추돌,안전운전불이행,건조,맑음,교차로 - 교차로부근,승용,남,33세,상해없음,화물,남,44세,중상
2016011300100569,2016년 1월 13일 22시,수요일,경상북도 문경시 점촌동,경상사고,0,0,1,0,차대사람 - 길가장자리구역통행중,안전운전불이행,건조,맑음,기타 - 기타,승용,남,16세,상해없음,보행자,남,19세,경상
2016011300100570,2016년 1월 13일 22시,수요일,경상북도 경산시 조영동,경상사고,0,0,1,0,차대사람 - 차도통행중,안전운전불이행,건조,맑음,교차로 - 교차로안,승용,남,28세,기타불명,보행자,여,21세,경상
2016011300100601,2016년 1월 13일 23시,수요일,경상북도 안동시 서후면,경상사고,0,0,1,0,차량단독 - 전도전복,안전운전불이행,건조,맑음,단일로 - 기타,승용,남,41세,경상,,,,
2016011300100602,2016년 1월 13일 23시,수요일,경상북도 포항시 남구 오천읍,중상사고,0,1,0,0,차대차 - 기타,안전운전불이행,건조,맑음,단일로 - 기타,승용,남,45세,상해없음,이륜,남,21세,중상
2016011400100024,2016년 1월 14일 01시,목요일,경상북도 포항시 남구 오천읍,경상사고,0,0,1,0,차대차 - 기타,안전운전불이행,건조,맑음,단일로 - 기타,승용,남,61세,상해없음,승용,남,49세,상해없음
2016011400100034,2016년 1월 14일 02시,목요일,경상북도 포항시 남구 해도동,중상사고,0,1,0,0,차대차 - 측면충돌,안전운전불이행,건조,맑음,단일로 - 기타,승용,여,62세,상해없음,이륜,남,19세,중상
2016011400100061,2016년 1월 14일 05시,목요일,경상북도 구미시 신평동,중상사고,0,1,1,0,차대차 - 추돌,안전운전불이행,건조,맑음,교차로 - 교차로부근,승용,남,56세,중상,승용,남,50세,경상
2016011400100083,2016년 1월 14일 06시,목요일,경상북도 구미시 상모동,경상사고,0,0,2,0,차대차 - 기타,안전운전불이행,건조,맑음,교차로 - 교차로부근,승합,남,33세,상해없음,승용,남,38세,상해없음
2016011400100112,2016년 1월 14일 07시,목요일,경상북도 영천시 금호읍,경상사고,0,0,1,0,차대차 - 추돌,안전거리미확보,건조,맑음,교차로 - 교차로부근,승용,남,44세,상해없음,승용,여,56세,경상
2016011400100113,2016년 1월 14일 07시,목요일,경상북도 구미시 고아읍,경상사고,0,0,1,0,차대차 - 추돌,안전운전불이행,건조,맑음,단일로 - 기타,승용,남,24세,경상,승용,여,34세,상해없음
2016011400100114,2016년 1월 14일 07시,목요일,경상북도 포항시 남구 상도동,경상사고,0,0,1,0,차대차 - 측면직각충돌,안전운전불이행,건조,맑음,단일로 - 기타,승합,남,53세,상해없음,승용,남,35세,경상
2016011400100155,2016년 1월 14일 08시,목요일,경상북도 영주시 휴천동,경상사고,0,0,1,0,차대사람 - 횡단중,보행자보호의무위반,건조,맑음,단일로 - 기타,승용,남,30세,기타불명,보행자,여,24세,경상
2016011400100180,2016년 1월 14일 09시,목요일,경상북도 김천시 부곡동,중상사고,0,1,0,0,차대차 - 기타,교차로운행방법위반,건조,맑음,교차로 - 교차로안,승용,남,52세,상해없음,자전거,남,14세,중상
2016011400100181,2016년 1월 14일 09시,목요일,경상북도 의성군 신평면,사망사고,2,0,0,0,차량단독 - 전도전복,안전운전불이행,건조,맑음,단일로 - 기타,화물,남,70세,사망,,,,
2016011400100182,2016년 1월 14일 09시,목요일,경상북도 영덕군 강구면,중상사고,0,2,4,1,차대차 - 추돌,안전거리미확보,건조,맑음,교차로 - 교차로부근,화물,남,40세,경상,승합,남,53세,상해없음
2016011400100206,2016년 1월 14일 10시,목요일,경상북도 구미시 오태동,경상사고,0,0,1,0,차대차 - 측면충돌,안전운전불이행,건조,맑음,단일로 - 기타,승용,남,25세,기타불명,화물,기타불명,90세 이상,기타불명
2016011400100207,2016년 1월 14일 10시,목요일,경상북도 포항시 남구 해도동,경상사고,0,0,1,0,차대차 - 기타,직진우회전진행방해,건조,맑음,단일로 - 기타,승용,남,58세,상해없음,이륜,남,30세,경상
2016011400100238,2016년 1월 14일 11시,목요일,경상북도 경주시 현곡면,중상사고,0,2,0,0,차대차 - 측면직각충돌,안전운전불이행,건조,맑음,교차로 - 교차로안,승용,남,23세,상해없음,승용,남,72세,중상
2016011400100294,2016년 1월 14일 13시,목요일,경상북도 안동시 송천동,경상사고,0,0,1,0,차대차 - 정면충돌,안전운전불이행,건조,맑음,기타 - 기타,승용,남,75세,상해없음,승용,여,25세,경상
2016011400100295,2016년 1월 14일 13시,목요일,경상북도 구미시 고아읍,중상사고,0,3,1,0,차대차 - 측면충돌,안전운전불이행,건조,맑음,교차로 - 교차로안,승용,여,48세,중상,승용,여,43세,중상
2016011400100296,2016년 1월 14일 13시,목요일,경상북도 포항시 남구 오천읍,부상신고사고,0,0,0,1,차대차 - 측면충돌,안전운전불이행,건조,맑음,단일로 - 기타,승용,여,61세,상해없음,화물,남,52세,부상신고
2016011400100320,2016년 1월 14일 14시,목요일,경상북도 경주시 내남면,경상사고,0,0,1,0,차대차 - 추돌,안전거리미확보,건조,맑음,단일로 - 기타,화물,남,51세,상해없음,승용,남,64세,경상
2016011400100347,2016년 1월 14일 15시,목요일,경상북도 경주시 노서동,중상사고,0,1,0,0,차대사람 - 횡단중,보행자보호의무위반,건조,맑음,단일로 - 횡단보도상,화물,남,45세,상해없음,보행자,여,75세,중상
2016011400100348,2016년 1월 14일 15시,목요일,경상북도 포항시 북구 흥해읍,중상사고,0,1,0,0,차량단독 - 공작물충돌,안전운전불이행,건조,맑음,단일로 - 기타,화물,남,51세,중상,,,,
2016011400100349,2016년 1월 14일 15시,목요일,경상북도 상주시 낙양동,경상사고,0,0,1,0,차대차 - 측면직각충돌,교차로운행방법위반,건조,맑음,교차로 - 교차로안,승용,여,52세,상해없음,승용,남,43세,상해없음
2016011400100436,2016년 1월 14일 18시,목요일,경상북도 칠곡군 약목면,중상사고,0,2,0,1,차대차 - 측면직각충돌,신호위반,건조,맑음,교차로 - 교차로부근,승용,여,41세,부상신고,승용,남,55세,중상
2016011400100437,2016년 1월 14일 18시,목요일,경상북도 포항시 남구 해도동,경상사고,0,0,1,0,차대차 - 기타,직진우회전진행방해,건조,맑음,교차로 - 교차로안,승용,남,43세,상해없음,자전거,남,64세,경상
2016011400100438,2016년 1월 14일 18시,목요일,경상북도 포항시 남구 상도동,경상사고,0,0,1,0,차대차 - 추돌,안전운전불이행,건조,맑음,단일로 - 기타,화물,남,43세,상해없음,승용,남,48세,경상
2016011400100473,2016년 1월 14일 19시,목요일,경상북도 경주시 동부동,중상사고,0,1,0,0,차대차 - 측면직각충돌,안전운전불이행,건조,맑음,교차로 - 교차로부근,화물,남,55세,상해없음,이륜,남,19세,중상
2016011400100474,2016년 1월 14일 19시,목요일,경상북도 경산시 백천동,경상사고,0,0,1,0,차대차 - 추돌,안전거리미확보,건조,맑음,단일로 - 기타,승용,여,39세,상해없음,화물,남,44세,경상
2016011400100475,2016년 1월 14일 19시,목요일,경상북도 경산시 사동,경상사고,0,0,1,0,차대사람 - 기타,안전운전불이행,건조,맑음,단일로 - 기타,화물,남,66세,상해없음,보행자,남,20세,경상
2016011400100504,2016년 1월 14일 20시,목요일,경상북도 포항시 북구 기북면,중상사고,0,1,0,0,차대사람 - 횡단중,안전운전불이행,건조,맑음,단일로 - 기타,승용,남,53세,상해없음,보행자,남,48세,중상
2016011400100505,2016년 1월 14일 20시,목요일,경상북도 경산시 와촌면,사망사고,1,0,0,0,차대사람 - 횡단중,보행자보호의무위반,건조,맑음,단일로 - 기타,승용,남,66세,상해없음,보행자,여,78세,사망
2016011400100506,2016년 1월 14일 20시,목요일,경상북도 포항시 남구 상도동,경상사고,0,0,2,0,차대차 - 기타,안전운전불이행,건조,맑음,단일로 - 기타,승용,남,60세,상해없음,이륜,남,17세,경상
2016011400100538,2016년 1월 14일 21시,목요일,경상북도 경산시 자인면,경상사고,0,0,1,0,차대차 - 추돌,안전운전불이행,건조,맑음,교차로 - 교차로안,화물,남,49세,상해없음,승용,남,41세,경상
2016011400100601,2016년 1월 14일 23시,목요일,경상북도 경산시 사동,중상사고,0,1,1,0,차대차 - 기타,신호위반,건조,맑음,교차로 - 교차로안,이륜,남,16세,중상,승용,여,43세,경상
2016011500100044,2016년 1월 15일 03시,금요일,경상북도 경산시 계양동,중상사고,0,1,1,0,차대차 - 정면충돌,중앙선침범,건조,맑음,교차로 - 교차로안,이륜,남,20세,중상,화물,남,35세,경상
2016011500100077,2016년 1월 15일 06시,금요일,경상북도 경산시 조영동,경상사고,0,0,1,0,차대사람 - 횡단중,보행자보호의무위반,건조,맑음,교차로 - 교차로안,승용,남,77세,상해없음,보행자,여,26세,경상
2016011500100078,2016년 1월 15일 06시,금요일,경상북도 포항시 남구 장흥동,경상사고,0,0,2,0,차대차 - 추돌,안전운전불이행,건조,맑음,단일로 - 기타,승용,남,30세,경상,화물,남,41세,경상
2016011500100139,2016년 1월 15일 08시,금요일,경상북도 포항시 북구 장성동,중상사고,0,1,0,0,차대차 - 정면충돌,신호위반,건조,맑음,교차로 - 교차로안,승용,여,56세,상해없음,승용,남,31세,중상
2016011500100140,2016년 1월 15일 08시,금요일,경상북도 경산시 중방동,중상사고,0,1,0,0,차대차 - 정면충돌,차로위반,건조,맑음,단일로 - 기타,자전거,남,51세,중상,승용,여,36세,상해없음
2016011500100187,2016년 1월 15일 10시,금요일,경상북도 경주시 외동읍,중상사고,0,3,0,1,차대차 - 추돌,안전운전불이행,건조,맑음,단일로 - 기타,승용,여,24세,부상신고,승용,남,44세,중상
2016011500100188,2016년 1월 15일 10시,금요일,경상북도 영천시 완산동,경상사고,0,0,1,0,차대차 - 측면직각충돌,안전운전불이행,건조,맑음,교차로 - 교차로안,승용,남,71세,상해없음,승용,여,51세,경상
2016011500100210,2016년 1월 15일 11시,금요일,경상북도 문경시 산북면,사망사고,1,0,0,0,차대차 - 측면충돌,중앙선침범,건조,맑음,단일로 - 기타,원동기,남,62세,사망,승합,남,57세,상해없음
2016011500100211,2016년 1월 15일 11시,금요일,경상북도 군위군 군위읍,중상사고,0,1,0,0,차량단독 - 전도전복,안전운전불이행,건조,맑음,단일로 - 기타,건설기계,남,46세,중상,,,,
2016011500100229,2016년 1월 15일 12시,금요일,경상북도 안동시 금곡동,경상사고,0,0,1,0,차대차 - 정면충돌,교차로운행방법위반,건조,맑음,교차로 - 교차로안,승용,남,56세,상해없음,자전거,남,79세,경상
2016011500100230,2016년 1월 15일 12시,금요일,경상북도 안동시 옥동,경상사고,0,0,1,0,차대차 - 추돌,교차로운행방법위반,건조,맑음,교차로 - 교차로부근,승용,남,58세,상해없음,승용,남,57세,경상
2016011500100257,2016년 1월 15일 13시,금요일,경상북도 포항시 북구 죽도동,중상사고,0,1,0,0,차대사람 - 횡단중,안전운전불이행,건조,맑음,단일로 - 횡단보도상,승용,남,71세,상해없음,보행자,남,86세,중상
2016011500100258,2016년 1월 15일 13시,금요일,경상북도 칠곡군 북삼읍,경상사고,0,0,2,0,차대차 - 정면충돌,신호위반,건조,맑음,교차로 - 교차로안,화물,남,64세,상해없음,화물,여,55세,경상
2016011500100286,2016년 1월 15일 14시,금요일,경상북도 경주시 용강동,경상사고,0,0,1,0,차대차 - 추돌,안전운전불이행,건조,맑음,교차로 - 교차로부근,화물,남,54세,상해없음,승용,여,43세,경상
2016011500100287,2016년 1월 15일 14시,금요일,경상북도 안동시 길안면,경상사고,0,0,1,0,차대차 - 측면직각충돌,안전운전불이행,건조,맑음,단일로 - 기타,승용,남,68세,상해없음,화물,남,33세,경상
2016011500100315,2016년 1월 15일 15시,금요일,경상북도 영덕군 강구면,중상사고,0,1,0,0,차대차 - 측면직각충돌,안전운전불이행,습기,흐림,교차로 - 교차로안,이륜,여,51세,중상,화물,남,39세,상해없음
2016011500100421,2016년 1월 15일 18시,금요일,경상북도 포항시 북구 죽도동,경상사고,0,0,1,0,차대차 - 측면충돌,안전운전불이행,건조,맑음,단일로 - 기타,승용,남,53세,상해없음,자전거,여,59세,경상
2016011500100422,2016년 1월 15일 18시,금요일,경상북도 상주시 헌신동,중상사고,0,1,0,0,차대차 - 기타,안전운전불이행,건조,맑음,단일로 - 기타,승용,남,38세,상해없음,농기계,남,44세,중상
2016011500100423,2016년 1월 15일 18시,금요일,경상북도 영천시 금호읍,경상사고,0,0,4,0,차대차 - 추돌,안전운전불이행,건조,맑음,교차로 - 교차로부근,승용,남,63세,상해없음,승용,여,37세,경상
2016011500100424,2016년 1월 15일 18시,금요일,경상북도 구미시 신평동,부상신고사고,0,0,0,1,차대차 - 추돌,안전운전불이행,건조,맑음,단일로 - 기타,승용,남,29세,상해없음,승용,여,46세,부상신고
2016011500100425,2016년 1월 15일 18시,금요일,경상북도 구미시 원평동,중상사고,0,1,0,0,차대사람 - 횡단중,보행자보호의무위반,건조,맑음,단일로 - 횡단보도상,승합,남,54세,상해없음,보행자,여,16세,중상
2016011500100471,2016년 1월 15일 19시,금요일,경상북도 경산시 계양동,경상사고,0,0,1,0,차대차 - 측면충돌,안전운전불이행,건조,맑음,교차로 - 교차로부근,승용,여,55세,상해없음,특수,남,28세,경상
2016011500100472,2016년 1월 15일 19시,금요일,경상북도 성주군 선남면,중상사고,0,1,3,0,차대차 - 추돌,안전운전불이행,건조,맑음,단일로 - 기타,승용,여,46세,중상,화물,남,58세,상해없음
2016011500100473,2016년 1월 15일 19시,금요일,경상북도 구미시 도개면,사망사고,1,0,0,0,차대차 - 추돌,안전운전불이행,건조,맑음,단일로 - 기타,화물,남,50세,사망,화물,남,54세,상해없음
2016011500100506,2016년 1월 15일 20시,금요일,경상북도 포항시 북구 대흥동,중상사고,0,1,0,0,차대차 - 정면충돌,직진우회전진행방해,건조,맑음,교차로 - 교차로안,승용,남,51세,상해없음,이륜,남,33세,중상
2016011500100540,2016년 1월 15일 21시,금요일,경상북도 성주군 월항면,사망사고,1,0,0,0,차량단독 - 공작물충돌,안전운전불이행,건조,맑음,단일로 - 기타,승용,남,44세,사망,,,,
2016011500100541,2016년 1월 15일 21시,금요일,경상북도 구미시 진평동,경상사고,0,0,2,0,차대차 - 측면충돌,안전운전불이행,건조,맑음,교차로 - 교차로안,승용,남,47세,상해없음,화물,남,62세,상해없음
2016011500100571,2016년 1월 15일 22시,금요일,경상북도 포항시 북구 대흥동,경상사고,0,0,1,0,차대차 - 정면충돌,차로위반,건조,맑음,단일로 - 기타,승용,여,64세,상해없음,승용,남,40세,상해없음
2016011500100602,2016년 1월 15일 23시,금요일,경상북도 포항시 북구 장성동,부상신고사고,0,0,0,1,차대차 - 측면충돌,안전운전불이행,건조,맑음,교차로 - 교차로부근,승용,여,54세,상해없음,승용,남,43세,부상신고
2016011500100603,2016년 1월 15일 23시,금요일,경상북도 경산시 하양읍,경상사고,0,0,1,0,차대차 - 기타,안전운전불이행,건조,맑음,단일로 - 기타,승용,남,55세,경상,화물,남,72세,기타불명
2016011600100022,2016년 1월 16일 00시,토요일,경상북도 포항시 북구 장성동,중상사고,0,1,1,0,차대차 - 추돌,안전운전불이행,건조,맑음,교차로 - 교차로부근,승용,여,32세,상해없음,승용,남,42세,경상
2016011600100048,2016년 1월 16일 01시,토요일,경상북도 경산시 진량읍,경상사고,0,0,1,1,차대차 - 추돌,안전거리미확보,건조,맑음,교차로 - 교차로안,승용,남,32세,상해없음,승용,여,24세,경상
2016011600100085,2016년 1월 16일 03시,토요일,경상북도 포항시 북구 죽도동,경상사고,0,0,1,0,차대사람 - 기타,안전운전불이행,건조,맑음,단일로 - 횡단보도부근,기타불명,기타불명,기타불명,기타불명,보행자,여,39세,경상
2016011600100131,2016년 1월 16일 06시,토요일,경상북도 안동시 당북동,사망사고,1,0,0,0,차대사람 - 횡단중,안전운전불이행,건조,맑음,교차로 - 교차로부근,승용,남,36세,상해없음,보행자,여,88세,사망
2016011600100132,2016년 1월 16일 06시,토요일,경상북도 성주군 대가면,경상사고,0,0,2,0,차대차 - 정면충돌,중앙선침범,건조,맑음,기타 - 기타,승용,남,62세,상해없음,승용,남,50세,상해없음