사고번호,사고일시,요일,시군구,사고내용,사망자수,중상자수,경상자수,부상신고자수,사고유형,법규위반,노면상태,기상상태,도로형태,가해운전자 차종,가해운전자 성별,가해운전자 연령,가해운전자 상해정도,피해운전자 차종,피해운전자 성별,피해운전자 연령,피해운전자 상해정도
2016011600100159,2016년 1월 16일 08시,토요일,경상북도 포항시 북구 상원동,경상사고,0,0,1,0,차대차 - 측면직각충돌,안전운전불이행,건조,맑음,단일로 - 기타,승용,여,45세,상해없음,자전거,남,72세,경상
2016011600100160,2016년 1월 16일 08시,토요일,경상북도 문경시 산양면,경상사고,0,0,2,0,차대차 - 기타,안전운전불이행,건조,맑음,교차로 - 교차로부근,건설기계,남,49세,상해없음,승용,남,38세,경상
2016011600100161,2016년 1월 16일 08시,토요일,경상북도 군위군 효령면,경상사고,0,0,1,0,차대차 - 추돌,안전운전불이행,건조,맑음,교차로 - 교차로부근,승합,남,63세,상해없음,승합,남,51세,경상
2016011600100177,2016년 1월 16일 09시,토요일,경상북도 경주시 양남면,중상사고,0,1,1,0,차대차 - 측면충돌,안전운전불이행,건조,맑음,단일로 - 기타,화물,남,58세,경상,승용,여,48세,중상
2016011600100178,2016년 1월 16일 09시,토요일,경상북도 경산시 옥산동,중상사고,0,1,0,0,차대사람 - 기타,기타,건조,맑음,단일로 - 기타,승용,남,54세,상해없음,보행자,여,81세,중상
2016011600100179,2016년 1월 16일 09시,토요일,경상북도 포항시 남구 연일읍,경상사고,0,0,2,0,차대차 - 측면직각충돌,안전운전불이행,건조,맑음,단일로 - 기타,화물,남,60세,상해없음,승용,남,48세,경상
2016011600100205,2016년 1월 16일 10시,토요일,경상북도 경주시 인왕동,중상사고,0,1,0,0,차대차 - 추돌,안전운전불이행,건조,맑음,단일로 - 기타,원동기,남,17세,중상,승용,남,60세,상해없음
2016011600100206,2016년 1월 16일 10시,토요일,경상북도 경산시 압량면,중상사고,0,1,1,0,차대차 - 기타,기타,건조,맑음,교차로 - 교차로안,승용,남,29세,경상,승용,여,54세,중상
2016011600100228,2016년 1월 16일 11시,토요일,경상북도 경주시 천북면,경상사고,0,0,2,0,차대차 - 추돌,안전운전불이행,건조,맑음,교차로 - 교차로부근,화물,남,64세,상해없음,승용,여,35세,경상
2016011600100229,2016년 1월 16일 11시,토요일,경상북도 영천시 청통면,경상사고,0,0,1,0,차대차 - 정면충돌,안전운전불이행,건조,맑음,단일로 - 기타,화물,남,50세,상해없음,화물,남,53세,경상
2016011600100230,2016년 1월 16일 11시,토요일,경상북도 예천군 예천읍,중상사고,0,3,3,0,차대차 - 측면직각충돌,안전운전불이행,건조,맑음,교차로 - 교차로안,승용,남,22세,상해없음,승용,남,62세,중상
2016011600100260,2016년 1월 16일 12시,토요일,경상북도 경주시 성건동,경상사고,0,0,1,0,차대차 - 측면충돌,안전운전불이행,건조,맑음,단일로 - 기타,승용,남,58세,상해없음,원동기,남,59세,경상
2016011600100261,2016년 1월 16일 12시,토요일,경상북도 안동시 수상동,경상사고,0,0,2,0,차대차 - 기타,중앙선침범,건조,맑음,교차로 - 교차로부근,승용,남,63세,상해없음,승용,남,66세,경상
2016011600100262,2016년 1월 16일 12시,토요일,경상북도 포항시 남구 상도동,경상사고,0,0,2,0,차대차 - 추돌,안전운전불이행,건조,맑음,교차로 - 교차로부근,승용,남,49세,상해없음,승용,남,35세,경상
2016011600100292,2016년 1월 16일 13시,토요일,경상북도 포항시 북구 흥해읍,경상사고,0,0,1,0,차대차 - 측면충돌,안전운전불이행,건조,맑음,교차로 - 교차로안,승용,여,58세,상해없음,승용,남,49세,상해없음
2016011600100293,2016년 1월 16일 13시,토요일,경상북도 안동시 옥동,경상사고,0,0,3,0,차대차 - 측면직각충돌,안전운전불이행,건조,맑음,단일로 - 기타,승용,남,80세,상해없음,승용,여,42세,경상
2016011600100340,2016년 1월 16일 15시,토요일,경상북도 영덕군 지품면,경상사고,0,0,3,0,차대차 - 정면충돌,중앙선침범,건조,맑음,단일로 - 기타,승용,여,50세,경상,승용,남,45세,경상
2016011600100366,2016년 1월 16일 16시,토요일,경상북도 경산시 하양읍,경상사고,0,0,1,0,차대차 - 기타,교차로운행방법위반,건조,맑음,교차로 - 교차로안,이륜,남,24세,경상,승용,남,27세,상해없음
2016011600100367,2016년 1월 16일 16시,토요일,경상북도 경산시 압량면,경상사고,0,0,4,0,차대차 - 측면충돌,직진우회전진행방해,건조,맑음,교차로 - 교차로부근,승용,남,27세,경상,화물,남,45세,경상
2016011600100399,2016년 1월 16일 17시,토요일,경상북도 경산시 남천면,경상사고,0,0,1,0,차대차 - 추돌,안전운전불이행,건조,맑음,교차로 - 교차로안,승합,남,40세,상해없음,승용,남,29세,경상
2016011600100400,2016년 1월 16일 17시,토요일,경상북도 포항시 남구 해도동,경상사고,0,0,1,0,차대차 - 측면충돌,신호위반,건조,맑음,단일로 - 횡단보도부근,승용,남,74세,상해없음,자전거,남,24세,경상
2016011600100450,2016년 1월 16일 18시,토요일,경상북도 경산시 옥곡동,중상사고,0,1,0,0,차대사람 - 횡단중,안전운전불이행,건조,맑음,단일로 - 기타,승용,여,35세,상해없음,보행자,여,45세,중상
2016011600100451,2016년 1월 16일 18시,토요일,경상북도 구미시 비산동,경상사고,0,0,1,0,차대차 - 추돌,안전거리미확보,건조,맑음,단일로 - 기타,승용,남,24세,기타불명,승용,남,41세,경상
2016011600100491,2016년 1월 16일 19시,토요일,경상북도 김천시 교동,중상사고,0,1,0,0,차대사람 - 횡단중,신호위반,건조,맑음,단일로 - 횡단보도상,화물,남,40세,상해없음,보행자,여,60세,중상
2016011600100492,2016년 1월 16일 19시,토요일,경상북도 구미시 봉곡동,중상사고,0,1,1,1,차대차 - 측면충돌,교차로운행방법위반,건조,맑음,교차로 - 교차로안,승용,남,26세,부상신고,승용,여,57세,경상
2016011600100493,2016년 1월 16일 19시,토요일,경상북도 포항시 남구 해도동,부상신고사고,0,0,0,1,차대차 - 측면충돌,신호위반,건조,맑음,교차로 - 교차로안,이륜,남,23세,상해없음,승용,여,53세,부상신고
2016011600100544,2016년 1월 16일 20시,토요일,경상북도 경산시 대평동,경상사고,0,0,2,0,차대차 - 측면충돌,안전운전불이행,건조,맑음,교차로 - 교차로안,승용,여,52세,상해없음,승용,여,51세,경상
2016011600100545,2016년 1월 16일 20시,토요일,경상북도 청도군 풍각면,중상사고,0,3,1,0,차대사람 - 기타,안전운전불이행,건조,맑음,기타 - 기타,승용,남,66세,상해없음,보행자,여,57세,중상
2016011600100582,2016년 1월 16일 21시,토요일,경상북도 경산시 평산동,중상사고,0,1,0,0,차대차 - 측면충돌,안전운전불이행,건조,맑음,교차로 - 교차로안,화물,남,55세,상해없음,승용,여,52세,중상
2016011700100020,2016년 1월 17일 00시,일요일,경상북도 영주시 가흥동,경상사고,0,0,1,0,차대차 - 추돌,안전운전불이행,건조,맑음,교차로 - 교차로부근,승용,남,70세,상해없음,승용,남,43세,경상
2016011700100021,2016년 1월 17일 00시,일요일,경상북도 경산시 진량읍,부상신고사고,0,0,0,1,차대차 - 추돌,교차로운행방법위반,습기,흐림,교차로 - 교차로안,승용,남,52세,상해없음,이륜,남,16세,부상신고
2016011700100037,2016년 1월 17일 01시,일요일,경상북도 의성군 봉양면,중상사고,0,1,0,0,차량단독 - 전도전복,안전운전불이행,건조,맑음,단일로 - 기타,승용,남,27세,중상,,,,
2016011700100038,2016년 1월 17일 01시,일요일,경상북도 구미시 황상동,경상사고,0,0,1,0,차대사람 - 기타,안전운전불이행,건조,맑음,단일로 - 기타,승용,남,28세,상해없음,보행자,여,42세,경상
2016011700100056,2016년 1월 17일 02시,일요일,경상북도 영주시 영주동,경상사고,0,0,1,0,차대사람 - 횡단중,안전운전불이행,건조,맑음,단일로 - 기타,승용,남,26세,상해없음,보행자,남,33세,경상
2016011700100072,2016년 1월 17일 03시,일요일,경상북도 경주시 강동면,부상신고사고,0,0,0,1,차량단독 - 전도전복,안전운전불이행,건조,맑음,단일로 - 기타,승용,남,31세,부상신고,,,,
2016011700100099,2016년 1월 17일 05시,일요일,경상북도 포항시 남구 연일읍,중상사고,0,1,0,0,차량단독 - 전도전복,안전운전불이행,건조,맑음,단일로 - 기타,승용,남,31세,중상,,,,
2016011700100139,2016년 1월 17일 08시,일요일,경상북도 안동시 송현동,부상신고사고,0,0,0,1,차대차 - 기타,안전운전불이행,건조,맑음,단일로 - 기타,화물,여,54세,부상신고,승용,남,45세,기타불명
2016011700100150,2016년 1월 17일 09시,일요일,경상북도 포항시 북구 환호동,경상사고,0,0,1,0,차대차 - 정면충돌,교차로운행방법위반,습기,흐림,교차로 - 교차로부근,승용,남,33세,상해없음,자전거,남,41세,경상
2016011700100182,2016년 1월 17일 11시,일요일,경상북도 경주시 내남면,경상사고,0,0,1,0,차대차 - 정면충돌,중앙선침범,건조,맑음,단일로 - 기타,승용,남,54세,상해없음,승용,남,45세,경상
2016011700100183,2016년 1월 17일 11시,일요일,경상북도 영주시 문정동,경상사고,0,0,1,0,차대차 - 측면충돌,안전운전불이행,건조,맑음,교차로 - 교차로안,화물,남,73세,상해없음,원동기,남,74세,경상
2016011700100236,2016년 1월 17일 14시,일요일,경상북도 의성군 금성면,경상사고,0,0,1,0,차대차 - 측면충돌,교차로운행방법위반,건조,맑음,교차로 - 교차로안,승용,여,54세,경상,화물,남,68세,상해없음
2016011700100237,2016년 1월 17일 14시,일요일,경상북도 포항시 남구 송도동,경상사고,0,0,1,0,차대차 - 측면충돌,안전운전불이행,건조,맑음,교차로 - 교차로부근,승용,남,39세,상해없음,승용,남,65세,경상
2016011700100255,2016년 1월 17일 15시,일요일,경상북도 경주시 건천읍,중상사고,0,1,0,0,차대사람 - 횡단중,안전운전불이행,건조,맑음,단일로 - 기타,승합,남,68세,상해없음,보행자,여,80세,중상
2016011700100256,2016년 1월 17일 15시,일요일,경상북도 경주시 성건동,경상사고,0,0,4,0,차대차 - 측면직각충돌,안전운전불이행,습기,흐림,교차로 - 교차로안,승용,남,58세,상해없음,승용,남,31세,경상
2016011700100257,2016년 1월 17일 15시,일요일,경상북도 안동시 옥동,경상사고,0,0,2,0,차대차 - 기타,직진우회전진행방해,건조,맑음,교차로 - 교차로안,승용,남,26세,상해없음,승용,남,46세,경상
2016011700100281,2016년 1월 17일 16시,일요일,경상북도 경주시 산내면,중상사고,0,1,0,0,차량단독 - 기타,안전운전불이행,습기,비,단일로 - 기타,화물,남,75세,중상,,,,
2016011700100282,2016년 1월 17일 16시,일요일,경상북도 안동시 목성동,경상사고,0,0,1,0,차대차 - 기타,신호위반,건조,맑음,교차로 - 교차로안,승용,남,49세,상해없음,승용,여,33세,경상
2016011700100283,2016년 1월 17일 16시,일요일,경상북도 영주시 문정동,중상사고,0,3,4,0,차대차 - 측면충돌,안전운전불이행,습기,비,교차로 - 교차로안,승용,남,61세,경상,승합,남,54세,중상
2016011700100312,2016년 1월 17일 17시,일요일,경상북도 경주시 천북면,경상사고,0,0,6,0,차대차 - 추돌,안전운전불이행,습기,비,단일로 - 기타,승합,남,57세,상해없음,화물,남,68세,상해없음
2016011700100313,2016년 1월 17일 17시,일요일,경상북도 경주시 용강동,경상사고,0,0,1,0,차대차 - 추돌,안전운전불이행,습기,비,단일로 - 기타,화물,남,57세,상해없음,승용,여,38세,경상
2016011700100314,2016년 1월 17일 17시,일요일,경상북도 영천시 고경면,사망사고,1,0,0,0,차대사람 - 기타,안전운전불이행,기타,비,단일로 - 기타,승합,남,61세,상해없음,보행자,남,74세,사망
2016011700100315,2016년 1월 17일 17시,일요일,경상북도 포항시 남구 해도동,중상사고,0,1,0,0,차대사람 - 횡단중,안전운전불이행,습기,비,단일로 - 횡단보도부근,승용,남,66세,상해없음,보행자,남,77세,중상
2016011700100346,2016년 1월 17일 18시,일요일,경상북도 포항시 북구 학산동,중상사고,0,1,0,0,차대차 - 측면충돌,안전운전불이행,습기,비,교차로 - 교차로안,승용,남,73세,상해없음,이륜,남,73세,중상
2016011700100347,2016년 1월 17일 18시,일요일,경상북도 포항시 북구 학잠동,경상사고,0,0,1,0,차대사람 - 길가장자리구역통행중,안전운전불이행,습기,비,단일로 - 기타,기타불명,기타불명,기타불명,기타불명,보행자,남,11세,경상
2016011700100348,2016년 1월 17일 18시,일요일,경상북도 구미시 원평동,중상사고,0,1,3,0,차대차 - 기타,직진우회전진행방해,습기,비,교차로 - 교차로안,화물,남,51세,상해없음,승용,여,33세,중상
2016011700100349,2016년 1월 17일 18시,일요일,경상북도 포항시 남구 해도동,경상사고,0,0,2,0,차대차 - 측면직각충돌,직진우회전진행방해,습기,비,단일로 - 기타,승용,여,48세,경상,승용,남,48세,경상
2016011700100394,2016년 1월 17일 19시,일요일,경상북도 포항시 북구 대흥동,중상사고,0,1,0,0,차대사람 - 횡단중,신호위반,습기,비,단일로 - 기타,승용,남,26세,상해없음,보행자,여,43세,중상
2016011700100395,2016년 1월 17일 19시,일요일,경상북도 김천시 율곡동,중상사고,0,1,1,0,차대차 - 측면충돌,안전운전불이행,건조,흐림,교차로 - 교차로부근,승용,여,35세,상해없음,승용,남,44세,경상
2016011700100396,2016년 1월 17일 19시,일요일,경상북도 경산시 옥산동,경상사고,0,0,1,0,차대사람 - 횡단중,안전운전불이행,건조,맑음,단일로 - 기타,승용,여,67세,상해없음,보행자,여,66세,경상
2016011700100446,2016년 1월 17일 20시,일요일,경상북도 경주시 용강동,경상사고,0,0,4,0,차대차 - 기타,안전운전불이행,습기,비,단일로 - 기타,승용,남,56세,상해없음,승용,여,62세,경상
2016011700100447,2016년 1월 17일 20시,일요일,경상북도 경주시 율동,경상사고,0,0,2,0,차대차 - 추돌,안전거리미확보,습기,비,단일로 - 기타,승용,남,24세,상해없음,승용,남,72세,경상
2016011700100448,2016년 1월 17일 20시,일요일,경상북도 안동시 옥동,경상사고,0,0,1,0,차대차 - 추돌,안전운전불이행,습기,비,교차로 - 교차로부근,승용,남,54세,상해없음,승용,남,30세,경상
2016011700100449,2016년 1월 17일 20시,일요일,경상북도 영주시 영주동,중상사고,0,1,0,0,차대사람 - 횡단중,안전운전불이행,습기,비,단일로 - 기타,승합,남,56세,상해없음,보행자,남,55세,중상
2016011700100450,2016년 1월 17일 20시,일요일,경상북도 경산시 진량읍,경상사고,0,0,1,0,차대사람 - 횡단중,안전운전불이행,습기,비,교차로 - 교차로부근,승용,남,48세,상해없음,보행자,여,18세,경상
2016011700100472,2016년 1월 17일 21시,일요일,경상북도 경주시 강동면,사망사고,1,0,1,0,차대차 - 기타,안전운전불이행,습기,비,단일로 - 기타,승용,여,49세,경상,자전거,남,69세,사망
2016011700100473,2016년 1월 17일 21시,일요일,경상북도 영천시 망정동,중상사고,0,4,0,0,차대차 - 기타,안전운전불이행,습기,비,단일로 - 기타,승용,남,24세,상해없음,승용,여,29세,중상
2016011700100474,2016년 1월 17일 21시,일요일,경상북도 포항시 남구 연일읍,사망사고,1,0,0,0,차대사람 - 길가장자리구역통행중,안전운전불이행,습기,비,단일로 - 기타,승용,남,57세,상해없음,보행자,남,76세,사망
2016011700100499,2016년 1월 17일 22시,일요일,경상북도 상주시 냉림동,경상사고,0,0,3,0,차대차 - 측면직각충돌,교차로운행방법위반,습기,흐림,교차로 - 교차로안,화물,남,54세,상해없음,승용,여,49세,경상
2016011700100500,2016년 1월 17일 22시,일요일,경상북도 구미시 송정동,경상사고,0,0,1,0,차대차 - 측면직각충돌,안전운전불이행,건조,맑음,기타 - 기타,기타불명,기타불명,기타불명,기타불명,자전거,남,60세,경상
2016011700100501,2016년 1월 17일 22시,일요일,경상북도 구미시 송정동,경상사고,0,0,4,0,차대차 - 측면충돌,안전운전불이행,습기,비,단일로 - 기타,승용,남,51세,경상,승용,남,64세,경상
2016011800100035,2016년 1월 18일 03시,월요일,경상북도 경산시 압량면,경상사고,0,0,1,0,차대차 - 측면충돌,교차로운행방법위반,습기,비,교차로 - 교차로안,이륜,남,19세,경상,승용,남,36세,상해없음
2016011800100074,2016년 1월 18일 06시,월요일,경상북도 성주군 용암면,중상사고,0,1,1,0,차량단독 - 전도전복,안전운전불이행,결빙,흐림,단일로 - 기타,화물,남,69세,경상,,,,
2016011800100075,2016년 1월 18일 06시,월요일,경상북도 고령군 성산면,중상사고,0,1,0,0,차대차 - 측면직각충돌,안전운전불이행,결빙,안개,단일로 - 기타,승용,남,58세,중상,화물,남,44세,상해없음
2016011800100110,2016년 1월 18일 07시,월요일,경상북도 성주군 선남면,사망사고,1,2,0,0,차대차 - 기타,안전운전불이행,결빙,흐림,기타 - 기타,승용,남,25세,상해없음,화물,남,60세,상해없음
2016011800100147,2016년 1월 18일 08시,월요일,경상북도 경주시 천북면,중상사고,0,1,0,0,차대차 - 기타,안전운전불이행,결빙,맑음,단일로 - 기타,화물,남,41세,상해없음,승용,여,42세,상해없음
2016011800100148,2016년 1월 18일 08시,월요일,경상북도 울진군 울진읍,경상사고,0,0,1,0,차대차 - 측면충돌,안전운전불이행,기타,맑음,단일로 - 기타,승용,여,67세,상해없음,승용,남,54세,경상
2016011800100149,2016년 1월 18일 08시,월요일,경상북도 구미시 인의동,경상사고,0,0,1,0,차대차 - 측면충돌,안전운전불이행,습기,흐림,단일로 - 기타,승용,남,26세,상해없음,이륜,남,48세,경상
2016011800100201,2016년 1월 18일 10시,월요일,경상북도 안동시 송현동,중상사고,0,1,0,0,차대차 - 정면충돌,안전거리미확보,건조,맑음,교차로 - 교차로부근,승용,남,74세,상해없음,승용,여,49세,중상
2016011800100202,2016년 1월 18일 10시,월요일,경상북도 포항시 남구 대도동,경상사고,0,0,1,0,차대차 - 기타,안전운전불이행,건조,맑음,단일로 - 기타,승용,남,48세,경상,건설기계,남,38세,상해없음
2016011800100231,2016년 1월 18일 11시,월요일,경상북도 구미시 인의동,중상사고,0,1,0,0,차대차 - 측면충돌,안전운전불이행,건조,맑음,교차로 - 교차로안,승용,남,51세,상해없음,이륜,남,28세,중상
2016011800100258,2016년 1월 18일 12시,월요일,경상북도 경주시 외동읍,경상사고,0,0,2,0,차대차 - 추돌,안전운전불이행,건조,맑음,교차로 - 교차로부근,화물,남,48세,상해없음,승합,남,55세,상해없음
2016011800100259,2016년 1월 18일 12시,월요일,경상북도 문경시 마성면,경상사고,0,0,1,0,차대차 - 정면충돌,직진우회전진행방해,건조,맑음,교차로 - 교차로안,승용,여,59세,경상,승용,남,59세,상해없음
2016011800100260,2016년 1월 18일 12시,월요일,경상북도 구미시 인의동,사망사고,1,0,0,0,차대차 - 측면충돌,안전운전불이행,건조,맑음,교차로 - 교차로부근,승용,여,29세,상해없음,자전거,남,63세,사망
2016011800100287,2016년 1월 18일 13시,월요일,경상북도 경주시 성건동,중상사고,0,1,0,0,차대차 - 기타,안전운전불이행,건조,맑음,교차로 - 교차로부근,승용,남,59세,상해없음,자전거,여,78세,중상
2016011800100288,2016년 1월 18일 13시,월요일,경상북도 영주시 풍기읍,경상사고,0,0,2,0,차대차 - 추돌,안전운전불이행,결빙,눈,단일로 - 기타,화물,남,55세,상해없음,승용,남,61세,경상
2016011800100317,2016년 1월 18일 14시,월요일,경상북도 안동시 옥동,중상사고,0,1,0,0,차대사람 - 보도통행중,보행자보호의무위반,건조,맑음,단일로 - 횡단보도상,화물,남,39세,상해없음,보행자,여,71세,중상
2016011800100318,2016년 1월 18일 14시,월요일,경상북도 상주시 함창읍,중상사고,0,2,2,0,차대차 - 측면충돌,교차로운행방법위반,건조,맑음,단일로 - 기타,승용,남,51세,상해없음,화물,남,61세,중상
2016011800100319,2016년 1월 18일 14시,월요일,경상북도 칠곡군 지천면,경상사고,0,0,1,0,차대차 - 측면직각충돌,안전운전불이행,건조,맑음,단일로 - 기타,승용,여,54세,상해없음,승용,남,33세,경상
2016011800100352,2016년 1월 18일 15시,월요일,경상북도 고령군 다산면,중상사고,0,1,0,0,차대사람 - 길가장자리구역통행중,안전운전불이행,건조,맑음,단일로 - 기타,승용,남,49세,상해없음,보행자,남,61세,중상
2016011800100387,2016년 1월 18일 16시,월요일,경상북도 상주시 낙동면,중상사고,0,1,0,0,차대차 - 정면충돌,안전운전불이행,결빙,눈,단일로 - 기타,승용,여,30세,상해없음,승용,여,37세,중상
2016011800100388,2016년 1월 18일 16시,월요일,경상북도 구미시 상모동,경상사고,0,0,1,0,차대차 - 측면충돌,안전운전불이행,건조,맑음,단일로 - 기타,승합,남,50세,상해없음,승합,남,30세,상해없음
2016011800100424,2016년 1월 18일 17시,월요일,경상북도 경주시 안강읍,경상사고,0,0,1,0,차대사람 - 횡단중,안전운전불이행,건조,맑음,교차로 - 교차로부근,승용,여,49세,상해없음,보행자,여,50세,경상
2016011800100425,2016년 1월 18일 17시,월요일,경상북도 의성군 봉양면,중상사고,0,1,0,0,차대차 - 추돌,안전운전불이행,건조,맑음,단일로 - 기타,화물,남,61세,상해없음,승용,여,62세,중상
2016011800100426,2016년 1월 18일 17시,월요일,경상북도 포항시 남구 연일읍,경상사고,0,0,1,0,차대사람 - 기타,안전운전불이행,건조,맑음,단일로 - 기타,승용,남,48세,상해없음,보행자,남,36세,경상
2016011800100477,2016년 1월 18일 18시,월요일,경상북도 상주시 서성동,중상사고,0,1,0,0,차대차 - 측면직각충돌,교차로운행방법위반,건조,맑음,교차로 - 교차로안,승용,여,44세,상해없음,승용,남,71세,중상
2016011800100478,2016년 1월 18일 18시,월요일,경상북도 울진군 기성면,중상사고,0,1,0,0,차대차 - 측면충돌,안전운전불이행,건조,맑음,단일로 - 기타,화물,남,56세,상해없음,농기계,남,54세,중상
2016011800100479,2016년 1월 18일 18시,월요일,경상북도 포항시 남구 대잠동,중상사고,0,1,0,0,차대차 - 측면직각충돌,신호위반,건조,맑음,교차로 - 교차로안,승용,여,37세,상해없음,이륜,남,36세,중상
2016011800100518,2016년 1월 18일 19시,월요일,경상북도 상주시 남성동,중상사고,0,1,0,0,차대사람 - 횡단중,안전운전불이행,건조,흐림,단일로 - 기타,승용,여,51세,상해없음,보행자,여,11세,중상
2016011800100519,2016년 1월 18일 19시,월요일,경상북도 경산시 자인면,중상사고,0,1,0,0,차대차 - 측면충돌,안전운전불이행,건조,맑음,단일로 - 기타,승용,남,55세,상해없음,승용,여,56세,중상
2016011800100548,2016년 1월 18일 20시,월요일,경상북도 구미시 옥계동,경상사고,0,0,1,0,차대차 - 추돌,안전운전불이행,습기,눈,교차로 - 교차로부근,승용,남,52세,상해없음,승용,남,26세,경상
2016011800100568,2016년 1월 18일 21시,월요일,경상북도 경주시 천북면,중상사고,0,1,0,0,차대차 - 추돌,안전거리미확보,건조,맑음,교차로 - 교차로부근,승용,남,27세,상해없음,승용,남,25세,중상
2016011800100569,2016년 1월 18일 21시,월요일,경상북도 포항시 북구 죽도동,경상사고,0,0,1,0,차대차 - 측면충돌,차로위반,건조,맑음,단일로 - 기타,승용,남,66세,상해없음,승용,남,45세,상해없음
2016011800100570,2016년 1월 18일 21시,월요일,경상북도 안동시 일직면,중상사고,0,1,1,0,차대차 - 추돌,안전운전불이행,건조,맑음,단일로 - 기타,승용,남,61세,상해없음,승용,남,37세,중상
2016011800100596,2016년 1월 18일 22시,월요일,경상북도 포항시 북구 우현동,경상사고,0,0,2,0,차대차 - 측면직각충돌,교차로운행방법위반,건조,맑음,교차로 - 교차로부근,승용,남,27세,상해없음,승용,남,42세,경상
2016011800100597,2016년 1월 18일 22시,월요일,경상북도 김천시 평화동,경상사고,0,0,3,0,차대차 - 추돌,안전운전불이행,건조,맑음,단일로 - 기타,화물,남,41세,경상,승용,남,34세,경상
2016011800100598,2016년 1월 18일 22시,월요일,경상북도 상주시 은척면,중상사고,0,1,0,0,차량단독 - 전도전복,안전운전불이행,건조,맑음,단일로 - 기타,승용,남,39세,중상,,,,
2016011800100599,2016년 1월 18일 22시,월요일,경상북도 칠곡군 석적읍,경상사고,0,0,2,0,차대차 - 정면충돌,안전운전불이행,결빙,눈,단일로 - 기타,승용,남,27세,상해없음,승용,여,23세,경상
2016011800100624,2016년 1월 18일 23시,월요일,경상북도 경산시 조영동,경상사고,0,0,2,0,차대차 - 정면충돌,교차로운행방법위반,건조,맑음,교차로 - 교차로안,승용,여,62세,경상,승용,남,56세,경상
2016011900100058,2016년 1월 19일 05시,화요일,경상북도 칠곡군 석적읍,경상사고,0,0,2,1,차대차 - 정면충돌,신호위반,결빙,흐림,교차로 - 교차로안,승용,남,34세,부상신고,승용,남,37세,경상
2016011900100088,2016년 1월 19일 07시,화요일,경상북도 경주시 탑동,중상사고,0,1,0,0,차대차 - 측면충돌,중앙선침범,건조,흐림,교차로 - 교차로부근,승용,여,28세,중상,화물,남,57세,상해없음
2016011900100089,2016년 1월 19일 07시,화요일,경상북도 울진군 울진읍,경상사고,0,0,2,0,차량단독 - 전도전복,안전운전불이행,건조,맑음,단일로 - 기타,승용,여,57세,경상,,,,
2016011900100090,2016년 1월 19일 07시,화요일,경상북도 구미시 옥계동,경상사고,0,0,1,0,차대차 - 측면직각충돌,안전운전불이행,건조,맑음,교차로 - 교차로부근,화물,남,65세,상해없음,승용,남,38세,경상
2016011900100119,2016년 1월 19일 08시,화요일,경상북도 경주시 동천동,경상사고,0,0,1,0,차대차 - 측면충돌,직진우회전진행방해,건조,맑음,교차로 - 교차로안,승용,남,51세,상해없음,승용,여,49세,경상
2016011900100120,2016년 1월 19일 08시,화요일,경상북도 포항시 북구 흥해읍,중상사고,0,1,0,0,차대차 - 측면충돌,중앙선침범,건조,맑음,단일로 - 기타,화물,남,71세,상해없음,원동기,남,61세,중상
2016011900100147,2016년 1월 19일 09시,화요일,경상북도 문경시 모전동,경상사고,0,0,1,0,차대차 - 기타,안전운전불이행,건조,맑음,교차로 - 교차로안,승용,남,59세,상해없음,승용,여,28세,경상
2016011900100148,2016년 1월 19일 09시,화요일,경상북도 경산시 옥곡동,경상사고,0,0,1,0,차대차 - 추돌,차로위반,건조,맑음,단일로 - 기타,승용,남,55세,상해없음,승용,여,58세,경상
2016011900100149,2016년 1월 19일 09시,화요일,경상북도 구미시 봉곡동,중상사고,0,1,0,0,차대사람 - 횡단중,안전운전불이행,건조,흐림,단일로 - 기타,승용,여,54세,상해없음,보행자,여,58세,중상
2016011900100181,2016년 1월 19일 10시,화요일,경상북도 경산시 평산동,경상사고,0,0,2,0,차대차 - 정면충돌,안전운전불이행,건조,맑음,교차로 - 교차로부근,승용,여,51세,경상,승용,남,53세,경상
2016011900100182,2016년 1월 19일 10시,화요일,경상북도 구미시 공단동,경상사고,0,0,1,0,차량단독 - 전도전복,안전운전불이행,건조,맑음,단일로 - 기타,화물,남,23세,경상,,,,
2016011900100213,2016년 1월 19일 11시,화요일,경상북도 경주시 성동동,중상사고,0,1,0,0,차대차 - 측면충돌,안전운전불이행,건조,맑음,단일로 - 기타,자전거,남,83세,중상,화물,남,52세,상해없음
2016011900100214,2016년 1월 19일 11시,화요일,경상북도 포항시 북구 흥해읍,경상사고,0,0,1,0,차대차 - 추돌,안전거리미확보,건조,맑음,단일로 - 기타,화물,남,67세,상해없음,승용,남,32세,경상
2016011900100237,2016년 1월 19일 12시,화요일,경상북도 칠곡군 석적읍,경상사고,0,0,1,0,차대사람 - 기타,안전운전불이행,건조,맑음,단일로 - 기타,특수,남,46세,상해없음,보행자,남,33세,경상
2016011900100238,2016년 1월 19일 12시,화요일,경상북도 경산시 삼남동,중상사고,0,1,0,0,차대사람 - 보도통행중,기타,건조,맑음,단일로 - 기타,자전거,남,64세,상해없음,보행자,여,8세,중상