사고번호,사고일시,요일,시군구,사고내용,사망자수,중상자수,경상자수,부상신고자수,사고유형,법규위반,노면상태,기상상태,도로형태,가해운전자 차종,가해운전자 성별,가해운전자 연령,가해운전자 상해정도,피해운전자 차종,피해운전자 성별,피해운전자 연령,피해운전자 상해정도
2016011900100239,2016년 1월 19일 12시,화요일,경상북도 영덕군 지품면,경상사고,0,0,3,0,차대차 - 측면충돌,교차로운행방법위반,건조,맑음,교차로 - 교차로안,화물,남,79세,상해없음,승용,여,52세,상해없음
2016011900100240,2016년 1월 19일 12시,화요일,경상북도 구미시 상모동,부상신고사고,0,0,0,1,차대차 - 측면충돌,교차로운행방법위반,건조,맑음,교차로 - 교차로안,승용,여,34세,부상신고,화물,남,34세,상해없음
2016011900100275,2016년 1월 19일 14시,화요일,경상북도 경주시 동천동,경상사고,0,0,2,0,차대차 - 추돌,중앙선침범,건조,맑음,교차로 - 교차로부근,화물,남,55세,상해없음,승용,남,45세,경상
2016011900100276,2016년 1월 19일 14시,화요일,경상북도 안동시 용상동,경상사고,0,0,1,0,차대차 - 추돌,안전운전불이행,건조,맑음,교차로 - 교차로부근,승용,남,43세,상해없음,승용,남,60세,경상
2016011900100277,2016년 1월 19일 14시,화요일,경상북도 안동시 안흥동,경상사고,0,0,1,0,차대사람 - 보도통행중,보행자보호의무위반,건조,맑음,교차로 - 교차로안,화물,남,76세,상해없음,보행자,남,68세,경상
2016011900100278,2016년 1월 19일 14시,화요일,경상북도 고령군 대가야읍,경상사고,0,0,1,0,차대차 - 측면직각충돌,안전운전불이행,건조,맑음,단일로 - 기타,승용,남,66세,상해없음,승용,남,66세,경상
2016011900100308,2016년 1월 19일 15시,화요일,경상북도 포항시 북구 양덕동,경상사고,0,0,2,0,차대차 - 정면충돌,교차로운행방법위반,건조,맑음,교차로 - 교차로안,승용,여,33세,상해없음,승용,남,48세,경상
2016011900100309,2016년 1월 19일 15시,화요일,경상북도 영주시 가흥동,경상사고,0,0,2,0,차대차 - 측면충돌,안전운전불이행,건조,맑음,교차로 - 교차로안,화물,남,30세,상해없음,화물,남,26세,경상
2016011900100310,2016년 1월 19일 15시,화요일,경상북도 구미시 공단동,경상사고,0,0,1,0,차대차 - 측면충돌,안전운전불이행,건조,맑음,교차로 - 교차로안,화물,남,64세,상해없음,승용,여,32세,경상
2016011900100311,2016년 1월 19일 15시,화요일,경상북도 구미시 상모동,경상사고,0,0,1,0,차대사람 - 횡단중,안전운전불이행,건조,맑음,교차로 - 교차로부근,승합,여,36세,상해없음,보행자,남,9세,경상
2016011900100358,2016년 1월 19일 17시,화요일,경상북도 안동시 운흥동,경상사고,0,0,2,0,차대차 - 추돌,안전거리미확보,건조,맑음,단일로 - 기타,승용,남,32세,상해없음,승용,여,44세,경상
2016011900100359,2016년 1월 19일 17시,화요일,경상북도 영주시 가흥동,중상사고,0,1,0,0,차대차 - 측면충돌,안전운전불이행,건조,맑음,교차로 - 교차로안,승합,남,53세,상해없음,승용,남,55세,중상
2016011900100360,2016년 1월 19일 17시,화요일,경상북도 칠곡군 왜관읍,중상사고,0,2,0,0,차대차 - 정면충돌,중앙선침범,건조,맑음,단일로 - 기타,자전거,남,75세,중상,이륜,여,59세,중상
2016011900100388,2016년 1월 19일 18시,화요일,경상북도 영천시 완산동,중상사고,0,1,0,0,차대사람 - 횡단중,안전운전불이행,건조,맑음,단일로 - 기타,승용,남,31세,상해없음,보행자,여,67세,중상
2016011900100389,2016년 1월 19일 18시,화요일,경상북도 울진군 울진읍,중상사고,0,1,0,0,차량단독 - 전도전복,기타,건조,맑음,단일로 - 기타,승용,남,42세,중상,,,,
2016011900100432,2016년 1월 19일 19시,화요일,경상북도 구미시 진평동,부상신고사고,0,0,0,1,차대차 - 측면충돌,안전운전불이행,건조,맑음,교차로 - 교차로안,이륜,남,23세,부상신고,승용,남,45세,상해없음
2016011900100433,2016년 1월 19일 19시,화요일,경상북도 구미시 송정동,경상사고,0,0,2,0,차대차 - 측면충돌,교차로운행방법위반,건조,맑음,교차로 - 교차로안,승용,여,46세,상해없음,승용,남,36세,경상
2016011900100470,2016년 1월 19일 20시,화요일,경상북도 포항시 북구 학잠동,중상사고,0,1,0,0,차대사람 - 횡단중,안전운전불이행,건조,맑음,단일로 - 기타,승합,남,68세,상해없음,보행자,남,61세,중상
2016011900100494,2016년 1월 19일 21시,화요일,경상북도 영천시 완산동,경상사고,0,0,1,0,차대차 - 정면충돌,신호위반,건조,맑음,교차로 - 교차로부근,승용,남,46세,상해없음,이륜,남,24세,경상
2016011900100495,2016년 1월 19일 21시,화요일,경상북도 경산시 하양읍,경상사고,0,0,1,0,차대차 - 측면충돌,안전운전불이행,건조,맑음,단일로 - 기타,이륜,남,18세,경상,승용,남,65세,기타불명
2016012000100011,2016년 1월 20일 00시,수요일,경상북도 청송군 파천면,중상사고,0,2,1,0,차량단독 - 공작물충돌,안전운전불이행,건조,맑음,단일로 - 기타,승용,남,37세,중상,,,,
2016012000100039,2016년 1월 20일 04시,수요일,경상북도 포항시 남구 괴동동,사망사고,2,0,1,0,차대차 - 추돌,안전운전불이행,건조,맑음,단일로 - 기타,승용,남,30세,사망,화물,남,50세,경상
2016012000100058,2016년 1월 20일 06시,수요일,경상북도 안동시 용상동,중상사고,0,1,0,0,차대차 - 측면직각충돌,직진우회전진행방해,건조,맑음,단일로 - 기타,승용,남,55세,상해없음,이륜,남,64세,중상
2016012000100069,2016년 1월 20일 07시,수요일,경상북도 경산시 진량읍,중상사고,0,1,1,0,차대차 - 정면충돌,신호위반,건조,맑음,교차로 - 교차로안,화물,남,44세,중상,승합,남,67세,경상
2016012000100070,2016년 1월 20일 07시,수요일,경상북도 울진군 울진읍,중상사고,0,2,0,0,차대차 - 정면충돌,직진우회전진행방해,건조,맑음,교차로 - 교차로안,승용,남,44세,상해없음,승용,여,68세,중상
2016012000100071,2016년 1월 20일 07시,수요일,경상북도 구미시 진평동,경상사고,0,0,2,0,차대차 - 측면충돌,안전운전불이행,건조,맑음,단일로 - 기타,승용,남,23세,상해없음,승용,남,42세,경상
2016012000100100,2016년 1월 20일 08시,수요일,경상북도 포항시 북구 장성동,부상신고사고,0,0,0,1,차량단독 - 공작물충돌,안전운전불이행,건조,맑음,단일로 - 기타,승용,여,34세,부상신고,,,,
2016012000100101,2016년 1월 20일 08시,수요일,경상북도 경산시 진량읍,중상사고,0,2,2,0,차대차 - 기타,교차로운행방법위반,건조,맑음,교차로 - 교차로안,승용,여,61세,경상,승용,남,59세,경상
2016012000100135,2016년 1월 20일 09시,수요일,경상북도 구미시 인의동,부상신고사고,0,0,0,1,차대차 - 측면충돌,교차로운행방법위반,건조,맑음,교차로 - 교차로안,이륜,남,63세,부상신고,승용,남,31세,상해없음
2016012000100165,2016년 1월 20일 10시,수요일,경상북도 안동시 남문동,경상사고,0,0,2,0,차대차 - 측면충돌,안전운전불이행,건조,맑음,교차로 - 교차로안,승용,여,26세,경상,화물,여,66세,경상
2016012000100166,2016년 1월 20일 10시,수요일,경상북도 영덕군 병곡면,중상사고,0,1,6,0,차대차 - 추돌,안전운전불이행,건조,맑음,단일로 - 기타,화물,남,46세,중상,승합,남,58세,상해없음
2016012000100167,2016년 1월 20일 10시,수요일,경상북도 예천군 예천읍,경상사고,0,0,1,0,차대차 - 측면직각충돌,신호위반,건조,맑음,교차로 - 교차로안,승용,남,71세,상해없음,승용,남,77세,상해없음
2016012000100191,2016년 1월 20일 11시,수요일,경상북도 청도군 청도읍,경상사고,0,0,2,0,차대차 - 정면충돌,안전운전불이행,건조,맑음,교차로 - 교차로부근,승용,남,54세,상해없음,승용,여,36세,경상
2016012000100257,2016년 1월 20일 14시,수요일,경상북도 상주시 남성동,중상사고,0,1,0,0,차대차 - 기타,기타,건조,맑음,단일로 - 기타,승용,남,47세,상해없음,자전거,남,82세,중상
2016012000100258,2016년 1월 20일 14시,수요일,경상북도 포항시 남구 오천읍,경상사고,0,0,1,0,차대사람 - 횡단중,안전운전불이행,건조,맑음,단일로 - 기타,승용,남,72세,상해없음,보행자,여,44세,경상
2016012000100288,2016년 1월 20일 15시,수요일,경상북도 포항시 북구 죽도동,경상사고,0,0,1,0,차대차 - 정면충돌,안전운전불이행,건조,맑음,단일로 - 기타,화물,남,54세,상해없음,승용,여,66세,경상
2016012000100289,2016년 1월 20일 15시,수요일,경상북도 경산시 자인면,경상사고,0,0,1,0,차대차 - 측면충돌,교차로운행방법위반,건조,맑음,교차로 - 교차로안,화물,남,72세,상해없음,화물,남,48세,경상
2016012000100355,2016년 1월 20일 17시,수요일,경상북도 경주시 도지동,경상사고,0,0,2,0,차대차 - 추돌,안전운전불이행,건조,맑음,교차로 - 교차로부근,화물,남,44세,상해없음,승용,남,38세,경상
2016012000100398,2016년 1월 20일 18시,수요일,경상북도 경주시 안강읍,경상사고,0,0,1,0,차대사람 - 횡단중,안전운전불이행,건조,맑음,단일로 - 기타,승용,여,35세,상해없음,보행자,남,61세,경상
2016012000100399,2016년 1월 20일 18시,수요일,경상북도 경산시 자인면,중상사고,0,1,0,0,차대차 - 정면충돌,안전운전불이행,건조,맑음,단일로 - 기타,승용,남,52세,상해없음,승용,남,30세,중상
2016012000100400,2016년 1월 20일 18시,수요일,경상북도 경산시 중방동,경상사고,0,0,4,0,차대차 - 추돌,안전거리미확보,건조,맑음,단일로 - 기타,승용,여,49세,경상,승용,남,25세,경상
2016012000100443,2016년 1월 20일 19시,수요일,경상북도 경주시 황오동,부상신고사고,0,0,0,1,차대사람 - 횡단중,안전운전불이행,건조,맑음,단일로 - 기타,승용,남,54세,상해없음,보행자,남,59세,부상신고
2016012000100444,2016년 1월 20일 19시,수요일,경상북도 포항시 북구 흥해읍,경상사고,0,0,1,0,차대차 - 측면충돌,교차로운행방법위반,건조,맑음,교차로 - 교차로안,승용,남,43세,상해없음,승합,남,64세,경상
2016012000100445,2016년 1월 20일 19시,수요일,경상북도 안동시 옥동,경상사고,0,0,1,0,차대차 - 기타,안전운전불이행,건조,맑음,교차로 - 교차로부근,승용,남,41세,경상,승용,남,35세,상해없음
2016012000100446,2016년 1월 20일 19시,수요일,경상북도 영천시 망정동,중상사고,0,1,0,0,차대차 - 측면충돌,신호위반,건조,맑음,교차로 - 교차로안,승용,남,50세,상해없음,승합,남,47세,중상
2016012000100447,2016년 1월 20일 19시,수요일,경상북도 포항시 남구 오천읍,중상사고,0,1,0,0,차대차 - 측면직각충돌,안전운전불이행,건조,맑음,교차로 - 교차로부근,승용,여,47세,상해없음,이륜,남,18세,중상
2016012000100480,2016년 1월 20일 20시,수요일,경상북도 예천군 예천읍,경상사고,0,0,1,0,차대차 - 정면충돌,중앙선침범,건조,맑음,단일로 - 기타,화물,남,53세,상해없음,승용,여,52세,경상
2016012000100513,2016년 1월 20일 21시,수요일,경상북도 구미시 진평동,경상사고,0,0,1,0,차대차 - 추돌,안전운전불이행,건조,맑음,교차로 - 교차로부근,승용,여,52세,상해없음,승용,남,39세,경상
2016012000100514,2016년 1월 20일 21시,수요일,경상북도 구미시 진평동,중상사고,0,1,0,0,차대차 - 기타,안전운전불이행,건조,맑음,단일로 - 기타,승합,남,60세,상해없음,이륜,남,19세,중상
2016012000100568,2016년 1월 20일 23시,수요일,경상북도 영천시 금호읍,경상사고,0,0,1,0,차대차 - 추돌,안전거리미확보,건조,맑음,교차로 - 교차로부근,승용,남,25세,기타불명,승용,여,47세,경상
2016012100100016,2016년 1월 21일 00시,목요일,경상북도 고령군 다산면,중상사고,0,1,1,0,차대차 - 측면직각충돌,차로위반,건조,맑음,단일로 - 기타,승용,남,58세,상해없음,승용,남,37세,경상
2016012100100053,2016년 1월 21일 03시,목요일,경상북도 경산시 계양동,경상사고,0,0,1,0,차대차 - 측면충돌,안전운전불이행,건조,맑음,교차로 - 교차로안,이륜,남,20세,경상,승용,여,27세,상해없음
2016012100100059,2016년 1월 21일 04시,목요일,경상북도 경주시 동천동,경상사고,0,0,1,0,차대차 - 측면충돌,신호위반,건조,맑음,교차로 - 교차로안,승용,남,69세,상해없음,승용,여,23세,경상
2016012100100060,2016년 1월 21일 04시,목요일,경상북도 구미시 옥계동,경상사고,0,0,1,0,차대차 - 측면충돌,안전운전불이행,건조,맑음,단일로 - 기타,승용,남,29세,상해없음,승합,남,52세,경상
2016012100100082,2016년 1월 21일 06시,목요일,경상북도 경산시 압량면,경상사고,0,0,1,0,차대차 - 정면충돌,중앙선침범,건조,맑음,단일로 - 기타,승용,남,50세,상해없음,승용,남,49세,경상
2016012100100098,2016년 1월 21일 07시,목요일,경상북도 칠곡군 왜관읍,경상사고,0,0,4,1,차대차 - 추돌,안전운전불이행,건조,맑음,단일로 - 기타,승용,남,39세,부상신고,화물,남,53세,경상
2016012100100124,2016년 1월 21일 08시,목요일,경상북도 문경시 점촌동,경상사고,0,0,1,0,차대차 - 측면충돌,안전운전불이행,건조,맑음,교차로 - 교차로안,승용,남,58세,상해없음,승용,여,37세,경상
2016012100100150,2016년 1월 21일 09시,목요일,경상북도 구미시 신동,중상사고,0,2,0,0,차대차 - 정면충돌,안전운전불이행,결빙,맑음,단일로 - 기타,승용,남,34세,중상,승용,남,50세,중상
2016012100100165,2016년 1월 21일 10시,목요일,경상북도 경주시 용강동,경상사고,0,0,1,0,차대차 - 측면충돌,중앙선침범,건조,맑음,단일로 - 기타,기타불명,기타불명,기타불명,기타불명,승용,남,47세,경상
2016012100100166,2016년 1월 21일 10시,목요일,경상북도 상주시 냉림동,경상사고,0,0,1,0,차대사람 - 횡단중,안전운전불이행,건조,맑음,교차로 - 교차로안,승용,남,49세,상해없음,보행자,여,70세,경상
2016012100100167,2016년 1월 21일 10시,목요일,경상북도 칠곡군 석적읍,경상사고,0,0,1,0,차대차 - 기타,안전운전불이행,건조,맑음,단일로 - 기타,승용,남,33세,상해없음,이륜,남,28세,경상
2016012100100234,2016년 1월 21일 13시,목요일,경상북도 포항시 북구 두호동,경상사고,0,0,1,0,차대차 - 측면직각충돌,안전운전불이행,건조,맑음,단일로 - 기타,승용,여,37세,상해없음,자전거,남,70세,경상
2016012100100235,2016년 1월 21일 13시,목요일,경상북도 경산시 삼북동,경상사고,0,0,1,0,차대차 - 기타,안전운전불이행,건조,맑음,단일로 - 기타,승용,남,42세,상해없음,승용,남,24세,경상
2016012100100236,2016년 1월 21일 13시,목요일,경상북도 청송군 진보면,중상사고,0,1,0,0,차량단독 - 공작물충돌,안전운전불이행,건조,맑음,단일로 - 기타,화물,남,59세,중상,,,,
2016012100100287,2016년 1월 21일 15시,목요일,경상북도 김천시 남면,사망사고,1,1,3,0,차대차 - 추돌,안전운전불이행,기타,맑음,단일로 - 기타,승용,남,61세,사망,화물,남,59세,경상
2016012100100288,2016년 1월 21일 15시,목요일,경상북도 상주시 남성동,중상사고,0,1,0,0,차대사람 - 횡단중,보행자보호의무위반,건조,맑음,교차로 - 교차로안,승합,남,38세,상해없음,보행자,여,63세,중상
2016012100100289,2016년 1월 21일 15시,목요일,경상북도 봉화군 석포면,중상사고,0,1,0,0,차대차 - 정면충돌,중앙선침범,건조,맑음,단일로 - 기타,승용,남,52세,상해없음,승용,남,46세,중상
2016012100100290,2016년 1월 21일 15시,목요일,경상북도 고령군 대가야읍,경상사고,0,0,1,0,차대차 - 측면직각충돌,안전운전불이행,건조,맑음,단일로 - 기타,화물,남,72세,상해없음,승용,여,41세,경상
2016012100100376,2016년 1월 21일 18시,목요일,경상북도 경주시 건천읍,중상사고,0,1,0,0,차량단독 - 전도전복,안전운전불이행,건조,맑음,단일로 - 기타,승용,남,54세,중상,,,,
2016012100100377,2016년 1월 21일 18시,목요일,경상북도 안동시 안흥동,중상사고,0,1,0,0,차대사람 - 횡단중,안전운전불이행,건조,맑음,교차로 - 교차로안,승용,남,50세,상해없음,보행자,여,57세,중상
2016012100100378,2016년 1월 21일 18시,목요일,경상북도 경산시 진량읍,중상사고,0,1,0,0,차대사람 - 횡단중,보행자보호의무위반,건조,맑음,단일로 - 기타,승용,여,51세,상해없음,보행자,여,21세,중상
2016012100100379,2016년 1월 21일 18시,목요일,경상북도 울진군 후포면,사망사고,1,0,0,0,차대사람 - 횡단중,안전운전불이행,건조,맑음,단일로 - 기타,승용,남,60세,상해없음,보행자,여,65세,사망
2016012100100422,2016년 1월 21일 19시,목요일,경상북도 칠곡군 가산면,부상신고사고,0,0,0,1,차대사람 - 기타,안전운전불이행,건조,맑음,단일로 - 기타,화물,남,39세,상해없음,보행자,남,34세,부상신고
2016012100100491,2016년 1월 21일 21시,목요일,경상북도 영천시 망정동,경상사고,0,0,1,1,차대차 - 측면충돌,교차로운행방법위반,건조,맑음,교차로 - 교차로안,승용,여,33세,부상신고,승용,남,30세,경상
2016012100100515,2016년 1월 21일 22시,목요일,경상북도 구미시 형곡동,부상신고사고,0,0,0,1,차대차 - 추돌,안전운전불이행,건조,맑음,단일로 - 기타,이륜,남,23세,부상신고,승합,남,42세,상해없음
2016012200100009,2016년 1월 22일 00시,금요일,경상북도 포항시 남구 상도동,경상사고,0,0,1,0,차대차 - 추돌,안전운전불이행,건조,맑음,교차로 - 교차로안,승용,여,26세,상해없음,승용,남,58세,경상
2016012200100025,2016년 1월 22일 01시,금요일,경상북도 칠곡군 석적읍,사망사고,1,0,0,0,차량단독 - 기타,안전운전불이행,건조,맑음,단일로 - 기타,이륜,남,28세,사망,,,,
2016012200100026,2016년 1월 22일 01시,금요일,경상북도 포항시 남구 해도동,경상사고,0,0,2,0,차대차 - 측면직각충돌,안전운전불이행,건조,맑음,단일로 - 기타,승용,남,59세,상해없음,승용,남,59세,경상
2016012200100110,2016년 1월 22일 07시,금요일,경상북도 포항시 북구 흥해읍,경상사고,0,0,1,0,차대차 - 기타,안전운전불이행,건조,맑음,교차로 - 교차로부근,기타불명,기타불명,기타불명,기타불명,승용,여,26세,경상
2016012200100111,2016년 1월 22일 07시,금요일,경상북도 구미시 공단동,경상사고,0,0,1,0,차대차 - 추돌,신호위반,건조,맑음,교차로 - 교차로안,승용,남,48세,기타불명,승용,남,29세,경상
2016012200100112,2016년 1월 22일 07시,금요일,경상북도 포항시 남구 오천읍,중상사고,0,1,0,0,차대차 - 측면충돌,안전운전불이행,건조,맑음,단일로 - 기타,승용,여,33세,상해없음,자전거,남,35세,중상
2016012200100136,2016년 1월 22일 08시,금요일,경상북도 의성군 안계면,중상사고,0,1,0,0,차대차 - 측면직각충돌,신호위반,건조,맑음,교차로 - 교차로안,승용,여,63세,상해없음,승용,여,56세,중상
2016012200100137,2016년 1월 22일 08시,금요일,경상북도 영천시 오미동,중상사고,0,1,0,0,차대차 - 추돌,안전운전불이행,건조,맑음,단일로 - 기타,승용,남,39세,중상,특수,남,41세,상해없음
2016012200100169,2016년 1월 22일 09시,금요일,경상북도 영주시 안정면,경상사고,0,0,1,0,차대차 - 측면충돌,안전운전불이행,건조,맑음,교차로 - 교차로안,승용,남,33세,상해없음,승용,남,61세,상해없음
2016012200100170,2016년 1월 22일 09시,금요일,경상북도 칠곡군 약목면,경상사고,0,0,2,0,차대차 - 측면충돌,안전운전불이행,건조,맑음,교차로 - 교차로부근,승용,남,58세,상해없음,승용,남,70세,경상
2016012200100171,2016년 1월 22일 09시,금요일,경상북도 포항시 남구 호미곶면,중상사고,0,5,5,2,차대차 - 측면충돌,중앙선침범,건조,맑음,교차로 - 교차로부근,화물,남,40세,경상,승합,남,55세,중상
2016012200100195,2016년 1월 22일 10시,금요일,경상북도 경주시 안강읍,경상사고,0,0,1,0,차대사람 - 횡단중,안전운전불이행,건조,맑음,단일로 - 기타,승용,남,58세,상해없음,보행자,여,15세,경상
2016012200100196,2016년 1월 22일 10시,금요일,경상북도 포항시 북구 죽도동,경상사고,0,0,1,0,차대차 - 정면충돌,안전운전불이행,건조,맑음,단일로 - 기타,승용,남,51세,상해없음,승용,여,47세,경상
2016012200100228,2016년 1월 22일 11시,금요일,경상북도 문경시 흥덕동,경상사고,0,0,1,0,차대차 - 측면충돌,안전운전불이행,건조,맑음,교차로 - 교차로안,승용,남,70세,상해없음,화물,남,63세,경상
2016012200100249,2016년 1월 22일 12시,금요일,경상북도 포항시 북구 죽도동,경상사고,0,0,1,0,차대차 - 측면충돌,차로위반,건조,맑음,교차로 - 교차로부근,승용,남,62세,상해없음,승용,여,51세,경상
2016012200100273,2016년 1월 22일 13시,금요일,경상북도 예천군 은풍면,중상사고,0,1,0,0,차대차 - 측면직각충돌,기타,건조,맑음,교차로 - 교차로안,화물,남,25세,상해없음,이륜,남,77세,중상
2016012200100274,2016년 1월 22일 13시,금요일,경상북도 포항시 남구 상도동,경상사고,0,0,1,0,차대차 - 측면충돌,직진우회전진행방해,건조,맑음,교차로 - 교차로안,승용,여,33세,상해없음,이륜,남,48세,경상
2016012200100309,2016년 1월 22일 14시,금요일,경상북도 포항시 남구 대도동,경상사고,0,0,3,0,차대차 - 측면직각충돌,신호위반,건조,맑음,교차로 - 교차로안,승용,여,27세,경상,승용,남,77세,경상
2016012200100338,2016년 1월 22일 15시,금요일,경상북도 경주시 성건동,경상사고,0,0,1,0,차대차 - 기타,안전운전불이행,건조,맑음,교차로 - 교차로안,화물,남,70세,상해없음,승용,남,24세,경상
2016012200100339,2016년 1월 22일 15시,금요일,경상북도 경산시 하양읍,경상사고,0,0,1,0,차대차 - 추돌,안전운전불이행,건조,맑음,교차로 - 교차로안,승합,남,60세,상해없음,이륜,남,20세,경상
2016012200100340,2016년 1월 22일 15시,금요일,경상북도 구미시 선산읍,중상사고,0,1,0,0,차대사람 - 횡단중,안전운전불이행,건조,맑음,단일로 - 기타,기타불명,기타불명,기타불명,기타불명,보행자,남,76세,중상
2016012200100371,2016년 1월 22일 16시,금요일,경상북도 포항시 북구 흥해읍,중상사고,0,1,3,2,차대차 - 추돌,안전운전불이행,건조,맑음,단일로 - 기타,화물,남,65세,상해없음,승용,남,25세,경상
2016012200100372,2016년 1월 22일 16시,금요일,경상북도 포항시 남구 오천읍,중상사고,0,1,0,0,차대차 - 측면충돌,안전운전불이행,건조,맑음,단일로 - 기타,자전거,남,83세,중상,승용,남,50세,상해없음
2016012200100443,2016년 1월 22일 18시,금요일,경상북도 경주시 서부동,사망사고,1,0,0,0,차대사람 - 횡단중,안전운전불이행,건조,맑음,교차로 - 교차로부근,승합,남,74세,상해없음,보행자,여,72세,사망
2016012200100444,2016년 1월 22일 18시,금요일,경상북도 경주시 구정동,중상사고,0,1,0,0,차대사람 - 횡단중,보행자보호의무위반,건조,맑음,교차로 - 교차로안,승용,남,60세,상해없음,보행자,여,70세,중상
2016012200100445,2016년 1월 22일 18시,금요일,경상북도 안동시 송천동,중상사고,0,2,2,0,차대차 - 정면충돌,중앙선침범,건조,맑음,단일로 - 기타,승합,남,47세,상해없음,승용,남,50세,경상
2016012200100446,2016년 1월 22일 18시,금요일,경상북도 칠곡군 왜관읍,경상사고,0,0,2,2,차대차 - 측면충돌,안전운전불이행,건조,맑음,교차로 - 교차로안,승용,남,44세,부상신고,승용,여,43세,부상신고
2016012200100447,2016년 1월 22일 18시,금요일,경상북도 칠곡군 북삼읍,중상사고,0,1,0,0,차대사람 - 길가장자리구역통행중,안전운전불이행,건조,맑음,단일로 - 기타,승용,남,32세,상해없음,보행자,여,16세,중상
2016012200100490,2016년 1월 22일 19시,금요일,경상북도 영천시 야사동,경상사고,0,0,1,0,차대차 - 측면충돌,교차로운행방법위반,건조,맑음,교차로 - 교차로안,승용,남,43세,상해없음,이륜,남,23세,경상
2016012200100491,2016년 1월 22일 19시,금요일,경상북도 경산시 중방동,경상사고,0,0,1,0,차대차 - 측면충돌,안전운전불이행,건조,맑음,단일로 - 기타,승용,남,49세,상해없음,이륜,남,29세,경상
2016012200100516,2016년 1월 22일 20시,금요일,경상북도 구미시 시미동,중상사고,0,1,0,0,차대사람 - 횡단중,보행자보호의무위반,건조,맑음,교차로 - 교차로부근,승용,남,45세,상해없음,보행자,남,33세,중상
2016012200100548,2016년 1월 22일 21시,금요일,경상북도 경주시 동천동,경상사고,0,0,1,0,차대차 - 측면충돌,안전운전불이행,건조,맑음,교차로 - 교차로안,승용,남,47세,상해없음,원동기,남,42세,경상
2016012200100549,2016년 1월 22일 21시,금요일,경상북도 포항시 북구 득량동,경상사고,0,0,3,0,차대차 - 추돌,안전운전불이행,건조,맑음,교차로 - 교차로부근,화물,남,49세,상해없음,승용,여,38세,경상
2016012200100550,2016년 1월 22일 21시,금요일,경상북도 안동시 동부동,경상사고,0,0,1,0,차대차 - 정면충돌,안전운전불이행,건조,맑음,교차로 - 교차로안,승용,남,53세,상해없음,승용,여,28세,경상
2016012200100551,2016년 1월 22일 21시,금요일,경상북도 칠곡군 왜관읍,사망사고,1,0,0,0,차대차 - 추돌,기타,건조,맑음,단일로 - 기타,승용,남,33세,상해없음,승용,남,55세,사망
2016012200100575,2016년 1월 22일 22시,금요일,경상북도 경산시 진량읍,중상사고,0,1,0,0,차대차 - 측면충돌,안전운전불이행,건조,맑음,단일로 - 기타,승용,남,40세,상해없음,승용,남,55세,중상
2016012200100576,2016년 1월 22일 22시,금요일,경상북도 구미시 옥계동,경상사고,0,0,1,0,차대차 - 측면충돌,안전운전불이행,건조,맑음,교차로 - 교차로안,승용,남,50세,상해없음,승용,여,37세,경상
2016012200100614,2016년 1월 22일 23시,금요일,경상북도 칠곡군 왜관읍,부상신고사고,0,0,0,1,차량단독 - 전도전복,안전운전불이행,건조,맑음,단일로 - 기타,승용,남,54세,부상신고,,,,
2016012200100615,2016년 1월 22일 23시,금요일,경상북도 경산시 진량읍,중상사고,0,1,0,0,차대사람 - 기타,안전운전불이행,건조,맑음,단일로 - 기타,승용,남,33세,상해없음,보행자,남,52세,중상
2016012300100026,2016년 1월 23일 00시,토요일,경상북도 영천시 성내동,중상사고,0,1,0,0,차대사람 - 횡단중,보행자보호의무위반,건조,맑음,단일로 - 횡단보도상,승용,남,42세,상해없음,보행자,여,46세,중상
2016012300100091,2016년 1월 23일 06시,토요일,경상북도 문경시 마성면,중상사고,0,1,0,0,차대사람 - 횡단중,신호위반,건조,맑음,교차로 - 교차로안,화물,남,51세,상해없음,보행자,남,75세,중상
2016012300100106,2016년 1월 23일 07시,토요일,경상북도 경주시 성동동,경상사고,0,0,1,0,차대차 - 측면충돌,안전운전불이행,건조,맑음,단일로 - 기타,승용,남,63세,상해없음,승용,남,61세,경상
2016012300100107,2016년 1월 23일 07시,토요일,경상북도 구미시 고아읍,경상사고,0,0,1,0,차대차 - 추돌,안전운전불이행,건조,맑음,단일로 - 기타,승용,남,25세,상해없음,건설기계,남,53세,경상
2016012300100117,2016년 1월 23일 08시,토요일,경상북도 경산시 압량면,중상사고,0,1,0,0,차대차 - 정면충돌,교차로운행방법위반,건조,맑음,교차로 - 교차로안,승용,여,41세,상해없음,승용,여,24세,중상
2016012300100152,2016년 1월 23일 10시,토요일,경상북도 안동시 태화동,경상사고,0,0,1,0,차대사람 - 기타,안전운전불이행,건조,맑음,단일로 - 기타,승용,남,63세,상해없음,보행자,남,39세,경상
2016012300100153,2016년 1월 23일 10시,토요일,경상북도 영주시 영주동,경상사고,0,0,1,0,차대사람 - 횡단중,안전운전불이행,건조,맑음,단일로 - 기타,승용,남,44세,상해없음,보행자,여,31세,경상
2016012300100154,2016년 1월 23일 10시,토요일,경상북도 청도군 청도읍,경상사고,0,0,1,0,차대차 - 측면직각충돌,안전운전불이행,건조,맑음,기타 - 기타,승용,남,62세,상해없음,승용,남,28세,경상
2016012300100174,2016년 1월 23일 11시,토요일,경상북도 경주시 석장동,중상사고,0,1,0,0,차대차 - 측면충돌,안전운전불이행,건조,맑음,교차로 - 교차로안,화물,남,28세,상해없음,이륜,남,23세,중상