사고번호,사고일시,요일,시군구,사고내용,사망자수,중상자수,경상자수,부상신고자수,사고유형,법규위반,노면상태,기상상태,도로형태,가해운전자 차종,가해운전자 성별,가해운전자 연령,가해운전자 상해정도,피해운전자 차종,피해운전자 성별,피해운전자 연령,피해운전자 상해정도
2016012300100175,2016년 1월 23일 11시,토요일,경상북도 고령군 쌍림면,경상사고,0,0,1,0,차대차 - 측면직각충돌,차로위반,건조,맑음,단일로 - 기타,승용,여,67세,경상,건설기계,남,52세,상해없음
2016012300100222,2016년 1월 23일 13시,토요일,경상북도 경주시 황오동,경상사고,0,0,1,0,차대차 - 측면충돌,안전운전불이행,건조,맑음,단일로 - 기타,승용,남,63세,상해없음,이륜,남,35세,경상
2016012300100224,2016년 1월 23일 13시,토요일,경상북도 포항시 남구 오천읍,중상사고,0,1,0,0,차대차 - 기타,안전운전불이행,건조,맑음,단일로 - 기타,승용,여,36세,상해없음,이륜,남,29세,중상
2016012300100258,2016년 1월 23일 14시,토요일,경상북도 성주군 성주읍,중상사고,0,1,0,0,차대사람 - 길가장자리구역통행중,안전운전불이행,건조,맑음,단일로 - 기타,승용,여,54세,상해없음,보행자,여,70세,중상
2016012300100259,2016년 1월 23일 14시,토요일,경상북도 포항시 남구 인덕동,경상사고,0,0,1,2,차대차 - 측면충돌,안전운전불이행,건조,맑음,기타 - 기타,승용,여,34세,상해없음,승용,남,43세,경상
2016012300100292,2016년 1월 23일 15시,토요일,경상북도 포항시 북구 창포동,중상사고,0,1,0,0,차대차 - 정면충돌,안전운전불이행,건조,맑음,단일로 - 기타,승용,여,31세,상해없음,이륜,남,50세,중상
2016012300100293,2016년 1월 23일 15시,토요일,경상북도 영주시 가흥동,경상사고,0,0,1,1,차대차 - 측면충돌,안전운전불이행,건조,맑음,교차로 - 교차로안,승용,남,56세,부상신고,승용,남,28세,상해없음
2016012300100294,2016년 1월 23일 15시,토요일,경상북도 경산시 중방동,경상사고,0,0,1,0,차대사람 - 차도통행중,중앙선침범,건조,맑음,단일로 - 기타,이륜,남,16세,상해없음,보행자,남,48세,경상
2016012300100317,2016년 1월 23일 16시,토요일,경상북도 경주시 동부동,경상사고,0,0,1,0,차대차 - 추돌,안전운전불이행,건조,맑음,교차로 - 교차로부근,승용,여,55세,상해없음,승용,남,50세,경상
2016012300100318,2016년 1월 23일 16시,토요일,경상북도 포항시 북구 용흥동,경상사고,0,0,1,0,차대차 - 측면충돌,차로위반,건조,맑음,교차로 - 교차로부근,승용,남,60세,상해없음,원동기,남,18세,경상
2016012300100319,2016년 1월 23일 16시,토요일,경상북도 안동시 정하동,중상사고,0,1,0,0,차대차 - 측면충돌,안전운전불이행,건조,맑음,단일로 - 기타,화물,남,22세,상해없음,승용,남,50세,기타불명
2016012300100375,2016년 1월 23일 18시,토요일,경상북도 경주시 천북면,중상사고,0,1,0,0,차대사람 - 길가장자리구역통행중,안전운전불이행,건조,맑음,단일로 - 기타,승용,여,34세,상해없음,보행자,여,70세,중상
2016012300100376,2016년 1월 23일 18시,토요일,경상북도 포항시 북구 항구동,사망사고,1,0,0,0,차대사람 - 횡단중,안전운전불이행,건조,맑음,단일로 - 기타,화물,남,40세,상해없음,보행자,여,81세,사망
2016012300100377,2016년 1월 23일 18시,토요일,경상북도 포항시 북구 청하면,중상사고,0,2,1,0,차대차 - 추돌,안전운전불이행,건조,맑음,단일로 - 기타,승용,남,44세,중상,농기계,남,34세,중상
2016012300100378,2016년 1월 23일 18시,토요일,경상북도 김천시 감천면,중상사고,0,1,0,0,차대사람 - 보도통행중,안전운전불이행,건조,맑음,단일로 - 기타,승용,남,54세,상해없음,보행자,여,72세,중상
2016012300100379,2016년 1월 23일 18시,토요일,경상북도 칠곡군 북삼읍,중상사고,0,1,0,0,차대사람 - 기타,안전운전불이행,건조,맑음,교차로 - 교차로안,승용,남,41세,상해없음,보행자,여,36세,중상
2016012300100380,2016년 1월 23일 18시,토요일,경상북도 포항시 남구 대잠동,경상사고,0,0,3,0,차대차 - 기타,안전운전불이행,건조,맑음,단일로 - 기타,승용,여,57세,경상,승용,남,61세,경상
2016012300100408,2016년 1월 23일 19시,토요일,경상북도 상주시 신봉동,경상사고,0,0,1,0,차대차 - 측면직각충돌,교차로운행방법위반,건조,맑음,교차로 - 교차로안,승용,여,41세,상해없음,자전거,여,53세,경상
2016012300100434,2016년 1월 23일 20시,토요일,경상북도 김천시 지좌동,사망사고,1,0,0,0,차대사람 - 차도통행중,안전운전불이행,건조,맑음,단일로 - 기타,승용,남,25세,상해없음,보행자,남,54세,사망
2016012300100435,2016년 1월 23일 20시,토요일,경상북도 구미시 인의동,경상사고,0,0,1,0,차대차 - 기타,교차로운행방법위반,건조,맑음,교차로 - 교차로안,승합,남,72세,상해없음,원동기,남,45세,경상
2016012300100436,2016년 1월 23일 20시,토요일,경상북도 포항시 남구 지곡동,경상사고,0,0,1,0,차대차 - 측면충돌,신호위반,건조,맑음,교차로 - 교차로안,승용,남,44세,상해없음,승용,남,32세,경상
2016012300100462,2016년 1월 23일 21시,토요일,경상북도 영천시 야사동,경상사고,0,0,1,0,차대차 - 정면충돌,안전거리미확보,건조,맑음,단일로 - 기타,특수,남,20세,상해없음,승용,남,63세,경상
2016012400100036,2016년 1월 24일 01시,일요일,경상북도 구미시 원평동,경상사고,0,0,2,0,차대사람 - 횡단중,안전운전불이행,건조,맑음,교차로 - 교차로안,기타불명,기타불명,기타불명,기타불명,보행자,여,18세,경상
2016012400100053,2016년 1월 24일 03시,일요일,경상북도 칠곡군 석적읍,경상사고,0,0,2,0,차량단독 - 도로외이탈 - 기타,안전운전불이행,건조,맑음,단일로 - 기타,승용,남,24세,경상,,,,
2016012400100061,2016년 1월 24일 04시,일요일,경상북도 구미시 황상동,경상사고,0,0,1,2,차대사람 - 기타,안전운전불이행,건조,맑음,기타 - 기타,승용,남,29세,상해없음,보행자,남,24세,부상신고
2016012400100107,2016년 1월 24일 09시,일요일,경상북도 경산시 사동,중상사고,0,1,2,0,차대차 - 측면직각충돌,직진우회전진행방해,건조,맑음,교차로 - 교차로안,승용,남,62세,경상,승용,여,42세,중상
2016012400100154,2016년 1월 24일 12시,일요일,경상북도 경주시 도지동,중상사고,0,2,4,0,차대차 - 측면충돌,안전운전불이행,건조,맑음,단일로 - 기타,승용,여,51세,중상,승용,남,51세,경상
2016012400100178,2016년 1월 24일 13시,일요일,경상북도 영주시 영주동,경상사고,0,0,2,0,차대차 - 측면충돌,안전운전불이행,건조,맑음,교차로 - 교차로부근,승용,남,29세,상해없음,승용,남,60세,경상
2016012400100179,2016년 1월 24일 13시,일요일,경상북도 구미시 공단동,부상신고사고,0,0,0,1,차대차 - 측면충돌,불법유턴,건조,맑음,단일로 - 기타,이륜,남,36세,부상신고,승용,여,23세,상해없음
2016012400100207,2016년 1월 24일 14시,일요일,경상북도 경주시 구황동,경상사고,0,0,1,0,차대차 - 측면충돌,교차로운행방법위반,건조,맑음,교차로 - 교차로안,승용,남,34세,상해없음,승용,남,64세,상해없음
2016012400100208,2016년 1월 24일 14시,일요일,경상북도 경산시 옥산동,경상사고,0,0,1,0,차대차 - 측면충돌,안전운전불이행,건조,맑음,교차로 - 교차로부근,승용,남,51세,상해없음,이륜,남,21세,경상
2016012400100209,2016년 1월 24일 14시,일요일,경상북도 구미시 임은동,경상사고,0,0,3,0,차대차 - 측면충돌,신호위반,건조,맑음,교차로 - 교차로안,승용,남,26세,경상,승용,남,55세,경상
2016012400100279,2016년 1월 24일 17시,일요일,경상북도 안동시 정하동,경상사고,0,0,2,0,차대차 - 측면충돌,신호위반,건조,맑음,교차로 - 교차로안,이륜,남,42세,경상,승용,여,50세,경상
2016012400100280,2016년 1월 24일 17시,일요일,경상북도 성주군 성주읍,중상사고,0,1,0,0,차대차 - 정면충돌,중앙선침범,건조,맑음,단일로 - 기타,승용,남,38세,상해없음,승용,남,58세,중상
2016012400100303,2016년 1월 24일 18시,일요일,경상북도 구미시 신평동,경상사고,0,0,1,0,차대차 - 기타,교차로운행방법위반,건조,맑음,교차로 - 교차로안,승용,남,50세,상해없음,이륜,남,59세,경상
2016012400100330,2016년 1월 24일 19시,일요일,경상북도 영주시 휴천동,경상사고,0,0,1,0,차대차 - 측면충돌,안전운전불이행,건조,맑음,교차로 - 교차로안,승용,남,59세,상해없음,원동기,남,33세,경상
2016012400100398,2016년 1월 24일 22시,일요일,경상북도 경주시 동천동,경상사고,0,0,1,0,차대차 - 추돌,안전운전불이행,건조,맑음,단일로 - 기타,승용,남,37세,상해없음,승용,남,59세,기타불명
2016012400100399,2016년 1월 24일 22시,일요일,경상북도 문경시 점촌동,경상사고,0,0,1,0,차대차 - 측면충돌,신호위반,건조,맑음,교차로 - 교차로안,승용,남,54세,상해없음,승용,남,59세,경상
2016012400100400,2016년 1월 24일 22시,일요일,경상북도 경산시 하양읍,경상사고,0,0,1,0,차량단독 - 전도전복,안전운전불이행,건조,맑음,단일로 - 기타,화물,남,42세,상해없음,,,,
2016012400100401,2016년 1월 24일 22시,일요일,경상북도 경산시 계양동,경상사고,0,0,1,0,차대차 - 측면충돌,안전운전불이행,건조,맑음,단일로 - 기타,승용,남,28세,상해없음,승용,남,25세,경상
2016012400100402,2016년 1월 24일 22시,일요일,경상북도 구미시 봉곡동,중상사고,0,2,0,0,차대차 - 추돌,안전운전불이행,건조,맑음,교차로 - 교차로부근,승용,남,48세,상해없음,승용,여,47세,중상
2016012400100416,2016년 1월 24일 23시,일요일,경상북도 포항시 북구 죽도동,경상사고,0,0,1,0,차대차 - 측면충돌,안전운전불이행,건조,맑음,교차로 - 교차로안,승용,남,63세,상해없음,원동기,남,24세,경상
2016012500100028,2016년 1월 25일 05시,월요일,경상북도 안동시 태화동,중상사고,0,1,0,0,차대사람 - 횡단중,안전운전불이행,건조,맑음,교차로 - 교차로부근,승용,여,45세,상해없음,보행자,여,59세,중상
2016012500100029,2016년 1월 25일 05시,월요일,경상북도 칠곡군 석적읍,경상사고,0,0,2,0,차대차 - 정면충돌,신호위반,건조,맑음,교차로 - 교차로안,승용,남,31세,상해없음,승용,남,28세,경상
2016012500100042,2016년 1월 25일 06시,월요일,경상북도 포항시 북구 장성동,경상사고,0,0,1,0,차대차 - 정면충돌,신호위반,건조,맑음,교차로 - 교차로안,승합,남,61세,상해없음,승용,남,42세,경상
2016012500100043,2016년 1월 25일 06시,월요일,경상북도 안동시 금곡동,중상사고,0,1,1,0,차대차 - 정면충돌,신호위반,건조,맑음,교차로 - 교차로안,승용,남,45세,상해없음,승용,남,66세,중상
2016012500100044,2016년 1월 25일 06시,월요일,경상북도 경산시 옥산동,경상사고,0,0,1,0,차대차 - 추돌,안전거리미확보,건조,맑음,단일로 - 기타,승용,남,51세,상해없음,승용,남,35세,경상
2016012500100045,2016년 1월 25일 06시,월요일,경상북도 포항시 남구 괴동동,경상사고,0,0,2,0,차대차 - 측면충돌,안전운전불이행,건조,맑음,단일로 - 기타,승용,남,66세,경상,특수,남,59세,상해없음
2016012500100062,2016년 1월 25일 07시,월요일,경상북도 봉화군 소천면,경상사고,0,0,1,0,차대차 - 정면충돌,중앙선침범,건조,맑음,단일로 - 기타,승용,남,56세,상해없음,승용,남,44세,경상
2016012500100104,2016년 1월 25일 08시,월요일,경상북도 포항시 남구 오천읍,경상사고,0,0,1,0,차대차 - 측면충돌,안전운전불이행,건조,맑음,단일로 - 기타,승용,여,46세,상해없음,이륜,남,37세,경상
2016012500100129,2016년 1월 25일 09시,월요일,경상북도 경산시 사동,중상사고,0,1,2,0,차대차 - 정면충돌,안전운전불이행,건조,맑음,기타 - 기타,승용,여,51세,중상,승용,여,25세,경상
2016012500100130,2016년 1월 25일 09시,월요일,경상북도 경산시 진량읍,경상사고,0,0,2,0,차대차 - 추돌,안전운전불이행,건조,맑음,단일로 - 기타,승용,남,54세,상해없음,승용,남,38세,경상
2016012500100131,2016년 1월 25일 09시,월요일,경상북도 경산시 압량면,중상사고,0,2,0,0,차대차 - 기타,교차로운행방법위반,건조,맑음,교차로 - 교차로안,승용,여,45세,중상,승용,남,62세,중상
2016012500100180,2016년 1월 25일 11시,월요일,경상북도 경주시 황성동,경상사고,0,0,2,0,차대차 - 측면충돌,안전운전불이행,건조,맑음,단일로 - 기타,승용,남,53세,상해없음,승용,남,63세,경상
2016012500100181,2016년 1월 25일 11시,월요일,경상북도 영주시 휴천동,경상사고,0,0,1,0,차대차 - 측면충돌,안전운전불이행,건조,맑음,교차로 - 교차로부근,화물,남,32세,기타불명,승용,여,40세,경상
2016012500100182,2016년 1월 25일 11시,월요일,경상북도 고령군 대가야읍,경상사고,0,0,2,0,차대차 - 정면충돌,직진우회전진행방해,건조,맑음,교차로 - 교차로안,승용,여,54세,경상,승용,남,45세,경상
2016012500100183,2016년 1월 25일 11시,월요일,경상북도 군위군 효령면,부상신고사고,0,0,0,1,차대차 - 측면충돌,안전운전불이행,건조,맑음,교차로 - 교차로안,승용,여,43세,부상신고,화물,남,49세,상해없음
2016012500100221,2016년 1월 25일 12시,월요일,경상북도 경주시 양남면,경상사고,0,0,1,0,차대차 - 추돌,안전운전불이행,건조,맑음,교차로 - 교차로안,승용,여,60세,상해없음,승용,여,69세,경상
2016012500100222,2016년 1월 25일 12시,월요일,경상북도 상주시 남성동,경상사고,0,0,1,0,차대사람 - 길가장자리구역통행중,안전운전불이행,건조,맑음,단일로 - 기타,승용,여,61세,상해없음,보행자,여,62세,경상
2016012500100223,2016년 1월 25일 12시,월요일,경상북도 구미시 구평동,중상사고,0,1,0,0,차대차 - 측면충돌,중앙선침범,건조,맑음,단일로 - 기타,승용,남,18세,상해없음,승용,여,23세,중상
2016012500100245,2016년 1월 25일 13시,월요일,경상북도 울진군 북면,중상사고,0,1,5,0,차대차 - 정면충돌,중앙선침범,건조,맑음,단일로 - 기타,승용,남,37세,중상,승용,남,38세,경상
2016012500100246,2016년 1월 25일 13시,월요일,경상북도 포항시 남구 동촌동,중상사고,0,1,2,0,차대차 - 추돌,안전거리미확보,건조,맑음,교차로 - 교차로부근,건설기계,남,45세,상해없음,화물,남,47세,중상
2016012500100278,2016년 1월 25일 14시,월요일,경상북도 칠곡군 왜관읍,부상신고사고,0,0,0,1,차대사람 - 횡단중,안전운전불이행,건조,맑음,기타 - 기타,승용,여,54세,상해없음,보행자,여,7세,부상신고
2016012500100279,2016년 1월 25일 14시,월요일,경상북도 경산시 진량읍,경상사고,0,0,1,0,차대사람 - 길가장자리구역통행중,안전운전불이행,건조,맑음,단일로 - 기타,승용,남,54세,상해없음,보행자,여,38세,경상
2016012500100280,2016년 1월 25일 14시,월요일,경상북도 경산시 압량면,경상사고,0,0,1,0,차대차 - 측면충돌,안전운전불이행,건조,맑음,단일로 - 기타,승용,남,55세,상해없음,승용,여,53세,경상
2016012500100312,2016년 1월 25일 15시,월요일,경상북도 영주시 평은면,경상사고,0,0,1,0,차대차 - 추돌,안전운전불이행,건조,맑음,교차로 - 교차로부근,화물,남,70세,상해없음,승용,남,56세,경상
2016012500100313,2016년 1월 25일 15시,월요일,경상북도 포항시 남구 동해면,중상사고,0,2,2,0,차대차 - 추돌,안전운전불이행,건조,맑음,단일로 - 기타,승용,남,40세,상해없음,승용,남,65세,경상
2016012500100342,2016년 1월 25일 16시,월요일,경상북도 구미시 선산읍,중상사고,0,1,0,0,차대사람 - 횡단중,안전운전불이행,건조,맑음,교차로 - 교차로부근,승용,남,28세,상해없음,보행자,여,71세,중상
2016012500100343,2016년 1월 25일 16시,월요일,경상북도 구미시 구평동,중상사고,0,1,0,0,차대차 - 정면충돌,안전운전불이행,건조,맑음,기타 - 기타,승합,여,49세,상해없음,원동기,남,32세,중상
2016012500100344,2016년 1월 25일 16시,월요일,경상북도 포항시 남구 상도동,부상신고사고,0,0,0,1,차대차 - 측면충돌,교차로운행방법위반,건조,맑음,교차로 - 교차로안,승용,남,46세,상해없음,자전거,여,49세,부상신고
2016012500100371,2016년 1월 25일 17시,월요일,경상북도 김천시 황금동,중상사고,0,1,0,0,차대차 - 기타,직진우회전진행방해,건조,맑음,교차로 - 교차로안,승용,남,41세,상해없음,화물,남,32세,중상
2016012500100372,2016년 1월 25일 17시,월요일,경상북도 영주시 휴천동,중상사고,0,1,1,0,차대사람 - 횡단중,보행자보호의무위반,건조,맑음,단일로 - 횡단보도상,승용,남,67세,상해없음,보행자,여,20세,중상
2016012500100413,2016년 1월 25일 18시,월요일,경상북도 포항시 북구 용흥동,경상사고,0,0,1,0,차대사람 - 횡단중,안전운전불이행,건조,맑음,단일로 - 기타,자전거,남,17세,상해없음,보행자,남,16세,경상
2016012500100414,2016년 1월 25일 18시,월요일,경상북도 성주군 벽진면,중상사고,0,1,0,0,차대차 - 측면직각충돌,안전운전불이행,건조,맑음,교차로 - 교차로안,승용,남,72세,중상,화물,남,47세,상해없음
2016012500100415,2016년 1월 25일 18시,월요일,경상북도 청송군 현동면,경상사고,0,0,2,0,차대차 - 추돌,안전거리미확보,건조,맑음,단일로 - 기타,승용,여,62세,상해없음,화물,남,66세,경상
2016012500100416,2016년 1월 25일 18시,월요일,경상북도 포항시 남구 오천읍,경상사고,0,0,2,0,차대차 - 측면충돌,신호위반,건조,맑음,교차로 - 교차로안,이륜,남,44세,경상,승용,여,20세,경상
2016012500100417,2016년 1월 25일 18시,월요일,경상북도 포항시 남구 대잠동,경상사고,0,0,1,0,차대사람 - 횡단중,안전운전불이행,건조,맑음,단일로 - 기타,승용,남,64세,상해없음,보행자,여,24세,경상
2016012500100494,2016년 1월 25일 20시,월요일,경상북도 칠곡군 왜관읍,중상사고,0,1,0,0,차대사람 - 횡단중,안전운전불이행,건조,맑음,단일로 - 기타,승용,남,30세,상해없음,보행자,여,59세,중상
2016012500100531,2016년 1월 25일 21시,월요일,경상북도 경산시 중방동,경상사고,0,0,2,0,차대차 - 기타,신호위반,건조,맑음,교차로 - 교차로안,승용,남,55세,상해없음,승용,남,23세,경상
2016012500100532,2016년 1월 25일 21시,월요일,경상북도 구미시 원평동,경상사고,0,0,2,1,차대차 - 기타,안전거리미확보,건조,맑음,단일로 - 기타,승용,남,56세,상해없음,승용,남,32세,경상
2016012500100558,2016년 1월 25일 22시,월요일,경상북도 경산시 계양동,경상사고,0,0,3,0,차대차 - 측면직각충돌,안전운전불이행,건조,맑음,교차로 - 교차로안,승용,여,39세,경상,승용,남,81세,경상
2016012500100559,2016년 1월 25일 22시,월요일,경상북도 구미시 인의동,경상사고,0,0,1,0,차대차 - 정면충돌,안전운전불이행,건조,맑음,교차로 - 교차로안,승용,남,30세,상해없음,이륜,남,22세,경상
2016012500100590,2016년 1월 25일 23시,월요일,경상북도 포항시 남구 이동,경상사고,0,0,2,0,차대차 - 측면충돌,안전운전불이행,건조,맑음,교차로 - 교차로부근,이륜,남,19세,경상,승용,여,57세,경상
2016012600100055,2016년 1월 26일 05시,화요일,경상북도 김천시 아포읍,경상사고,0,0,1,0,차대사람 - 기타,안전운전불이행,건조,맑음,단일로 - 기타,승용,남,54세,상해없음,보행자,여,29세,경상
2016012600100085,2016년 1월 26일 07시,화요일,경상북도 칠곡군 왜관읍,중상사고,0,1,0,0,차대차 - 측면충돌,안전운전불이행,건조,맑음,교차로 - 교차로안,승용,남,47세,상해없음,자전거,여,81세,중상
2016012600100138,2016년 1월 26일 09시,화요일,경상북도 포항시 북구 장성동,중상사고,0,1,0,0,차대사람 - 횡단중,보행자보호의무위반,건조,맑음,단일로 - 횡단보도상,승용,여,39세,상해없음,보행자,여,59세,중상
2016012600100164,2016년 1월 26일 10시,화요일,경상북도 영덕군 남정면,중상사고,0,2,1,0,차대차 - 추돌,기타,건조,맑음,단일로 - 기타,화물,남,56세,상해없음,승용,남,54세,경상
2016012600100190,2016년 1월 26일 11시,화요일,경상북도 의성군 안계면,경상사고,0,0,1,0,차대차 - 측면직각충돌,불법유턴,건조,맑음,교차로 - 교차로부근,이륜,남,71세,경상,승용,남,52세,상해없음
2016012600100191,2016년 1월 26일 11시,화요일,경상북도 구미시 옥성면,중상사고,0,1,0,0,차대사람 - 횡단중,안전운전불이행,건조,맑음,기타 - 기타,승용,남,43세,상해없음,보행자,남,75세,중상
2016012600100242,2016년 1월 26일 13시,화요일,경상북도 영천시 서산동,중상사고,0,1,0,0,차대차 - 측면직각충돌,안전운전불이행,건조,맑음,교차로 - 교차로안,화물,남,43세,상해없음,원동기,남,72세,중상
2016012600100243,2016년 1월 26일 13시,화요일,경상북도 성주군 성주읍,중상사고,0,2,1,0,차대차 - 측면충돌,신호위반,건조,맑음,교차로 - 교차로안,승용,남,18세,경상,화물,남,52세,중상
2016012600100244,2016년 1월 26일 13시,화요일,경상북도 포항시 남구 대잠동,중상사고,0,1,0,0,차대차 - 측면충돌,직진우회전진행방해,건조,맑음,단일로 - 기타,승용,남,63세,상해없음,자전거,남,73세,중상
2016012600100274,2016년 1월 26일 14시,화요일,경상북도 김천시 신음동,경상사고,0,0,1,0,차대차 - 추돌,안전운전불이행,건조,맑음,단일로 - 기타,승용,여,56세,상해없음,승용,여,57세,경상
2016012600100275,2016년 1월 26일 14시,화요일,경상북도 칠곡군 석적읍,부상신고사고,0,0,0,1,차대차 - 추돌,안전운전불이행,건조,맑음,교차로 - 교차로부근,승용,남,62세,부상신고,화물,남,50세,상해없음
2016012600100308,2016년 1월 26일 15시,화요일,경상북도 경산시 남천면,경상사고,0,0,2,0,차대차 - 기타,안전운전불이행,건조,맑음,단일로 - 기타,화물,남,25세,상해없음,승용,남,51세,경상
2016012600100309,2016년 1월 26일 15시,화요일,경상북도 청송군 진보면,중상사고,0,1,0,0,차대차 - 측면충돌,교차로운행방법위반,건조,맑음,교차로 - 교차로안,화물,남,20세,상해없음,승용,남,57세,중상
2016012600100310,2016년 1월 26일 15시,화요일,경상북도 구미시 해평면,경상사고,0,0,2,1,차대차 - 측면직각충돌,안전운전불이행,건조,맑음,단일로 - 기타,승용,여,53세,부상신고,승용,남,47세,경상
2016012600100347,2016년 1월 26일 16시,화요일,경상북도 포항시 남구 상도동,중상사고,0,1,0,0,차대사람 - 기타,안전운전불이행,건조,맑음,기타 - 기타,승합,남,54세,상해없음,보행자,남,60세,중상
2016012600100367,2016년 1월 26일 17시,화요일,경상북도 칠곡군 동명면,중상사고,0,1,3,0,차대차 - 정면충돌,중앙선침범,건조,맑음,교차로 - 교차로부근,화물,남,30세,상해없음,승용,남,55세,경상
2016012600100368,2016년 1월 26일 17시,화요일,경상북도 구미시 황상동,경상사고,0,0,1,0,차대차 - 기타,안전운전불이행,건조,맑음,단일로 - 기타,승용,여,26세,상해없음,승용,남,30세,경상
2016012600100369,2016년 1월 26일 17시,화요일,경상북도 구미시 고아읍,부상신고사고,0,0,0,1,차대차 - 기타,안전운전불이행,건조,맑음,단일로 - 기타,기타불명,기타불명,기타불명,기타불명,이륜,남,55세,부상신고
2016012600100410,2016년 1월 26일 18시,화요일,경상북도 안동시 법흥동,중상사고,0,1,0,0,차대사람 - 횡단중,안전운전불이행,건조,맑음,단일로 - 기타,원동기,여,55세,상해없음,보행자,여,74세,중상
2016012600100411,2016년 1월 26일 18시,화요일,경상북도 안동시 옥동,중상사고,0,1,4,0,차대차 - 추돌,안전운전불이행,건조,맑음,단일로 - 기타,승용,남,51세,상해없음,승용,여,53세,경상
2016012600100412,2016년 1월 26일 18시,화요일,경상북도 안동시 정하동,경상사고,0,0,2,0,차대차 - 정면충돌,교차로운행방법위반,건조,맑음,단일로 - 기타,승용,여,45세,상해없음,승용,남,19세,경상
2016012600100413,2016년 1월 26일 18시,화요일,경상북도 영주시 가흥동,중상사고,0,1,0,0,차대사람 - 횡단중,안전운전불이행,건조,맑음,교차로 - 교차로안,승용,남,33세,상해없음,보행자,여,65세,중상
2016012600100414,2016년 1월 26일 18시,화요일,경상북도 칠곡군 왜관읍,경상사고,0,0,1,0,차대차 - 측면충돌,안전운전불이행,건조,맑음,교차로 - 교차로안,승용,여,55세,상해없음,승용,여,25세,경상
2016012600100415,2016년 1월 26일 18시,화요일,경상북도 영천시 신령면,중상사고,0,1,0,0,차대사람 - 횡단중,안전운전불이행,건조,맑음,교차로 - 교차로안,승합,남,61세,상해없음,보행자,여,74세,중상
2016012600100416,2016년 1월 26일 18시,화요일,경상북도 포항시 남구 송도동,경상사고,0,0,1,0,차대사람 - 횡단중,안전운전불이행,건조,맑음,단일로 - 기타,승용,남,52세,상해없음,보행자,여,67세,경상
2016012600100463,2016년 1월 26일 19시,화요일,경상북도 포항시 북구 양덕동,경상사고,0,0,1,0,차대차 - 측면충돌,신호위반,건조,맑음,교차로 - 교차로안,승용,남,44세,상해없음,승용,남,56세,경상
2016012600100464,2016년 1월 26일 19시,화요일,경상북도 칠곡군 석적읍,경상사고,0,0,3,0,차대차 - 측면직각충돌,교차로운행방법위반,건조,맑음,교차로 - 교차로부근,승용,남,55세,상해없음,화물,남,40세,상해없음
2016012600100465,2016년 1월 26일 19시,화요일,경상북도 구미시 송정동,경상사고,0,0,1,0,차대차 - 정면충돌,교차로운행방법위반,건조,맑음,교차로 - 교차로안,화물,남,54세,상해없음,승용,남,36세,경상
2016012600100466,2016년 1월 26일 19시,화요일,경상북도 포항시 남구 연일읍,경상사고,0,0,4,0,차대차 - 측면직각충돌,직진우회전진행방해,건조,맑음,교차로 - 교차로안,승용,남,64세,경상,승용,남,25세,상해없음
2016012600100491,2016년 1월 26일 20시,화요일,경상북도 포항시 북구 용흥동,경상사고,0,0,1,0,차대차 - 측면충돌,안전운전불이행,건조,맑음,단일로 - 기타,이륜,남,20세,경상,화물,남,45세,상해없음
2016012600100522,2016년 1월 26일 21시,화요일,경상북도 안동시 운흥동,경상사고,0,0,1,0,차대차 - 정면충돌,직진우회전진행방해,건조,맑음,교차로 - 교차로안,승용,여,51세,상해없음,승용,여,25세,경상
2016012600100523,2016년 1월 26일 21시,화요일,경상북도 김천시 남면,중상사고,0,1,1,0,차대차 - 추돌,안전운전불이행,건조,맑음,단일로 - 기타,화물,남,59세,경상,화물,남,66세,중상
2016012600100524,2016년 1월 26일 21시,화요일,경상북도 구미시 공단동,부상신고사고,0,0,0,1,차대차 - 측면충돌,안전운전불이행,건조,맑음,단일로 - 기타,화물,남,48세,부상신고,화물,남,57세,기타불명
2016012600100525,2016년 1월 26일 21시,화요일,경상북도 구미시 구평동,경상사고,0,0,1,0,차대차 - 추돌,안전운전불이행,건조,맑음,교차로 - 교차로부근,승용,남,52세,상해없음,승용,여,49세,경상
2016012600100556,2016년 1월 26일 22시,화요일,경상북도 문경시 모전동,경상사고,0,0,1,0,차대차 - 측면직각충돌,안전운전불이행,건조,맑음,단일로 - 기타,이륜,남,18세,경상,승용,여,47세,상해없음
2016012600100557,2016년 1월 26일 22시,화요일,경상북도 경산시 압량면,경상사고,0,0,1,0,차대차 - 측면충돌,교차로운행방법위반,건조,맑음,교차로 - 교차로안,이륜,남,22세,경상,승용,남,37세,상해없음
2016012700100019,2016년 1월 27일 00시,수요일,경상북도 영주시 풍기읍,중상사고,0,1,0,0,차대차 - 측면충돌,신호위반,건조,맑음,교차로 - 교차로안,승용,여,45세,상해없음,승용,남,50세,중상
2016012700100031,2016년 1월 27일 01시,수요일,경상북도 영주시 문정동,부상신고사고,0,0,0,1,차량단독 - 공작물충돌,안전운전불이행,건조,맑음,교차로 - 교차로안,승용,남,24세,부상신고,,,,
2016012700100068,2016년 1월 27일 05시,수요일,경상북도 포항시 북구 환호동,경상사고,0,0,1,0,차대차 - 추돌,안전운전불이행,건조,맑음,단일로 - 기타,승용,남,32세,기타불명,승합,남,57세,경상