사고번호,사고일시,요일,시군구,사고내용,사망자수,중상자수,경상자수,부상신고자수,사고유형,법규위반,노면상태,기상상태,도로형태,가해운전자 차종,가해운전자 성별,가해운전자 연령,가해운전자 상해정도,피해운전자 차종,피해운전자 성별,피해운전자 연령,피해운전자 상해정도
2016012700100086,2016년 1월 27일 06시,수요일,경상북도 영주시 가흥동,중상사고,0,1,1,0,차대차 - 정면충돌,신호위반,건조,맑음,교차로 - 교차로안,승용,남,61세,경상,승용,여,48세,중상
2016012700100104,2016년 1월 27일 07시,수요일,경상북도 영천시 망정동,경상사고,0,0,2,0,차대차 - 측면충돌,안전운전불이행,건조,맑음,단일로 - 기타,화물,남,38세,상해없음,승용,남,35세,상해없음
2016012700100105,2016년 1월 27일 07시,수요일,경상북도 경산시 와촌면,중상사고,0,1,0,0,차대차 - 정면충돌,교차로운행방법위반,건조,맑음,단일로 - 기타,승용,남,45세,상해없음,자전거,여,50세,중상
2016012700100106,2016년 1월 27일 07시,수요일,경상북도 포항시 남구 상도동,경상사고,0,0,1,0,차대차 - 측면충돌,기타,건조,맑음,교차로 - 교차로안,원동기,남,63세,경상,화물,남,40세,상해없음
2016012700100144,2016년 1월 27일 08시,수요일,경상북도 경주시 양남면,경상사고,0,0,1,0,차대차 - 측면충돌,안전운전불이행,건조,맑음,단일로 - 기타,승용,여,56세,상해없음,화물,남,40세,경상
2016012700100145,2016년 1월 27일 08시,수요일,경상북도 문경시 모전동,경상사고,0,0,2,0,차대차 - 측면충돌,교차로운행방법위반,건조,맑음,교차로 - 교차로안,화물,남,33세,경상,승용,여,42세,경상
2016012700100177,2016년 1월 27일 09시,수요일,경상북도 포항시 북구 청하면,경상사고,0,0,2,0,차대차 - 추돌,안전거리미확보,건조,맑음,단일로 - 기타,화물,남,64세,경상,화물,남,37세,경상
2016012700100178,2016년 1월 27일 09시,수요일,경상북도 영주시 상망동,경상사고,0,0,1,0,차량단독 - 기타,안전운전불이행,건조,맑음,단일로 - 기타,승합,남,45세,상해없음,,,,
2016012700100223,2016년 1월 27일 11시,수요일,경상북도 포항시 북구 양덕동,중상사고,0,1,0,0,차대차 - 측면충돌,신호위반,건조,맑음,교차로 - 교차로안,승용,남,51세,상해없음,승용,남,55세,중상
2016012700100246,2016년 1월 27일 12시,수요일,경상북도 포항시 남구 오천읍,경상사고,0,0,4,0,차대차 - 기타,안전운전불이행,건조,맑음,단일로 - 기타,승용,여,55세,경상,승용,남,47세,경상
2016012700100288,2016년 1월 27일 14시,수요일,경상북도 포항시 북구 우현동,경상사고,0,0,1,0,차대사람 - 횡단중,안전운전불이행,건조,맑음,단일로 - 기타,승용,남,26세,상해없음,보행자,남,10세,경상
2016012700100289,2016년 1월 27일 14시,수요일,경상북도 김천시 부곡동,중상사고,0,2,0,0,차대차 - 측면충돌,교차로운행방법위반,건조,맑음,교차로 - 교차로안,승용,여,50세,상해없음,승용,여,42세,중상
2016012700100290,2016년 1월 27일 14시,수요일,경상북도 군위군 의흥면,사망사고,1,0,0,0,차량단독 - 공작물충돌,안전운전불이행,건조,맑음,교차로 - 교차로부근,승용,남,77세,사망,,,,
2016012700100323,2016년 1월 27일 15시,수요일,경상북도 경주시 천북면,부상신고사고,0,0,0,1,차대차 - 측면충돌,안전운전불이행,건조,맑음,교차로 - 교차로안,이륜,남,58세,부상신고,승용,남,54세,상해없음
2016012700100324,2016년 1월 27일 15시,수요일,경상북도 경산시 진량읍,경상사고,0,0,1,1,차대차 - 추돌,안전운전불이행,건조,맑음,단일로 - 기타,화물,남,51세,상해없음,화물,남,42세,경상
2016012700100325,2016년 1월 27일 15시,수요일,경상북도 울진군 후포면,경상사고,0,0,1,0,차대차 - 측면충돌,안전운전불이행,건조,맑음,단일로 - 기타,승용,남,65세,상해없음,승용,여,60세,경상
2016012700100326,2016년 1월 27일 15시,수요일,경상북도 청송군 부동면,중상사고,0,2,0,0,차대차 - 정면충돌,중앙선침범,건조,맑음,단일로 - 기타,화물,남,55세,중상,화물,남,67세,중상
2016012700100361,2016년 1월 27일 16시,수요일,경상북도 칠곡군 지천면,중상사고,0,1,0,1,차대차 - 정면충돌,중앙선침범,건조,맑음,단일로 - 기타,승용,남,42세,부상신고,승용,남,61세,중상
2016012700100362,2016년 1월 27일 16시,수요일,경상북도 경산시 옥산동,경상사고,0,0,3,0,차대차 - 측면직각충돌,직진우회전진행방해,건조,맑음,교차로 - 교차로안,승용,남,60세,경상,승용,여,33세,경상
2016012700100363,2016년 1월 27일 16시,수요일,경상북도 경산시 남산면,경상사고,0,0,1,0,차대사람 - 기타,안전운전불이행,건조,맑음,교차로 - 교차로안,승용,남,58세,상해없음,보행자,여,63세,경상
2016012700100398,2016년 1월 27일 17시,수요일,경상북도 경주시 외동읍,경상사고,0,0,1,0,차대차 - 측면직각충돌,안전운전불이행,건조,맑음,단일로 - 기타,화물,남,60세,경상,원동기,남,40세,기타불명
2016012700100399,2016년 1월 27일 17시,수요일,경상북도 포항시 북구 양덕동,경상사고,0,0,3,0,차대차 - 측면직각충돌,교차로운행방법위반,건조,맑음,교차로 - 교차로안,승용,남,37세,경상,승합,여,49세,경상
2016012700100400,2016년 1월 27일 17시,수요일,경상북도 구미시 옥계동,경상사고,0,0,1,0,차대차 - 추돌,안전운전불이행,건조,맑음,단일로 - 기타,화물,남,60세,상해없음,화물,남,43세,경상
2016012700100447,2016년 1월 27일 18시,수요일,경상북도 영덕군 영해면,중상사고,0,1,0,0,차대사람 - 횡단중,안전운전불이행,건조,맑음,단일로 - 기타,승용,남,53세,상해없음,보행자,여,74세,중상
2016012700100448,2016년 1월 27일 18시,수요일,경상북도 구미시 선산읍,사망사고,1,0,0,0,차대차 - 추돌,안전운전불이행,건조,맑음,교차로 - 교차로부근,이륜,남,74세,사망,승용,남,49세,상해없음
2016012700100449,2016년 1월 27일 18시,수요일,경상북도 포항시 남구 호동,중상사고,0,1,0,0,차대사람 - 횡단중,안전운전불이행,건조,맑음,단일로 - 기타,승용,남,52세,상해없음,보행자,남,47세,중상
2016012700100450,2016년 1월 27일 18시,수요일,경상북도 포항시 남구 연일읍,경상사고,0,0,1,0,차대차 - 측면충돌,안전운전불이행,건조,맑음,교차로 - 교차로안,승용,남,58세,상해없음,승용,남,44세,경상
2016012700100487,2016년 1월 27일 19시,수요일,경상북도 안동시 옥동,중상사고,0,1,0,0,차대사람 - 횡단중,보행자보호의무위반,건조,맑음,단일로 - 기타,승용,여,33세,상해없음,보행자,남,58세,중상
2016012700100488,2016년 1월 27일 19시,수요일,경상북도 안동시 태화동,경상사고,0,0,1,0,차대차 - 정면충돌,차로위반,건조,맑음,단일로 - 기타,승용,남,38세,상해없음,원동기,남,52세,경상
2016012700100563,2016년 1월 27일 21시,수요일,경상북도 구미시 신평동,경상사고,0,0,1,0,차대차 - 기타,안전운전불이행,건조,맑음,교차로 - 교차로부근,승용,남,27세,상해없음,화물,남,50세,경상
2016012700100564,2016년 1월 27일 21시,수요일,경상북도 포항시 남구 대잠동,부상신고사고,0,0,0,1,차대사람 - 횡단중,안전운전불이행,건조,맑음,단일로 - 기타,승용,남,22세,상해없음,보행자,남,28세,부상신고
2016012700100565,2016년 1월 27일 21시,수요일,경상북도 포항시 남구 이동,경상사고,0,0,1,0,차대사람 - 횡단중,안전운전불이행,건조,맑음,단일로 - 기타,기타불명,기타불명,기타불명,기타불명,보행자,남,17세,경상
2016012700100594,2016년 1월 27일 22시,수요일,경상북도 경주시 시래동,경상사고,0,0,1,0,차대차 - 추돌,안전운전불이행,건조,맑음,교차로 - 교차로부근,승용,남,55세,상해없음,특수,남,43세,경상
2016012700100626,2016년 1월 27일 23시,수요일,경상북도 구미시 선산읍,부상신고사고,0,0,0,1,차량단독 - 전도전복,안전운전불이행,건조,맑음,단일로 - 기타,이륜,남,56세,부상신고,,,,
2016012800100017,2016년 1월 28일 00시,목요일,경상북도 경산시 사정동,중상사고,0,1,0,0,차대차 - 측면직각충돌,안전거리미확보,건조,맑음,교차로 - 교차로부근,승용,남,28세,상해없음,승용,남,53세,중상
2016012800100037,2016년 1월 28일 01시,목요일,경상북도 울진군 북면,경상사고,0,0,1,0,차량단독 - 전도전복,안전운전불이행,건조,맑음,단일로 - 기타,승용,남,20세,경상,,,,
2016012800100062,2016년 1월 28일 03시,목요일,경상북도 경산시 하양읍,중상사고,0,1,0,0,차대사람 - 횡단중,안전운전불이행,건조,맑음,단일로 - 기타,승용,남,33세,상해없음,보행자,남,38세,중상
2016012800100142,2016년 1월 28일 07시,목요일,경상북도 포항시 남구 송도동,중상사고,0,1,0,0,차대사람 - 횡단중,보행자보호의무위반,건조,맑음,단일로 - 횡단보도상,이륜,기타불명,기타불명,기타불명,보행자,여,15세,중상
2016012800100175,2016년 1월 28일 08시,목요일,경상북도 포항시 북구 죽도동,부상신고사고,0,0,0,1,차대차 - 측면충돌,안전운전불이행,건조,맑음,단일로 - 기타,기타불명,기타불명,기타불명,기타불명,자전거,남,79세,부상신고
2016012800100176,2016년 1월 28일 08시,목요일,경상북도 포항시 남구 연일읍,부상신고사고,0,0,0,1,차대차 - 추돌,안전운전불이행,건조,맑음,단일로 - 기타,건설기계,남,56세,상해없음,승용,남,49세,부상신고
2016012800100198,2016년 1월 28일 09시,목요일,경상북도 경산시 하양읍,경상사고,0,0,1,0,차대사람 - 횡단중,안전운전불이행,건조,맑음,단일로 - 기타,승용,남,53세,상해없음,보행자,여,22세,경상
2016012800100219,2016년 1월 28일 10시,목요일,경상북도 경주시 천북면,경상사고,0,0,1,0,차대차 - 측면충돌,안전운전불이행,건조,맑음,단일로 - 기타,건설기계,남,62세,상해없음,이륜,남,82세,경상
2016012800100220,2016년 1월 28일 10시,목요일,경상북도 영천시 화북면,경상사고,0,0,1,0,차대차 - 추돌,안전운전불이행,건조,맑음,단일로 - 기타,화물,남,62세,상해없음,자전거,남,69세,경상
2016012800100243,2016년 1월 28일 11시,목요일,경상북도 봉화군 봉화읍,부상신고사고,0,0,0,1,차량단독 - 전도전복,안전운전불이행,결빙,맑음,단일로 - 기타,승용,여,56세,부상신고,,,,
2016012800100244,2016년 1월 28일 11시,목요일,경상북도 포항시 남구 송도동,경상사고,0,0,2,0,차대차 - 측면충돌,안전운전불이행,건조,맑음,단일로 - 기타,승용,여,47세,상해없음,화물,남,59세,상해없음
2016012800100270,2016년 1월 28일 12시,목요일,경상북도 경주시 광명동,중상사고,0,1,0,0,차량단독 - 전도전복,안전운전불이행,건조,맑음,단일로 - 기타,승용,남,81세,중상,,,,
2016012800100331,2016년 1월 28일 14시,목요일,경상북도 포항시 남구 오천읍,경상사고,0,0,1,0,차대차 - 기타,안전운전불이행,건조,맑음,교차로 - 교차로안,승용,남,74세,상해없음,승용,여,61세,경상
2016012800100363,2016년 1월 28일 15시,목요일,경상북도 영주시 휴천동,경상사고,0,0,1,0,차대차 - 측면충돌,안전운전불이행,건조,맑음,교차로 - 교차로안,원동기,남,66세,경상,화물,여,51세,상해없음
2016012800100364,2016년 1월 28일 15시,목요일,경상북도 구미시 형곡동,경상사고,0,0,1,0,차대차 - 기타,안전운전불이행,습기,눈,교차로 - 교차로부근,자전거,남,69세,경상,승용,남,52세,상해없음
2016012800100365,2016년 1월 28일 15시,목요일,경상북도 포항시 남구 대잠동,경상사고,0,0,3,0,차대차 - 측면직각충돌,교차로운행방법위반,건조,맑음,교차로 - 교차로안,승용,여,51세,상해없음,승용,여,30세,경상
2016012800100393,2016년 1월 28일 16시,목요일,경상북도 경산시 갑제동,경상사고,0,0,2,0,차량단독 - 전도전복,안전운전불이행,결빙,눈,단일로 - 기타,승용,여,41세,상해없음,,,,
2016012800100416,2016년 1월 28일 17시,목요일,경상북도 영주시 문정동,중상사고,0,1,0,0,차대차 - 측면충돌,신호위반,건조,맑음,교차로 - 교차로안,승용,남,75세,상해없음,승용,남,55세,중상
2016012800100417,2016년 1월 28일 17시,목요일,경상북도 포항시 남구 오천읍,중상사고,0,1,1,0,차대차 - 기타,안전운전불이행,습기,비,교차로 - 교차로안,승용,남,36세,경상,승용,여,34세,중상
2016012800100457,2016년 1월 28일 18시,목요일,경상북도 경주시 강동면,경상사고,0,0,1,0,차대차 - 측면충돌,안전운전불이행,결빙,눈,단일로 - 기타,승용,남,59세,상해없음,농기계,남,71세,경상
2016012800100458,2016년 1월 28일 18시,목요일,경상북도 경주시 현곡면,경상사고,0,0,1,0,차대차 - 추돌,안전운전불이행,결빙,눈,단일로 - 기타,승용,남,56세,상해없음,화물,남,62세,경상
2016012800100459,2016년 1월 28일 18시,목요일,경상북도 경주시 건천읍,경상사고,0,0,1,0,차대차 - 측면충돌,안전운전불이행,결빙,눈,단일로 - 기타,승합,남,58세,상해없음,승용,남,44세,경상
2016012800100460,2016년 1월 28일 18시,목요일,경상북도 의성군 의성읍,경상사고,0,0,1,0,차대사람 - 길가장자리구역통행중,안전운전불이행,건조,맑음,단일로 - 기타,승용,여,30세,상해없음,보행자,여,56세,경상
2016012800100461,2016년 1월 28일 18시,목요일,경상북도 칠곡군 약목면,경상사고,0,0,1,1,차량단독 - 전도전복,안전운전불이행,건조,맑음,단일로 - 기타,승용,남,49세,부상신고,,,,
2016012800100462,2016년 1월 28일 18시,목요일,경상북도 경산시 와촌면,중상사고,0,1,1,0,차대차 - 기타,안전운전불이행,결빙,눈,단일로 - 기타,승용,남,46세,상해없음,승용,여,54세,중상
2016012800100509,2016년 1월 28일 19시,목요일,경상북도 경산시 사정동,경상사고,0,0,2,0,차대차 - 측면충돌,안전운전불이행,결빙,눈,단일로 - 기타,승용,여,30세,상해없음,승용,남,49세,상해없음
2016012800100510,2016년 1월 28일 19시,목요일,경상북도 구미시 상모동,부상신고사고,0,0,0,1,차대차 - 추돌,안전운전불이행,적설,눈,교차로 - 교차로부근,승용,남,26세,상해없음,승합,남,24세,부상신고
2016012800100551,2016년 1월 28일 20시,목요일,경상북도 포항시 북구 학잠동,경상사고,0,0,1,0,차대차 - 추돌,안전거리미확보,결빙,눈,교차로 - 교차로부근,승용,남,58세,상해없음,승용,여,61세,경상
2016012800100552,2016년 1월 28일 20시,목요일,경상북도 의성군 춘산면,중상사고,0,1,0,0,차량단독 - 공작물충돌,안전운전불이행,건조,맑음,단일로 - 기타,화물,남,64세,중상,,,,
2016012800100553,2016년 1월 28일 20시,목요일,경상북도 구미시 원평동,중상사고,0,1,0,0,차대사람 - 횡단중,신호위반,습기,눈,교차로 - 교차로안,승용,남,76세,상해없음,보행자,남,33세,중상
2016012800100593,2016년 1월 28일 21시,목요일,경상북도 경산시 옥곡동,경상사고,0,0,2,0,차대차 - 정면충돌,중앙선침범,습기,비,단일로 - 기타,승용,남,47세,상해없음,승용,남,35세,경상
2016012800100594,2016년 1월 28일 21시,목요일,경상북도 고령군 성산면,중상사고,0,1,0,0,차대차 - 측면직각충돌,안전운전불이행,결빙,눈,단일로 - 기타,기타불명,기타불명,기타불명,기타불명,승용,여,41세,중상
2016012800100595,2016년 1월 28일 21시,목요일,경상북도 구미시 구평동,중상사고,0,1,3,0,차대차 - 측면충돌,안전운전불이행,결빙,눈,교차로 - 교차로부근,승용,남,24세,상해없음,승용,남,25세,경상
2016012800100596,2016년 1월 28일 21시,목요일,경상북도 경산시 남천면,중상사고,0,1,0,0,차량단독 - 기타,안전운전불이행,결빙,눈,단일로 - 기타,승용,여,57세,중상,,,,
2016012800100631,2016년 1월 28일 22시,목요일,경상북도 포항시 북구 우현동,경상사고,0,0,2,0,차대차 - 정면충돌,안전운전불이행,습기,비,교차로 - 교차로부근,승용,남,56세,상해없음,승용,남,24세,경상
2016012800100668,2016년 1월 28일 23시,목요일,경상북도 안동시 옥동,중상사고,0,2,0,0,차대사람 - 보도통행중,중앙선침범,적설,눈,단일로 - 기타,승용,남,25세,상해없음,보행자,남,51세,중상
2016012800100669,2016년 1월 28일 23시,목요일,경상북도 포항시 남구 대잠동,경상사고,0,0,3,0,차대사람 - 횡단중,보행자보호의무위반,습기,비,교차로 - 교차로안,승용,남,36세,상해없음,보행자,남,29세,경상
2016012900100019,2016년 1월 29일 00시,금요일,경상북도 경주시 노서동,중상사고,0,1,0,0,차량단독 - 전도전복,안전운전불이행,적설,눈,단일로 - 기타,승용,남,63세,상해없음,,,,
2016012900100020,2016년 1월 29일 00시,금요일,경상북도 포항시 북구 장성동,경상사고,0,0,2,0,차대차 - 측면충돌,안전운전불이행,건조,맑음,단일로 - 기타,승용,남,61세,상해없음,승용,남,19세,경상
2016012900100047,2016년 1월 29일 01시,금요일,경상북도 안동시 풍천면,중상사고,0,1,0,0,차량단독 - 전도전복,안전운전불이행,적설,눈,단일로 - 기타,승용,여,46세,상해없음,,,,
2016012900100048,2016년 1월 29일 01시,금요일,경상북도 포항시 남구 동촌동,경상사고,0,0,1,0,차대차 - 추돌,안전운전불이행,습기,비,단일로 - 기타,승용,남,47세,상해없음,승용,남,29세,경상
2016012900100084,2016년 1월 29일 03시,금요일,경상북도 칠곡군 석적읍,경상사고,0,0,2,0,차량단독 - 전도전복,안전운전불이행,결빙,눈,단일로 - 기타,승용,남,56세,상해없음,,,,
2016012900100113,2016년 1월 29일 06시,금요일,경상북도 성주군 선남면,중상사고,0,1,0,0,차대차 - 측면직각충돌,안전운전불이행,적설,눈,교차로 - 교차로부근,승합,남,55세,상해없음,승합,남,55세,중상
2016012900100114,2016년 1월 29일 06시,금요일,경상북도 경주시 율동,경상사고,0,0,2,0,차대차 - 측면직각충돌,안전운전불이행,건조,맑음,단일로 - 기타,화물,남,64세,상해없음,승용,남,40세,경상
2016012900100141,2016년 1월 29일 07시,금요일,경상북도 경주시 건천읍,경상사고,0,0,2,0,차대차 - 정면충돌,안전운전불이행,적설,눈,단일로 - 기타,승용,남,28세,경상,승용,여,45세,경상
2016012900100142,2016년 1월 29일 07시,금요일,경상북도 의성군 의성읍,경상사고,0,0,3,0,차대차 - 추돌,안전운전불이행,결빙,눈,단일로 - 기타,승용,남,32세,경상,승용,남,35세,경상
2016012900100143,2016년 1월 29일 07시,금요일,경상북도 구미시 구포동,경상사고,0,0,1,0,차대차 - 추돌,안전운전불이행,결빙,눈,교차로 - 교차로부근,승용,남,32세,기타불명,승용,남,48세,경상
2016012900100144,2016년 1월 29일 07시,금요일,경상북도 칠곡군 가산면,중상사고,0,1,0,0,차대차 - 추돌,안전운전불이행,습기,눈,단일로 - 기타,승용,여,37세,상해없음,승용,남,27세,중상
2016012900100175,2016년 1월 29일 08시,금요일,경상북도 의성군 의성읍,경상사고,0,0,1,0,차대차 - 측면충돌,안전운전불이행,결빙,눈,단일로 - 기타,승용,여,40세,경상,승용,남,39세,상해없음
2016012900100176,2016년 1월 29일 08시,금요일,경상북도 문경시 산양면,경상사고,0,0,6,1,차량단독 - 전도전복,안전운전불이행,적설,흐림,교차로 - 교차로안,승합,남,66세,상해없음,,,,
2016012900100177,2016년 1월 29일 08시,금요일,경상북도 성주군 수륜면,중상사고,0,1,0,0,차량단독 - 전도전복,안전운전불이행,적설,눈,단일로 - 기타,화물,남,77세,상해없음,,,,
2016012900100178,2016년 1월 29일 08시,금요일,경상북도 구미시 부곡동,경상사고,0,0,2,0,차대차 - 정면충돌,중앙선침범,결빙,눈,단일로 - 기타,승용,남,63세,상해없음,승용,남,51세,경상
2016012900100206,2016년 1월 29일 09시,금요일,경상북도 경주시 석장동,경상사고,0,0,1,0,차대차 - 정면충돌,안전운전불이행,습기,비,단일로 - 기타,승용,남,51세,상해없음,승용,여,49세,경상
2016012900100207,2016년 1월 29일 09시,금요일,경상북도 구미시 봉곡동,경상사고,0,0,1,0,차대차 - 측면직각충돌,안전운전불이행,적설,눈,교차로 - 교차로안,승용,남,57세,상해없음,승용,남,29세,경상
2016012900100229,2016년 1월 29일 10시,금요일,경상북도 영천시 화산면,중상사고,0,1,0,0,차대차 - 추돌,안전거리미확보,적설,눈,단일로 - 기타,건설기계,남,47세,상해없음,특수,남,54세,중상
2016012900100230,2016년 1월 29일 10시,금요일,경상북도 고령군 대가야읍,경상사고,0,0,2,0,차대차 - 추돌,안전운전불이행,습기,비,교차로 - 교차로부근,화물,남,69세,상해없음,승용,여,32세,경상
2016012900100231,2016년 1월 29일 10시,금요일,경상북도 포항시 남구 대송면,중상사고,0,1,1,0,차대차 - 기타,안전운전불이행,습기,비,교차로 - 교차로부근,화물,남,56세,상해없음,승용,남,26세,중상
2016012900100232,2016년 1월 29일 10시,금요일,경상북도 김천시 봉산면,중상사고,0,1,0,0,차대차 - 측면직각충돌,안전운전불이행,건조,맑음,단일로 - 기타,승용,남,53세,상해없음,화물,남,49세,중상
2016012900100276,2016년 1월 29일 12시,금요일,경상북도 경주시 천북면,중상사고,0,1,0,0,차대차 - 측면충돌,안전운전불이행,습기,비,교차로 - 교차로부근,건설기계,남,56세,상해없음,승용,여,53세,중상
2016012900100277,2016년 1월 29일 12시,금요일,경상북도 울진군 죽변면,중상사고,0,1,0,0,차대차 - 추돌,안전운전불이행,습기,비,단일로 - 기타,화물,남,58세,상해없음,원동기,남,83세,중상
2016012900100278,2016년 1월 29일 12시,금요일,경상북도 포항시 남구 청림동,중상사고,0,1,0,0,차대차 - 기타,안전운전불이행,습기,비,교차로 - 교차로부근,기타불명,기타불명,기타불명,기타불명,이륜,남,41세,중상
2016012900100378,2016년 1월 29일 16시,금요일,경상북도 포항시 남구 호미곶면,경상사고,0,0,4,0,차대차 - 기타,중앙선침범,습기,비,단일로 - 기타,승합,여,56세,경상,승용,여,30세,경상
2016012900100412,2016년 1월 29일 17시,금요일,경상북도 경주시 외동읍,경상사고,0,0,2,1,차대차 - 추돌,안전운전불이행,습기,비,교차로 - 교차로부근,승합,남,57세,상해없음,승용,여,25세,경상
2016012900100413,2016년 1월 29일 17시,금요일,경상북도 김천시 아포읍,중상사고,0,2,0,0,차대차 - 정면충돌,중앙선침범,습기,비,단일로 - 기타,승용,남,59세,상해없음,승용,남,28세,중상
2016012900100466,2016년 1월 29일 18시,금요일,경상북도 포항시 북구 흥해읍,경상사고,0,0,1,0,차대사람 - 횡단중,안전운전불이행,습기,비,단일로 - 기타,화물,남,50세,상해없음,보행자,여,61세,경상
2016012900100467,2016년 1월 29일 18시,금요일,경상북도 포항시 북구 득량동,중상사고,0,1,0,0,차대차 - 측면충돌,안전운전불이행,습기,비,교차로 - 교차로부근,승용,남,45세,상해없음,승용,여,39세,중상
2016012900100468,2016년 1월 29일 18시,금요일,경상북도 포항시 북구 창포동,경상사고,0,0,2,0,차대차 - 추돌,안전거리미확보,습기,비,단일로 - 기타,승용,남,23세,상해없음,승용,남,45세,경상
2016012900100469,2016년 1월 29일 18시,금요일,경상북도 포항시 북구 두호동,경상사고,0,0,2,0,차대차 - 측면충돌,안전운전불이행,건조,맑음,단일로 - 기타,승합,남,68세,상해없음,승용,남,34세,경상
2016012900100470,2016년 1월 29일 18시,금요일,경상북도 포항시 남구 오천읍,경상사고,0,0,1,0,차대차 - 측면직각충돌,안전운전불이행,건조,맑음,교차로 - 교차로부근,화물,남,25세,상해없음,승합,여,40세,경상
2016012900100525,2016년 1월 29일 19시,금요일,경상북도 경주시 외동읍,중상사고,0,2,1,0,차대차 - 정면충돌,중앙선침범,습기,비,단일로 - 기타,승용,남,31세,중상,승용,남,58세,중상
2016012900100526,2016년 1월 29일 19시,금요일,경상북도 구미시 원평동,부상신고사고,0,0,0,1,차대사람 - 횡단중,안전운전불이행,건조,맑음,기타 - 기타,기타불명,기타불명,기타불명,기타불명,보행자,남,15세,부상신고
2016012900100527,2016년 1월 29일 19시,금요일,경상북도 포항시 남구 오천읍,경상사고,0,0,1,0,차대사람 - 횡단중,신호위반,습기,비,교차로 - 교차로안,승용,여,42세,상해없음,보행자,남,22세,경상
2016012900100581,2016년 1월 29일 20시,금요일,경상북도 안동시 옥동,중상사고,0,1,0,0,차대사람 - 횡단중,보행자보호의무위반,습기,비,교차로 - 교차로부근,화물,남,47세,상해없음,보행자,여,16세,중상
2016012900100582,2016년 1월 29일 20시,금요일,경상북도 구미시 도량동,경상사고,0,0,1,0,차대차 - 추돌,중앙선침범,적설,눈,교차로 - 교차로부근,승용,남,36세,상해없음,승용,여,55세,경상
2016012900100615,2016년 1월 29일 21시,금요일,경상북도 포항시 북구 용흥동,경상사고,0,0,1,0,차대차 - 측면충돌,안전운전불이행,건조,맑음,단일로 - 기타,승용,남,28세,상해없음,원동기,남,37세,경상
2016012900100686,2016년 1월 29일 23시,금요일,경상북도 경산시 중방동,경상사고,0,0,4,0,차대차 - 추돌,안전운전불이행,적설,흐림,단일로 - 기타,승용,여,29세,기타불명,이륜,남,46세,경상
2016013000100027,2016년 1월 30일 00시,토요일,경상북도 포항시 북구 죽도동,중상사고,0,1,1,0,차대사람 - 횡단중,보행자보호의무위반,습기,비,단일로 - 횡단보도상,승용,남,55세,상해없음,보행자,여,21세,중상
2016013000100028,2016년 1월 30일 00시,토요일,경상북도 포항시 북구 죽도동,경상사고,0,0,4,0,차대차 - 측면충돌,신호위반,습기,비,교차로 - 교차로안,승용,남,58세,상해없음,승용,남,27세,경상
2016013000100029,2016년 1월 30일 00시,토요일,경상북도 경산시 정평동,경상사고,0,0,2,0,차대차 - 정면충돌,안전운전불이행,적설,맑음,단일로 - 기타,승용,남,33세,상해없음,승용,남,33세,경상
2016013000100086,2016년 1월 30일 02시,토요일,경상북도 군위군 군위읍,중상사고,0,1,0,0,차량단독 - 전도전복,안전운전불이행,적설,눈,단일로 - 기타,화물,남,64세,중상,,,,
2016013000100098,2016년 1월 30일 03시,토요일,경상북도 경주시 황성동,중상사고,0,1,0,0,차대사람 - 횡단중,안전운전불이행,습기,비,단일로 - 기타,화물,남,70세,상해없음,보행자,남,41세,중상
2016013000100154,2016년 1월 30일 06시,토요일,경상북도 영주시 평은면,중상사고,0,1,0,0,차대차 - 추돌,안전운전불이행,습기,흐림,단일로 - 기타,화물,남,57세,중상,화물,남,56세,상해없음
2016013000100174,2016년 1월 30일 07시,토요일,경상북도 안동시 일직면,경상사고,0,0,1,0,차대차 - 정면충돌,중앙선침범,건조,맑음,단일로 - 기타,승용,여,20세,경상,승용,남,52세,상해없음
2016013000100213,2016년 1월 30일 08시,토요일,경상북도 구미시 도개면,부상신고사고,0,0,0,1,차대차 - 측면충돌,안전운전불이행,적설,눈,교차로 - 교차로안,승용,남,45세,부상신고,승합,남,43세,상해없음
2016013000100247,2016년 1월 30일 09시,토요일,경상북도 경주시 성건동,중상사고,0,1,0,0,차대차 - 추돌,안전운전불이행,습기,비,단일로 - 기타,화물,남,50세,상해없음,승용,남,64세,중상
2016013000100293,2016년 1월 30일 11시,토요일,경상북도 경산시 진량읍,경상사고,0,0,1,0,차대차 - 정면충돌,기타,건조,맑음,단일로 - 기타,화물,남,47세,상해없음,승용,남,59세,경상
2016013000100320,2016년 1월 30일 12시,토요일,경상북도 포항시 북구 용흥동,경상사고,0,0,1,0,차량단독 - 전도전복,안전운전불이행,건조,맑음,교차로 - 교차로안,승용,여,58세,경상,,,,
2016013000100346,2016년 1월 30일 13시,토요일,경상북도 경주시 천군동,경상사고,0,0,1,0,차대사람 - 횡단중,신호위반,건조,맑음,교차로 - 교차로부근,승합,남,47세,상해없음,보행자,남,22세,경상
2016013000100347,2016년 1월 30일 13시,토요일,경상북도 안동시 용상동,경상사고,0,0,1,0,차대사람 - 횡단중,안전운전불이행,건조,맑음,단일로 - 기타,특수,남,39세,상해없음,보행자,남,27세,경상
2016013000100379,2016년 1월 30일 14시,토요일,경상북도 칠곡군 지천면,경상사고,0,0,1,0,차대차 - 추돌,안전운전불이행,건조,맑음,단일로 - 기타,승용,남,31세,기타불명,승용,남,55세,경상