사고번호,사고일시,요일,시군구,사고내용,사망자수,중상자수,경상자수,부상신고자수,사고유형,법규위반,노면상태,기상상태,도로형태,가해운전자 차종,가해운전자 성별,가해운전자 연령,가해운전자 상해정도,피해운전자 차종,피해운전자 성별,피해운전자 연령,피해운전자 상해정도
2016020200100485,2016년 2월 2일 19시,화요일,경상북도 구미시 봉곡동,경상사고,0,0,1,0,차대차 - 측면충돌,신호위반,건조,맑음,교차로 - 교차로안,화물,남,51세,상해없음,승용,여,48세,경상
2016020200100507,2016년 2월 2일 20시,화요일,경상북도 포항시 북구 죽도동,중상사고,0,1,0,0,차대사람 - 횡단중,안전운전불이행,건조,맑음,교차로 - 교차로안,승용,여,38세,상해없음,보행자,여,58세,중상
2016020200100508,2016년 2월 2일 20시,화요일,경상북도 구미시 도량동,경상사고,0,0,2,0,차대차 - 기타,신호위반,건조,맑음,교차로 - 교차로안,화물,여,54세,경상,승용,여,27세,경상
2016020200100509,2016년 2월 2일 20시,화요일,경상북도 구미시 봉곡동,경상사고,0,0,1,0,차대차 - 기타,신호위반,건조,맑음,교차로 - 교차로안,승용,여,34세,기타불명,자전거,남,44세,경상
2016020200100536,2016년 2월 2일 21시,화요일,경상북도 경주시 안강읍,사망사고,1,0,0,0,차대차 - 기타,안전운전불이행,건조,맑음,단일로 - 기타,화물,남,34세,사망,화물,남,44세,상해없음
2016020200100537,2016년 2월 2일 21시,화요일,경상북도 경산시 옥산동,경상사고,0,0,1,0,차대차 - 추돌,차로위반,건조,맑음,단일로 - 기타,원동기,남,62세,경상,승용,여,29세,상해없음
2016020200100538,2016년 2월 2일 21시,화요일,경상북도 칠곡군 지천면,경상사고,0,0,3,0,차대차 - 추돌,안전운전불이행,건조,맑음,단일로 - 기타,승용,남,35세,상해없음,승용,남,49세,경상
2016020200100570,2016년 2월 2일 22시,화요일,경상북도 경주시 인왕동,중상사고,0,1,2,0,차대차 - 측면충돌,신호위반,건조,맑음,교차로 - 교차로안,화물,남,45세,상해없음,승용,남,28세,중상
2016020200100597,2016년 2월 2일 23시,화요일,경상북도 경산시 하양읍,부상신고사고,0,0,0,1,차대차 - 정면충돌,중앙선침범,건조,맑음,단일로 - 기타,이륜,남,16세,부상신고,승용,남,29세,상해없음
2016020200100598,2016년 2월 2일 23시,화요일,경상북도 고령군 다산면,중상사고,0,1,0,0,차대차 - 측면직각충돌,안전운전불이행,건조,맑음,단일로 - 기타,승용,남,31세,상해없음,화물,남,34세,중상
2016020300100026,2016년 2월 3일 01시,수요일,경상북도 포항시 북구 죽도동,경상사고,0,0,1,0,차대차 - 정면충돌,안전운전불이행,건조,맑음,교차로 - 교차로부근,승용,남,49세,상해없음,승용,남,35세,경상
2016020300100084,2016년 2월 3일 06시,수요일,경상북도 경산시 용성면,경상사고,0,0,1,0,차대사람 - 차도통행중,안전운전불이행,건조,맑음,단일로 - 기타,승용,남,74세,상해없음,보행자,여,62세,경상
2016020300100147,2016년 2월 3일 08시,수요일,경상북도 영천시 오미동,중상사고,0,1,1,0,차대차 - 정면충돌,중앙선침범,건조,맑음,단일로 - 기타,승용,남,62세,경상,승용,여,47세,중상
2016020300100148,2016년 2월 3일 08시,수요일,경상북도 영덕군 영덕읍,경상사고,0,0,1,0,차대차 - 측면충돌,교차로운행방법위반,건조,맑음,교차로 - 교차로안,화물,남,79세,상해없음,승용,여,24세,경상
2016020300100174,2016년 2월 3일 09시,수요일,경상북도 상주시 사벌면,경상사고,0,0,1,0,차대차 - 측면직각충돌,교차로운행방법위반,건조,맑음,교차로 - 교차로안,승용,여,48세,상해없음,이륜,남,79세,경상
2016020300100175,2016년 2월 3일 09시,수요일,경상북도 문경시 점촌동,경상사고,0,0,1,0,차대사람 - 기타,안전운전불이행,건조,맑음,단일로 - 기타,승용,여,67세,기타불명,보행자,여,68세,경상
2016020300100199,2016년 2월 3일 10시,수요일,경상북도 문경시 마성면,중상사고,0,2,0,0,차대차 - 정면충돌,중앙선침범,결빙,맑음,단일로 - 기타,화물,여,28세,중상,화물,남,43세,중상
2016020300100200,2016년 2월 3일 10시,수요일,경상북도 문경시 영순면,중상사고,0,1,0,0,차대차 - 기타,안전운전불이행,건조,맑음,단일로 - 기타,화물,남,70세,상해없음,원동기,남,77세,중상
2016020300100201,2016년 2월 3일 10시,수요일,경상북도 경산시 사정동,경상사고,0,0,2,0,차대차 - 측면충돌,안전거리미확보,건조,맑음,단일로 - 기타,승용,남,62세,상해없음,승용,남,24세,경상
2016020300100202,2016년 2월 3일 10시,수요일,경상북도 포항시 남구 오천읍,경상사고,0,0,1,0,차대차 - 측면직각충돌,안전운전불이행,건조,맑음,단일로 - 기타,원동기,남,84세,경상,승합,여,46세,상해없음
2016020300100230,2016년 2월 3일 11시,수요일,경상북도 경주시 동천동,중상사고,0,1,0,0,차대차 - 기타,안전운전불이행,건조,맑음,단일로 - 기타,승용,남,66세,상해없음,승용,여,42세,중상
2016020300100231,2016년 2월 3일 11시,수요일,경상북도 문경시 산양면,경상사고,0,0,4,0,차대차 - 추돌,안전거리미확보,건조,맑음,교차로 - 교차로부근,화물,남,63세,상해없음,승합,남,52세,경상
2016020300100232,2016년 2월 3일 11시,수요일,경상북도 영덕군 영덕읍,경상사고,0,0,1,0,차대차 - 측면충돌,기타,건조,맑음,교차로 - 교차로안,화물,남,78세,상해없음,승용,남,68세,경상
2016020300100246,2016년 2월 3일 12시,수요일,경상북도 경주시 동천동,경상사고,0,0,1,0,차대사람 - 횡단중,안전운전불이행,건조,맑음,단일로 - 기타,승용,여,40세,상해없음,보행자,여,73세,경상
2016020300100247,2016년 2월 3일 12시,수요일,경상북도 김천시 어모면,사망사고,1,0,0,0,차대차 - 측면직각충돌,안전운전불이행,건조,맑음,교차로 - 교차로안,화물,남,68세,상해없음,이륜,남,77세,사망
2016020300100248,2016년 2월 3일 12시,수요일,경상북도 칠곡군 왜관읍,경상사고,0,0,1,0,차대차 - 측면충돌,직진우회전진행방해,건조,맑음,교차로 - 교차로안,화물,남,46세,상해없음,승용,남,42세,경상
2016020300100284,2016년 2월 3일 13시,수요일,경상북도 성주군 성주읍,중상사고,0,2,1,0,차대차 - 측면충돌,직진우회전진행방해,건조,맑음,교차로 - 교차로안,화물,남,71세,경상,승용,남,72세,중상
2016020300100331,2016년 2월 3일 14시,수요일,경상북도 경주시 내남면,경상사고,0,0,2,0,차대차 - 추돌,안전운전불이행,건조,맑음,교차로 - 교차로부근,화물,남,56세,상해없음,승용,남,47세,경상
2016020300100332,2016년 2월 3일 14시,수요일,경상북도 영천시 야사동,경상사고,0,0,1,0,차대차 - 측면직각충돌,안전운전불이행,건조,맑음,교차로 - 교차로안,승용,남,67세,상해없음,승용,남,51세,경상
2016020300100333,2016년 2월 3일 14시,수요일,경상북도 경산시 남천면,경상사고,0,0,1,0,차대차 - 기타,중앙선침범,건조,맑음,단일로 - 기타,화물,남,59세,상해없음,화물,남,27세,경상
2016020300100334,2016년 2월 3일 14시,수요일,경상북도 경산시 옥산동,부상신고사고,0,0,0,1,차대차 - 추돌,안전운전불이행,건조,맑음,단일로 - 기타,자전거,남,64세,부상신고,건설기계,남,48세,기타불명
2016020300100335,2016년 2월 3일 14시,수요일,경상북도 구미시 해평면,경상사고,0,0,1,1,차대차 - 측면충돌,교차로운행방법위반,건조,맑음,교차로 - 교차로부근,화물,남,60세,부상신고,승합,남,48세,경상
2016020300100379,2016년 2월 3일 15시,수요일,경상북도 김천시 부곡동,중상사고,0,1,0,0,차대사람 - 길가장자리구역통행중,불법유턴,건조,맑음,교차로 - 교차로안,승용,남,62세,상해없음,보행자,남,85세,중상
2016020300100380,2016년 2월 3일 15시,수요일,경상북도 고령군 다산면,사망사고,1,0,0,0,차대차 - 정면충돌,신호위반,건조,맑음,교차로 - 교차로안,원동기,남,49세,사망,건설기계,남,51세,상해없음
2016020300100381,2016년 2월 3일 15시,수요일,경상북도 구미시 상모동,부상신고사고,0,0,0,1,차대차 - 추돌,안전운전불이행,건조,맑음,단일로 - 기타,승용,여,24세,부상신고,화물,남,30세,상해없음
2016020300100382,2016년 2월 3일 15시,수요일,경상북도 구미시 황상동,경상사고,0,0,1,0,차대차 - 측면충돌,안전운전불이행,건조,맑음,단일로 - 기타,승용,여,26세,상해없음,승용,남,61세,상해없음
2016020300100425,2016년 2월 3일 16시,수요일,경상북도 경주시 감포읍,중상사고,0,2,1,0,차대차 - 측면직각충돌,안전운전불이행,건조,맑음,교차로 - 교차로안,승용,여,50세,경상,승용,남,60세,중상
2016020300100426,2016년 2월 3일 16시,수요일,경상북도 경주시 성동동,경상사고,0,0,2,0,차대차 - 추돌,안전운전불이행,건조,맑음,교차로 - 교차로부근,승용,남,63세,상해없음,승용,여,48세,경상
2016020300100463,2016년 2월 3일 17시,수요일,경상북도 안동시 송현동,경상사고,0,0,1,0,차대차 - 추돌,안전운전불이행,건조,맑음,교차로 - 교차로부근,승용,남,47세,상해없음,승용,여,50세,경상
2016020300100464,2016년 2월 3일 17시,수요일,경상북도 김천시 조마면,경상사고,0,0,2,0,차대차 - 측면충돌,안전운전불이행,건조,맑음,교차로 - 교차로안,화물,남,36세,상해없음,화물,남,69세,경상
2016020300100465,2016년 2월 3일 17시,수요일,경상북도 영천시 야사동,중상사고,0,1,0,0,차대사람 - 횡단중,안전운전불이행,건조,흐림,단일로 - 기타,화물,남,53세,상해없음,보행자,남,65세,중상
2016020300100466,2016년 2월 3일 17시,수요일,경상북도 경산시 사동,중상사고,0,1,0,0,차대차 - 정면충돌,안전운전불이행,건조,맑음,단일로 - 기타,승용,여,49세,상해없음,이륜,남,59세,중상
2016020300100502,2016년 2월 3일 18시,수요일,경상북도 경주시 황남동,중상사고,0,1,0,0,차대사람 - 횡단중,안전운전불이행,건조,맑음,교차로 - 교차로안,승용,여,45세,상해없음,보행자,여,74세,중상
2016020300100503,2016년 2월 3일 18시,수요일,경상북도 영천시 야사동,경상사고,0,0,1,0,차대차 - 추돌,안전운전불이행,건조,맑음,단일로 - 기타,승용,여,41세,상해없음,이륜,여,37세,경상
2016020300100504,2016년 2월 3일 18시,수요일,경상북도 영천시 대창면,중상사고,0,1,0,0,차량단독 - 전도전복,안전운전불이행,건조,맑음,단일로 - 기타,승용,남,60세,중상,,,,
2016020300100505,2016년 2월 3일 18시,수요일,경상북도 군위군 부계면,사망사고,1,0,0,0,차대사람 - 차도통행중,안전운전불이행,건조,맑음,단일로 - 기타,승용,여,33세,상해없음,보행자,남,76세,사망
2016020300100555,2016년 2월 3일 19시,수요일,경상북도 경주시 배반동,중상사고,0,1,0,0,차대차 - 측면직각충돌,안전운전불이행,건조,맑음,단일로 - 기타,화물,남,61세,상해없음,승용,남,32세,중상
2016020300100556,2016년 2월 3일 19시,수요일,경상북도 김천시 덕곡동,경상사고,0,0,1,0,차대차 - 추돌,안전운전불이행,건조,맑음,단일로 - 기타,승용,남,57세,상해없음,화물,남,44세,경상
2016020300100557,2016년 2월 3일 19시,수요일,경상북도 경산시 중산동,중상사고,0,1,0,0,차대사람 - 횡단중,안전운전불이행,건조,맑음,단일로 - 기타,승용,여,36세,상해없음,보행자,남,21세,중상
2016020300100588,2016년 2월 3일 20시,수요일,경상북도 안동시 당북동,경상사고,0,0,3,0,차대차 - 측면직각충돌,직진우회전진행방해,건조,맑음,교차로 - 교차로안,승용,남,53세,경상,승용,남,37세,경상
2016020300100589,2016년 2월 3일 20시,수요일,경상북도 영천시 문외동,중상사고,0,1,0,0,차대차 - 측면직각충돌,교차로운행방법위반,건조,맑음,교차로 - 교차로안,승용,남,34세,상해없음,이륜,남,55세,중상
2016020300100627,2016년 2월 3일 21시,수요일,경상북도 경주시 건천읍,중상사고,0,1,0,0,차대사람 - 횡단중,안전운전불이행,건조,맑음,단일로 - 기타,승용,여,50세,상해없음,보행자,여,48세,중상
2016020300100694,2016년 2월 3일 23시,수요일,경상북도 경산시 삼북동,부상신고사고,0,0,0,1,차대사람 - 횡단중,안전운전불이행,건조,맑음,교차로 - 교차로안,승용,여,47세,상해없음,보행자,여,81세,부상신고
2016020400100010,2016년 2월 4일 00시,목요일,경상북도 포항시 남구 상도동,경상사고,0,0,1,0,차대차 - 측면충돌,안전운전불이행,건조,맑음,단일로 - 기타,승용,남,60세,상해없음,화물,남,24세,경상
2016020400100011,2016년 2월 4일 00시,목요일,경상북도 상주시 함창읍,경상사고,0,0,2,0,차대차 - 추돌,안전운전불이행,건조,맑음,단일로 - 기타,화물,남,40세,상해없음,승용,여,39세,경상
2016020400100045,2016년 2월 4일 02시,목요일,경상북도 성주군 선남면,경상사고,0,0,1,0,차대차 - 측면충돌,중앙선침범,건조,맑음,단일로 - 기타,승용,남,27세,상해없음,승용,여,57세,경상
2016020400100063,2016년 2월 4일 04시,목요일,경상북도 포항시 남구 상도동,경상사고,0,0,1,0,차량단독 - 기타,안전운전불이행,건조,맑음,단일로 - 기타,승용,남,33세,경상,,,,
2016020400100075,2016년 2월 4일 05시,목요일,경상북도 포항시 북구 흥해읍,사망사고,1,1,0,0,차량단독 - 전도전복,안전운전불이행,건조,맑음,단일로 - 기타,승용,남,21세,상해없음,,,,
2016020400100116,2016년 2월 4일 07시,목요일,경상북도 포항시 남구 일월동,중상사고,0,1,3,0,차대차 - 추돌,안전운전불이행,건조,맑음,단일로 - 횡단보도부근,승용,남,57세,상해없음,승용,남,56세,경상
2016020400100161,2016년 2월 4일 08시,목요일,경상북도 경주시 충효동,중상사고,0,1,0,0,차대차 - 측면충돌,안전운전불이행,건조,맑음,단일로 - 기타,건설기계,남,63세,상해없음,승용,여,49세,중상
2016020400100206,2016년 2월 4일 09시,목요일,경상북도 의성군 금성면,중상사고,0,1,0,0,차대차 - 측면충돌,안전운전불이행,건조,맑음,단일로 - 기타,승합,여,33세,상해없음,이륜,남,75세,중상
2016020400100207,2016년 2월 4일 09시,목요일,경상북도 영천시 망정동,경상사고,0,0,1,0,차대차 - 측면직각충돌,직진우회전진행방해,건조,맑음,교차로 - 교차로안,승용,남,58세,상해없음,이륜,남,79세,경상
2016020400100230,2016년 2월 4일 10시,목요일,경상북도 경산시 중방동,경상사고,0,0,1,0,차량단독 - 기타,안전운전불이행,건조,맑음,단일로 - 기타,승합,남,50세,상해없음,,,,
2016020400100261,2016년 2월 4일 11시,목요일,경상북도 상주시 냉림동,경상사고,0,0,1,0,차대차 - 기타,안전운전불이행,건조,맑음,단일로 - 기타,승용,남,51세,상해없음,승용,남,30세,경상
2016020400100287,2016년 2월 4일 12시,목요일,경상북도 경주시 안강읍,중상사고,0,1,1,0,차대차 - 측면충돌,안전운전불이행,건조,맑음,단일로 - 기타,승용,여,58세,상해없음,원동기,남,73세,경상
2016020400100288,2016년 2월 4일 12시,목요일,경상북도 김천시 남산동,중상사고,0,1,0,0,차대차 - 측면충돌,안전운전불이행,건조,맑음,단일로 - 기타,화물,남,33세,상해없음,이륜,여,62세,중상
2016020400100320,2016년 2월 4일 13시,목요일,경상북도 영주시 가흥동,경상사고,0,0,1,0,차대차 - 측면충돌,안전운전불이행,건조,맑음,교차로 - 교차로안,승용,남,57세,상해없음,화물,남,63세,상해없음
2016020400100356,2016년 2월 4일 14시,목요일,경상북도 구미시 인의동,중상사고,0,1,0,0,차대사람 - 횡단중,안전운전불이행,건조,맑음,교차로 - 교차로부근,승용,여,34세,상해없음,보행자,여,21세,중상
2016020400100406,2016년 2월 4일 15시,목요일,경상북도 상주시 함창읍,중상사고,0,1,0,0,차대차 - 정면충돌,교차로운행방법위반,건조,맑음,교차로 - 교차로안,승용,여,49세,상해없음,원동기,남,66세,중상
2016020400100407,2016년 2월 4일 15시,목요일,경상북도 경산시 중방동,경상사고,0,0,2,0,차대차 - 측면직각충돌,차로위반,건조,맑음,단일로 - 기타,승용,여,38세,상해없음,승용,남,39세,경상
2016020400100408,2016년 2월 4일 15시,목요일,경상북도 구미시 형곡동,중상사고,0,1,0,0,차대사람 - 횡단중,신호위반,건조,맑음,단일로 - 횡단보도상,승용,남,52세,상해없음,보행자,남,11세,중상
2016020400100409,2016년 2월 4일 15시,목요일,경상북도 구미시 선산읍,중상사고,0,1,0,0,차대차 - 측면충돌,교차로운행방법위반,건조,맑음,교차로 - 교차로안,승용,여,60세,상해없음,자전거,여,73세,중상
2016020400100410,2016년 2월 4일 15시,목요일,경상북도 포항시 남구 연일읍,경상사고,0,0,1,0,차대차 - 측면직각충돌,안전운전불이행,건조,맑음,단일로 - 기타,승용,여,49세,상해없음,승용,여,58세,경상
2016020400100447,2016년 2월 4일 16시,목요일,경상북도 경주시 외동읍,경상사고,0,0,1,0,차대차 - 측면충돌,중앙선침범,건조,맑음,단일로 - 교량,이륜,여,72세,경상,승용,남,47세,상해없음
2016020400100448,2016년 2월 4일 16시,목요일,경상북도 의성군 옥산면,중상사고,0,1,0,0,차량단독 - 전도전복,안전운전불이행,건조,맑음,단일로 - 기타,화물,남,68세,중상,,,,
2016020400100449,2016년 2월 4일 16시,목요일,경상북도 경산시 진량읍,경상사고,0,0,1,0,차대차 - 추돌,안전운전불이행,건조,맑음,단일로 - 기타,승용,남,38세,경상,승용,남,44세,기타불명
2016020400100450,2016년 2월 4일 16시,목요일,경상북도 포항시 남구 동해면,경상사고,0,0,3,0,차대차 - 측면충돌,안전운전불이행,건조,맑음,단일로 - 기타,화물,남,73세,경상,화물,남,59세,경상
2016020400100451,2016년 2월 4일 16시,목요일,경상북도 경주시 건천읍,경상사고,0,0,1,1,차대차 - 추돌,안전운전불이행,건조,맑음,단일로 - 기타,화물,남,38세,상해없음,승용,남,35세,경상
2016020400100483,2016년 2월 4일 17시,목요일,경상북도 문경시 모전동,경상사고,0,0,1,0,차대차 - 측면충돌,안전운전불이행,건조,맑음,교차로 - 교차로안,화물,남,44세,상해없음,이륜,남,17세,경상
2016020400100484,2016년 2월 4일 17시,목요일,경상북도 포항시 남구 동촌동,경상사고,0,0,1,0,차대차 - 측면충돌,안전운전불이행,건조,맑음,교차로 - 교차로부근,승용,여,32세,상해없음,승용,남,50세,경상
2016020400100524,2016년 2월 4일 18시,목요일,경상북도 경주시 노서동,경상사고,0,0,2,0,차대차 - 측면충돌,안전운전불이행,건조,맑음,교차로 - 교차로부근,특수,남,49세,상해없음,승용,여,45세,경상
2016020400100525,2016년 2월 4일 18시,목요일,경상북도 김천시 지좌동,경상사고,0,0,1,0,차대차 - 정면충돌,안전운전불이행,건조,맑음,단일로 - 기타,화물,남,34세,상해없음,승용,남,51세,상해없음
2016020400100526,2016년 2월 4일 18시,목요일,경상북도 영주시 봉현면,경상사고,0,0,1,0,차대사람 - 차도통행중,안전운전불이행,건조,맑음,단일로 - 기타,승용,남,57세,상해없음,보행자,남,53세,경상
2016020400100527,2016년 2월 4일 18시,목요일,경상북도 경산시 계양동,경상사고,0,0,1,0,차대사람 - 횡단중,보행자보호의무위반,건조,맑음,단일로 - 기타,승용,남,72세,상해없음,보행자,여,47세,경상
2016020400100528,2016년 2월 4일 18시,목요일,경상북도 포항시 남구 해도동,중상사고,0,1,0,0,차대차 - 측면충돌,신호위반,건조,맑음,단일로 - 횡단보도부근,이륜,남,34세,중상,화물,남,53세,상해없음
2016020400100568,2016년 2월 4일 19시,목요일,경상북도 경주시 내남면,경상사고,0,0,1,0,차대차 - 측면충돌,안전운전불이행,건조,맑음,단일로 - 기타,승용,여,29세,경상,특수,남,50세,상해없음
2016020400100592,2016년 2월 4일 20시,목요일,경상북도 포항시 북구 덕산동,경상사고,0,0,1,0,차대차 - 측면충돌,안전운전불이행,건조,기타,단일로 - 기타,자전거,여,59세,경상,승용,남,35세,상해없음
2016020400100593,2016년 2월 4일 20시,목요일,경상북도 울진군 북면,중상사고,0,1,0,0,차대사람 - 길가장자리구역통행중,안전운전불이행,건조,맑음,단일로 - 기타,승용,여,58세,상해없음,보행자,여,60세,중상
2016020400100594,2016년 2월 4일 20시,목요일,경상북도 구미시 진평동,경상사고,0,0,2,0,차대차 - 기타,안전운전불이행,건조,맑음,단일로 - 기타,승용,남,31세,상해없음,이륜,남,44세,경상
2016020400100626,2016년 2월 4일 21시,목요일,경상북도 경주시 황성동,중상사고,0,1,0,0,차대차 - 정면충돌,안전운전불이행,건조,맑음,교차로 - 교차로안,승용,여,52세,상해없음,이륜,남,30세,중상
2016020400100627,2016년 2월 4일 21시,목요일,경상북도 포항시 남구 상도동,경상사고,0,0,1,0,차대차 - 추돌,안전운전불이행,건조,맑음,단일로 - 기타,승용,남,18세,상해없음,화물,남,41세,경상
2016020400100680,2016년 2월 4일 23시,목요일,경상북도 문경시 모전동,중상사고,0,2,1,0,차대차 - 기타,기타,건조,맑음,교차로 - 교차로안,승용,남,45세,상해없음,화물,남,54세,중상
2016020500100016,2016년 2월 5일 00시,금요일,경상북도 경산시 대평동,중상사고,0,1,0,0,차대차 - 정면충돌,중앙선침범,건조,맑음,단일로 - 기타,승용,남,29세,상해없음,승용,여,61세,중상
2016020500100017,2016년 2월 5일 00시,금요일,경상북도 구미시 황상동,경상사고,0,0,3,0,차대차 - 추돌,안전운전불이행,건조,맑음,교차로 - 교차로부근,승용,남,28세,상해없음,승용,남,33세,경상
2016020500100044,2016년 2월 5일 02시,금요일,경상북도 문경시 모전동,경상사고,0,0,5,0,차대차 - 측면직각충돌,교차로운행방법위반,건조,맑음,교차로 - 교차로안,승용,남,35세,경상,승합,남,25세,경상
2016020500100085,2016년 2월 5일 06시,금요일,경상북도 칠곡군 석적읍,부상신고사고,0,0,0,1,차대차 - 기타,안전운전불이행,건조,맑음,교차로 - 교차로안,이륜,남,35세,부상신고,승용,남,51세,상해없음
2016020500100086,2016년 2월 5일 06시,금요일,경상북도 구미시 진평동,부상신고사고,0,0,0,1,차대차 - 기타,안전운전불이행,건조,맑음,교차로 - 교차로안,이륜,남,35세,부상신고,승용,남,26세,상해없음
2016020500100153,2016년 2월 5일 08시,금요일,경상북도 영주시 휴천동,경상사고,0,0,1,0,차대차 - 측면충돌,안전운전불이행,건조,맑음,단일로 - 기타,승용,남,53세,기타불명,승용,남,42세,경상
2016020500100154,2016년 2월 5일 08시,금요일,경상북도 영덕군 영덕읍,중상사고,0,1,0,0,차대차 - 기타,교차로운행방법위반,건조,맑음,교차로 - 교차로안,승용,남,40세,상해없음,자전거,남,78세,중상
2016020500100186,2016년 2월 5일 09시,금요일,경상북도 영천시 오미동,경상사고,0,0,1,0,차대차 - 기타,안전운전불이행,건조,맑음,단일로 - 기타,화물,남,37세,상해없음,이륜,남,83세,경상
2016020500100187,2016년 2월 5일 09시,금요일,경상북도 구미시 장천면,중상사고,0,1,0,0,차대사람 - 차도통행중,안전운전불이행,건조,맑음,단일로 - 기타,승용,여,51세,상해없음,보행자,여,66세,중상
2016020500100188,2016년 2월 5일 09시,금요일,경상북도 포항시 남구 대송면,경상사고,0,0,2,0,차대차 - 측면충돌,직진우회전진행방해,건조,맑음,교차로 - 교차로안,화물,남,52세,상해없음,승용,여,30세,경상
2016020500100213,2016년 2월 5일 10시,금요일,경상북도 포항시 남구 동촌동,경상사고,0,0,1,0,차대차 - 측면충돌,안전운전불이행,건조,맑음,단일로 - 기타,건설기계,남,58세,상해없음,승용,남,51세,경상
2016020500100264,2016년 2월 5일 12시,금요일,경상북도 경산시 자인면,중상사고,0,1,0,0,차대차 - 측면충돌,교차로운행방법위반,건조,맑음,교차로 - 교차로안,승합,남,58세,상해없음,자전거,여,80세,중상
2016020500100265,2016년 2월 5일 12시,금요일,경상북도 구미시 형곡동,부상신고사고,0,0,0,1,차대차 - 기타,안전운전불이행,건조,맑음,단일로 - 기타,자전거,남,23세,부상신고,승합,남,63세,상해없음
2016020500100301,2016년 2월 5일 13시,금요일,경상북도 안동시 풍산읍,중상사고,0,1,0,0,차대차 - 기타,직진우회전진행방해,건조,맑음,교차로 - 교차로안,승용,남,49세,상해없음,승용,여,45세,중상
2016020500100302,2016년 2월 5일 13시,금요일,경상북도 경산시 평산동,중상사고,0,1,0,0,차대차 - 측면충돌,안전운전불이행,건조,맑음,단일로 - 기타,승용,여,33세,상해없음,자전거,남,64세,중상
2016020500100303,2016년 2월 5일 13시,금요일,경상북도 경산시 신교동,경상사고,0,0,1,0,차대차 - 정면충돌,차로위반,건조,맑음,단일로 - 기타,승용,남,70세,상해없음,승용,남,41세,경상
2016020500100304,2016년 2월 5일 13시,금요일,경상북도 경산시 하양읍,경상사고,0,0,1,0,차대차 - 측면충돌,교차로운행방법위반,건조,맑음,교차로 - 교차로안,승용,남,73세,상해없음,승용,남,27세,경상
2016020500100305,2016년 2월 5일 13시,금요일,경상북도 울진군 후포면,경상사고,0,0,3,0,차대차 - 추돌,안전운전불이행,건조,맑음,단일로 - 기타,승용,남,29세,상해없음,승용,남,57세,경상
2016020500100338,2016년 2월 5일 14시,금요일,경상북도 상주시 화개동,경상사고,0,0,1,0,차대차 - 측면충돌,안전운전불이행,건조,맑음,단일로 - 기타,자전거,남,51세,경상,화물,남,56세,상해없음
2016020500100339,2016년 2월 5일 14시,금요일,경상북도 문경시 점촌동,중상사고,0,1,0,0,차대사람 - 기타,안전운전불이행,건조,맑음,단일로 - 기타,승용,남,66세,상해없음,보행자,여,56세,중상
2016020500100340,2016년 2월 5일 14시,금요일,경상북도 구미시 송정동,경상사고,0,0,2,0,차대차 - 추돌,교차로운행방법위반,건조,맑음,교차로 - 교차로안,승용,남,30세,경상,승용,남,47세,경상
2016020500100395,2016년 2월 5일 15시,금요일,경상북도 경주시 동천동,경상사고,0,0,2,0,차대차 - 측면충돌,안전운전불이행,건조,맑음,단일로 - 기타,승용,여,56세,상해없음,승용,남,53세,경상
2016020500100396,2016년 2월 5일 15시,금요일,경상북도 안동시 북문동,중상사고,0,1,0,0,차대사람 - 횡단중,안전운전불이행,건조,맑음,단일로 - 기타,승용,여,52세,상해없음,보행자,남,59세,중상
2016020500100398,2016년 2월 5일 15시,금요일,경상북도 경산시 진량읍,경상사고,0,0,1,0,차대차 - 기타,안전운전불이행,건조,맑음,단일로 - 기타,승용,남,47세,상해없음,승용,여,55세,경상
2016020500100432,2016년 2월 5일 16시,금요일,경상북도 안동시 풍산읍,경상사고,0,0,3,0,차대차 - 기타,안전거리미확보,건조,맑음,단일로 - 기타,승용,남,46세,경상,건설기계,남,55세,상해없음
2016020500100433,2016년 2월 5일 16시,금요일,경상북도 문경시 점촌동,중상사고,0,1,0,0,차대사람 - 횡단중,보행자보호의무위반,건조,맑음,단일로 - 기타,승용,남,39세,상해없음,보행자,여,76세,중상
2016020500100462,2016년 2월 5일 17시,금요일,경상북도 경주시 외동읍,경상사고,0,0,1,0,차대차 - 측면충돌,안전운전불이행,건조,맑음,교차로 - 교차로안,화물,남,54세,상해없음,승용,남,46세,경상
2016020500100463,2016년 2월 5일 17시,금요일,경상북도 포항시 북구 청하면,경상사고,0,0,2,1,차대차 - 추돌,안전운전불이행,건조,맑음,단일로 - 기타,승용,남,46세,부상신고,승용,남,32세,상해없음
2016020500100464,2016년 2월 5일 17시,금요일,경상북도 구미시 신평동,경상사고,0,0,1,0,차대차 - 추돌,안전운전불이행,건조,맑음,교차로 - 교차로안,승용,남,27세,상해없음,승용,여,43세,경상
2016020500100509,2016년 2월 5일 18시,금요일,경상북도 경주시 강동면,중상사고,0,1,1,1,차대차 - 추돌,안전운전불이행,건조,맑음,단일로 - 기타,승용,남,44세,상해없음,승용,남,25세,중상
2016020500100510,2016년 2월 5일 18시,금요일,경상북도 포항시 북구 용흥동,경상사고,0,0,1,0,차대차 - 측면직각충돌,신호위반,건조,맑음,교차로 - 교차로안,승용,남,66세,상해없음,승용,여,55세,경상
2016020500100511,2016년 2월 5일 18시,금요일,경상북도 경산시 하양읍,경상사고,0,0,1,0,차대차 - 정면충돌,안전운전불이행,건조,맑음,교차로 - 교차로안,승합,남,63세,상해없음,승용,남,30세,경상