사고번호,사고일시,요일,시군구,사고내용,사망자수,중상자수,경상자수,부상신고자수,사고유형,법규위반,노면상태,기상상태,도로형태,가해운전자 차종,가해운전자 성별,가해운전자 연령,가해운전자 상해정도,피해운전자 차종,피해운전자 성별,피해운전자 연령,피해운전자 상해정도
2016020500100512,2016년 2월 5일 18시,금요일,경상북도 영덕군 영덕읍,경상사고,0,0,1,0,차대차 - 정면충돌,교차로운행방법위반,건조,맑음,교차로 - 교차로안,승용,여,51세,경상,승용,남,57세,상해없음
2016020500100547,2016년 2월 5일 19시,금요일,경상북도 칠곡군 약목면,중상사고,0,1,3,1,차대차 - 정면충돌,안전운전불이행,건조,맑음,단일로 - 기타,승용,남,34세,부상신고,승용,여,31세,상해없음
2016020500100548,2016년 2월 5일 19시,금요일,경상북도 포항시 남구 해도동,경상사고,0,0,4,0,차대차 - 측면직각충돌,신호위반,건조,맑음,교차로 - 교차로안,승용,남,56세,상해없음,승용,남,54세,경상
2016020500100578,2016년 2월 5일 20시,금요일,경상북도 안동시 옥동,중상사고,0,1,0,0,차대사람 - 보도통행중,안전운전불이행,건조,맑음,단일로 - 횡단보도상,승용,여,52세,상해없음,보행자,남,8세,중상
2016020500100579,2016년 2월 5일 20시,금요일,경상북도 경산시 삼풍동,경상사고,0,0,3,0,차대차 - 측면충돌,교차로운행방법위반,건조,맑음,교차로 - 교차로안,승용,남,34세,상해없음,승용,남,43세,경상
2016020500100580,2016년 2월 5일 20시,금요일,경상북도 경산시 진량읍,경상사고,0,0,1,0,차대차 - 정면충돌,교차로운행방법위반,건조,맑음,교차로 - 교차로안,승용,남,32세,상해없음,이륜,남,19세,경상
2016020500100581,2016년 2월 5일 20시,금요일,경상북도 구미시 송정동,경상사고,0,0,1,0,차대차 - 측면충돌,안전운전불이행,건조,맑음,교차로 - 교차로안,승용,남,50세,상해없음,승용,남,31세,경상
2016020500100582,2016년 2월 5일 20시,금요일,경상북도 포항시 남구 상도동,중상사고,0,1,0,0,차대사람 - 횡단중,교차로운행방법위반,건조,맑음,교차로 - 교차로안,승합,남,48세,상해없음,보행자,남,56세,중상
2016020500100614,2016년 2월 5일 21시,금요일,경상북도 포항시 북구 용흥동,중상사고,0,1,1,0,차대차 - 추돌,안전운전불이행,건조,맑음,단일로 - 기타,승용,여,49세,경상,승용,여,51세,중상
2016020500100615,2016년 2월 5일 21시,금요일,경상북도 상주시 남성동,경상사고,0,0,1,0,차대차 - 측면충돌,기타,건조,맑음,교차로 - 교차로안,원동기,남,36세,경상,승용,남,52세,기타불명
2016020500100645,2016년 2월 5일 22시,금요일,경상북도 상주시 남성동,중상사고,0,1,0,0,차대사람 - 횡단중,보행자보호의무위반,건조,맑음,단일로 - 횡단보도상,승용,남,42세,상해없음,보행자,남,37세,중상
2016020500100646,2016년 2월 5일 22시,금요일,경상북도 청도군 화양읍,경상사고,0,0,2,0,차대차 - 측면충돌,안전운전불이행,건조,맑음,단일로 - 기타,이륜,남,15세,경상,승용,남,18세,경상
2016020500100647,2016년 2월 5일 22시,금요일,경상북도 구미시 송정동,중상사고,0,2,0,0,차대차 - 측면충돌,교차로운행방법위반,건조,맑음,교차로 - 교차로안,승용,남,30세,상해없음,이륜,남,17세,중상
2016020500100674,2016년 2월 5일 23시,금요일,경상북도 포항시 북구 장성동,중상사고,0,1,0,0,차대차 - 정면충돌,중앙선침범,건조,맑음,교차로 - 교차로안,승용,남,48세,상해없음,승용,여,61세,중상
2016020500100675,2016년 2월 5일 23시,금요일,경상북도 경산시 삼풍동,경상사고,0,0,2,0,차대차 - 추돌,안전운전불이행,건조,맑음,교차로 - 교차로부근,승용,남,48세,상해없음,승용,남,54세,경상
2016020600100017,2016년 2월 6일 00시,토요일,경상북도 경주시 안강읍,경상사고,0,0,1,0,차량단독 - 전도전복,안전운전불이행,건조,맑음,단일로 - 기타,승용,남,25세,경상,,,,
2016020600100018,2016년 2월 6일 00시,토요일,경상북도 영천시 야사동,중상사고,0,1,0,0,차대차 - 추돌,안전거리미확보,건조,맑음,단일로 - 기타,승용,남,30세,상해없음,이륜,남,24세,중상
2016020600100019,2016년 2월 6일 00시,토요일,경상북도 울진군 기성면,중상사고,0,1,0,0,차량단독 - 전도전복,안전운전불이행,건조,맑음,단일로 - 기타,승용,여,59세,상해없음,,,,
2016020600100049,2016년 2월 6일 01시,토요일,경상북도 성주군 가천면,중상사고,0,1,0,0,차량단독 - 전도전복,안전운전불이행,건조,흐림,단일로 - 기타,이륜,남,57세,중상,,,,
2016020600100050,2016년 2월 6일 01시,토요일,경상북도 구미시 봉곡동,경상사고,0,0,2,0,차대차 - 추돌,안전운전불이행,습기,맑음,단일로 - 기타,승용,남,44세,경상,승용,남,46세,상해없음
2016020600100064,2016년 2월 6일 02시,토요일,경상북도 구미시 형곡동,경상사고,0,0,1,0,차대차 - 측면충돌,안전운전불이행,건조,맑음,교차로 - 교차로부근,승용,남,21세,상해없음,승용,남,43세,경상
2016020600100076,2016년 2월 6일 03시,토요일,경상북도 구미시 원평동,경상사고,0,0,1,0,차대차 - 측면충돌,안전운전불이행,건조,맑음,단일로 - 기타,승용,남,25세,상해없음,승용,남,33세,경상
2016020600100077,2016년 2월 6일 03시,토요일,경상북도 포항시 남구 효자동,경상사고,0,0,1,1,차대차 - 추돌,안전운전불이행,건조,맑음,단일로 - 기타,승용,여,56세,상해없음,승용,남,44세,경상
2016020600100103,2016년 2월 6일 05시,토요일,경상북도 포항시 남구 괴동동,사망사고,1,0,1,0,차대차 - 추돌,안전운전불이행,건조,맑음,교차로 - 교차로부근,승용,남,32세,사망,화물,남,51세,경상
2016020600100104,2016년 2월 6일 05시,토요일,경상북도 포항시 남구 상도동,경상사고,0,0,1,0,차대차 - 기타,안전운전불이행,건조,맑음,교차로 - 교차로안,기타불명,기타불명,기타불명,기타불명,승용,남,49세,경상
2016020600100149,2016년 2월 6일 08시,토요일,경상북도 성주군 대가면,중상사고,0,1,1,0,차대차 - 정면충돌,중앙선침범,건조,맑음,단일로 - 기타,승용,남,51세,상해없음,승용,여,47세,중상
2016020600100166,2016년 2월 6일 09시,토요일,경상북도 경산시 옥산동,경상사고,0,0,2,0,차대차 - 추돌,안전운전불이행,건조,맑음,단일로 - 기타,승용,여,59세,경상,승용,여,54세,경상
2016020600100187,2016년 2월 6일 10시,토요일,경상북도 의성군 다인면,중상사고,0,4,0,0,차대차 - 정면충돌,중앙선침범,건조,맑음,단일로 - 기타,화물,남,79세,중상,승용,남,50세,중상
2016020600100188,2016년 2월 6일 10시,토요일,경상북도 고령군 성산면,중상사고,0,1,0,0,차대차 - 측면직각충돌,안전운전불이행,건조,맑음,단일로 - 기타,화물,여,54세,상해없음,이륜,남,43세,중상
2016020600100189,2016년 2월 6일 10시,토요일,경상북도 포항시 남구 대도동,중상사고,0,1,0,0,차대차 - 기타,교차로운행방법위반,건조,맑음,교차로 - 교차로안,승용,남,67세,상해없음,자전거,여,64세,중상
2016020600100212,2016년 2월 6일 11시,토요일,경상북도 김천시 평화동,사망사고,1,0,0,0,차대차 - 기타,안전운전불이행,건조,맑음,단일로 - 기타,화물,남,55세,상해없음,자전거,여,61세,사망
2016020600100242,2016년 2월 6일 12시,토요일,경상북도 경산시 조영동,중상사고,0,1,0,0,차대차 - 측면직각충돌,직진우회전진행방해,건조,맑음,교차로 - 교차로안,승용,남,23세,상해없음,이륜,남,22세,중상
2016020600100243,2016년 2월 6일 12시,토요일,경상북도 봉화군 봉화읍,경상사고,0,0,6,1,차대차 - 추돌,안전운전불이행,건조,맑음,단일로 - 기타,승용,남,32세,부상신고,승용,여,53세,경상
2016020600100277,2016년 2월 6일 13시,토요일,경상북도 경주시 안강읍,경상사고,0,0,1,0,차대차 - 측면충돌,안전운전불이행,건조,맑음,교차로 - 교차로안,자전거,남,75세,경상,승용,남,46세,상해없음
2016020600100278,2016년 2월 6일 13시,토요일,경상북도 포항시 남구 대잠동,경상사고,0,0,1,0,차대사람 - 횡단중,안전운전불이행,건조,맑음,단일로 - 기타,승용,여,43세,상해없음,보행자,여,71세,경상
2016020600100310,2016년 2월 6일 14시,토요일,경상북도 포항시 남구 구룡포읍,경상사고,0,0,1,0,차대차 - 기타,안전운전불이행,건조,맑음,단일로 - 기타,승용,남,20세,상해없음,승용,남,57세,상해없음
2016020600100338,2016년 2월 6일 15시,토요일,경상북도 경주시 용강동,중상사고,0,2,5,1,차대차 - 기타,안전운전불이행,건조,맑음,단일로 - 기타,승용,남,55세,상해없음,승용,남,58세,경상
2016020600100339,2016년 2월 6일 15시,토요일,경상북도 포항시 북구 대신동,중상사고,0,1,0,0,차대사람 - 횡단중,보행자보호의무위반,건조,맑음,단일로 - 횡단보도상,승용,여,84세,상해없음,보행자,남,69세,중상
2016020600100340,2016년 2월 6일 15시,토요일,경상북도 예천군 지보면,중상사고,0,1,0,0,차량단독 - 전도전복,안전운전불이행,건조,맑음,단일로 - 기타,이륜,남,78세,상해없음,,,,
2016020600100379,2016년 2월 6일 16시,토요일,경상북도 상주시 이안면,중상사고,0,1,0,0,차량단독 - 전도전복,안전운전불이행,건조,맑음,단일로 - 기타,승용,남,24세,상해없음,,,,
2016020600100405,2016년 2월 6일 17시,토요일,경상북도 울진군 북면,경상사고,0,0,1,0,차대차 - 측면충돌,안전운전불이행,적설,눈,단일로 - 기타,승용,남,36세,경상,승용,남,48세,기타불명
2016020600100406,2016년 2월 6일 17시,토요일,경상북도 포항시 남구 해도동,중상사고,0,1,0,0,차대차 - 기타,직진우회전진행방해,건조,맑음,교차로 - 교차로안,이륜,남,41세,중상,승용,남,55세,상해없음
2016020600100443,2016년 2월 6일 18시,토요일,경상북도 경주시 용강동,중상사고,0,2,0,0,차대차 - 추돌,안전운전불이행,건조,맑음,교차로 - 교차로부근,승용,남,44세,상해없음,승용,여,62세,중상
2016020600100444,2016년 2월 6일 18시,토요일,경상북도 영주시 가흥동,중상사고,0,1,0,0,차대사람 - 횡단중,보행자보호의무위반,건조,맑음,교차로 - 교차로부근,승용,남,23세,상해없음,보행자,여,76세,중상
2016020600100445,2016년 2월 6일 18시,토요일,경상북도 문경시 불정동,경상사고,0,0,1,0,차대차 - 측면직각충돌,중앙선침범,건조,맑음,교차로 - 교차로부근,화물,여,41세,상해없음,승용,남,47세,경상
2016020600100446,2016년 2월 6일 18시,토요일,경상북도 예천군 예천읍,중상사고,0,1,0,0,차대사람 - 횡단중,안전운전불이행,건조,맑음,교차로 - 교차로부근,승용,남,34세,상해없음,보행자,남,62세,중상
2016020600100505,2016년 2월 6일 20시,토요일,경상북도 경산시 중방동,부상신고사고,0,0,0,1,차대사람 - 기타,기타,건조,맑음,단일로 - 기타,기타불명,기타불명,기타불명,기타불명,보행자,남,61세,부상신고
2016020600100532,2016년 2월 6일 21시,토요일,경상북도 경주시 동천동,중상사고,0,1,1,0,차대차 - 측면충돌,안전운전불이행,건조,맑음,교차로 - 교차로부근,승용,남,45세,상해없음,승용,남,54세,중상
2016020600100533,2016년 2월 6일 21시,토요일,경상북도 봉화군 석포면,경상사고,0,0,1,0,차대사람 - 기타,안전운전불이행,결빙,눈,교차로 - 교차로안,승용,남,37세,상해없음,보행자,여,60세,경상
2016020600100534,2016년 2월 6일 21시,토요일,경상북도 군위군 군위읍,부상신고사고,0,0,0,1,차대차 - 추돌,안전운전불이행,건조,맑음,교차로 - 교차로안,원동기,남,17세,부상신고,승용,여,50세,상해없음
2016020600100535,2016년 2월 6일 21시,토요일,경상북도 포항시 남구 오천읍,중상사고,0,1,0,0,차대사람 - 보도통행중,중앙선침범,건조,맑음,교차로 - 교차로부근,승용,남,23세,상해없음,보행자,여,74세,중상
2016020600100568,2016년 2월 6일 23시,토요일,경상북도 칠곡군 석적읍,경상사고,0,0,1,0,차대차 - 정면충돌,신호위반,건조,맑음,교차로 - 교차로안,승용,남,28세,상해없음,이륜,남,16세,경상
2016020700100011,2016년 2월 7일 00시,일요일,경상북도 경주시 현곡면,경상사고,0,0,1,0,차대차 - 추돌,안전운전불이행,건조,맑음,교차로 - 교차로부근,승용,남,46세,상해없음,승용,남,59세,경상
2016020700100012,2016년 2월 7일 00시,일요일,경상북도 포항시 북구 환호동,중상사고,0,1,0,0,차량단독 - 전도전복,안전운전불이행,적설,눈,단일로 - 기타,승용,남,60세,상해없음,,,,
2016020700100026,2016년 2월 7일 01시,일요일,경상북도 경주시 강동면,중상사고,0,1,1,0,차량단독 - 전도전복,안전운전불이행,건조,맑음,단일로 - 기타,승용,남,24세,경상,,,,
2016020700100027,2016년 2월 7일 01시,일요일,경상북도 포항시 남구 오천읍,경상사고,0,0,1,0,차대사람 - 기타,안전운전불이행,습기,흐림,단일로 - 기타,승용,남,40세,상해없음,보행자,남,47세,경상
2016020700100054,2016년 2월 7일 03시,일요일,경상북도 포항시 북구 기계면,경상사고,0,0,1,0,차대차 - 추돌,안전운전불이행,건조,맑음,단일로 - 기타,승합,남,48세,상해없음,승용,남,52세,경상
2016020700100112,2016년 2월 7일 08시,일요일,경상북도 상주시 복룡동,경상사고,0,0,1,0,차대사람 - 차도통행중,안전운전불이행,건조,맑음,단일로 - 기타,승용,남,72세,상해없음,보행자,남,35세,경상
2016020700100113,2016년 2월 7일 08시,일요일,경상북도 포항시 남구 구룡포읍,중상사고,0,1,0,0,차대사람 - 횡단중,안전운전불이행,적설,눈,단일로 - 기타,승용,남,56세,상해없음,보행자,여,52세,중상
2016020700100114,2016년 2월 7일 08시,일요일,경상북도 포항시 남구 장기면,중상사고,0,1,0,0,차대차 - 정면충돌,중앙선침범,결빙,눈,단일로 - 기타,승용,여,46세,상해없음,승용,남,58세,중상
2016020700100130,2016년 2월 7일 09시,일요일,경상북도 안동시 용상동,경상사고,0,0,1,0,차대사람 - 횡단중,안전운전불이행,건조,맑음,단일로 - 기타,승용,여,55세,상해없음,보행자,여,64세,경상
2016020700100131,2016년 2월 7일 09시,일요일,경상북도 구미시 사곡동,경상사고,0,0,1,0,차대사람 - 횡단중,안전운전불이행,건조,맑음,기타 - 기타,기타불명,기타불명,기타불명,기타불명,보행자,여,79세,경상
2016020700100155,2016년 2월 7일 10시,일요일,경상북도 울진군 울진읍,경상사고,0,0,3,0,차대차 - 측면충돌,안전운전불이행,결빙,흐림,교차로 - 교차로부근,화물,남,26세,상해없음,승용,남,59세,경상
2016020700100178,2016년 2월 7일 11시,일요일,경상북도 경주시 강동면,경상사고,0,0,1,0,차대차 - 기타,안전운전불이행,건조,맑음,단일로 - 기타,승용,남,55세,상해없음,승용,남,44세,경상
2016020700100179,2016년 2월 7일 11시,일요일,경상북도 안동시 옥동,경상사고,0,0,1,0,차대차 - 추돌,안전운전불이행,건조,맑음,단일로 - 기타,화물,남,68세,상해없음,승용,남,40세,경상
2016020700100180,2016년 2월 7일 11시,일요일,경상북도 문경시 흥덕동,경상사고,0,0,4,0,차대차 - 측면직각충돌,교차로운행방법위반,건조,맑음,교차로 - 교차로안,승용,남,37세,경상,승용,남,56세,경상
2016020700100181,2016년 2월 7일 11시,일요일,경상북도 예천군 호명면,중상사고,0,1,3,1,차대차 - 측면직각충돌,직진우회전진행방해,건조,맑음,교차로 - 교차로안,승용,남,27세,부상신고,승용,남,45세,경상
2016020700100182,2016년 2월 7일 11시,일요일,경상북도 김천시 아포읍,경상사고,0,0,3,0,차대차 - 추돌,안전거리미확보,건조,맑음,단일로 - 기타,승용,남,48세,상해없음,승용,여,43세,경상
2016020700100206,2016년 2월 7일 12시,일요일,경상북도 김천시 율곡동,중상사고,0,1,0,0,차대차 - 측면충돌,교차로운행방법위반,건조,맑음,교차로 - 교차로안,승용,남,34세,상해없음,승용,남,56세,중상
2016020700100228,2016년 2월 7일 13시,일요일,경상북도 상주시 낙양동,중상사고,0,1,2,0,차대차 - 추돌,안전운전불이행,건조,맑음,단일로 - 기타,승용,남,37세,상해없음,화물,남,57세,중상
2016020700100229,2016년 2월 7일 13시,일요일,경상북도 영천시 성내동,중상사고,0,2,2,0,차대차 - 측면직각충돌,안전운전불이행,건조,맑음,교차로 - 교차로부근,승용,남,74세,중상,승용,여,51세,중상
2016020700100230,2016년 2월 7일 13시,일요일,경상북도 경산시 백천동,경상사고,0,0,2,0,차대차 - 정면충돌,교차로운행방법위반,건조,맑음,교차로 - 교차로안,이륜,남,37세,경상,승용,남,74세,경상
2016020700100231,2016년 2월 7일 13시,일요일,경상북도 영덕군 지품면,경상사고,0,0,1,0,차대사람 - 길가장자리구역통행중,안전운전불이행,건조,맑음,단일로 - 기타,승용,남,25세,상해없음,보행자,여,58세,경상
2016020700100232,2016년 2월 7일 13시,일요일,경상북도 구미시 선산읍,중상사고,0,2,2,0,차대차 - 기타,교차로운행방법위반,건조,맑음,교차로 - 교차로안,승용,남,59세,경상,승용,남,57세,중상
2016020700100251,2016년 2월 7일 14시,일요일,경상북도 포항시 북구 동빈1가,중상사고,0,1,0,0,차대사람 - 횡단중,안전운전불이행,건조,맑음,단일로 - 기타,승용,남,32세,상해없음,보행자,남,65세,중상
2016020700100252,2016년 2월 7일 14시,일요일,경상북도 영주시 휴천동,중상사고,0,1,1,0,차대차 - 정면충돌,직진우회전진행방해,건조,맑음,교차로 - 교차로안,승용,남,38세,기타불명,원동기,남,48세,중상
2016020700100253,2016년 2월 7일 14시,일요일,경상북도 경주시 내남면,중상사고,0,2,7,0,차대차 - 추돌,안전운전불이행,건조,맑음,단일로 - 기타,승용,남,34세,상해없음,화물,남,42세,경상
2016020700100276,2016년 2월 7일 15시,일요일,경상북도 포항시 북구 덕산동,경상사고,0,0,4,0,차대차 - 정면충돌,안전운전불이행,건조,맑음,단일로 - 기타,승용,남,54세,상해없음,승용,남,59세,경상
2016020700100293,2016년 2월 7일 16시,일요일,경상북도 영주시 영주동,중상사고,0,1,0,0,차대차 - 측면충돌,안전운전불이행,건조,맑음,단일로 - 기타,승용,여,31세,상해없음,원동기,남,55세,중상
2016020700100313,2016년 2월 7일 17시,일요일,경상북도 봉화군 봉화읍,중상사고,0,1,0,0,차대차 - 기타,기타,건조,맑음,교차로 - 교차로안,승용,남,58세,상해없음,승용,남,31세,중상
2016020700100351,2016년 2월 7일 19시,일요일,경상북도 상주시 함창읍,경상사고,0,0,2,0,차대차 - 측면직각충돌,교차로운행방법위반,건조,맑음,교차로 - 교차로안,승용,남,78세,상해없음,승용,여,34세,경상
2016020700100352,2016년 2월 7일 19시,일요일,경상북도 경산시 중방동,부상신고사고,0,0,0,1,차대차 - 추돌,안전운전불이행,건조,맑음,단일로 - 기타,승용,남,50세,상해없음,승용,남,33세,부상신고
2016020700100367,2016년 2월 7일 20시,일요일,경상북도 포항시 북구 흥해읍,경상사고,0,0,1,0,차대차 - 정면충돌,안전운전불이행,건조,맑음,기타 - 기타,승용,남,59세,상해없음,승합,남,45세,경상
2016020700100368,2016년 2월 7일 20시,일요일,경상북도 칠곡군 동명면,중상사고,0,1,2,0,차대차 - 측면충돌,안전운전불이행,건조,맑음,단일로 - 기타,승용,남,49세,상해없음,승용,남,41세,경상
2016020700100369,2016년 2월 7일 20시,일요일,경상북도 포항시 남구 오천읍,중상사고,0,1,0,0,차대차 - 기타,안전운전불이행,건조,맑음,단일로 - 기타,승용,남,23세,상해없음,이륜,남,24세,중상
2016020700100370,2016년 2월 7일 20시,일요일,경상북도 포항시 남구 오천읍,중상사고,0,1,0,0,차대사람 - 기타,안전운전불이행,건조,맑음,교차로 - 교차로부근,기타불명,기타불명,기타불명,기타불명,보행자,남,46세,중상
2016020700100381,2016년 2월 7일 21시,일요일,경상북도 경주시 탑동,경상사고,0,0,4,0,차대차 - 추돌,안전운전불이행,건조,맑음,교차로 - 교차로부근,승용,남,62세,상해없음,승용,남,58세,경상
2016020700100382,2016년 2월 7일 21시,일요일,경상북도 안동시 운흥동,경상사고,0,0,3,0,차대차 - 측면충돌,신호위반,건조,맑음,교차로 - 교차로안,승용,남,61세,상해없음,승용,남,31세,상해없음
2016020700100383,2016년 2월 7일 21시,일요일,경상북도 구미시 산동면,중상사고,0,2,1,0,차대차 - 추돌,안전운전불이행,건조,맑음,단일로 - 기타,승용,남,44세,중상,승용,남,42세,상해없음
2016020700100395,2016년 2월 7일 22시,일요일,경상북도 구미시 도량동,경상사고,0,0,3,0,차대차 - 추돌,안전운전불이행,건조,맑음,교차로 - 교차로부근,승용,남,39세,상해없음,승용,남,36세,경상
2016020700100411,2016년 2월 7일 23시,일요일,경상북도 포항시 남구 상도동,경상사고,0,0,3,0,차대차 - 정면충돌,직진우회전진행방해,건조,맑음,교차로 - 교차로안,승용,남,60세,상해없음,승용,남,35세,상해없음
2016020800100028,2016년 2월 8일 02시,월요일,경상북도 구미시 오태동,경상사고,0,0,1,0,차대차 - 측면충돌,중앙선침범,건조,맑음,교차로 - 교차로부근,승용,남,25세,기타불명,승용,남,31세,경상
2016020800100034,2016년 2월 8일 03시,월요일,경상북도 상주시 서성동,중상사고,0,1,0,0,차량단독 - 공작물충돌,안전운전불이행,건조,맑음,교차로 - 교차로부근,승용,남,21세,중상,,,,
2016020800100042,2016년 2월 8일 04시,월요일,경상북도 고령군 다산면,중상사고,0,1,0,0,차량단독 - 공작물충돌,안전운전불이행,건조,맑음,단일로 - 기타,승용,남,18세,상해없음,,,,
2016020800100061,2016년 2월 8일 07시,월요일,경상북도 포항시 남구 오천읍,경상사고,0,0,3,0,차대차 - 측면충돌,직진우회전진행방해,건조,맑음,교차로 - 교차로안,승용,남,71세,경상,승용,여,22세,경상
2016020800100076,2016년 2월 8일 08시,월요일,경상북도 경산시 백천동,중상사고,0,1,0,0,차대차 - 기타,안전운전불이행,건조,맑음,교차로 - 교차로안,승용,남,32세,상해없음,승합,남,52세,상해없음
2016020800100077,2016년 2월 8일 08시,월요일,경상북도 울진군 죽변면,중상사고,0,1,2,0,차대차 - 측면직각충돌,교차로운행방법위반,건조,맑음,교차로 - 교차로안,승용,남,54세,상해없음,승용,남,59세,경상
2016020800100086,2016년 2월 8일 09시,월요일,경상북도 칠곡군 석적읍,경상사고,0,0,2,1,차대차 - 측면직각충돌,안전운전불이행,건조,맑음,단일로 - 기타,승용,여,23세,경상,승용,남,23세,부상신고
2016020800100092,2016년 2월 8일 10시,월요일,경상북도 경주시 내남면,경상사고,0,0,1,1,차대차 - 측면충돌,안전운전불이행,건조,맑음,교차로 - 교차로안,화물,여,61세,부상신고,화물,남,60세,경상
2016020800100113,2016년 2월 8일 11시,월요일,경상북도 경주시 건천읍,사망사고,1,4,2,0,차대차 - 기타,중앙선침범,건조,맑음,단일로 - 기타,화물,남,65세,사망,승용,남,36세,중상
2016020800100152,2016년 2월 8일 13시,월요일,경상북도 김천시 조마면,사망사고,1,3,0,0,차량단독 - 공작물충돌,안전운전불이행,건조,맑음,단일로 - 기타,승용,남,30세,중상,,,,
2016020800100153,2016년 2월 8일 13시,월요일,경상북도 상주시 만산동,경상사고,0,0,2,0,차대차 - 측면직각충돌,교차로운행방법위반,건조,맑음,교차로 - 교차로안,승용,여,63세,상해없음,승용,남,33세,경상
2016020800100154,2016년 2월 8일 13시,월요일,경상북도 영주시 조와동,경상사고,0,0,3,0,차대차 - 측면충돌,중앙선침범,건조,맑음,단일로 - 기타,승용,남,38세,경상,화물,남,65세,경상
2016020800100155,2016년 2월 8일 13시,월요일,경상북도 청도군 화양읍,중상사고,0,2,0,0,차대차 - 추돌,안전운전불이행,건조,맑음,단일로 - 기타,승합,남,54세,상해없음,승용,여,47세,중상
2016020800100198,2016년 2월 8일 15시,월요일,경상북도 경주시 건천읍,경상사고,0,0,1,0,차대차 - 측면충돌,안전운전불이행,건조,맑음,단일로 - 기타,특수,남,40세,상해없음,승용,남,50세,상해없음
2016020800100199,2016년 2월 8일 15시,월요일,경상북도 구미시 옥계동,중상사고,0,1,8,0,차대차 - 정면충돌,안전운전불이행,건조,맑음,교차로 - 교차로안,승용,남,44세,경상,승용,여,41세,경상
2016020800100220,2016년 2월 8일 16시,월요일,경상북도 문경시 호계면,중상사고,0,1,0,0,차대차 - 기타,중앙선침범,건조,맑음,단일로 - 기타,승용,여,23세,상해없음,승용,남,36세,중상
2016020800100251,2016년 2월 8일 17시,월요일,경상북도 고령군 다산면,경상사고,0,0,2,0,차대차 - 추돌,불법유턴,건조,맑음,기타 - 기타,승용,여,48세,상해없음,승용,남,31세,경상
2016020800100274,2016년 2월 8일 18시,월요일,경상북도 포항시 북구 항구동,경상사고,0,0,2,0,차대차 - 추돌,안전운전불이행,건조,맑음,단일로 - 기타,승용,남,52세,상해없음,승용,남,23세,경상
2016020800100275,2016년 2월 8일 18시,월요일,경상북도 청송군 진보면,중상사고,0,1,1,0,차대차 - 측면직각충돌,중앙선침범,건조,맑음,단일로 - 기타,승용,남,58세,상해없음,승용,여,41세,경상
2016020800100298,2016년 2월 8일 19시,월요일,경상북도 의성군 의성읍,경상사고,0,0,1,0,차대차 - 측면직각충돌,신호위반,건조,맑음,교차로 - 교차로안,승용,남,55세,경상,승용,남,40세,상해없음
2016020800100299,2016년 2월 8일 19시,월요일,경상북도 문경시 공평동,중상사고,0,1,3,0,차대차 - 측면충돌,안전운전불이행,건조,맑음,교차로 - 교차로안,승용,여,63세,경상,승합,남,36세,경상
2016020800100300,2016년 2월 8일 19시,월요일,경상북도 영덕군 남정면,경상사고,0,0,3,0,차대차 - 추돌,안전운전불이행,건조,맑음,교차로 - 교차로부근,승용,남,48세,상해없음,승용,남,76세,경상
2016020800100301,2016년 2월 8일 19시,월요일,경상북도 칠곡군 가산면,중상사고,0,1,1,0,차대차 - 추돌,안전운전불이행,건조,맑음,단일로 - 기타,승용,남,26세,상해없음,승용,남,28세,경상
2016020800100319,2016년 2월 8일 20시,월요일,경상북도 김천시 남면,경상사고,0,0,2,0,차량단독 - 전도전복,안전운전불이행,건조,맑음,단일로 - 기타,승용,남,53세,상해없음,,,,
2016020800100320,2016년 2월 8일 20시,월요일,경상북도 성주군 성주읍,경상사고,0,0,1,0,차대사람 - 횡단중,안전운전불이행,건조,맑음,기타 - 기타,승용,남,53세,상해없음,보행자,남,33세,경상
2016020800100344,2016년 2월 8일 21시,월요일,경상북도 포항시 남구 오천읍,경상사고,0,0,1,0,차대차 - 기타,신호위반,건조,맑음,교차로 - 교차로부근,승용,남,44세,상해없음,이륜,남,20세,경상
2016020800100362,2016년 2월 8일 22시,월요일,경상북도 영천시 문내동,경상사고,0,0,1,0,차대차 - 측면충돌,기타,건조,맑음,단일로 - 기타,승용,남,47세,상해없음,승용,남,58세,상해없음
2016020900100010,2016년 2월 9일 00시,화요일,경상북도 포항시 북구 송라면,중상사고,0,1,1,0,차대차 - 측면충돌,교차로운행방법위반,건조,맑음,교차로 - 교차로안,승합,남,48세,상해없음,승용,여,35세,중상
2016020900100033,2016년 2월 9일 02시,화요일,경상북도 경산시 옥산동,중상사고,0,1,0,0,차대차 - 정면충돌,안전운전불이행,건조,맑음,교차로 - 교차로안,승용,남,26세,상해없음,승용,남,30세,중상
2016020900100034,2016년 2월 9일 02시,화요일,경상북도 구미시 도개면,경상사고,0,0,1,1,차대차 - 측면충돌,안전운전불이행,건조,맑음,단일로 - 기타,승용,남,39세,부상신고,승용,남,46세,경상
2016020900100083,2016년 2월 9일 08시,화요일,경상북도 영덕군 영덕읍,경상사고,0,0,1,0,차대차 - 측면충돌,교차로운행방법위반,건조,맑음,교차로 - 교차로안,승용,남,47세,경상,승용,여,66세,상해없음
2016020900100089,2016년 2월 9일 09시,화요일,경상북도 상주시 개운동,중상사고,0,1,0,0,차대차 - 정면충돌,중앙선침범,건조,맑음,단일로 - 기타,승용,남,34세,상해없음,승용,남,64세,중상
2016020900100100,2016년 2월 9일 10시,화요일,경상북도 경주시 하동,경상사고,0,0,2,0,차대차 - 추돌,안전운전불이행,건조,맑음,단일로 - 기타,승용,남,34세,상해없음,승용,남,58세,상해없음