사고번호,사고일시,요일,시군구,사고내용,사망자수,중상자수,경상자수,부상신고자수,사고유형,법규위반,노면상태,기상상태,도로형태,가해운전자 차종,가해운전자 성별,가해운전자 연령,가해운전자 상해정도,피해운전자 차종,피해운전자 성별,피해운전자 연령,피해운전자 상해정도
2016020900100101,2016년 2월 9일 10시,화요일,경상북도 경주시 동방동,경상사고,0,0,4,1,차대차 - 추돌,안전운전불이행,건조,맑음,단일로 - 기타,승용,여,47세,부상신고,승용,여,49세,경상
2016020900100102,2016년 2월 9일 10시,화요일,경상북도 구미시 송정동,중상사고,0,1,1,0,차대사람 - 횡단중,보행자보호의무위반,건조,맑음,단일로 - 기타,승용,남,53세,상해없음,보행자,여,47세,경상
2016020900100119,2016년 2월 9일 11시,화요일,경상북도 포항시 북구 흥해읍,경상사고,0,0,2,0,차대차 - 측면충돌,직진우회전진행방해,건조,맑음,교차로 - 교차로부근,승용,남,52세,경상,승용,남,61세,경상
2016020900100139,2016년 2월 9일 12시,화요일,경상북도 경주시 내남면,중상사고,0,2,5,1,차대차 - 추돌,안전운전불이행,건조,맑음,단일로 - 기타,승용,남,33세,상해없음,승용,남,31세,상해없음
2016020900100162,2016년 2월 9일 13시,화요일,경상북도 경주시 서면,경상사고,0,0,1,0,차대차 - 측면충돌,안전운전불이행,건조,맑음,단일로 - 기타,승용,남,60세,상해없음,승용,여,55세,경상
2016020900100234,2016년 2월 9일 16시,화요일,경상북도 경주시 배반동,중상사고,0,3,4,0,차대차 - 추돌,안전운전불이행,건조,맑음,단일로 - 기타,승용,남,50세,상해없음,승용,남,55세,중상
2016020900100235,2016년 2월 9일 16시,화요일,경상북도 포항시 북구 죽도동,경상사고,0,0,2,0,차대차 - 정면충돌,신호위반,건조,맑음,교차로 - 교차로안,승용,여,32세,상해없음,승용,여,47세,경상
2016020900100254,2016년 2월 9일 17시,화요일,경상북도 경주시 성건동,중상사고,0,2,0,0,차대차 - 추돌,안전운전불이행,건조,맑음,교차로 - 교차로부근,화물,남,47세,상해없음,승용,여,41세,중상
2016020900100255,2016년 2월 9일 17시,화요일,경상북도 포항시 북구 환호동,중상사고,0,1,1,0,차대차 - 측면충돌,안전운전불이행,건조,맑음,단일로 - 기타,승용,여,34세,상해없음,승용,남,56세,경상
2016020900100256,2016년 2월 9일 17시,화요일,경상북도 경산시 자인면,중상사고,0,1,0,0,차대사람 - 횡단중,안전운전불이행,건조,맑음,단일로 - 기타,화물,여,39세,상해없음,보행자,여,66세,중상
2016020900100257,2016년 2월 9일 17시,화요일,경상북도 성주군 성주읍,경상사고,0,0,2,0,차대차 - 측면충돌,안전운전불이행,건조,맑음,단일로 - 기타,화물,남,51세,상해없음,승용,남,40세,경상
2016020900100279,2016년 2월 9일 18시,화요일,경상북도 안동시 옥동,부상신고사고,0,0,0,2,차대차 - 기타,안전운전불이행,건조,맑음,단일로 - 기타,승합,남,31세,부상신고,승용,남,27세,상해없음
2016020900100280,2016년 2월 9일 18시,화요일,경상북도 구미시 송정동,경상사고,0,0,1,0,차대차 - 기타,안전운전불이행,건조,맑음,단일로 - 기타,승용,여,59세,상해없음,원동기,남,18세,경상
2016020900100304,2016년 2월 9일 19시,화요일,경상북도 경주시 외동읍,중상사고,0,4,2,0,차대차 - 추돌,안전운전불이행,건조,맑음,단일로 - 기타,승용,남,35세,상해없음,승용,남,49세,중상
2016020900100305,2016년 2월 9일 19시,화요일,경상북도 영주시 가흥동,중상사고,0,1,0,0,차대사람 - 횡단중,신호위반,건조,맑음,교차로 - 교차로부근,승용,남,34세,상해없음,보행자,여,60세,중상
2016020900100337,2016년 2월 9일 20시,화요일,경상북도 포항시 북구 신흥동,경상사고,0,0,1,0,차대차 - 추돌,안전운전불이행,건조,맑음,단일로 - 기타,이륜,남,26세,경상,승용,남,53세,상해없음
2016020900100338,2016년 2월 9일 20시,화요일,경상북도 경산시 갑제동,경상사고,0,0,1,0,차대차 - 정면충돌,안전운전불이행,건조,맑음,교차로 - 교차로부근,승용,남,52세,상해없음,승용,남,47세,경상
2016020900100378,2016년 2월 9일 22시,화요일,경상북도 경주시 강동면,중상사고,0,1,0,0,차대사람 - 횡단중,안전운전불이행,건조,맑음,단일로 - 기타,승용,남,35세,상해없음,보행자,여,60세,중상
2016020900100390,2016년 2월 9일 23시,화요일,경상북도 포항시 북구 신흥동,경상사고,0,0,3,0,차대차 - 측면충돌,안전운전불이행,건조,맑음,교차로 - 교차로안,승용,남,51세,상해없음,승용,남,60세,경상
2016020900100391,2016년 2월 9일 23시,화요일,경상북도 칠곡군 동명면,중상사고,0,1,0,0,차대차 - 추돌,안전운전불이행,건조,맑음,단일로 - 기타,승용,남,54세,상해없음,승용,남,31세,중상
2016021000100009,2016년 2월 10일 00시,수요일,경상북도 포항시 북구 죽도동,중상사고,0,1,0,0,차대차 - 측면충돌,안전운전불이행,건조,맑음,단일로 - 기타,승용,남,33세,상해없음,원동기,남,16세,중상
2016021000100010,2016년 2월 10일 00시,수요일,경상북도 영주시 가흥동,경상사고,0,0,1,0,차대차 - 측면충돌,안전운전불이행,건조,맑음,교차로 - 교차로안,승용,남,25세,경상,승용,남,57세,상해없음
2016021000100037,2016년 2월 10일 02시,수요일,경상북도 포항시 남구 구룡포읍,경상사고,0,0,1,0,차량단독 - 전도전복,안전운전불이행,건조,맑음,단일로 - 기타,승용,여,54세,경상,,,,
2016021000100042,2016년 2월 10일 03시,수요일,경상북도 영주시 가흥동,경상사고,0,0,1,0,차대차 - 측면충돌,안전운전불이행,건조,맑음,단일로 - 기타,화물,남,44세,상해없음,원동기,남,21세,경상
2016021000100053,2016년 2월 10일 04시,수요일,경상북도 칠곡군 지천면,경상사고,0,0,2,0,차대차 - 측면직각충돌,안전운전불이행,건조,맑음,단일로 - 기타,승용,남,61세,상해없음,승합,남,56세,상해없음
2016021000100065,2016년 2월 10일 06시,수요일,경상북도 구미시 공단동,경상사고,0,0,1,0,차대차 - 측면충돌,안전운전불이행,건조,맑음,교차로 - 교차로부근,승용,남,56세,상해없음,승용,여,48세,경상
2016021000100102,2016년 2월 10일 10시,수요일,경상북도 포항시 북구 죽도동,경상사고,0,0,1,0,차대차 - 측면충돌,안전운전불이행,건조,맑음,단일로 - 기타,자전거,남,34세,경상,승용,남,74세,상해없음
2016021000100103,2016년 2월 10일 10시,수요일,경상북도 경산시 압량면,중상사고,0,1,0,0,차대차 - 정면충돌,교차로운행방법위반,건조,맑음,교차로 - 교차로안,승용,남,51세,상해없음,이륜,남,82세,중상
2016021000100146,2016년 2월 10일 12시,수요일,경상북도 경산시 중방동,경상사고,0,0,1,0,차대차 - 기타,교차로운행방법위반,건조,맑음,교차로 - 교차로안,승용,여,39세,상해없음,원동기,남,21세,경상
2016021000100147,2016년 2월 10일 12시,수요일,경상북도 영덕군 강구면,중상사고,0,2,1,0,차대차 - 정면충돌,중앙선침범,건조,맑음,단일로 - 기타,화물,남,47세,경상,화물,남,40세,중상
2016021000100148,2016년 2월 10일 12시,수요일,경상북도 칠곡군 동명면,경상사고,0,0,2,0,차대차 - 추돌,안전운전불이행,건조,맑음,단일로 - 기타,승용,남,38세,상해없음,승용,남,39세,경상
2016021000100172,2016년 2월 10일 13시,수요일,경상북도 경주시 마동,경상사고,0,0,1,0,차대차 - 정면충돌,안전운전불이행,건조,맑음,교차로 - 교차로안,승용,남,24세,상해없음,승용,여,23세,경상
2016021000100173,2016년 2월 10일 13시,수요일,경상북도 구미시 임수동,중상사고,0,1,0,0,차대차 - 측면직각충돌,신호위반,건조,맑음,교차로 - 교차로안,승합,여,56세,상해없음,자전거,남,47세,중상
2016021000100199,2016년 2월 10일 14시,수요일,경상북도 상주시 낙동면,경상사고,0,0,2,0,차대차 - 추돌,안전운전불이행,건조,맑음,단일로 - 기타,승용,남,40세,상해없음,승용,여,29세,경상
2016021000100200,2016년 2월 10일 14시,수요일,경상북도 구미시 원평동,중상사고,0,1,1,0,차대차 - 기타,신호위반,건조,맑음,교차로 - 교차로안,승용,여,58세,상해없음,승용,여,42세,경상
2016021000100228,2016년 2월 10일 15시,수요일,경상북도 안동시 옥동,경상사고,0,0,2,0,차대차 - 정면충돌,중앙선침범,건조,맑음,단일로 - 기타,승용,여,35세,상해없음,승용,남,60세,경상
2016021000100229,2016년 2월 10일 15시,수요일,경상북도 청도군 이서면,경상사고,0,0,5,0,차대차 - 측면직각충돌,교차로운행방법위반,건조,맑음,교차로 - 교차로안,화물,남,61세,상해없음,승용,남,47세,경상
2016021000100230,2016년 2월 10일 15시,수요일,경상북도 포항시 남구 연일읍,경상사고,0,0,5,0,차대차 - 측면직각충돌,안전운전불이행,건조,맑음,교차로 - 교차로부근,승용,남,62세,상해없음,승용,남,29세,경상
2016021000100259,2016년 2월 10일 16시,수요일,경상북도 경주시 황성동,경상사고,0,0,1,0,차대사람 - 횡단중,보행자보호의무위반,건조,맑음,단일로 - 횡단보도상,승용,남,24세,상해없음,보행자,여,16세,경상
2016021000100260,2016년 2월 10일 16시,수요일,경상북도 경주시 조양동,중상사고,0,1,1,0,차대차 - 추돌,안전거리미확보,건조,맑음,단일로 - 기타,화물,남,47세,상해없음,화물,여,57세,중상
2016021000100261,2016년 2월 10일 16시,수요일,경상북도 구미시 구평동,경상사고,0,0,2,0,차대차 - 추돌,안전운전불이행,건조,맑음,기타 - 기타,승합,남,55세,경상,승용,여,19세,경상
2016021000100312,2016년 2월 10일 18시,수요일,경상북도 경산시 백천동,경상사고,0,0,2,0,차대차 - 정면충돌,안전운전불이행,건조,맑음,단일로 - 기타,승용,남,40세,상해없음,원동기,남,48세,경상
2016021000100313,2016년 2월 10일 18시,수요일,경상북도 구미시 임은동,부상신고사고,0,0,0,1,차량단독 - 전도전복,안전운전불이행,건조,맑음,단일로 - 기타,승용,여,43세,부상신고,,,,
2016021000100314,2016년 2월 10일 18시,수요일,경상북도 구미시 형곡동,경상사고,0,0,1,0,차대차 - 기타,안전운전불이행,건조,맑음,단일로 - 기타,승용,남,56세,상해없음,이륜,남,24세,경상
2016021000100344,2016년 2월 10일 19시,수요일,경상북도 영주시 휴천동,경상사고,0,0,1,0,차대차 - 측면충돌,안전운전불이행,건조,맑음,단일로 - 기타,승용,남,57세,상해없음,원동기,남,49세,경상
2016021000100345,2016년 2월 10일 19시,수요일,경상북도 경산시 사정동,경상사고,0,0,1,0,차대사람 - 횡단중,안전운전불이행,건조,맑음,단일로 - 기타,승용,남,44세,상해없음,보행자,남,52세,경상
2016021000100368,2016년 2월 10일 20시,수요일,경상북도 포항시 북구 흥해읍,경상사고,0,0,2,0,차대차 - 추돌,안전거리미확보,건조,맑음,단일로 - 기타,승용,남,50세,상해없음,승용,여,48세,경상
2016021000100390,2016년 2월 10일 21시,수요일,경상북도 안동시 서부동,경상사고,0,0,1,0,차대차 - 추돌,안전운전불이행,건조,맑음,기타 - 기타,승용,남,48세,상해없음,이륜,남,40세,경상
2016021000100391,2016년 2월 10일 21시,수요일,경상북도 영주시 가흥동,중상사고,0,2,0,0,차대차 - 추돌,안전운전불이행,건조,맑음,교차로 - 교차로부근,화물,남,52세,상해없음,승용,여,42세,중상
2016021000100428,2016년 2월 10일 23시,수요일,경상북도 포항시 북구 양덕동,경상사고,0,0,3,0,차대차 - 측면충돌,직진우회전진행방해,건조,맑음,교차로 - 교차로안,승용,남,42세,경상,승용,여,53세,경상
2016021000100429,2016년 2월 10일 23시,수요일,경상북도 안동시 옥동,경상사고,0,0,3,0,차대차 - 추돌,안전거리미확보,건조,맑음,단일로 - 기타,승용,남,50세,상해없음,승용,남,51세,경상
2016021100100031,2016년 2월 11일 03시,목요일,경상북도 칠곡군 동명면,경상사고,0,0,1,0,차량단독 - 전도전복,안전운전불이행,건조,맑음,단일로 - 기타,이륜,남,54세,경상,,,,
2016021100100053,2016년 2월 11일 06시,목요일,경상북도 경주시 외동읍,중상사고,0,1,1,0,차대차 - 측면직각충돌,신호위반,건조,맑음,교차로 - 교차로안,승용,남,66세,중상,승용,남,71세,상해없음
2016021100100091,2016년 2월 11일 08시,목요일,경상북도 칠곡군 석적읍,경상사고,0,0,3,0,차대차 - 측면충돌,기타,건조,맑음,교차로 - 교차로안,승용,남,33세,경상,승용,남,30세,경상
2016021100100092,2016년 2월 11일 08시,목요일,경상북도 경산시 중방동,중상사고,0,1,0,0,차대차 - 추돌,안전운전불이행,건조,맑음,교차로 - 교차로부근,승용,남,18세,상해없음,승용,여,36세,중상
2016021100100111,2016년 2월 11일 09시,목요일,경상북도 포항시 남구 대잠동,부상신고사고,0,0,0,1,차대차 - 기타,안전운전불이행,건조,맑음,교차로 - 교차로안,승용,여,33세,상해없음,승용,남,53세,부상신고
2016021100100141,2016년 2월 11일 11시,목요일,경상북도 포항시 북구 용흥동,경상사고,0,0,2,0,차대차 - 측면충돌,교차로운행방법위반,건조,맑음,교차로 - 교차로안,승용,남,74세,상해없음,승용,남,40세,경상
2016021100100142,2016년 2월 11일 11시,목요일,경상북도 포항시 남구 연일읍,중상사고,0,1,4,0,차대차 - 측면충돌,안전운전불이행,건조,맑음,단일로 - 기타,승용,남,32세,경상,승용,남,29세,경상
2016021100100161,2016년 2월 11일 12시,목요일,경상북도 포항시 북구 양덕동,경상사고,0,0,1,0,차대차 - 기타,교차로운행방법위반,건조,맑음,교차로 - 교차로안,승용,여,59세,상해없음,자전거,남,8세,경상
2016021100100162,2016년 2월 11일 12시,목요일,경상북도 의성군 금성면,중상사고,0,1,0,0,차대차 - 측면충돌,안전운전불이행,건조,맑음,교차로 - 교차로안,승용,여,57세,상해없음,이륜,남,75세,중상
2016021100100163,2016년 2월 11일 12시,목요일,경상북도 성주군 성주읍,경상사고,0,0,1,0,차대차 - 측면직각충돌,안전운전불이행,건조,맑음,교차로 - 교차로안,원동기,남,20세,경상,화물,남,20세,상해없음
2016021100100179,2016년 2월 11일 13시,목요일,경상북도 김천시 구성면,경상사고,0,0,1,0,차대차 - 정면충돌,신호위반,건조,맑음,교차로 - 교차로안,승용,여,24세,상해없음,화물,남,53세,경상
2016021100100180,2016년 2월 11일 13시,목요일,경상북도 영주시 하망동,경상사고,0,0,1,0,차대차 - 측면충돌,안전운전불이행,건조,맑음,교차로 - 교차로안,이륜,남,63세,경상,승용,남,46세,상해없음
2016021100100208,2016년 2월 11일 14시,목요일,경상북도 칠곡군 왜관읍,경상사고,0,0,2,0,차대차 - 정면충돌,교차로운행방법위반,건조,맑음,교차로 - 교차로안,승용,남,23세,상해없음,승용,남,85세,경상
2016021100100234,2016년 2월 11일 15시,목요일,경상북도 경주시 동천동,중상사고,0,1,0,0,차대사람 - 횡단중,안전운전불이행,건조,맑음,단일로 - 기타,승용,남,66세,상해없음,보행자,여,26세,중상
2016021100100235,2016년 2월 11일 15시,목요일,경상북도 영천시 문외동,경상사고,0,0,1,0,차대차 - 측면충돌,직진우회전진행방해,건조,맑음,교차로 - 교차로안,승용,여,55세,상해없음,승용,남,72세,경상
2016021100100258,2016년 2월 11일 16시,목요일,경상북도 경주시 도지동,사망사고,1,0,0,0,차대차 - 측면충돌,안전운전불이행,건조,맑음,단일로 - 기타,화물,남,51세,사망,화물,남,55세,상해없음
2016021100100259,2016년 2월 11일 16시,목요일,경상북도 의성군 다인면,중상사고,0,1,0,0,차대차 - 측면충돌,안전운전불이행,건조,맑음,단일로 - 기타,화물,남,60세,상해없음,이륜,남,78세,중상
2016021100100260,2016년 2월 11일 16시,목요일,경상북도 구미시 도량동,경상사고,0,0,1,0,차대차 - 측면충돌,안전운전불이행,건조,맑음,기타 - 기타,승용,남,60세,상해없음,승합,남,36세,기타불명
2016021100100316,2016년 2월 11일 18시,목요일,경상북도 경주시 황성동,중상사고,0,1,0,0,차대사람 - 횡단중,안전운전불이행,건조,맑음,단일로 - 기타,승용,여,44세,상해없음,보행자,여,67세,중상
2016021100100317,2016년 2월 11일 18시,목요일,경상북도 안동시 용상동,중상사고,0,1,2,0,차대차 - 정면충돌,신호위반,건조,맑음,교차로 - 교차로안,승용,남,27세,상해없음,승용,남,44세,경상
2016021100100318,2016년 2월 11일 18시,목요일,경상북도 안동시 용상동,경상사고,0,0,1,0,차대차 - 추돌,직진우회전진행방해,건조,맑음,교차로 - 교차로안,승용,여,30세,상해없음,승용,여,46세,경상
2016021100100319,2016년 2월 11일 18시,목요일,경상북도 경산시 하양읍,경상사고,0,0,1,0,차대차 - 기타,신호위반,건조,맑음,교차로 - 교차로안,승용,남,30세,상해없음,승용,여,50세,경상
2016021100100320,2016년 2월 11일 18시,목요일,경상북도 구미시 선산읍,중상사고,0,1,0,0,차대차 - 측면충돌,안전운전불이행,습기,맑음,교차로 - 교차로부근,승용,여,46세,상해없음,이륜,여,72세,중상
2016021100100368,2016년 2월 11일 20시,목요일,경상북도 문경시 흥덕동,중상사고,0,2,1,0,차대차 - 측면직각충돌,직진우회전진행방해,건조,맑음,교차로 - 교차로안,승용,남,74세,중상,승용,남,32세,경상
2016021100100392,2016년 2월 11일 21시,목요일,경상북도 영천시 완산동,경상사고,0,0,3,0,차대차 - 측면직각충돌,신호위반,건조,맑음,교차로 - 교차로안,승용,남,48세,경상,승용,여,47세,경상
2016021100100393,2016년 2월 11일 21시,목요일,경상북도 영천시 청통면,경상사고,0,0,2,0,차대차 - 추돌,안전운전불이행,건조,맑음,교차로 - 교차로부근,승용,남,47세,상해없음,승용,남,61세,경상
2016021100100394,2016년 2월 11일 21시,목요일,경상북도 경산시 사동,경상사고,0,0,1,0,차대차 - 기타,신호위반,건조,맑음,교차로 - 교차로안,이륜,남,19세,상해없음,승용,남,42세,경상
2016021100100413,2016년 2월 11일 22시,목요일,경상북도 경산시 진량읍,경상사고,0,0,1,0,차대사람 - 기타,안전운전불이행,건조,맑음,단일로 - 기타,승용,남,44세,상해없음,보행자,남,16세,경상
2016021100100414,2016년 2월 11일 22시,목요일,경상북도 포항시 남구 대도동,경상사고,0,0,1,1,차대차 - 측면충돌,안전운전불이행,건조,맑음,단일로 - 기타,승용,남,70세,상해없음,승용,남,33세,부상신고
2016021200100042,2016년 2월 12일 01시,금요일,경상북도 포항시 북구 흥해읍,중상사고,0,1,0,0,차량단독 - 전도전복,안전운전불이행,건조,맑음,단일로 - 기타,승용,남,25세,중상,,,,
2016021200100127,2016년 2월 12일 07시,금요일,경상북도 칠곡군 석적읍,중상사고,0,1,0,1,차대차 - 측면충돌,중앙선침범,습기,비,단일로 - 기타,승용,남,38세,부상신고,승용,남,32세,중상
2016021200100128,2016년 2월 12일 07시,금요일,경상북도 경산시 옥산동,경상사고,0,0,1,0,차대차 - 측면충돌,교차로운행방법위반,습기,흐림,교차로 - 교차로안,이륜,남,76세,경상,화물,남,61세,상해없음
2016021200100129,2016년 2월 12일 07시,금요일,경상북도 구미시 공단동,중상사고,0,1,0,0,차대차 - 추돌,안전운전불이행,건조,맑음,단일로 - 교량,화물,남,44세,상해없음,승용,남,29세,중상
2016021200100130,2016년 2월 12일 07시,금요일,경상북도 포항시 남구 해도동,경상사고,0,0,2,0,차대차 - 추돌,안전거리미확보,습기,비,교차로 - 교차로부근,승용,남,39세,상해없음,승용,여,51세,경상
2016021200100152,2016년 2월 12일 08시,금요일,경상북도 경산시 남천면,중상사고,0,2,1,0,차대차 - 정면충돌,중앙선침범,건조,맑음,단일로 - 기타,승용,여,38세,중상,승용,남,39세,경상
2016021200100182,2016년 2월 12일 10시,금요일,경상북도 경주시 안강읍,경상사고,0,0,2,0,차대차 - 추돌,안전운전불이행,습기,비,단일로 - 기타,승합,남,71세,경상,화물,남,51세,경상
2016021200100183,2016년 2월 12일 10시,금요일,경상북도 구미시 원평동,경상사고,0,0,1,0,차대사람 - 횡단중,안전운전불이행,건조,맑음,단일로 - 기타,승용,여,50세,상해없음,보행자,남,61세,경상
2016021200100184,2016년 2월 12일 10시,금요일,경상북도 포항시 남구 대잠동,중상사고,0,1,0,0,차대차 - 측면충돌,교차로운행방법위반,건조,맑음,교차로 - 교차로안,승용,남,43세,상해없음,승용,여,52세,중상
2016021200100209,2016년 2월 12일 11시,금요일,경상북도 문경시 영순면,경상사고,0,0,2,1,차대차 - 측면충돌,중앙선침범,습기,비,단일로 - 기타,승용,남,77세,부상신고,승용,남,57세,경상
2016021200100229,2016년 2월 12일 12시,금요일,경상북도 포항시 북구 용흥동,경상사고,0,0,1,0,차대차 - 측면충돌,직진우회전진행방해,건조,맑음,교차로 - 교차로안,승용,남,23세,상해없음,승용,남,68세,상해없음
2016021200100251,2016년 2월 12일 13시,금요일,경상북도 성주군 선남면,경상사고,0,0,1,0,차대차 - 정면충돌,안전운전불이행,습기,비,기타 - 기타,화물,남,24세,상해없음,화물,남,57세,경상
2016021200100279,2016년 2월 12일 14시,금요일,경상북도 영덕군 영덕읍,중상사고,0,1,0,0,차대사람 - 길가장자리구역통행중,안전운전불이행,습기,비,단일로 - 기타,승용,여,66세,상해없음,보행자,남,52세,중상
2016021200100319,2016년 2월 12일 16시,금요일,경상북도 포항시 남구 해도동,경상사고,0,0,1,0,차대차 - 측면직각충돌,안전운전불이행,건조,맑음,단일로 - 기타,승용,남,56세,상해없음,승용,남,25세,상해없음
2016021200100339,2016년 2월 12일 17시,금요일,경상북도 청송군 안덕면,경상사고,0,0,1,0,차량단독 - 공작물충돌,안전운전불이행,습기,비,단일로 - 기타,승합,남,56세,상해없음,,,,
2016021200100372,2016년 2월 12일 18시,금요일,경상북도 포항시 남구 오천읍,경상사고,0,0,2,0,차대차 - 기타,신호위반,습기,비,교차로 - 교차로안,승용,여,52세,경상,승용,남,46세,경상
2016021200100419,2016년 2월 12일 19시,금요일,경상북도 구미시 사곡동,경상사고,0,0,2,0,차대차 - 기타,안전운전불이행,습기,비,교차로 - 교차로부근,승용,남,61세,상해없음,승용,남,28세,경상
2016021200100509,2016년 2월 12일 21시,금요일,경상북도 포항시 북구 양덕동,경상사고,0,0,2,0,차대차 - 정면충돌,안전운전불이행,습기,흐림,교차로 - 교차로안,승용,여,23세,경상,승합,남,55세,경상
2016021200100546,2016년 2월 12일 22시,금요일,경상북도 구미시 공단동,경상사고,0,0,2,0,차대차 - 측면충돌,안전운전불이행,습기,비,교차로 - 교차로부근,승용,여,32세,기타불명,승용,남,47세,기타불명
2016021200100580,2016년 2월 12일 23시,금요일,경상북도 영주시 봉현면,사망사고,1,0,0,0,차대사람 - 기타,안전운전불이행,습기,비,단일로 - 기타,승용,남,42세,상해없음,보행자,남,23세,사망
2016021300100015,2016년 2월 13일 00시,토요일,경상북도 구미시 원평동,경상사고,0,0,1,0,차대차 - 기타,안전운전불이행,건조,맑음,단일로 - 기타,승용,남,42세,상해없음,승용,여,41세,상해없음
2016021300100056,2016년 2월 13일 02시,토요일,경상북도 구미시 구평동,부상신고사고,0,0,0,1,차대차 - 측면충돌,안전운전불이행,습기,비,교차로 - 교차로안,이륜,남,35세,부상신고,승용,남,31세,상해없음
2016021300100057,2016년 2월 13일 02시,토요일,경상북도 구미시 원평동,경상사고,0,0,3,0,차대차 - 측면충돌,안전운전불이행,건조,맑음,교차로 - 교차로안,승용,남,46세,상해없음,승용,남,40세,경상
2016021300100064,2016년 2월 13일 03시,토요일,경상북도 구미시 진평동,중상사고,0,1,0,0,차대사람 - 기타,안전운전불이행,건조,맑음,단일로 - 기타,승용,남,39세,상해없음,보행자,남,24세,중상
2016021300100074,2016년 2월 13일 04시,토요일,경상북도 김천시 황금동,중상사고,0,1,1,1,차대차 - 측면충돌,교차로운행방법위반,건조,맑음,교차로 - 교차로안,승용,남,32세,부상신고,승용,남,45세,경상
2016021300100111,2016년 2월 13일 07시,토요일,경상북도 구미시 형곡동,경상사고,0,0,1,0,차대차 - 측면충돌,신호위반,습기,안개,교차로 - 교차로안,승용,여,59세,상해없음,화물,남,45세,경상
2016021300100127,2016년 2월 13일 08시,토요일,경상북도 경산시 사정동,경상사고,0,0,1,0,차대사람 - 횡단중,보행자보호의무위반,건조,맑음,교차로 - 교차로안,승용,남,73세,상해없음,보행자,여,58세,경상
2016021300100159,2016년 2월 13일 10시,토요일,경상북도 포항시 북구 죽도동,중상사고,0,1,0,0,차대차 - 측면충돌,신호위반,습기,흐림,교차로 - 교차로부근,이륜,남,25세,중상,승용,여,48세,상해없음
2016021300100160,2016년 2월 13일 10시,토요일,경상북도 칠곡군 왜관읍,중상사고,0,1,0,0,차대사람 - 횡단중,안전운전불이행,습기,맑음,단일로 - 기타,승용,남,30세,상해없음,보행자,여,73세,중상
2016021300100161,2016년 2월 13일 10시,토요일,경상북도 포항시 남구 대잠동,중상사고,0,1,0,0,차대사람 - 횡단중,안전운전불이행,건조,맑음,교차로 - 교차로안,승용,남,62세,상해없음,보행자,남,32세,중상
2016021300100189,2016년 2월 13일 11시,토요일,경상북도 상주시 신봉동,중상사고,0,1,0,0,차대차 - 측면직각충돌,교차로운행방법위반,습기,비,교차로 - 교차로안,승용,여,31세,상해없음,원동기,남,76세,중상
2016021300100190,2016년 2월 13일 11시,토요일,경상북도 포항시 남구 오천읍,경상사고,0,0,2,0,차대차 - 추돌,안전운전불이행,건조,맑음,교차로 - 교차로부근,승용,남,50세,상해없음,승용,남,33세,경상
2016021300100206,2016년 2월 13일 12시,토요일,경상북도 영주시 하망동,부상신고사고,0,0,0,1,차대사람 - 횡단중,안전운전불이행,건조,맑음,교차로 - 교차로안,승용,여,41세,상해없음,보행자,남,30세,부상신고
2016021300100227,2016년 2월 13일 13시,토요일,경상북도 구미시 송정동,경상사고,0,0,1,0,차대사람 - 횡단중,안전운전불이행,건조,맑음,단일로 - 기타,승용,여,33세,상해없음,보행자,남,54세,경상
2016021300100239,2016년 2월 13일 14시,토요일,경상북도 상주시 남성동,경상사고,0,0,1,0,차대사람 - 차도통행중,안전운전불이행,습기,흐림,단일로 - 기타,승용,남,71세,상해없음,보행자,남,66세,경상
2016021300100240,2016년 2월 13일 14시,토요일,경상북도 경산시 중방동,경상사고,0,0,1,0,차대차 - 정면충돌,중앙선침범,건조,맑음,단일로 - 기타,자전거,남,85세,경상,이륜,남,24세,상해없음
2016021300100261,2016년 2월 13일 15시,토요일,경상북도 경주시 용강동,경상사고,0,0,1,0,차대차 - 추돌,안전운전불이행,건조,맑음,단일로 - 기타,승용,남,50세,상해없음,승용,남,42세,경상
2016021300100262,2016년 2월 13일 15시,토요일,경상북도 영주시 영주동,중상사고,0,1,0,0,차대사람 - 횡단중,안전운전불이행,건조,맑음,교차로 - 교차로안,승용,남,54세,상해없음,보행자,여,82세,중상
2016021300100263,2016년 2월 13일 15시,토요일,경상북도 경산시 옥산동,경상사고,0,0,4,0,차대차 - 기타,신호위반,건조,맑음,교차로 - 교차로안,승용,여,67세,경상,승용,남,53세,경상
2016021300100283,2016년 2월 13일 16시,토요일,경상북도 포항시 북구 죽도동,중상사고,0,1,0,0,차대차 - 측면충돌,안전운전불이행,습기,비,교차로 - 교차로안,승용,남,58세,상해없음,자전거,남,64세,중상
2016021300100284,2016년 2월 13일 16시,토요일,경상북도 영천시 오미동,중상사고,0,1,0,0,차량단독 - 전도전복,안전운전불이행,습기,흐림,단일로 - 기타,승용,남,42세,상해없음,,,,
2016021300100285,2016년 2월 13일 16시,토요일,경상북도 경산시 중방동,경상사고,0,0,1,0,차대차 - 측면충돌,안전운전불이행,습기,비,단일로 - 기타,승용,남,49세,상해없음,화물,남,39세,상해없음
2016021300100286,2016년 2월 13일 16시,토요일,경상북도 청도군 풍각면,사망사고,1,2,0,0,차대차 - 측면직각충돌,중앙선침범,습기,비,단일로 - 기타,승합,남,43세,중상,승용,남,55세,중상