사고번호,사고일시,요일,시군구,사고내용,사망자수,중상자수,경상자수,부상신고자수,사고유형,법규위반,노면상태,기상상태,도로형태,가해운전자 차종,가해운전자 성별,가해운전자 연령,가해운전자 상해정도,피해운전자 차종,피해운전자 성별,피해운전자 연령,피해운전자 상해정도
2016021300100362,2016년 2월 13일 18시,토요일,경상북도 경주시 노동동,부상신고사고,0,0,0,1,차대사람 - 차도통행중,안전운전불이행,건조,맑음,교차로 - 교차로부근,승용,남,39세,상해없음,보행자,남,46세,부상신고
2016021300100363,2016년 2월 13일 18시,토요일,경상북도 구미시 신평동,경상사고,0,0,2,0,차대차 - 측면직각충돌,신호위반,습기,비,교차로 - 교차로안,승합,남,41세,상해없음,승용,남,43세,경상
2016021300100364,2016년 2월 13일 18시,토요일,경상북도 구미시 상모동,경상사고,0,0,1,0,차대차 - 추돌,안전운전불이행,습기,비,교차로 - 교차로부근,화물,남,62세,기타불명,승용,남,36세,경상
2016021300100400,2016년 2월 13일 19시,토요일,경상북도 포항시 남구 대잠동,경상사고,0,0,1,0,차대차 - 측면직각충돌,신호위반,습기,비,교차로 - 교차로안,승용,남,24세,상해없음,승용,남,26세,경상
2016021300100438,2016년 2월 13일 20시,토요일,경상북도 김천시 성내동,경상사고,0,0,3,0,차대차 - 측면충돌,중앙선침범,습기,비,교차로 - 교차로안,승용,남,55세,상해없음,승용,남,38세,경상
2016021300100439,2016년 2월 13일 20시,토요일,경상북도 문경시 모전동,경상사고,0,0,1,0,차대차 - 측면직각충돌,신호위반,습기,비,교차로 - 교차로안,승용,남,32세,상해없음,승용,여,35세,경상
2016021300100470,2016년 2월 13일 21시,토요일,경상북도 구미시 비산동,경상사고,0,0,1,0,차대차 - 측면충돌,안전운전불이행,건조,맑음,단일로 - 기타,승용,여,53세,상해없음,승용,여,46세,상해없음
2016021400100017,2016년 2월 14일 00시,일요일,경상북도 포항시 북구 양덕동,경상사고,0,0,1,0,차량단독 - 전도전복,안전운전불이행,건조,맑음,교차로 - 교차로안,승용,남,25세,경상,,,,
2016021400100043,2016년 2월 14일 01시,일요일,경상북도 포항시 남구 해도동,경상사고,0,0,1,0,차대차 - 측면충돌,신호위반,건조,맑음,교차로 - 교차로안,승용,남,33세,상해없음,승용,남,55세,상해없음
2016021400100061,2016년 2월 14일 02시,일요일,경상북도 포항시 남구 해도동,경상사고,0,0,2,0,차대차 - 추돌,안전운전불이행,건조,맑음,교차로 - 교차로부근,승용,여,46세,상해없음,승용,남,39세,경상
2016021400100071,2016년 2월 14일 03시,일요일,경상북도 포항시 북구 용흥동,중상사고,0,1,0,0,차대사람 - 횡단중,안전운전불이행,습기,비,교차로 - 교차로부근,승용,남,48세,상해없음,보행자,남,48세,중상
2016021400100125,2016년 2월 14일 10시,일요일,경상북도 청도군 화양읍,경상사고,0,0,1,0,차대차 - 추돌,안전운전불이행,건조,흐림,교차로 - 교차로안,승용,남,40세,상해없음,승용,남,49세,상해없음
2016021400100158,2016년 2월 14일 13시,일요일,경상북도 영주시 휴천동,경상사고,0,0,1,0,차대차 - 측면충돌,안전운전불이행,건조,맑음,교차로 - 교차로안,원동기,남,15세,경상,승용,여,34세,상해없음
2016021400100159,2016년 2월 14일 13시,일요일,경상북도 포항시 남구 상도동,경상사고,0,0,1,0,차대차 - 측면충돌,신호위반,건조,맑음,단일로 - 기타,자전거,남,9세,경상,승용,남,64세,상해없음
2016021400100176,2016년 2월 14일 14시,일요일,경상북도 영천시 완산동,경상사고,0,0,2,0,차대차 - 추돌,안전운전불이행,건조,맑음,단일로 - 기타,승용,남,50세,상해없음,승용,남,67세,경상
2016021400100202,2016년 2월 14일 15시,일요일,경상북도 경주시 외동읍,경상사고,0,0,1,0,차대차 - 추돌,안전운전불이행,건조,맑음,단일로 - 기타,이륜,남,17세,경상,이륜,남,36세,상해없음
2016021400100203,2016년 2월 14일 15시,일요일,경상북도 영주시 가흥동,중상사고,0,1,4,0,차대차 - 측면충돌,신호위반,건조,맑음,교차로 - 교차로안,승용,남,73세,경상,화물,남,39세,경상
2016021400100222,2016년 2월 14일 16시,일요일,경상북도 영주시 하망동,경상사고,0,0,1,0,차대차 - 측면충돌,안전운전불이행,건조,맑음,단일로 - 기타,화물,남,58세,경상,승용,남,49세,상해없음
2016021400100296,2016년 2월 14일 19시,일요일,경상북도 경산시 하양읍,중상사고,0,1,0,0,차대차 - 측면충돌,안전운전불이행,건조,맑음,교차로 - 교차로안,승용,남,57세,상해없음,승용,남,51세,중상
2016021400100312,2016년 2월 14일 20시,일요일,경상북도 경산시 중방동,경상사고,0,0,2,0,차대차 - 측면충돌,교차로운행방법위반,건조,맑음,교차로 - 교차로안,이륜,남,16세,상해없음,승용,남,47세,경상
2016021400100332,2016년 2월 14일 21시,일요일,경상북도 경산시 계양동,중상사고,0,2,0,0,차대차 - 정면충돌,안전운전불이행,건조,맑음,단일로 - 기타,승용,여,36세,상해없음,승용,남,38세,상해없음
2016021500100020,2016년 2월 15일 03시,월요일,경상북도 구미시 진평동,중상사고,0,2,0,0,차대차 - 추돌,안전운전불이행,건조,맑음,교차로 - 교차로안,승용,여,30세,상해없음,승용,남,58세,중상
2016021500100034,2016년 2월 15일 05시,월요일,경상북도 경산시 대평동,중상사고,0,1,0,0,차대차 - 측면직각충돌,직진우회전진행방해,건조,맑음,교차로 - 교차로안,승용,남,39세,상해없음,승용,남,60세,중상
2016021500100135,2016년 2월 15일 09시,월요일,경상북도 상주시 서성동,중상사고,0,1,0,0,차대차 - 측면충돌,안전운전불이행,건조,맑음,단일로 - 기타,승용,남,72세,상해없음,승용,여,56세,중상
2016021500100136,2016년 2월 15일 09시,월요일,경상북도 칠곡군 왜관읍,경상사고,0,0,2,0,차대차 - 측면충돌,안전운전불이행,건조,맑음,단일로 - 기타,화물,남,49세,경상,화물,남,31세,경상
2016021500100165,2016년 2월 15일 10시,월요일,경상북도 경산시 자인면,중상사고,0,1,0,0,차대차 - 정면충돌,안전운전불이행,건조,맑음,단일로 - 기타,화물,남,59세,상해없음,승용,남,42세,중상
2016021500100202,2016년 2월 15일 11시,월요일,경상북도 포항시 북구 죽도동,중상사고,0,1,1,0,차대차 - 측면충돌,직진우회전진행방해,건조,맑음,교차로 - 교차로안,승용,여,46세,중상,승용,여,47세,경상
2016021500100203,2016년 2월 15일 11시,월요일,경상북도 칠곡군 북삼읍,경상사고,0,0,1,1,차대차 - 측면충돌,안전운전불이행,건조,맑음,교차로 - 교차로부근,화물,남,61세,부상신고,승용,남,53세,경상
2016021500100204,2016년 2월 15일 11시,월요일,경상북도 구미시 송정동,경상사고,0,0,1,0,차대사람 - 길가장자리구역통행중,안전운전불이행,건조,맑음,교차로 - 교차로부근,승용,여,56세,상해없음,보행자,여,17세,경상
2016021500100205,2016년 2월 15일 11시,월요일,경상북도 포항시 남구 해도동,경상사고,0,0,1,0,차대차 - 측면충돌,안전운전불이행,건조,맑음,교차로 - 교차로안,승용,여,67세,상해없음,자전거,남,78세,경상
2016021500100227,2016년 2월 15일 12시,월요일,경상북도 포항시 북구 죽도동,중상사고,0,1,0,0,차대차 - 측면충돌,안전운전불이행,건조,맑음,교차로 - 교차로안,승용,남,43세,상해없음,원동기,남,33세,중상
2016021500100228,2016년 2월 15일 12시,월요일,경상북도 포항시 남구 대송면,사망사고,1,0,0,0,차대차 - 측면직각충돌,안전운전불이행,건조,맑음,교차로 - 교차로안,이륜,남,73세,사망,화물,남,30세,기타불명
2016021500100251,2016년 2월 15일 13시,월요일,경상북도 영천시 신령면,중상사고,0,1,1,0,차량단독 - 전도전복,안전운전불이행,건조,맑음,단일로 - 기타,승용,여,48세,경상,,,,
2016021500100252,2016년 2월 15일 13시,월요일,경상북도 구미시 공단동,경상사고,0,0,1,0,차대차 - 기타,안전운전불이행,건조,맑음,단일로 - 기타,승용,남,25세,기타불명,승용,남,54세,경상
2016021500100253,2016년 2월 15일 13시,월요일,경상북도 포항시 남구 해도동,중상사고,0,1,1,0,차대사람 - 횡단중,안전운전불이행,건조,맑음,단일로 - 기타,이륜,남,26세,경상,보행자,여,84세,중상
2016021500100288,2016년 2월 15일 14시,월요일,경상북도 경주시 서면,중상사고,0,1,0,0,차량단독 - 전도전복,안전운전불이행,건조,맑음,단일로 - 기타,승용,남,62세,중상,,,,
2016021500100289,2016년 2월 15일 14시,월요일,경상북도 의성군 의성읍,경상사고,0,0,1,0,차대차 - 정면충돌,직진우회전진행방해,건조,맑음,교차로 - 교차로안,이륜,여,53세,경상,승용,여,47세,상해없음
2016021500100319,2016년 2월 15일 15시,월요일,경상북도 경주시 천군동,중상사고,0,1,3,0,차대차 - 측면충돌,직진우회전진행방해,건조,맑음,교차로 - 교차로안,승용,여,61세,상해없음,승용,남,59세,중상
2016021500100320,2016년 2월 15일 15시,월요일,경상북도 김천시 평화동,경상사고,0,0,1,0,차대차 - 측면충돌,안전운전불이행,건조,맑음,교차로 - 교차로안,이륜,남,53세,경상,승용,남,66세,상해없음
2016021500100321,2016년 2월 15일 15시,월요일,경상북도 상주시 가장동,경상사고,0,0,1,0,차대차 - 측면충돌,교차로운행방법위반,건조,맑음,교차로 - 교차로안,승용,남,68세,상해없음,화물,남,39세,경상
2016021500100322,2016년 2월 15일 15시,월요일,경상북도 문경시 마성면,중상사고,0,2,0,0,차대차 - 기타,안전운전불이행,건조,맑음,단일로 - 기타,기타불명,기타불명,기타불명,기타불명,승용,남,50세,중상
2016021500100359,2016년 2월 15일 16시,월요일,경상북도 안동시 풍산읍,경상사고,0,0,2,0,차대차 - 측면직각충돌,직진우회전진행방해,건조,맑음,교차로 - 교차로안,승용,남,41세,경상,승용,남,32세,경상
2016021500100360,2016년 2월 15일 16시,월요일,경상북도 고령군 쌍림면,경상사고,0,0,1,0,차대차 - 측면직각충돌,교차로운행방법위반,건조,맑음,교차로 - 교차로안,화물,남,41세,상해없음,건설기계,남,46세,경상
2016021500100400,2016년 2월 15일 17시,월요일,경상북도 경주시 동천동,중상사고,0,1,0,0,차대사람 - 길가장자리구역통행중,안전운전불이행,건조,맑음,교차로 - 교차로안,승용,남,74세,상해없음,보행자,남,66세,중상
2016021500100401,2016년 2월 15일 17시,월요일,경상북도 경주시 건천읍,중상사고,0,1,0,0,차대사람 - 기타,안전운전불이행,건조,맑음,단일로 - 기타,화물,남,57세,상해없음,보행자,여,61세,중상
2016021500100402,2016년 2월 15일 17시,월요일,경상북도 칠곡군 왜관읍,경상사고,0,0,1,0,차대차 - 측면충돌,안전운전불이행,건조,맑음,교차로 - 교차로안,승용,남,47세,상해없음,화물,남,49세,경상
2016021500100439,2016년 2월 15일 18시,월요일,경상북도 경주시 성동동,경상사고,0,0,1,0,차대차 - 측면직각충돌,안전운전불이행,건조,맑음,단일로 - 기타,승용,남,63세,기타불명,자전거,남,81세,경상
2016021500100440,2016년 2월 15일 18시,월요일,경상북도 상주시 서문동,중상사고,0,1,0,0,차대사람 - 횡단중,보행자보호의무위반,건조,맑음,교차로 - 교차로부근,승용,남,64세,상해없음,보행자,여,65세,중상
2016021500100441,2016년 2월 15일 18시,월요일,경상북도 영천시 금호읍,경상사고,0,0,1,0,차대차 - 추돌,안전운전불이행,건조,맑음,교차로 - 교차로안,승합,남,66세,상해없음,승용,여,56세,경상
2016021500100442,2016년 2월 15일 18시,월요일,경상북도 구미시 원평동,경상사고,0,0,1,0,차대사람 - 횡단중,보행자보호의무위반,건조,맑음,단일로 - 횡단보도상,원동기,남,18세,상해없음,보행자,여,42세,경상
2016021500100475,2016년 2월 15일 19시,월요일,경상북도 상주시 낙동면,경상사고,0,0,1,0,차량단독 - 전도전복,안전운전불이행,습기,흐림,단일로 - 기타,승용,남,76세,상해없음,,,,
2016021500100506,2016년 2월 15일 20시,월요일,경상북도 청도군 청도읍,경상사고,0,0,3,0,차대차 - 측면직각충돌,직진우회전진행방해,건조,맑음,교차로 - 교차로안,승용,남,25세,상해없음,승용,남,38세,경상
2016021500100528,2016년 2월 15일 21시,월요일,경상북도 안동시 옥동,경상사고,0,0,2,0,차대차 - 정면충돌,직진우회전진행방해,건조,맑음,교차로 - 교차로안,승용,여,25세,경상,승용,남,44세,경상
2016021500100529,2016년 2월 15일 21시,월요일,경상북도 구미시 진평동,경상사고,0,0,1,0,차대차 - 측면충돌,교차로운행방법위반,건조,맑음,교차로 - 교차로안,승용,남,25세,상해없음,승용,남,43세,경상
2016021500100564,2016년 2월 15일 22시,월요일,경상북도 경주시 성동동,중상사고,0,2,0,0,차대차 - 추돌,안전운전불이행,건조,맑음,단일로 - 기타,승용,남,41세,상해없음,승용,남,56세,중상
2016021500100565,2016년 2월 15일 22시,월요일,경상북도 상주시 남성동,중상사고,0,1,0,0,차대차 - 기타,안전운전불이행,습기,흐림,교차로 - 교차로안,이륜,남,17세,중상,승용,남,49세,상해없음
2016021500100566,2016년 2월 15일 22시,월요일,경상북도 칠곡군 왜관읍,경상사고,0,0,1,0,차대차 - 기타,교차로운행방법위반,건조,맑음,교차로 - 교차로안,승용,남,21세,상해없음,승용,남,56세,경상
2016021500100598,2016년 2월 15일 23시,월요일,경상북도 경주시 안강읍,경상사고,0,0,3,0,차대차 - 기타,안전운전불이행,건조,맑음,교차로 - 교차로부근,승용,남,61세,경상,승용,여,43세,경상
2016021500100599,2016년 2월 15일 23시,월요일,경상북도 포항시 남구 상도동,부상신고사고,0,0,0,1,차대차 - 측면직각충돌,안전운전불이행,건조,맑음,단일로 - 기타,승용,남,26세,상해없음,승용,남,55세,상해없음
2016021600100034,2016년 2월 16일 02시,화요일,경상북도 영천시 야사동,경상사고,0,0,1,0,차대차 - 추돌,안전운전불이행,건조,맑음,단일로 - 기타,이륜,여,67세,경상,승용,남,63세,기타불명
2016021600100078,2016년 2월 16일 06시,화요일,경상북도 봉화군 명호면,사망사고,1,0,0,0,차량단독 - 전도전복,안전운전불이행,건조,맑음,단일로 - 기타,화물,남,54세,사망,,,,
2016021600100079,2016년 2월 16일 06시,화요일,경상북도 포항시 남구 상도동,경상사고,0,0,1,0,차대사람 - 횡단중,신호위반,건조,맑음,교차로 - 교차로부근,승용,남,65세,상해없음,보행자,남,23세,경상
2016021600100141,2016년 2월 16일 08시,화요일,경상북도 포항시 북구 동빈1가,중상사고,0,1,0,0,차대차 - 정면충돌,안전운전불이행,건조,맑음,교차로 - 교차로안,승용,여,55세,상해없음,승용,여,41세,중상
2016021600100168,2016년 2월 16일 09시,화요일,경상북도 경주시 황오동,중상사고,0,2,0,0,차대차 - 측면충돌,신호위반,건조,맑음,교차로 - 교차로안,승용,남,55세,중상,승용,남,53세,중상
2016021600100169,2016년 2월 16일 09시,화요일,경상북도 칠곡군 가산면,중상사고,0,1,0,0,차량단독 - 공작물충돌,안전운전불이행,적설,흐림,단일로 - 기타,화물,남,59세,상해없음,,,,
2016021600100170,2016년 2월 16일 09시,화요일,경상북도 구미시 임수동,경상사고,0,0,1,0,차대차 - 추돌,안전운전불이행,건조,맑음,교차로 - 교차로부근,승용,남,37세,상해없음,승용,여,26세,경상
2016021600100201,2016년 2월 16일 10시,화요일,경상북도 구미시 공단동,중상사고,0,1,0,0,차대차 - 기타,안전운전불이행,건조,맑음,교차로 - 교차로안,승합,남,41세,상해없음,이륜,남,36세,중상
2016021600100231,2016년 2월 16일 11시,화요일,경상북도 영천시 창구동,중상사고,0,1,2,0,차대차 - 측면직각충돌,교차로운행방법위반,건조,맑음,교차로 - 교차로안,승용,여,48세,경상,승용,남,38세,중상
2016021600100232,2016년 2월 16일 11시,화요일,경상북도 영천시 고경면,경상사고,0,0,1,0,차대차 - 기타,안전운전불이행,건조,맑음,교차로 - 교차로안,승용,남,39세,상해없음,승용,남,55세,경상
2016021600100274,2016년 2월 16일 12시,화요일,경상북도 안동시 풍천면,사망사고,1,0,0,0,차량단독 - 전도전복,안전운전불이행,건조,맑음,단일로 - 기타,승용,여,49세,사망,,,,
2016021600100275,2016년 2월 16일 12시,화요일,경상북도 문경시 모전동,중상사고,0,1,0,0,차대차 - 측면충돌,신호위반,건조,맑음,교차로 - 교차로안,승용,여,54세,상해없음,승용,남,65세,중상
2016021600100306,2016년 2월 16일 13시,화요일,경상북도 경산시 진량읍,중상사고,0,1,1,0,차대차 - 측면직각충돌,직진우회전진행방해,건조,맑음,교차로 - 교차로안,승용,남,53세,중상,화물,남,40세,경상
2016021600100341,2016년 2월 16일 14시,화요일,경상북도 포항시 남구 대도동,경상사고,0,0,1,0,차대차 - 측면충돌,안전운전불이행,건조,맑음,교차로 - 교차로안,화물,남,55세,상해없음,승용,남,61세,경상
2016021600100371,2016년 2월 16일 15시,화요일,경상북도 경주시 진현동,경상사고,0,0,3,0,차대차 - 추돌,안전거리미확보,건조,맑음,단일로 - 기타,승용,남,48세,상해없음,승용,남,53세,경상
2016021600100372,2016년 2월 16일 15시,화요일,경상북도 경주시 외동읍,경상사고,0,0,1,0,차대차 - 측면충돌,안전운전불이행,건조,맑음,교차로 - 교차로안,건설기계,남,46세,상해없음,승용,여,43세,경상
2016021600100393,2016년 2월 16일 16시,화요일,경상북도 포항시 북구 양덕동,중상사고,0,1,0,0,차대사람 - 횡단중,안전운전불이행,건조,맑음,단일로 - 기타,승용,여,34세,상해없음,보행자,여,9세,중상
2016021600100429,2016년 2월 16일 17시,화요일,경상북도 포항시 북구 환호동,경상사고,0,0,2,0,차대차 - 측면충돌,안전운전불이행,건조,맑음,단일로 - 기타,화물,남,46세,상해없음,승용,여,35세,상해없음
2016021600100430,2016년 2월 16일 17시,화요일,경상북도 상주시 무양동,중상사고,0,1,0,0,차대차 - 추돌,안전운전불이행,건조,맑음,단일로 - 기타,승용,남,57세,상해없음,승용,여,43세,중상
2016021600100471,2016년 2월 16일 18시,화요일,경상북도 경주시 시래동,부상신고사고,0,0,0,1,차대차 - 추돌,안전운전불이행,건조,맑음,단일로 - 기타,승용,남,44세,부상신고,건설기계,남,39세,상해없음
2016021600100472,2016년 2월 16일 18시,화요일,경상북도 포항시 북구 죽도동,중상사고,0,1,1,0,차대차 - 측면충돌,차로위반,건조,맑음,단일로 - 기타,승용,남,25세,상해없음,승용,남,52세,중상
2016021600100507,2016년 2월 16일 19시,화요일,경상북도 영주시 휴천동,경상사고,0,0,1,0,차대사람 - 횡단중,보행자보호의무위반,건조,맑음,단일로 - 기타,승용,여,38세,상해없음,보행자,남,63세,경상
2016021600100508,2016년 2월 16일 19시,화요일,경상북도 봉화군 봉화읍,경상사고,0,0,1,0,차대차 - 기타,교차로운행방법위반,건조,맑음,교차로 - 교차로안,승용,남,43세,상해없음,승용,남,24세,경상
2016021600100509,2016년 2월 16일 19시,화요일,경상북도 군위군 의흥면,경상사고,0,0,1,0,차대차 - 측면충돌,직진우회전진행방해,건조,맑음,교차로 - 교차로안,이륜,남,72세,경상,승용,남,41세,상해없음
2016021600100533,2016년 2월 16일 20시,화요일,경상북도 상주시 개운동,경상사고,0,0,1,0,차대사람 - 횡단중,신호위반,건조,맑음,교차로 - 교차로안,원동기,남,24세,상해없음,보행자,여,37세,경상
2016021600100534,2016년 2월 16일 20시,화요일,경상북도 경산시 대동,경상사고,0,0,4,0,차대차 - 기타,차로위반,건조,맑음,단일로 - 기타,승용,남,25세,경상,승용,남,44세,경상
2016021600100535,2016년 2월 16일 20시,화요일,경상북도 구미시 옥계동,경상사고,0,0,1,0,차대차 - 측면충돌,안전운전불이행,건조,맑음,단일로 - 기타,승용,남,40세,상해없음,이륜,남,19세,경상
2016021600100536,2016년 2월 16일 20시,화요일,경상북도 구미시 옥계동,경상사고,0,0,2,0,차대차 - 측면충돌,신호위반,건조,흐림,교차로 - 교차로안,승용,남,52세,기타불명,승용,여,45세,경상
2016021600100559,2016년 2월 16일 21시,화요일,경상북도 영천시 화남면,중상사고,0,1,0,5,차량단독 - 도로외이탈 - 기타,안전운전불이행,건조,맑음,단일로 - 기타,승용,남,68세,부상신고,,,,
2016021600100588,2016년 2월 16일 22시,화요일,경상북도 구미시 남통동,부상신고사고,0,0,0,1,차대차 - 측면충돌,안전운전불이행,건조,맑음,교차로 - 교차로안,이륜,남,34세,부상신고,승용,남,48세,상해없음
2016021700100113,2016년 2월 17일 07시,수요일,경상북도 영주시 가흥동,경상사고,0,0,1,0,차대차 - 측면충돌,안전운전불이행,건조,맑음,교차로 - 교차로안,승용,남,44세,상해없음,화물,남,48세,경상
2016021700100150,2016년 2월 17일 08시,수요일,경상북도 경주시 용강동,경상사고,0,0,1,0,차대차 - 측면충돌,안전운전불이행,건조,맑음,교차로 - 교차로안,승용,여,44세,상해없음,승용,여,39세,경상
2016021700100151,2016년 2월 17일 08시,수요일,경상북도 포항시 북구 죽도동,경상사고,0,0,1,0,차대사람 - 보도통행중,기타,건조,흐림,기타 - 기타,화물,남,50세,상해없음,보행자,여,49세,경상
2016021700100152,2016년 2월 17일 08시,수요일,경상북도 포항시 북구 학산동,경상사고,0,0,1,0,차대차 - 측면충돌,차로위반,건조,맑음,단일로 - 기타,화물,남,46세,기타불명,승용,남,26세,경상
2016021700100153,2016년 2월 17일 08시,수요일,경상북도 의성군 다인면,사망사고,1,0,0,0,차대차 - 측면충돌,신호위반,건조,맑음,교차로 - 교차로안,이륜,여,59세,사망,화물,남,62세,상해없음
2016021700100184,2016년 2월 17일 09시,수요일,경상북도 문경시 점촌동,중상사고,0,1,0,0,차대차 - 측면충돌,교차로운행방법위반,건조,맑음,교차로 - 교차로안,화물,남,45세,상해없음,화물,남,65세,중상
2016021700100185,2016년 2월 17일 09시,수요일,경상북도 구미시 도량동,경상사고,0,0,1,0,차대차 - 측면충돌,안전운전불이행,건조,맑음,교차로 - 교차로안,승용,여,31세,상해없음,승용,여,29세,경상
2016021700100217,2016년 2월 17일 10시,수요일,경상북도 영천시 화남면,중상사고,0,1,0,0,차대차 - 측면충돌,교차로운행방법위반,건조,맑음,교차로 - 교차로안,화물,남,73세,중상,화물,남,44세,상해없음
2016021700100218,2016년 2월 17일 10시,수요일,경상북도 경산시 사동,경상사고,0,0,2,0,차대차 - 정면충돌,신호위반,건조,맑음,교차로 - 교차로안,승용,남,61세,상해없음,승용,남,43세,경상
2016021700100219,2016년 2월 17일 10시,수요일,경상북도 고령군 쌍림면,경상사고,0,0,2,0,차대차 - 측면직각충돌,교차로운행방법위반,건조,맑음,교차로 - 교차로안,승용,여,45세,경상,건설기계,남,44세,상해없음
2016021700100254,2016년 2월 17일 11시,수요일,경상북도 영덕군 남정면,경상사고,0,0,4,0,차대차 - 추돌,안전운전불이행,건조,맑음,교차로 - 교차로부근,화물,남,80세,상해없음,승용,남,58세,경상
2016021700100283,2016년 2월 17일 12시,수요일,경상북도 의성군 의성읍,중상사고,0,3,0,0,차대차 - 정면충돌,안전운전불이행,건조,맑음,교차로 - 교차로안,승용,남,39세,중상,승용,여,53세,중상
2016021700100284,2016년 2월 17일 12시,수요일,경상북도 구미시 송정동,경상사고,0,0,1,0,차대차 - 기타,중앙선침범,건조,맑음,기타 - 기타,승용,남,56세,상해없음,원동기,남,36세,경상
2016021700100316,2016년 2월 17일 13시,수요일,경상북도 문경시 신기동,경상사고,0,0,1,0,차대차 - 측면충돌,기타,건조,맑음,교차로 - 교차로안,화물,남,46세,상해없음,화물,남,44세,경상
2016021700100317,2016년 2월 17일 13시,수요일,경상북도 경산시 사동,중상사고,0,1,0,0,차대사람 - 기타,안전운전불이행,건조,맑음,단일로 - 기타,승용,남,53세,상해없음,보행자,여,63세,중상
2016021700100337,2016년 2월 17일 14시,수요일,경상북도 안동시 송현동,경상사고,0,0,2,0,차대차 - 기타,차로위반,건조,맑음,단일로 - 기타,승용,남,48세,상해없음,승용,여,47세,경상
2016021700100338,2016년 2월 17일 14시,수요일,경상북도 경산시 백천동,경상사고,0,0,2,0,차대차 - 추돌,안전거리미확보,건조,맑음,단일로 - 기타,화물,남,62세,상해없음,승용,여,36세,경상
2016021700100385,2016년 2월 17일 15시,수요일,경상북도 경주시 성건동,경상사고,0,0,3,0,차대차 - 측면직각충돌,신호위반,건조,맑음,교차로 - 교차로안,승용,여,44세,상해없음,승용,여,20세,경상
2016021700100386,2016년 2월 17일 15시,수요일,경상북도 포항시 북구 장성동,중상사고,0,1,1,0,차대차 - 측면충돌,안전운전불이행,건조,맑음,단일로 - 기타,원동기,남,30세,중상,화물,남,47세,경상
2016021700100419,2016년 2월 17일 16시,수요일,경상북도 경주시 황성동,경상사고,0,0,2,0,차대차 - 측면충돌,안전운전불이행,건조,맑음,교차로 - 교차로부근,승용,남,74세,상해없음,승용,남,21세,경상
2016021700100420,2016년 2월 17일 16시,수요일,경상북도 경주시 서부동,경상사고,0,0,1,0,차대차 - 기타,안전운전불이행,건조,맑음,단일로 - 기타,승용,여,45세,상해없음,원동기,남,41세,경상
2016021700100421,2016년 2월 17일 16시,수요일,경상북도 경산시 진량읍,경상사고,0,0,1,0,차대차 - 정면충돌,안전운전불이행,건조,맑음,단일로 - 기타,승용,남,57세,상해없음,승용,여,48세,경상
2016021700100448,2016년 2월 17일 17시,수요일,경상북도 경주시 외동읍,중상사고,0,1,0,0,차대차 - 추돌,안전운전불이행,건조,맑음,교차로 - 교차로부근,화물,남,56세,상해없음,승용,여,29세,중상
2016021700100449,2016년 2월 17일 17시,수요일,경상북도 김천시 구성면,경상사고,0,0,1,0,차량단독 - 전도전복,안전운전불이행,건조,맑음,단일로 - 기타,승합,남,46세,상해없음,,,,
2016021700100450,2016년 2월 17일 17시,수요일,경상북도 청도군 각남면,경상사고,0,0,1,0,차대차 - 측면충돌,안전운전불이행,건조,맑음,단일로 - 기타,승용,남,56세,상해없음,농기계,남,76세,경상
2016021700100451,2016년 2월 17일 17시,수요일,경상북도 성주군 성주읍,중상사고,0,1,0,0,차대사람 - 길가장자리구역통행중,기타,건조,맑음,단일로 - 기타,승용,여,53세,상해없음,보행자,여,69세,중상
2016021700100494,2016년 2월 17일 18시,수요일,경상북도 울진군 울진읍,중상사고,0,1,0,0,차대사람 - 기타,기타,건조,맑음,단일로 - 기타,화물,남,59세,상해없음,보행자,여,75세,중상
2016021700100495,2016년 2월 17일 18시,수요일,경상북도 군위군 소보면,경상사고,0,0,2,0,차대차 - 추돌,안전운전불이행,건조,맑음,단일로 - 기타,승용,남,70세,경상,농기계,남,60세,경상
2016021700100533,2016년 2월 17일 19시,수요일,경상북도 안동시 옥동,중상사고,0,1,0,0,차대차 - 정면충돌,신호위반,건조,맑음,교차로 - 교차로안,이륜,남,21세,중상,승용,여,46세,상해없음
2016021700100534,2016년 2월 17일 19시,수요일,경상북도 구미시 진평동,중상사고,0,1,0,0,차대차 - 정면충돌,신호위반,건조,맑음,교차로 - 교차로안,승용,남,26세,상해없음,승용,여,53세,중상
2016021700100535,2016년 2월 17일 19시,수요일,경상북도 구미시 도량동,경상사고,0,0,3,0,차대차 - 기타,교차로운행방법위반,건조,맑음,교차로 - 교차로안,승용,남,51세,상해없음,승용,남,47세,경상
2016021700100569,2016년 2월 17일 20시,수요일,경상북도 경주시 동천동,중상사고,0,1,0,0,차대차 - 측면충돌,직진우회전진행방해,건조,맑음,교차로 - 교차로안,승용,남,49세,상해없음,승용,여,54세,중상
2016021700100600,2016년 2월 17일 21시,수요일,경상북도 안동시 당북동,중상사고,0,1,0,0,차대사람 - 보도통행중,보행자보호의무위반,건조,맑음,교차로 - 교차로부근,승용,여,54세,상해없음,보행자,여,19세,중상
2016021700100601,2016년 2월 17일 21시,수요일,경상북도 김천시 신음동,경상사고,0,0,1,0,차대차 - 정면충돌,안전운전불이행,건조,맑음,단일로 - 기타,승용,남,27세,상해없음,이륜,남,36세,경상