사고번호,사고일시,요일,시군구,사고내용,사망자수,중상자수,경상자수,부상신고자수,사고유형,법규위반,노면상태,기상상태,도로형태,가해운전자 차종,가해운전자 성별,가해운전자 연령,가해운전자 상해정도,피해운전자 차종,피해운전자 성별,피해운전자 연령,피해운전자 상해정도
2016021700100635,2016년 2월 17일 22시,수요일,경상북도 김천시 아포읍,중상사고,0,1,0,0,차대차 - 측면충돌,중앙선침범,건조,맑음,단일로 - 기타,승용,남,61세,상해없음,승용,남,42세,중상
2016021800100016,2016년 2월 18일 00시,목요일,경상북도 포항시 북구 용흥동,중상사고,0,1,0,0,차대사람 - 횡단중,보행자보호의무위반,건조,맑음,교차로 - 교차로부근,승용,여,53세,상해없음,보행자,여,59세,중상
2016021800100030,2016년 2월 18일 01시,목요일,경상북도 포항시 남구 괴동동,경상사고,0,0,1,0,차대차 - 측면충돌,신호위반,건조,맑음,교차로 - 교차로안,승합,남,53세,기타불명,승용,남,22세,경상
2016021800100067,2016년 2월 18일 05시,목요일,경상북도 성주군 성주읍,경상사고,0,0,2,0,차대차 - 추돌,안전운전불이행,건조,맑음,단일로 - 기타,화물,남,27세,경상,화물,남,50세,경상
2016021800100068,2016년 2월 18일 05시,목요일,경상북도 포항시 남구 대송면,중상사고,0,1,1,0,차대차 - 기타,신호위반,건조,맑음,교차로 - 교차로안,화물,남,61세,경상,승용,남,63세,중상
2016021800100110,2016년 2월 18일 07시,목요일,경상북도 포항시 북구 죽도동,경상사고,0,0,2,0,차대차 - 측면직각충돌,직진우회전진행방해,건조,맑음,단일로 - 기타,승용,남,80세,경상,승합,남,49세,경상
2016021800100141,2016년 2월 18일 08시,목요일,경상북도 경주시 시래동,경상사고,0,0,1,0,차대차 - 측면충돌,안전운전불이행,건조,맑음,교차로 - 교차로안,승용,남,37세,상해없음,화물,남,56세,경상
2016021800100142,2016년 2월 18일 08시,목요일,경상북도 의성군 의성읍,중상사고,0,1,1,1,차대차 - 정면충돌,안전운전불이행,건조,맑음,교차로 - 교차로안,승용,여,74세,경상,승용,남,36세,부상신고
2016021800100143,2016년 2월 18일 08시,목요일,경상북도 구미시 사곡동,경상사고,0,0,2,0,차대차 - 추돌,안전운전불이행,건조,맑음,기타 - 기타,승용,여,47세,상해없음,승용,여,41세,경상
2016021800100144,2016년 2월 18일 08시,목요일,경상북도 포항시 남구 구룡포읍,중상사고,0,2,2,0,차대차 - 측면충돌,안전운전불이행,건조,맑음,교차로 - 교차로안,승용,남,72세,경상,건설기계,남,66세,경상
2016021800100165,2016년 2월 18일 09시,목요일,경상북도 영주시 영주동,경상사고,0,0,1,0,차대차 - 정면충돌,안전운전불이행,건조,맑음,단일로 - 기타,화물,여,49세,상해없음,건설기계,남,44세,경상
2016021800100166,2016년 2월 18일 09시,목요일,경상북도 청송군 청송읍,중상사고,0,1,0,0,차대차 - 추돌,안전운전불이행,건조,맑음,단일로 - 기타,화물,남,65세,상해없음,화물,여,57세,기타불명
2016021800100167,2016년 2월 18일 09시,목요일,경상북도 구미시 시미동,경상사고,0,0,2,1,차대차 - 추돌,안전운전불이행,건조,맑음,단일로 - 기타,승용,남,63세,상해없음,승용,남,19세,경상
2016021800100189,2016년 2월 18일 10시,목요일,경상북도 상주시 외서면,경상사고,0,0,1,0,차대차 - 측면직각충돌,안전운전불이행,건조,흐림,단일로 - 기타,승용,여,34세,상해없음,화물,남,31세,상해없음
2016021800100190,2016년 2월 18일 10시,목요일,경상북도 칠곡군 왜관읍,중상사고,0,2,1,0,차대차 - 추돌,안전운전불이행,건조,맑음,교차로 - 교차로안,승용,남,37세,상해없음,승용,여,49세,중상
2016021800100191,2016년 2월 18일 10시,목요일,경상북도 경산시 대동,경상사고,0,0,2,0,차대차 - 기타,안전운전불이행,건조,맑음,단일로 - 횡단보도부근,승합,남,65세,상해없음,승합,남,55세,상해없음
2016021800100192,2016년 2월 18일 10시,목요일,경상북도 성주군 벽진면,중상사고,0,1,0,0,차대차 - 정면충돌,안전운전불이행,건조,맑음,기타 - 기타,승용,여,53세,상해없음,승용,여,54세,중상
2016021800100193,2016년 2월 18일 10시,목요일,경상북도 포항시 남구 대잠동,경상사고,0,0,1,0,차대차 - 측면충돌,안전운전불이행,건조,맑음,단일로 - 기타,승용,남,35세,상해없음,특수,남,59세,경상
2016021800100222,2016년 2월 18일 11시,목요일,경상북도 포항시 북구 우현동,경상사고,0,0,1,0,차대사람 - 횡단중,보행자보호의무위반,건조,맑음,교차로 - 교차로부근,승용,남,68세,상해없음,보행자,여,16세,경상
2016021800100223,2016년 2월 18일 11시,목요일,경상북도 안동시 서후면,중상사고,0,1,0,0,차대차 - 추돌,과속,건조,맑음,단일로 - 기타,승용,남,42세,상해없음,화물,남,43세,중상
2016021800100224,2016년 2월 18일 11시,목요일,경상북도 안동시 옥동,경상사고,0,0,1,0,차대차 - 측면직각충돌,안전운전불이행,건조,맑음,단일로 - 기타,승용,남,57세,상해없음,화물,남,26세,경상
2016021800100250,2016년 2월 18일 12시,목요일,경상북도 경주시 안강읍,경상사고,0,0,1,0,차대차 - 추돌,안전운전불이행,건조,맑음,단일로 - 기타,승용,여,45세,상해없음,승합,여,34세,경상
2016021800100276,2016년 2월 18일 13시,목요일,경상북도 포항시 북구 용흥동,경상사고,0,0,1,0,차량단독 - 전도전복,안전운전불이행,건조,맑음,단일로 - 기타,화물,남,53세,경상,,,,
2016021800100277,2016년 2월 18일 13시,목요일,경상북도 포항시 북구 죽도동,경상사고,0,0,1,0,차대사람 - 횡단중,중앙선침범,건조,맑음,교차로 - 교차로부근,승용,남,50세,상해없음,보행자,남,41세,경상
2016021800100278,2016년 2월 18일 13시,목요일,경상북도 김천시 율곡동,중상사고,0,1,1,0,차대차 - 측면충돌,안전운전불이행,건조,맑음,단일로 - 기타,승용,남,61세,상해없음,승용,남,65세,중상
2016021800100295,2016년 2월 18일 14시,목요일,경상북도 칠곡군 석적읍,경상사고,0,0,2,1,차대차 - 측면충돌,교차로운행방법위반,건조,맑음,교차로 - 교차로안,화물,남,42세,부상신고,승용,남,38세,경상
2016021800100296,2016년 2월 18일 14시,목요일,경상북도 울진군 후포면,부상신고사고,0,0,0,1,차대사람 - 횡단중,안전운전불이행,건조,맑음,단일로 - 기타,자전거,여,67세,부상신고,보행자,기타불명,기타불명,기타불명
2016021800100325,2016년 2월 18일 15시,목요일,경상북도 경주시 도지동,중상사고,0,1,4,0,차대차 - 측면충돌,안전운전불이행,건조,맑음,교차로 - 교차로안,승용,남,53세,상해없음,승용,남,49세,중상
2016021800100326,2016년 2월 18일 15시,목요일,경상북도 경주시 서부동,경상사고,0,0,1,0,차대차 - 측면직각충돌,안전운전불이행,건조,맑음,교차로 - 교차로안,원동기,여,30세,경상,승합,남,32세,상해없음
2016021800100327,2016년 2월 18일 15시,목요일,경상북도 청도군 청도읍,사망사고,1,0,0,0,차량단독 - 도로외이탈 - 추락,안전운전불이행,건조,맑음,단일로 - 기타,농기계,남,57세,사망,,,,
2016021800100328,2016년 2월 18일 15시,목요일,경상북도 구미시 해평면,경상사고,0,0,1,0,차대사람 - 횡단중,안전운전불이행,건조,맑음,기타 - 기타,승용,여,47세,상해없음,보행자,여,74세,경상
2016021800100329,2016년 2월 18일 15시,목요일,경상북도 포항시 남구 대잠동,경상사고,0,0,1,0,차대차 - 측면충돌,직진우회전진행방해,건조,맑음,교차로 - 교차로안,승용,남,61세,상해없음,승용,여,49세,경상
2016021800100365,2016년 2월 18일 16시,목요일,경상북도 성주군 수륜면,중상사고,0,1,0,0,차대차 - 측면충돌,안전운전불이행,건조,맑음,기타 - 기타,승용,남,63세,상해없음,승용,남,77세,중상
2016021800100419,2016년 2월 18일 18시,목요일,경상북도 경주시 외동읍,경상사고,0,0,1,0,차대차 - 추돌,안전운전불이행,건조,맑음,단일로 - 기타,승용,여,62세,상해없음,화물,남,48세,경상
2016021800100420,2016년 2월 18일 18시,목요일,경상북도 포항시 북구 죽도동,경상사고,0,0,1,0,차대차 - 측면충돌,안전운전불이행,건조,맑음,단일로 - 기타,이륜,남,36세,경상,승용,남,36세,상해없음
2016021800100421,2016년 2월 18일 18시,목요일,경상북도 의성군 안평면,사망사고,1,0,0,0,차대차 - 정면충돌,중앙선침범,건조,맑음,단일로 - 기타,화물,남,57세,상해없음,농기계,남,80세,사망
2016021800100460,2016년 2월 18일 19시,목요일,경상북도 포항시 북구 창포동,중상사고,0,1,1,0,차대사람 - 횡단중,신호위반,건조,맑음,단일로 - 기타,이륜,남,28세,경상,보행자,여,16세,중상
2016021800100461,2016년 2월 18일 19시,목요일,경상북도 포항시 북구 학산동,중상사고,0,1,2,0,차대차 - 측면충돌,안전운전불이행,건조,맑음,교차로 - 교차로안,승용,남,67세,상해없음,승용,남,30세,경상
2016021800100462,2016년 2월 18일 19시,목요일,경상북도 경산시 옥산동,중상사고,0,1,1,0,차대사람 - 횡단중,안전운전불이행,건조,맑음,단일로 - 기타,이륜,남,18세,경상,보행자,여,52세,중상
2016021800100463,2016년 2월 18일 19시,목요일,경상북도 구미시 사곡동,경상사고,0,0,1,0,차대차 - 측면직각충돌,안전운전불이행,건조,맑음,단일로 - 기타,화물,남,55세,상해없음,이륜,남,26세,경상
2016021800100464,2016년 2월 18일 19시,목요일,경상북도 구미시 비산동,경상사고,0,0,1,0,차대차 - 측면충돌,안전운전불이행,건조,맑음,단일로 - 기타,승용,남,62세,기타불명,승용,여,47세,경상
2016021800100495,2016년 2월 18일 20시,목요일,경상북도 포항시 북구 두호동,경상사고,0,0,1,0,차대차 - 측면충돌,신호위반,건조,맑음,교차로 - 교차로안,이륜,남,16세,경상,승용,남,73세,상해없음
2016021800100567,2016년 2월 18일 22시,목요일,경상북도 안동시 풍산읍,중상사고,0,2,2,0,차대차 - 정면충돌,안전운전불이행,건조,맑음,단일로 - 기타,화물,남,34세,상해없음,승용,여,43세,경상
2016021800100568,2016년 2월 18일 22시,목요일,경상북도 포항시 남구 대잠동,경상사고,0,0,3,0,차대차 - 추돌,안전운전불이행,건조,맑음,교차로 - 교차로부근,승용,남,43세,상해없음,승용,남,70세,경상
2016021800100593,2016년 2월 18일 23시,목요일,경상북도 경산시 중산동,경상사고,0,0,2,0,차대차 - 추돌,안전운전불이행,건조,맑음,교차로 - 교차로부근,승합,남,47세,상해없음,승용,여,40세,경상
2016021900100020,2016년 2월 19일 00시,금요일,경상북도 구미시 사곡동,경상사고,0,0,5,0,차대차 - 측면충돌,안전운전불이행,건조,맑음,교차로 - 교차로안,승용,남,64세,기타불명,승용,남,53세,경상
2016021900100041,2016년 2월 19일 01시,금요일,경상북도 영주시 휴천동,경상사고,0,0,1,0,차대차 - 추돌,안전운전불이행,건조,맑음,교차로 - 교차로안,승용,남,33세,기타불명,승용,남,65세,경상
2016021900100045,2016년 2월 19일 02시,금요일,경상북도 구미시 진평동,경상사고,0,0,1,0,차대차 - 기타,안전운전불이행,건조,맑음,교차로 - 교차로부근,승용,남,25세,상해없음,승용,남,55세,경상
2016021900100068,2016년 2월 19일 05시,금요일,경상북도 포항시 북구 죽도동,경상사고,0,0,2,0,차대차 - 정면충돌,신호위반,건조,맑음,교차로 - 교차로안,승용,남,58세,상해없음,승용,여,58세,경상
2016021900100091,2016년 2월 19일 06시,금요일,경상북도 칠곡군 지천면,경상사고,0,0,4,0,차대차 - 추돌,안전운전불이행,건조,맑음,단일로 - 기타,승용,남,41세,경상,승용,남,35세,경상
2016021900100092,2016년 2월 19일 06시,금요일,경상북도 포항시 남구 대잠동,중상사고,0,1,2,0,차대차 - 측면충돌,직진우회전진행방해,건조,맑음,교차로 - 교차로안,승용,남,33세,경상,승용,남,37세,경상
2016021900100141,2016년 2월 19일 08시,금요일,경상북도 안동시 송현동,경상사고,0,0,1,0,차대차 - 측면직각충돌,안전운전불이행,건조,맑음,단일로 - 기타,이륜,남,29세,경상,승용,여,32세,상해없음
2016021900100142,2016년 2월 19일 08시,금요일,경상북도 경산시 자인면,중상사고,0,1,0,0,차대차 - 측면충돌,안전운전불이행,건조,맑음,교차로 - 교차로안,화물,남,62세,상해없음,이륜,남,25세,중상
2016021900100189,2016년 2월 19일 10시,금요일,경상북도 경주시 성건동,경상사고,0,0,1,0,차대차 - 추돌,안전운전불이행,건조,맑음,교차로 - 교차로부근,화물,남,57세,상해없음,화물,남,35세,경상
2016021900100190,2016년 2월 19일 10시,금요일,경상북도 문경시 점촌동,중상사고,0,2,0,0,차대차 - 기타,안전운전불이행,건조,맑음,교차로 - 교차로안,화물,남,61세,상해없음,승용,여,47세,중상
2016021900100191,2016년 2월 19일 10시,금요일,경상북도 구미시 상모동,중상사고,0,1,0,0,차대차 - 측면직각충돌,안전운전불이행,건조,맑음,교차로 - 교차로부근,건설기계,남,59세,상해없음,승용,남,39세,중상
2016021900100192,2016년 2월 19일 10시,금요일,경상북도 포항시 남구 대도동,중상사고,0,1,0,0,차대사람 - 기타,안전운전불이행,건조,맑음,단일로 - 기타,화물,남,47세,상해없음,보행자,여,67세,중상
2016021900100202,2016년 2월 19일 11시,금요일,경상북도 고령군 쌍림면,중상사고,0,1,0,0,차대차 - 기타,안전운전불이행,건조,맑음,단일로 - 기타,화물,남,76세,기타불명,이륜,남,74세,중상
2016021900100232,2016년 2월 19일 12시,금요일,경상북도 상주시 신봉동,중상사고,0,1,0,0,차대차 - 측면직각충돌,교차로운행방법위반,건조,맑음,교차로 - 교차로안,승용,여,51세,상해없음,승용,여,44세,중상
2016021900100255,2016년 2월 19일 13시,금요일,경상북도 포항시 남구 연일읍,경상사고,0,0,2,0,차대차 - 추돌,안전운전불이행,건조,맑음,단일로 - 기타,승용,남,43세,상해없음,승용,여,21세,상해없음
2016021900100284,2016년 2월 19일 14시,금요일,경상북도 안동시 송현동,중상사고,0,2,3,0,차대차 - 정면충돌,중앙선침범,건조,맑음,단일로 - 기타,승용,남,47세,상해없음,승용,여,20세,경상
2016021900100285,2016년 2월 19일 14시,금요일,경상북도 문경시 모전동,경상사고,0,0,2,0,차대차 - 측면직각충돌,안전운전불이행,건조,맑음,교차로 - 교차로부근,승용,여,56세,상해없음,승용,여,50세,경상
2016021900100315,2016년 2월 19일 15시,금요일,경상북도 포항시 북구 죽도동,경상사고,0,0,1,0,차대차 - 측면충돌,기타,건조,맑음,단일로 - 기타,승용,남,61세,상해없음,원동기,남,27세,경상
2016021900100316,2016년 2월 19일 15시,금요일,경상북도 안동시 서후면,경상사고,0,0,1,0,차대차 - 정면충돌,안전운전불이행,건조,맑음,교차로 - 교차로안,화물,남,47세,상해없음,화물,남,53세,상해없음
2016021900100317,2016년 2월 19일 15시,금요일,경상북도 포항시 남구 오천읍,경상사고,0,0,1,0,차대사람 - 횡단중,안전운전불이행,건조,맑음,교차로 - 교차로부근,승용,여,33세,상해없음,보행자,여,7세,경상
2016021900100348,2016년 2월 19일 16시,금요일,경상북도 칠곡군 왜관읍,경상사고,0,0,2,0,차대차 - 측면충돌,안전운전불이행,건조,맑음,교차로 - 교차로부근,승용,여,56세,상해없음,승용,남,53세,경상
2016021900100349,2016년 2월 19일 16시,금요일,경상북도 구미시 도개면,경상사고,0,0,2,0,차대차 - 추돌,안전거리미확보,건조,맑음,단일로 - 기타,승용,남,26세,상해없음,화물,남,42세,경상
2016021900100377,2016년 2월 19일 17시,금요일,경상북도 상주시 중덕동,경상사고,0,0,1,0,차대차 - 추돌,안전운전불이행,건조,흐림,단일로 - 기타,승용,여,30세,상해없음,건설기계,남,53세,상해없음
2016021900100378,2016년 2월 19일 17시,금요일,경상북도 경산시 계양동,경상사고,0,0,1,0,차대차 - 기타,차로위반,건조,맑음,단일로 - 기타,승용,여,55세,경상,화물,남,56세,상해없음
2016021900100379,2016년 2월 19일 17시,금요일,경상북도 예천군 개포면,중상사고,0,3,1,0,차대차 - 정면충돌,중앙선침범,건조,맑음,단일로 - 기타,승용,남,52세,경상,승용,여,51세,중상
2016021900100426,2016년 2월 19일 18시,금요일,경상북도 안동시 송현동,중상사고,0,1,0,0,차대차 - 추돌,안전운전불이행,건조,맑음,단일로 - 기타,승용,남,47세,상해없음,승용,남,64세,중상
2016021900100427,2016년 2월 19일 18시,금요일,경상북도 의성군 봉양면,경상사고,0,0,2,0,차대차 - 추돌,안전운전불이행,건조,맑음,교차로 - 교차로안,승용,여,43세,상해없음,화물,남,67세,경상
2016021900100464,2016년 2월 19일 19시,금요일,경상북도 포항시 북구 장성동,경상사고,0,0,4,0,차대차 - 추돌,안전운전불이행,건조,맑음,단일로 - 기타,승용,남,39세,상해없음,승용,여,45세,경상
2016021900100465,2016년 2월 19일 19시,금요일,경상북도 포항시 북구 흥해읍,부상신고사고,0,0,0,1,차대차 - 측면충돌,차로위반,건조,맑음,교차로 - 교차로부근,승용,남,28세,상해없음,승용,남,32세,부상신고
2016021900100466,2016년 2월 19일 19시,금요일,경상북도 문경시 모전동,경상사고,0,0,1,0,차대사람 - 기타,안전운전불이행,건조,맑음,기타 - 기타,화물,남,47세,상해없음,보행자,남,52세,경상
2016021900100562,2016년 2월 19일 23시,금요일,경상북도 안동시 수상동,경상사고,0,0,2,0,차대차 - 정면충돌,중앙선침범,건조,맑음,단일로 - 기타,화물,남,55세,상해없음,승용,여,41세,경상
2016021900100563,2016년 2월 19일 23시,금요일,경상북도 칠곡군 북삼읍,중상사고,0,1,0,0,차대사람 - 기타,안전운전불이행,건조,맑음,교차로 - 교차로부근,승용,남,49세,상해없음,보행자,남,61세,중상
2016022000100077,2016년 2월 20일 03시,토요일,경상북도 포항시 북구 중앙동,경상사고,0,0,2,0,차대차 - 정면충돌,직진우회전진행방해,건조,맑음,교차로 - 교차로안,승용,남,41세,상해없음,승합,여,55세,경상
2016022000100121,2016년 2월 20일 06시,토요일,경상북도 울진군 기성면,중상사고,0,1,0,0,차대차 - 추돌,안전운전불이행,건조,맑음,단일로 - 기타,승용,여,56세,중상,건설기계,남,54세,상해없음
2016022000100136,2016년 2월 20일 07시,토요일,경상북도 포항시 북구 흥해읍,경상사고,0,0,1,0,차대차 - 측면충돌,안전운전불이행,건조,맑음,단일로 - 기타,승용,남,68세,상해없음,원동기,여,58세,경상
2016022000100187,2016년 2월 20일 09시,토요일,경상북도 의성군 의성읍,중상사고,0,1,0,0,차대차 - 측면충돌,안전운전불이행,건조,맑음,교차로 - 교차로안,화물,남,66세,상해없음,승용,남,50세,중상
2016022000100210,2016년 2월 20일 10시,토요일,경상북도 문경시 흥덕동,경상사고,0,0,2,0,차대차 - 측면직각충돌,중앙선침범,건조,맑음,단일로 - 기타,화물,남,68세,경상,승용,남,59세,경상
2016022000100238,2016년 2월 20일 11시,토요일,경상북도 상주시 함창읍,경상사고,0,0,2,0,차대차 - 측면충돌,안전운전불이행,건조,맑음,교차로 - 교차로안,화물,남,27세,경상,화물,남,56세,경상
2016022000100239,2016년 2월 20일 11시,토요일,경상북도 봉화군 봉화읍,중상사고,0,1,0,0,차량단독 - 전도전복,안전운전불이행,건조,맑음,교차로 - 교차로부근,이륜,남,78세,중상,,,,
2016022000100267,2016년 2월 20일 12시,토요일,경상북도 포항시 남구 해도동,경상사고,0,0,1,0,차대차 - 정면충돌,신호위반,건조,맑음,교차로 - 교차로안,이륜,남,59세,경상,승용,남,64세,상해없음
2016022000100301,2016년 2월 20일 13시,토요일,경상북도 울진군 매화면,경상사고,0,0,1,0,차량단독 - 공작물충돌,안전운전불이행,건조,맑음,단일로 - 기타,승용,여,30세,경상,,,,
2016022000100302,2016년 2월 20일 13시,토요일,경상북도 구미시 신평동,경상사고,0,0,1,0,차대차 - 측면충돌,안전운전불이행,건조,맑음,단일로 - 기타,승용,남,45세,상해없음,승용,남,36세,경상
2016022000100359,2016년 2월 20일 15시,토요일,경상북도 구미시 산동면,경상사고,0,0,1,0,차대차 - 측면충돌,안전운전불이행,건조,맑음,단일로 - 기타,이륜,남,44세,경상,승합,남,48세,상해없음
2016022000100360,2016년 2월 20일 15시,토요일,경상북도 구미시 오태동,중상사고,0,1,0,0,차대사람 - 기타,안전운전불이행,건조,맑음,단일로 - 기타,승합,남,55세,상해없음,보행자,여,61세,중상
2016022000100402,2016년 2월 20일 16시,토요일,경상북도 구미시 고아읍,중상사고,0,1,5,0,차대차 - 측면충돌,신호위반,건조,맑음,교차로 - 교차로안,승합,남,26세,상해없음,승용,남,33세,중상
2016022000100403,2016년 2월 20일 16시,토요일,경상북도 구미시 옥성면,중상사고,0,1,3,0,차대차 - 기타,안전거리미확보,건조,맑음,단일로 - 기타,승용,남,28세,상해없음,승용,남,29세,경상
2016022000100430,2016년 2월 20일 17시,토요일,경상북도 경주시 동천동,중상사고,0,3,0,0,차대차 - 정면충돌,중앙선침범,건조,맑음,단일로 - 기타,승합,남,71세,상해없음,승용,남,24세,중상
2016022000100431,2016년 2월 20일 17시,토요일,경상북도 구미시 원평동,중상사고,0,1,0,0,차대차 - 기타,안전운전불이행,건조,기타,단일로 - 기타,승용,여,42세,상해없음,이륜,남,26세,중상
2016022000100432,2016년 2월 20일 17시,토요일,경상북도 포항시 남구 대잠동,부상신고사고,0,0,0,1,차대차 - 측면충돌,안전운전불이행,건조,맑음,단일로 - 기타,이륜,남,27세,부상신고,승합,여,56세,상해없음
2016022000100461,2016년 2월 20일 18시,토요일,경상북도 포항시 북구 득량동,경상사고,0,0,3,0,차대차 - 측면충돌,안전거리미확보,건조,맑음,단일로 - 기타,승용,남,46세,경상,승용,남,53세,경상
2016022000100462,2016년 2월 20일 18시,토요일,경상북도 포항시 북구 장성동,경상사고,0,0,1,0,차대차 - 측면직각충돌,안전운전불이행,건조,맑음,교차로 - 교차로부근,승용,남,60세,상해없음,승합,남,36세,경상
2016022000100463,2016년 2월 20일 18시,토요일,경상북도 안동시 정상동,경상사고,0,0,2,0,차대차 - 기타,직진우회전진행방해,건조,맑음,교차로 - 교차로안,승용,여,44세,경상,승용,여,38세,경상
2016022000100464,2016년 2월 20일 18시,토요일,경상북도 청도군 화양읍,중상사고,0,1,0,0,차대차 - 측면충돌,안전운전불이행,건조,맑음,단일로 - 기타,화물,남,55세,상해없음,승용,남,73세,중상
2016022000100509,2016년 2월 20일 19시,토요일,경상북도 포항시 북구 기계면,중상사고,0,1,0,0,차대사람 - 횡단중,안전운전불이행,건조,맑음,교차로 - 교차로안,승용,남,80세,상해없음,보행자,여,74세,중상
2016022000100510,2016년 2월 20일 19시,토요일,경상북도 구미시 상모동,경상사고,0,0,2,0,차대차 - 측면충돌,교차로운행방법위반,건조,맑음,교차로 - 교차로안,승용,여,53세,상해없음,승용,남,45세,상해없음
2016022000100546,2016년 2월 20일 20시,토요일,경상북도 안동시 태화동,경상사고,0,0,1,0,차대사람 - 횡단중,안전운전불이행,건조,맑음,교차로 - 교차로안,승용,여,56세,상해없음,보행자,여,41세,경상
2016022000100565,2016년 2월 20일 21시,토요일,경상북도 경주시 외동읍,중상사고,0,1,0,0,차대차 - 측면충돌,신호위반,건조,맑음,교차로 - 교차로안,승용,남,21세,상해없음,이륜,남,39세,중상
2016022000100590,2016년 2월 20일 22시,토요일,경상북도 상주시 함창읍,중상사고,0,4,0,0,차대차 - 추돌,안전운전불이행,건조,맑음,단일로 - 기타,승용,남,41세,중상,승용,남,48세,중상
2016022000100608,2016년 2월 20일 23시,토요일,경상북도 영주시 가흥동,중상사고,0,1,2,0,차대차 - 추돌,안전운전불이행,건조,맑음,단일로 - 기타,승용,남,34세,상해없음,승용,남,57세,중상
2016022100100016,2016년 2월 21일 00시,일요일,경상북도 영천시 금호읍,경상사고,0,0,2,0,차대차 - 추돌,안전운전불이행,건조,맑음,교차로 - 교차로부근,승용,남,23세,상해없음,승용,남,29세,경상
2016022100100017,2016년 2월 21일 00시,일요일,경상북도 경산시 계양동,중상사고,0,1,0,0,차대차 - 측면충돌,신호위반,건조,맑음,교차로 - 교차로안,이륜,남,16세,중상,승용,남,56세,상해없음
2016022100100033,2016년 2월 21일 01시,일요일,경상북도 청도군 청도읍,경상사고,0,0,1,0,차량단독 - 전도전복,안전운전불이행,건조,맑음,단일로 - 기타,이륜,남,14세,경상,,,,
2016022100100041,2016년 2월 21일 02시,일요일,경상북도 포항시 북구 장성동,중상사고,0,1,0,0,차량단독 - 전도전복,안전운전불이행,건조,맑음,단일로 - 기타,승용,남,29세,중상,,,,
2016022100100042,2016년 2월 21일 02시,일요일,경상북도 구미시 원평동,경상사고,0,0,4,0,차대차 - 측면직각충돌,안전운전불이행,건조,맑음,단일로 - 기타,승용,남,31세,상해없음,승용,남,48세,상해없음
2016022100100073,2016년 2월 21일 05시,일요일,경상북도 경주시 강동면,중상사고,0,2,0,0,차량단독 - 전도전복,안전운전불이행,건조,맑음,단일로 - 기타,승용,남,27세,중상,,,,
2016022100100091,2016년 2월 21일 08시,일요일,경상북도 구미시 상모동,경상사고,0,0,1,0,차대차 - 기타,안전운전불이행,건조,맑음,교차로 - 교차로안,승용,남,50세,기타불명,승용,여,49세,경상
2016022100100105,2016년 2월 21일 09시,일요일,경상북도 영천시 망정동,중상사고,0,3,0,0,차대차 - 측면충돌,교차로운행방법위반,건조,맑음,교차로 - 교차로안,승용,여,58세,상해없음,승용,여,41세,중상
2016022100100106,2016년 2월 21일 09시,일요일,경상북도 성주군 성주읍,중상사고,0,1,0,0,차대차 - 측면충돌,안전운전불이행,건조,맑음,교차로 - 교차로안,승용,남,58세,상해없음,이륜,여,67세,중상
2016022100100173,2016년 2월 21일 12시,일요일,경상북도 영덕군 강구면,중상사고,0,1,0,0,차대사람 - 길가장자리구역통행중,안전운전불이행,건조,맑음,단일로 - 기타,승용,남,60세,상해없음,보행자,남,54세,중상
2016022100100174,2016년 2월 21일 12시,일요일,경상북도 포항시 남구 효자동,경상사고,0,0,1,0,차대차 - 측면충돌,교차로운행방법위반,건조,맑음,교차로 - 교차로안,승용,남,27세,상해없음,승용,여,26세,경상
2016022100100202,2016년 2월 21일 13시,일요일,경상북도 울진군 근남면,경상사고,0,0,2,0,차대차 - 측면직각충돌,중앙선침범,건조,맑음,단일로 - 기타,승용,남,40세,상해없음,승용,남,42세,경상
2016022100100226,2016년 2월 21일 14시,일요일,경상북도 경산시 계양동,중상사고,0,1,0,0,차대차 - 측면직각충돌,안전운전불이행,건조,맑음,교차로 - 교차로부근,이륜,남,59세,중상,승용,남,58세,상해없음
2016022100100227,2016년 2월 21일 14시,일요일,경상북도 포항시 남구 오천읍,경상사고,0,0,2,0,차대차 - 추돌,안전운전불이행,건조,맑음,단일로 - 기타,승용,여,33세,상해없음,승용,여,30세,경상
2016022100100251,2016년 2월 21일 15시,일요일,경상북도 칠곡군 왜관읍,중상사고,0,1,0,0,차대사람 - 횡단중,보행자보호의무위반,건조,맑음,단일로 - 기타,승용,여,45세,상해없음,보행자,남,75세,중상
2016022100100252,2016년 2월 21일 15시,일요일,경상북도 경산시 사동,경상사고,0,0,1,0,차대차 - 기타,교차로운행방법위반,건조,맑음,교차로 - 교차로안,이륜,남,19세,경상,승용,남,64세,상해없음
2016022100100253,2016년 2월 21일 15시,일요일,경상북도 군위군 우보면,경상사고,0,0,1,0,차대차 - 정면충돌,안전운전불이행,건조,맑음,교차로 - 교차로부근,이륜,남,74세,경상,승용,남,25세,상해없음
2016022100100303,2016년 2월 21일 17시,일요일,경상북도 상주시 남장동,중상사고,0,1,0,0,차량단독 - 전도전복,안전운전불이행,건조,맑음,단일로 - 기타,원동기,남,33세,중상,,,,
2016022100100304,2016년 2월 21일 17시,일요일,경상북도 영천시 완산동,중상사고,0,1,2,0,차대차 - 추돌,안전운전불이행,건조,맑음,교차로 - 교차로부근,승용,남,49세,상해없음,승용,남,42세,중상