사고번호,사고일시,요일,시군구,사고내용,사망자수,중상자수,경상자수,부상신고자수,사고유형,법규위반,노면상태,기상상태,도로형태,가해운전자 차종,가해운전자 성별,가해운전자 연령,가해운전자 상해정도,피해운전자 차종,피해운전자 성별,피해운전자 연령,피해운전자 상해정도
2016022100100336,2016년 2월 21일 18시,일요일,경상북도 김천시 황금동,중상사고,0,1,0,0,차대차 - 기타,안전운전불이행,건조,맑음,단일로 - 기타,승용,남,47세,상해없음,자전거,여,19세,중상
2016022100100337,2016년 2월 21일 18시,일요일,경상북도 상주시 낙동면,경상사고,0,0,2,0,차대차 - 측면직각충돌,안전운전불이행,건조,맑음,단일로 - 기타,승용,여,54세,경상,화물,남,48세,경상
2016022100100366,2016년 2월 21일 19시,일요일,경상북도 구미시 사곡동,경상사고,0,0,1,0,차대차 - 측면충돌,안전운전불이행,건조,맑음,단일로 - 기타,승용,여,41세,상해없음,이륜,남,35세,경상
2016022100100367,2016년 2월 21일 19시,일요일,경상북도 구미시 진평동,경상사고,0,0,2,0,차대차 - 정면충돌,신호위반,건조,맑음,교차로 - 교차로안,승용,남,55세,상해없음,승용,여,29세,경상
2016022100100391,2016년 2월 21일 20시,일요일,경상북도 포항시 북구 송라면,경상사고,0,0,2,0,차대차 - 정면충돌,차로위반,건조,맑음,단일로 - 기타,승용,남,55세,상해없음,승용,남,25세,경상
2016022100100392,2016년 2월 21일 20시,일요일,경상북도 영양군 입암면,사망사고,1,0,0,0,차량단독 - 전도전복,안전운전불이행,건조,맑음,단일로 - 기타,승용,여,52세,사망,,,,
2016022100100393,2016년 2월 21일 20시,일요일,경상북도 구미시 지산동,중상사고,0,1,0,0,차대사람 - 횡단중,안전운전불이행,건조,맑음,교차로 - 교차로안,승용,남,62세,상해없음,보행자,여,66세,중상
2016022100100394,2016년 2월 21일 20시,일요일,경상북도 구미시 송정동,부상신고사고,0,0,0,1,차대사람 - 기타,안전운전불이행,건조,맑음,교차로 - 교차로안,기타불명,기타불명,기타불명,기타불명,보행자,남,49세,부상신고
2016022100100424,2016년 2월 21일 21시,일요일,경상북도 영천시 오미동,중상사고,0,1,1,0,차대차 - 측면충돌,중앙선침범,건조,맑음,단일로 - 기타,화물,남,56세,중상,특수,남,25세,경상
2016022100100439,2016년 2월 21일 22시,일요일,경상북도 포항시 북구 상원동,경상사고,0,0,1,0,차대차 - 측면충돌,신호위반,건조,맑음,교차로 - 교차로안,승용,남,76세,상해없음,승용,남,24세,상해없음
2016022100100440,2016년 2월 21일 22시,일요일,경상북도 구미시 원평동,중상사고,0,1,0,0,차대차 - 기타,안전운전불이행,건조,맑음,단일로 - 기타,승용,여,50세,상해없음,승용,남,53세,중상
2016022200100052,2016년 2월 22일 06시,월요일,경상북도 경주시 외동읍,경상사고,0,0,2,1,차대차 - 추돌,안전거리미확보,건조,맑음,단일로 - 기타,승합,남,47세,부상신고,화물,남,54세,경상
2016022200100068,2016년 2월 22일 07시,월요일,경상북도 구미시 선산읍,경상사고,0,0,1,1,차대차 - 측면직각충돌,신호위반,건조,맑음,교차로 - 교차로안,승용,남,51세,부상신고,승용,여,57세,경상
2016022200100087,2016년 2월 22일 08시,월요일,경상북도 칠곡군 동명면,중상사고,0,1,0,0,차대차 - 추돌,안전운전불이행,건조,맑음,단일로 - 횡단보도부근,건설기계,남,53세,상해없음,승용,남,45세,중상
2016022200100088,2016년 2월 22일 08시,월요일,경상북도 구미시 도량동,경상사고,0,0,1,0,차대사람 - 횡단중,보행자보호의무위반,건조,맑음,교차로 - 교차로부근,화물,남,65세,상해없음,보행자,남,5세,경상
2016022200100089,2016년 2월 22일 08시,월요일,경상북도 구미시 원평동,중상사고,0,1,0,0,차대차 - 측면직각충돌,교차로운행방법위반,건조,맑음,교차로 - 교차로안,원동기,남,43세,중상,승용,남,36세,상해없음
2016022200100090,2016년 2월 22일 08시,월요일,경상북도 포항시 남구 대도동,경상사고,0,0,1,0,차대차 - 기타,안전운전불이행,건조,맑음,교차로 - 교차로안,건설기계,남,56세,상해없음,승용,여,63세,경상
2016022200100115,2016년 2월 22일 09시,월요일,경상북도 안동시 송천동,경상사고,0,0,2,0,차대차 - 측면직각충돌,안전운전불이행,건조,맑음,단일로 - 기타,승합,남,54세,상해없음,승용,남,76세,경상
2016022200100116,2016년 2월 22일 09시,월요일,경상북도 영천시 북안면,중상사고,0,1,0,0,차대차 - 기타,안전운전불이행,건조,맑음,단일로 - 기타,승용,남,67세,상해없음,이륜,남,81세,중상
2016022200100117,2016년 2월 22일 09시,월요일,경상북도 포항시 남구 해도동,경상사고,0,0,1,0,차대차 - 기타,안전거리미확보,건조,맑음,단일로 - 기타,화물,남,70세,경상,화물,남,49세,상해없음
2016022200100139,2016년 2월 22일 10시,월요일,경상북도 경주시 안강읍,경상사고,0,0,1,0,차대사람 - 기타,안전운전불이행,건조,맑음,단일로 - 기타,승용,여,54세,상해없음,보행자,남,54세,경상
2016022200100157,2016년 2월 22일 11시,월요일,경상북도 안동시 수상동,중상사고,0,1,0,0,차대사람 - 횡단중,안전운전불이행,건조,맑음,기타 - 기타,화물,남,46세,상해없음,보행자,여,75세,중상
2016022200100158,2016년 2월 22일 11시,월요일,경상북도 칠곡군 왜관읍,중상사고,0,1,1,0,차대차 - 측면충돌,신호위반,건조,맑음,교차로 - 교차로안,승용,남,28세,중상,특수,남,46세,경상
2016022200100176,2016년 2월 22일 12시,월요일,경상북도 경주시 강동면,중상사고,0,1,0,0,차대차 - 정면충돌,중앙선침범,건조,맑음,단일로 - 기타,원동기,남,70세,중상,화물,남,59세,상해없음
2016022200100178,2016년 2월 22일 12시,월요일,경상북도 청도군 화양읍,경상사고,0,0,2,0,차대차 - 측면직각충돌,직진우회전진행방해,건조,맑음,교차로 - 교차로안,화물,남,61세,상해없음,승용,남,66세,경상
2016022200100196,2016년 2월 22일 13시,월요일,경상북도 포항시 북구 대흥동,중상사고,0,1,1,0,차대차 - 추돌,안전거리미확보,건조,맑음,단일로 - 기타,건설기계,남,45세,상해없음,승용,남,61세,중상
2016022200100197,2016년 2월 22일 13시,월요일,경상북도 상주시 화남면,중상사고,0,1,0,0,차대차 - 추돌,안전운전불이행,건조,맑음,단일로 - 기타,승용,여,54세,상해없음,승용,여,47세,중상
2016022200100198,2016년 2월 22일 13시,월요일,경상북도 경산시 압량면,경상사고,0,0,1,0,차대차 - 정면충돌,교차로운행방법위반,건조,맑음,교차로 - 교차로안,화물,남,40세,상해없음,이륜,남,24세,경상
2016022200100199,2016년 2월 22일 13시,월요일,경상북도 포항시 남구 해도동,경상사고,0,0,1,0,차대차 - 추돌,안전운전불이행,건조,맑음,교차로 - 교차로부근,승용,여,47세,상해없음,승용,여,51세,경상
2016022200100227,2016년 2월 22일 14시,월요일,경상북도 영천시 신령면,경상사고,0,0,2,0,차대차 - 측면충돌,안전운전불이행,건조,맑음,단일로 - 기타,승용,여,52세,경상,화물,남,22세,상해없음
2016022200100228,2016년 2월 22일 14시,월요일,경상북도 경산시 백천동,중상사고,0,1,0,0,차대사람 - 기타,안전운전불이행,건조,맑음,단일로 - 기타,화물,남,79세,상해없음,보행자,여,52세,중상
2016022200100229,2016년 2월 22일 14시,월요일,경상북도 포항시 남구 송도동,중상사고,0,1,1,0,차대차 - 정면충돌,중앙선침범,건조,맑음,단일로 - 기타,승용,여,54세,상해없음,승용,남,49세,경상
2016022200100248,2016년 2월 22일 15시,월요일,경상북도 김천시 황금동,경상사고,0,0,2,0,차대차 - 정면충돌,안전운전불이행,건조,맑음,교차로 - 교차로부근,승용,여,64세,상해없음,승용,남,36세,상해없음
2016022200100249,2016년 2월 22일 15시,월요일,경상북도 청도군 청도읍,중상사고,0,1,0,0,차대차 - 측면직각충돌,안전운전불이행,건조,흐림,교차로 - 교차로안,승용,남,63세,상해없음,자전거,남,78세,중상
2016022200100268,2016년 2월 22일 16시,월요일,경상북도 경주시 현곡면,경상사고,0,0,1,1,차대차 - 기타,안전운전불이행,건조,맑음,교차로 - 교차로안,승용,여,51세,부상신고,승용,남,35세,경상
2016022200100269,2016년 2월 22일 16시,월요일,경상북도 포항시 북구 죽도동,경상사고,0,0,2,0,차대차 - 추돌,안전거리미확보,건조,맑음,단일로 - 기타,승용,여,56세,상해없음,승용,남,41세,경상
2016022200100270,2016년 2월 22일 16시,월요일,경상북도 성주군 선남면,사망사고,1,0,0,0,차대차 - 정면충돌,안전운전불이행,건조,맑음,단일로 - 기타,화물,남,49세,상해없음,자전거,여,52세,사망
2016022200100271,2016년 2월 22일 16시,월요일,경상북도 포항시 남구 구룡포읍,중상사고,0,2,0,0,차대차 - 기타,직진우회전진행방해,건조,맑음,교차로 - 교차로안,승용,남,39세,상해없음,이륜,남,59세,중상
2016022200100330,2016년 2월 22일 18시,월요일,경상북도 포항시 북구 우현동,경상사고,0,0,1,1,차대차 - 정면충돌,교차로운행방법위반,건조,맑음,교차로 - 교차로부근,승합,남,69세,상해없음,승용,남,60세,부상신고
2016022200100331,2016년 2월 22일 18시,월요일,경상북도 김천시 부곡동,경상사고,0,0,1,0,차대사람 - 횡단중,보행자보호의무위반,건조,맑음,단일로 - 횡단보도상,승용,남,61세,상해없음,보행자,여,63세,경상
2016022200100332,2016년 2월 22일 18시,월요일,경상북도 구미시 황상동,중상사고,0,2,3,0,차대차 - 측면충돌,안전운전불이행,건조,맑음,단일로 - 기타,화물,남,51세,상해없음,화물,남,37세,경상
2016022200100373,2016년 2월 22일 19시,월요일,경상북도 상주시 화서면,경상사고,0,0,1,0,차대차 - 추돌,안전거리미확보,건조,맑음,교차로 - 교차로부근,원동기,남,63세,상해없음,이륜,남,77세,상해없음
2016022200100374,2016년 2월 22일 19시,월요일,경상북도 영주시 가흥동,경상사고,0,0,1,0,차대차 - 측면충돌,직진우회전진행방해,건조,맑음,교차로 - 교차로안,승용,여,60세,상해없음,원동기,남,17세,경상
2016022300100016,2016년 2월 23일 00시,화요일,경상북도 구미시 구포동,경상사고,0,0,1,0,차량단독 - 전도전복,안전운전불이행,건조,맑음,단일로 - 기타,승용,남,29세,경상,,,,
2016022300100067,2016년 2월 23일 06시,화요일,경상북도 영천시 금호읍,경상사고,0,0,1,0,차대사람 - 기타,안전운전불이행,건조,맑음,단일로 - 기타,승용,남,60세,상해없음,보행자,여,57세,경상
2016022300100068,2016년 2월 23일 06시,화요일,경상북도 구미시 구평동,중상사고,0,1,0,0,차대사람 - 기타,중앙선침범,건조,맑음,단일로 - 기타,승용,남,44세,상해없음,보행자,남,60세,중상
2016022300100092,2016년 2월 23일 07시,화요일,경상북도 경주시 노서동,중상사고,0,1,0,0,차대차 - 기타,안전운전불이행,건조,맑음,단일로 - 기타,승용,남,60세,상해없음,자전거,여,57세,중상
2016022300100125,2016년 2월 23일 08시,화요일,경상북도 영주시 휴천동,경상사고,0,0,1,1,차대차 - 측면충돌,안전운전불이행,건조,맑음,교차로 - 교차로안,승용,여,31세,부상신고,승합,남,59세,상해없음
2016022300100126,2016년 2월 23일 08시,화요일,경상북도 영주시 휴천동,경상사고,0,0,1,0,차대차 - 측면충돌,교차로운행방법위반,건조,맑음,교차로 - 교차로안,화물,남,38세,상해없음,승용,남,23세,경상
2016022300100144,2016년 2월 23일 09시,화요일,경상북도 포항시 북구 우현동,경상사고,0,0,2,0,차대차 - 측면충돌,안전운전불이행,건조,맑음,단일로 - 기타,승용,남,56세,경상,승용,여,48세,경상
2016022300100193,2016년 2월 23일 11시,화요일,경상북도 경주시 양남면,경상사고,0,0,2,0,차대차 - 측면직각충돌,기타,건조,맑음,교차로 - 교차로안,승용,남,60세,상해없음,승용,여,39세,경상
2016022300100219,2016년 2월 23일 12시,화요일,경상북도 경주시 동천동,경상사고,0,0,1,0,차대차 - 측면충돌,신호위반,건조,맑음,교차로 - 교차로안,승용,남,46세,경상,승용,여,47세,상해없음
2016022300100220,2016년 2월 23일 12시,화요일,경상북도 포항시 북구 장성동,경상사고,0,0,3,0,차대차 - 정면충돌,안전운전불이행,건조,맑음,교차로 - 교차로부근,승용,남,48세,상해없음,승용,남,33세,경상
2016022300100221,2016년 2월 23일 12시,화요일,경상북도 경산시 정평동,경상사고,0,0,1,0,차대사람 - 기타,안전운전불이행,건조,맑음,단일로 - 기타,승합,남,59세,상해없음,보행자,여,33세,경상
2016022300100249,2016년 2월 23일 13시,화요일,경상북도 포항시 북구 대신동,경상사고,0,0,2,0,차대차 - 정면충돌,안전운전불이행,건조,맑음,단일로 - 기타,승용,남,21세,상해없음,승합,남,47세,경상
2016022300100250,2016년 2월 23일 13시,화요일,경상북도 영주시 순흥면,중상사고,0,2,4,0,차대차 - 측면충돌,기타,건조,맑음,교차로 - 교차로안,승용,남,22세,경상,승용,남,62세,경상
2016022300100251,2016년 2월 23일 13시,화요일,경상북도 영주시 조암동,경상사고,0,0,2,0,차대차 - 측면충돌,안전운전불이행,건조,맑음,단일로 - 기타,화물,남,59세,경상,승용,여,57세,경상
2016022300100252,2016년 2월 23일 13시,화요일,경상북도 영덕군 영덕읍,중상사고,0,1,2,0,차대차 - 측면충돌,안전운전불이행,건조,맑음,단일로 - 기타,승용,남,70세,경상,승용,남,43세,상해없음
2016022300100275,2016년 2월 23일 14시,화요일,경상북도 포항시 북구 장성동,경상사고,0,0,2,0,차대차 - 측면충돌,교차로운행방법위반,건조,맑음,교차로 - 교차로안,승용,남,57세,상해없음,승용,남,58세,경상
2016022300100335,2016년 2월 23일 16시,화요일,경상북도 안동시 태화동,경상사고,0,0,7,0,차대차 - 정면충돌,교차로운행방법위반,건조,맑음,교차로 - 교차로안,승용,여,54세,경상,승용,여,32세,경상
2016022300100362,2016년 2월 23일 17시,화요일,경상북도 영덕군 병곡면,사망사고,1,0,0,0,차량단독 - 공작물충돌,안전운전불이행,건조,맑음,단일로 - 기타,화물,남,52세,사망,,,,
2016022300100363,2016년 2월 23일 17시,화요일,경상북도 울진군 매화면,중상사고,0,1,0,0,차대차 - 측면충돌,안전운전불이행,건조,맑음,단일로 - 터널,승용,남,56세,중상,건설기계,남,46세,상해없음
2016022300100364,2016년 2월 23일 17시,화요일,경상북도 구미시 남통동,중상사고,0,1,0,0,차대사람 - 횡단중,보행자보호의무위반,건조,맑음,교차로 - 교차로안,승용,여,58세,상해없음,보행자,남,7세,중상
2016022300100393,2016년 2월 23일 18시,화요일,경상북도 안동시 남문동,경상사고,0,0,1,0,차대차 - 정면충돌,교차로운행방법위반,건조,맑음,교차로 - 교차로안,승용,남,73세,상해없음,승용,여,55세,경상
2016022300100394,2016년 2월 23일 18시,화요일,경상북도 의성군 비안면,경상사고,0,0,1,0,차량단독 - 전도전복,안전운전불이행,건조,맑음,단일로 - 기타,이륜,남,72세,경상,,,,
2016022300100434,2016년 2월 23일 19시,화요일,경상북도 경주시 서부동,부상신고사고,0,0,0,1,차대사람 - 길가장자리구역통행중,안전운전불이행,건조,맑음,단일로 - 기타,승용,남,25세,상해없음,보행자,남,18세,부상신고
2016022300100435,2016년 2월 23일 19시,화요일,경상북도 경주시 안강읍,경상사고,0,0,1,0,차대차 - 추돌,안전운전불이행,건조,맑음,단일로 - 기타,이륜,남,71세,경상,승용,남,42세,상해없음
2016022300100436,2016년 2월 23일 19시,화요일,경상북도 안동시 옥동,경상사고,0,0,1,0,차대차 - 추돌,안전운전불이행,건조,맑음,단일로 - 기타,승용,여,53세,상해없음,승용,남,30세,경상
2016022300100455,2016년 2월 23일 20시,화요일,경상북도 김천시 개령면,사망사고,1,0,1,0,차대차 - 정면충돌,중앙선침범,건조,맑음,단일로 - 교량,화물,남,74세,사망,승용,남,43세,경상
2016022300100456,2016년 2월 23일 20시,화요일,경상북도 경산시 사동,중상사고,0,1,0,0,차대차 - 측면충돌,안전운전불이행,건조,맑음,단일로 - 기타,승용,여,52세,상해없음,승용,남,54세,중상
2016022300100457,2016년 2월 23일 20시,화요일,경상북도 성주군 성주읍,중상사고,0,1,0,0,차대사람 - 차도통행중,안전운전불이행,건조,맑음,단일로 - 기타,승합,남,48세,상해없음,보행자,남,42세,중상
2016022300100478,2016년 2월 23일 21시,화요일,경상북도 경주시 서악동,경상사고,0,0,1,0,차대차 - 측면충돌,안전운전불이행,건조,맑음,교차로 - 교차로부근,승용,남,33세,상해없음,승용,여,41세,경상
2016022300100479,2016년 2월 23일 21시,화요일,경상북도 경산시 자인면,중상사고,0,1,0,0,차량단독 - 전도전복,안전운전불이행,건조,맑음,단일로 - 기타,이륜,남,71세,중상,,,,
2016022300100501,2016년 2월 23일 22시,화요일,경상북도 김천시 율곡동,경상사고,0,0,1,0,차대사람 - 횡단중,보행자보호의무위반,건조,맑음,교차로 - 교차로안,화물,남,33세,상해없음,보행자,남,22세,경상
2016022300100519,2016년 2월 23일 23시,화요일,경상북도 포항시 북구 죽도동,중상사고,0,1,0,0,차대사람 - 길가장자리구역통행중,안전운전불이행,건조,맑음,단일로 - 기타,승용,여,42세,상해없음,보행자,여,36세,중상
2016022300100520,2016년 2월 23일 23시,화요일,경상북도 포항시 북구 죽도동,중상사고,0,1,2,0,차대차 - 추돌,안전운전불이행,건조,맑음,단일로 - 기타,이륜,남,28세,경상,승용,남,48세,경상
2016022300100521,2016년 2월 23일 23시,화요일,경상북도 칠곡군 동명면,경상사고,0,0,1,0,차대차 - 추돌,안전운전불이행,건조,맑음,단일로 - 기타,승용,남,48세,상해없음,화물,남,57세,경상
2016022300100523,2016년 2월 23일 23시,화요일,경상북도 칠곡군 석적읍,경상사고,0,0,1,0,차대사람 - 횡단중,안전운전불이행,건조,맑음,단일로 - 기타,승용,남,57세,상해없음,보행자,남,36세,경상
2016022300100524,2016년 2월 23일 23시,화요일,경상북도 예천군 예천읍,사망사고,1,0,0,0,차량단독 - 공작물충돌,안전운전불이행,건조,맑음,교차로 - 교차로부근,승용,남,61세,사망,,,,
2016022400100031,2016년 2월 24일 02시,수요일,경상북도 문경시 문경읍,경상사고,0,0,1,0,차대차 - 기타,안전운전불이행,건조,맑음,단일로 - 기타,승용,여,49세,경상,화물,남,48세,상해없음
2016022400100057,2016년 2월 24일 05시,수요일,경상북도 구미시 송정동,중상사고,0,1,0,0,차대사람 - 횡단중,안전운전불이행,건조,맑음,단일로 - 기타,승용,여,51세,상해없음,보행자,남,25세,중상
2016022400100067,2016년 2월 24일 06시,수요일,경상북도 안동시 용상동,경상사고,0,0,2,0,차대차 - 추돌,안전운전불이행,건조,맑음,단일로 - 기타,승용,남,55세,상해없음,승용,남,45세,경상
2016022400100084,2016년 2월 24일 07시,수요일,경상북도 영천시 성내동,중상사고,0,1,0,0,차대차 - 측면충돌,신호위반,건조,맑음,교차로 - 교차로안,승합,남,62세,상해없음,자전거,남,74세,중상
2016022400100085,2016년 2월 24일 07시,수요일,경상북도 성주군 초전면,경상사고,0,0,1,0,차대차 - 정면충돌,안전운전불이행,건조,흐림,교차로 - 교차로안,승용,여,48세,상해없음,특수,남,52세,경상
2016022400100086,2016년 2월 24일 07시,수요일,경상북도 군위군 고로면,경상사고,0,0,1,0,차대차 - 추돌,안전운전불이행,건조,맑음,교차로 - 교차로안,승용,남,47세,상해없음,화물,남,62세,경상
2016022400100111,2016년 2월 24일 08시,수요일,경상북도 구미시 황상동,경상사고,0,0,1,0,차대차 - 측면충돌,안전운전불이행,건조,맑음,단일로 - 기타,승용,여,27세,상해없음,승용,남,56세,경상
2016022400100112,2016년 2월 24일 08시,수요일,경상북도 구미시 공단동,경상사고,0,0,1,0,차대차 - 측면충돌,안전운전불이행,건조,맑음,단일로 - 기타,승용,남,60세,상해없음,승용,여,35세,경상
2016022400100148,2016년 2월 24일 09시,수요일,경상북도 울진군 울진읍,경상사고,0,0,2,0,차대차 - 정면충돌,안전운전불이행,적설,눈,단일로 - 기타,승용,여,62세,상해없음,승용,남,33세,경상
2016022400100170,2016년 2월 24일 10시,수요일,경상북도 칠곡군 동명면,경상사고,0,0,1,1,차대차 - 기타,안전거리미확보,건조,맑음,단일로 - 기타,화물,남,65세,부상신고,승용,남,27세,경상
2016022400100171,2016년 2월 24일 10시,수요일,경상북도 문경시 가은읍북부출장,경상사고,0,0,1,0,차량단독 - 전도전복,안전운전불이행,건조,맑음,단일로 - 기타,이륜,남,73세,경상,,,,
2016022400100172,2016년 2월 24일 10시,수요일,경상북도 경산시 사동,중상사고,0,1,0,0,차대차 - 측면직각충돌,신호위반,건조,맑음,교차로 - 교차로안,이륜,남,39세,중상,승용,여,46세,상해없음
2016022400100201,2016년 2월 24일 11시,수요일,경상북도 경주시 황성동,중상사고,0,1,0,0,차대차 - 측면직각충돌,안전운전불이행,건조,맑음,교차로 - 교차로안,승용,여,41세,상해없음,이륜,여,63세,중상
2016022400100202,2016년 2월 24일 11시,수요일,경상북도 포항시 북구 죽도동,경상사고,0,0,1,0,차대차 - 정면충돌,안전운전불이행,건조,맑음,단일로 - 기타,화물,남,45세,상해없음,승용,남,51세,경상
2016022400100203,2016년 2월 24일 11시,수요일,경상북도 안동시 법흥동,경상사고,0,0,3,0,차대차 - 측면직각충돌,과속,건조,맑음,단일로 - 기타,특수,남,29세,경상,승용,남,60세,경상
2016022400100235,2016년 2월 24일 12시,수요일,경상북도 경산시 중방동,경상사고,0,0,1,0,차대차 - 기타,안전운전불이행,건조,맑음,교차로 - 교차로안,승용,남,43세,상해없음,이륜,남,68세,경상
2016022400100260,2016년 2월 24일 13시,수요일,경상북도 상주시 외서면,중상사고,0,1,0,0,차대차 - 측면직각충돌,안전운전불이행,건조,맑음,단일로 - 기타,화물,남,62세,상해없음,이륜,남,26세,중상
2016022400100261,2016년 2월 24일 13시,수요일,경상북도 칠곡군 석적읍,중상사고,0,1,1,0,차대차 - 기타,교차로운행방법위반,건조,맑음,교차로 - 교차로안,승합,여,48세,상해없음,승용,남,27세,경상
2016022400100262,2016년 2월 24일 13시,수요일,경상북도 울진군 기성면,경상사고,0,0,2,0,차대차 - 측면충돌,안전운전불이행,적설,눈,단일로 - 기타,승용,남,49세,상해없음,화물,남,64세,경상
2016022400100295,2016년 2월 24일 14시,수요일,경상북도 구미시 인의동,경상사고,0,0,1,0,차대차 - 측면충돌,안전운전불이행,건조,맑음,교차로 - 교차로부근,승용,남,42세,상해없음,승용,남,44세,경상
2016022400100323,2016년 2월 24일 15시,수요일,경상북도 김천시 평화동,경상사고,0,0,1,0,차대차 - 측면충돌,신호위반,건조,맑음,교차로 - 교차로안,이륜,남,75세,경상,승용,남,55세,상해없음
2016022400100324,2016년 2월 24일 15시,수요일,경상북도 예천군 예천읍,중상사고,0,1,0,0,차대사람 - 횡단중,보행자보호의무위반,건조,맑음,단일로 - 횡단보도상,승용,여,56세,상해없음,보행자,남,6세,중상
2016022400100359,2016년 2월 24일 16시,수요일,경상북도 포항시 북구 죽도동,경상사고,0,0,2,0,차대차 - 측면충돌,안전운전불이행,습기,눈,교차로 - 교차로안,승용,여,51세,경상,승용,여,43세,경상
2016022400100360,2016년 2월 24일 16시,수요일,경상북도 포항시 북구 항구동,경상사고,0,0,1,0,차대차 - 측면충돌,직진우회전진행방해,습기,눈,교차로 - 교차로부근,승용,남,49세,상해없음,승용,남,31세,경상
2016022400100361,2016년 2월 24일 16시,수요일,경상북도 경산시 계양동,경상사고,0,0,1,0,차대차 - 기타,교차로운행방법위반,건조,맑음,교차로 - 교차로안,승용,여,57세,경상,화물,남,61세,기타불명
2016022400100362,2016년 2월 24일 16시,수요일,경상북도 구미시 진평동,부상신고사고,0,0,0,1,차대차 - 정면충돌,교차로운행방법위반,건조,맑음,교차로 - 교차로안,이륜,남,40세,부상신고,승용,여,40세,상해없음
2016022400100363,2016년 2월 24일 16시,수요일,경상북도 구미시 진평동,경상사고,0,0,1,0,차량단독 - 전도전복,안전운전불이행,건조,맑음,단일로 - 기타,이륜,남,32세,경상,,,,
2016022400100394,2016년 2월 24일 17시,수요일,경상북도 경주시 황남동,경상사고,0,0,2,0,차대차 - 기타,신호위반,건조,맑음,교차로 - 교차로안,화물,남,61세,기타불명,승용,여,44세,경상
2016022400100395,2016년 2월 24일 17시,수요일,경상북도 포항시 북구 학잠동,경상사고,0,0,1,0,차대차 - 측면충돌,직진우회전진행방해,습기,비,교차로 - 교차로안,승용,남,30세,상해없음,승용,여,27세,경상
2016022400100396,2016년 2월 24일 17시,수요일,경상북도 영천시 완산동,경상사고,0,0,2,0,차대차 - 정면충돌,신호위반,건조,맑음,교차로 - 교차로안,승용,남,67세,경상,승용,여,47세,경상
2016022400100397,2016년 2월 24일 17시,수요일,경상북도 구미시 인의동,경상사고,0,0,1,0,차대사람 - 횡단중,안전운전불이행,건조,맑음,단일로 - 기타,승용,남,65세,상해없음,보행자,남,21세,경상
2016022400100425,2016년 2월 24일 18시,수요일,경상북도 포항시 북구 장성동,경상사고,0,0,1,0,차대차 - 정면충돌,안전운전불이행,습기,흐림,교차로 - 교차로안,승용,남,43세,상해없음,화물,남,37세,경상
2016022400100469,2016년 2월 24일 19시,수요일,경상북도 경주시 신평동,경상사고,0,0,1,0,차대사람 - 횡단중,보행자보호의무위반,건조,맑음,교차로 - 교차로부근,승용,남,69세,상해없음,보행자,여,36세,경상
2016022400100470,2016년 2월 24일 19시,수요일,경상북도 안동시 정하동,경상사고,0,0,1,0,차대사람 - 기타,안전운전불이행,건조,맑음,단일로 - 기타,이륜,남,37세,상해없음,보행자,여,51세,경상
2016022400100471,2016년 2월 24일 19시,수요일,경상북도 안동시 태화동,중상사고,0,1,0,0,차대차 - 정면충돌,신호위반,건조,맑음,교차로 - 교차로안,승용,남,72세,상해없음,승용,여,61세,중상
2016022400100495,2016년 2월 24일 20시,수요일,경상북도 구미시 공단동,중상사고,0,1,0,0,차대차 - 기타,안전운전불이행,건조,맑음,교차로 - 교차로부근,승용,남,27세,상해없음,승용,남,40세,상해없음
2016022400100520,2016년 2월 24일 21시,수요일,경상북도 포항시 북구 장성동,중상사고,0,1,1,0,차대차 - 측면충돌,중앙선침범,건조,맑음,단일로 - 기타,승용,남,35세,상해없음,승용,남,51세,중상
2016022400100521,2016년 2월 24일 21시,수요일,경상북도 포항시 북구 항구동,중상사고,0,1,0,0,차대차 - 측면충돌,차로위반,습기,흐림,교차로 - 교차로부근,승용,남,67세,상해없음,승용,여,26세,중상
2016022400100522,2016년 2월 24일 21시,수요일,경상북도 상주시 냉림동,중상사고,0,1,0,0,차대사람 - 횡단중,보행자보호의무위반,건조,맑음,단일로 - 횡단보도부근,이륜,남,17세,상해없음,보행자,여,22세,중상
2016022400100523,2016년 2월 24일 21시,수요일,경상북도 구미시 진평동,중상사고,0,1,0,0,차대차 - 측면충돌,안전운전불이행,건조,맑음,단일로 - 기타,승용,남,30세,상해없음,화물,남,57세,중상
2016022500100015,2016년 2월 25일 00시,목요일,경상북도 안동시 풍산읍,경상사고,0,0,1,0,차량단독 - 전도전복,안전운전불이행,건조,맑음,단일로 - 기타,승용,남,68세,경상,,,,
2016022500100028,2016년 2월 25일 01시,목요일,경상북도 문경시 점촌동,중상사고,0,1,0,0,차대사람 - 차도통행중,안전운전불이행,건조,맑음,교차로 - 교차로부근,승용,남,48세,상해없음,보행자,남,41세,중상
2016022500100037,2016년 2월 25일 02시,목요일,경상북도 칠곡군 왜관읍,부상신고사고,0,0,0,1,차대차 - 추돌,안전운전불이행,건조,맑음,단일로 - 기타,승용,남,36세,부상신고,화물,남,38세,기타불명
2016022500100045,2016년 2월 25일 03시,목요일,경상북도 안동시 태화동,경상사고,0,0,3,0,차대차 - 정면충돌,안전운전불이행,건조,맑음,교차로 - 교차로부근,이륜,남,17세,상해없음,승용,남,21세,경상