사고번호,사고일시,요일,시군구,사고내용,사망자수,중상자수,경상자수,부상신고자수,사고유형,법규위반,노면상태,기상상태,도로형태,가해운전자 차종,가해운전자 성별,가해운전자 연령,가해운전자 상해정도,피해운전자 차종,피해운전자 성별,피해운전자 연령,피해운전자 상해정도
2016022800100326,2016년 2월 28일 17시,일요일,경상북도 칠곡군 북삼읍,경상사고,0,0,1,0,차대차 - 추돌,안전운전불이행,습기,비,단일로 - 기타,승용,기타불명,기타불명,기타불명,승용,여,21세,경상
2016022800100327,2016년 2월 28일 17시,일요일,경상북도 경산시 남산면,사망사고,1,0,0,0,차대차 - 측면직각충돌,신호위반,건조,맑음,교차로 - 교차로안,이륜,남,69세,사망,승용,남,44세,상해없음
2016022800100328,2016년 2월 28일 17시,일요일,경상북도 포항시 남구 상도동,경상사고,0,0,5,0,차대차 - 측면충돌,신호위반,건조,맑음,교차로 - 교차로안,승용,남,65세,경상,승용,남,58세,경상
2016022800100365,2016년 2월 28일 18시,일요일,경상북도 영천시 북안면,경상사고,0,0,1,0,차대사람 - 기타,안전운전불이행,습기,비,단일로 - 기타,화물,남,49세,상해없음,보행자,여,73세,경상
2016022800100366,2016년 2월 28일 18시,일요일,경상북도 영천시 청통면,중상사고,0,1,1,0,차대차 - 추돌,안전운전불이행,습기,비,교차로 - 교차로부근,승용,남,42세,기타불명,승용,남,52세,경상
2016022800100367,2016년 2월 28일 18시,일요일,경상북도 경산시 압량면,중상사고,0,2,0,0,차대차 - 측면직각충돌,중앙선침범,습기,흐림,단일로 - 기타,화물,남,49세,상해없음,승용,남,26세,중상
2016022800100368,2016년 2월 28일 18시,일요일,경상북도 청도군 화양읍,중상사고,0,2,1,0,차대차 - 정면충돌,중앙선침범,습기,비,단일로 - 기타,승용,여,59세,상해없음,승용,남,47세,중상
2016022800100407,2016년 2월 28일 19시,일요일,경상북도 영덕군 지품면,사망사고,1,0,0,0,차대사람 - 횡단중,안전운전불이행,습기,흐림,교차로 - 교차로안,승용,남,33세,상해없음,보행자,여,76세,사망
2016022800100408,2016년 2월 28일 19시,일요일,경상북도 구미시 임수동,경상사고,0,0,3,0,차대차 - 추돌,안전운전불이행,습기,비,단일로 - 기타,승용,남,60세,상해없음,승용,남,54세,상해없음
2016022800100409,2016년 2월 28일 19시,일요일,경상북도 구미시 고아읍,경상사고,0,0,1,0,차대차 - 기타,안전운전불이행,건조,맑음,단일로 - 기타,승용,남,37세,상해없음,이륜,남,58세,경상
2016022800100410,2016년 2월 28일 19시,일요일,경상북도 포항시 남구 오천읍,경상사고,0,0,1,0,차대차 - 측면충돌,안전운전불이행,습기,비,교차로 - 교차로안,화물,남,54세,상해없음,승용,여,48세,경상
2016022800100411,2016년 2월 28일 19시,일요일,경상북도 포항시 남구 송내동,경상사고,0,0,4,0,차대차 - 추돌,안전거리미확보,건조,맑음,단일로 - 기타,승용,남,64세,상해없음,승용,여,43세,경상
2016022800100439,2016년 2월 28일 20시,일요일,경상북도 경주시 현곡면,중상사고,0,1,1,0,차대차 - 측면충돌,안전운전불이행,건조,맑음,교차로 - 교차로안,승용,남,22세,상해없음,승용,남,45세,경상
2016022800100472,2016년 2월 28일 21시,일요일,경상북도 울진군 후포면,경상사고,0,0,1,0,차대차 - 측면충돌,안전운전불이행,건조,맑음,단일로 - 기타,승용,남,68세,상해없음,승용,남,24세,상해없음
2016022900100010,2016년 2월 29일 00시,월요일,경상북도 영주시 가흥동,중상사고,0,1,0,0,차대차 - 기타,안전운전불이행,건조,맑음,교차로 - 교차로부근,승용,남,20세,상해없음,자전거,여,51세,중상
2016022900100021,2016년 2월 29일 01시,월요일,경상북도 포항시 북구 양덕동,경상사고,0,0,1,0,차대차 - 측면충돌,직진우회전진행방해,건조,맑음,교차로 - 교차로안,원동기,남,26세,경상,승용,남,48세,상해없음
2016022900100022,2016년 2월 29일 01시,월요일,경상북도 포항시 남구 장기면,경상사고,0,0,1,0,차량단독 - 전도전복,안전운전불이행,기타,맑음,단일로 - 기타,승용,남,69세,경상,,,,
2016022900100026,2016년 2월 29일 02시,월요일,경상북도 구미시 진평동,중상사고,0,1,0,0,차대차 - 기타,안전운전불이행,건조,맑음,단일로 - 기타,승용,남,23세,상해없음,원동기,남,24세,중상
2016022900100067,2016년 2월 29일 07시,월요일,경상북도 문경시 산양면,경상사고,0,0,1,0,차량단독 - 전도전복,안전운전불이행,건조,흐림,단일로 - 기타,승용,남,45세,경상,,,,
2016022900100132,2016년 2월 29일 10시,월요일,경상북도 김천시 율곡동,경상사고,0,0,2,0,차대차 - 측면충돌,신호위반,건조,맑음,교차로 - 교차로안,승용,여,22세,상해없음,승용,남,65세,경상
2016022900100133,2016년 2월 29일 10시,월요일,경상북도 포항시 남구 오천읍,중상사고,0,1,0,0,차대차 - 측면충돌,중앙선침범,건조,맑음,단일로 - 기타,원동기,남,79세,중상,승용,남,58세,상해없음
2016022900100151,2016년 2월 29일 11시,월요일,경상북도 울진군 울진읍,중상사고,0,2,0,0,차대차 - 측면충돌,안전운전불이행,건조,맑음,단일로 - 기타,건설기계,남,43세,상해없음,승용,남,59세,중상
2016022900100180,2016년 2월 29일 12시,월요일,경상북도 경주시 안강읍,중상사고,0,2,1,1,차대사람 - 기타,중앙선침범,건조,맑음,단일로 - 기타,승용,남,46세,상해없음,보행자,남,47세,부상신고
2016022900100230,2016년 2월 29일 13시,월요일,경상북도 경주시 황성동,중상사고,0,1,0,0,차대차 - 측면충돌,안전운전불이행,건조,맑음,단일로 - 기타,승용,남,46세,상해없음,원동기,남,61세,중상
2016022900100231,2016년 2월 29일 13시,월요일,경상북도 경주시 동천동,경상사고,0,0,2,0,차대차 - 정면충돌,안전운전불이행,건조,맑음,단일로 - 기타,승용,남,53세,상해없음,승용,남,23세,경상
2016022900100232,2016년 2월 29일 13시,월요일,경상북도 안동시 용상동,중상사고,0,1,1,0,차대차 - 정면충돌,중앙선침범,건조,맑음,단일로 - 기타,승용,여,58세,경상,승용,여,56세,중상
2016022900100233,2016년 2월 29일 13시,월요일,경상북도 영천시 금노동,중상사고,0,1,0,0,차대차 - 측면직각충돌,안전운전불이행,건조,맑음,교차로 - 교차로안,원동기,남,77세,중상,화물,남,45세,상해없음
2016022900100292,2016년 2월 29일 15시,월요일,경상북도 칠곡군 지천면,경상사고,0,0,2,1,차대차 - 측면충돌,중앙선침범,건조,맑음,단일로 - 기타,화물,남,67세,상해없음,승용,남,29세,상해없음
2016022900100293,2016년 2월 29일 15시,월요일,경상북도 청송군 현동면,중상사고,0,2,0,0,차대차 - 측면직각충돌,중앙선침범,건조,맑음,단일로 - 기타,화물,남,62세,상해없음,승용,여,54세,중상
2016022900100327,2016년 2월 29일 16시,월요일,경상북도 상주시 모서면,사망사고,1,0,0,0,차량단독 - 공작물충돌,안전운전불이행,결빙,흐림,단일로 - 기타,화물,남,76세,상해없음,,,,
2016022900100328,2016년 2월 29일 16시,월요일,경상북도 포항시 남구 이동,경상사고,0,0,2,0,차대차 - 추돌,안전운전불이행,건조,흐림,단일로 - 기타,승용,남,30세,상해없음,승용,여,40세,경상
2016022900100399,2016년 2월 29일 18시,월요일,경상북도 구미시 산동면,경상사고,0,0,1,0,차대차 - 기타,중앙선침범,건조,맑음,교차로 - 교차로안,화물,남,49세,상해없음,승용,남,28세,경상
2016022900100400,2016년 2월 29일 18시,월요일,경상북도 포항시 남구 해도동,경상사고,0,0,2,0,차대차 - 측면충돌,안전운전불이행,건조,맑음,교차로 - 교차로안,승용,여,45세,경상,승용,남,27세,경상
2016022900100441,2016년 2월 29일 19시,월요일,경상북도 경주시 인왕동,경상사고,0,0,2,1,차대차 - 측면충돌,신호위반,건조,맑음,교차로 - 교차로부근,화물,남,46세,부상신고,승용,남,24세,경상
2016022900100442,2016년 2월 29일 19시,월요일,경상북도 포항시 남구 상도동,경상사고,0,0,1,0,차대차 - 측면충돌,안전운전불이행,건조,맑음,단일로 - 기타,화물,남,46세,상해없음,이륜,남,28세,경상
2016022900100480,2016년 2월 29일 20시,월요일,경상북도 경주시 석장동,중상사고,0,1,2,0,차대차 - 측면충돌,안전운전불이행,건조,맑음,교차로 - 교차로안,승용,남,31세,상해없음,승용,남,47세,중상
2016022900100481,2016년 2월 29일 20시,월요일,경상북도 상주시 남성동,경상사고,0,0,1,0,차대차 - 측면직각충돌,안전운전불이행,건조,맑음,교차로 - 교차로안,승용,남,50세,상해없음,자전거,남,41세,경상
2016022900100482,2016년 2월 29일 20시,월요일,경상북도 칠곡군 북삼읍,중상사고,0,1,0,0,차대사람 - 횡단중,신호위반,건조,맑음,교차로 - 교차로부근,승용,여,47세,상해없음,보행자,여,34세,중상
2016022900100483,2016년 2월 29일 20시,월요일,경상북도 구미시 선기동,중상사고,0,1,0,0,차대차 - 기타,교차로운행방법위반,습기,비,교차로 - 교차로안,승용,여,61세,상해없음,이륜,남,56세,중상
2016022900100510,2016년 2월 29일 21시,월요일,경상북도 포항시 남구 효자동,중상사고,0,1,0,0,차대차 - 추돌,안전운전불이행,건조,맑음,교차로 - 교차로안,기타불명,기타불명,기타불명,기타불명,승용,여,41세,중상
2016030100100051,2016년 3월 1일 01시,화요일,경상북도 문경시 영신동,경상사고,0,0,1,0,차량단독 - 전도전복,안전운전불이행,건조,맑음,교차로 - 교차로부근,화물,남,62세,경상,,,,
2016030100100144,2016년 3월 1일 07시,화요일,경상북도 의성군 의성읍,경상사고,0,0,2,0,차대차 - 정면충돌,중앙선침범,건조,맑음,단일로 - 기타,승합,남,76세,경상,화물,남,47세,경상
2016030100100177,2016년 3월 1일 09시,화요일,경상북도 구미시 해평면,경상사고,0,0,2,0,차대차 - 측면충돌,안전거리미확보,건조,맑음,교차로 - 교차로안,승용,여,44세,경상,승용,남,23세,경상
2016030100100196,2016년 3월 1일 10시,화요일,경상북도 경산시 와촌면,중상사고,0,1,0,0,차대차 - 측면충돌,안전운전불이행,건조,맑음,교차로 - 교차로안,이륜,남,82세,중상,승용,남,41세,상해없음
2016030100100209,2016년 3월 1일 11시,화요일,경상북도 안동시 송천동,중상사고,0,1,0,0,차대차 - 정면충돌,안전운전불이행,건조,맑음,단일로 - 기타,승합,남,52세,상해없음,화물,남,56세,상해없음
2016030100100227,2016년 3월 1일 12시,화요일,경상북도 구미시 황상동,경상사고,0,0,1,0,차대사람 - 길가장자리구역통행중,안전운전불이행,건조,맑음,단일로 - 기타,승용,여,24세,상해없음,보행자,여,18세,경상
2016030100100277,2016년 3월 1일 14시,화요일,경상북도 경주시 강동면,중상사고,0,3,2,0,차대차 - 추돌,안전운전불이행,건조,맑음,교차로 - 교차로부근,승용,여,51세,상해없음,승용,남,35세,중상
2016030100100278,2016년 3월 1일 14시,화요일,경상북도 포항시 북구 상원동,경상사고,0,0,1,0,차대차 - 정면충돌,차로위반,건조,맑음,교차로 - 교차로부근,승용,여,50세,상해없음,승용,남,56세,경상
2016030100100279,2016년 3월 1일 14시,화요일,경상북도 봉화군 소천면,사망사고,1,2,0,0,차대차 - 정면충돌,중앙선침범,건조,맑음,단일로 - 기타,승용,남,73세,사망,화물,남,68세,중상
2016030100100300,2016년 3월 1일 15시,화요일,경상북도 경주시 안강읍,중상사고,0,1,0,0,차대사람 - 기타,안전운전불이행,건조,맑음,단일로 - 기타,승용,여,45세,상해없음,보행자,남,5세,중상
2016030100100301,2016년 3월 1일 15시,화요일,경상북도 칠곡군 북삼읍,경상사고,0,0,2,5,차대차 - 측면직각충돌,교차로운행방법위반,건조,맑음,단일로 - 기타,화물,남,53세,부상신고,승용,남,38세,부상신고
2016030100100335,2016년 3월 1일 16시,화요일,경상북도 영덕군 지품면,경상사고,0,0,3,0,차대차 - 추돌,안전거리미확보,건조,맑음,단일로 - 기타,승합,남,28세,상해없음,승용,남,51세,경상
2016030100100367,2016년 3월 1일 17시,화요일,경상북도 안동시 송천동,경상사고,0,0,1,0,차대차 - 측면충돌,중앙선침범,건조,맑음,단일로 - 기타,승용,남,53세,상해없음,원동기,남,21세,경상
2016030100100368,2016년 3월 1일 17시,화요일,경상북도 청도군 각북면,경상사고,0,0,1,0,차대차 - 측면충돌,중앙선침범,건조,맑음,단일로 - 기타,자전거,남,15세,경상,승용,여,29세,상해없음
2016030100100369,2016년 3월 1일 17시,화요일,경상북도 고령군 성산면,중상사고,0,1,2,0,차량단독 - 공작물충돌,안전운전불이행,건조,맑음,단일로 - 기타,승용,여,55세,중상,,,,
2016030100100400,2016년 3월 1일 18시,화요일,경상북도 포항시 북구 신흥동,경상사고,0,0,1,0,차대사람 - 횡단중,보행자보호의무위반,건조,맑음,단일로 - 횡단보도상,화물,남,48세,기타불명,보행자,여,17세,경상
2016030100100401,2016년 3월 1일 18시,화요일,경상북도 안동시 풍천면,경상사고,0,0,1,0,차대차 - 정면충돌,안전운전불이행,건조,맑음,교차로 - 교차로부근,화물,여,61세,상해없음,승용,여,37세,경상
2016030100100402,2016년 3월 1일 18시,화요일,경상북도 경산시 중방동,경상사고,0,0,1,0,차대사람 - 기타,기타,건조,맑음,단일로 - 기타,승용,남,54세,상해없음,보행자,여,78세,경상
2016030100100442,2016년 3월 1일 19시,화요일,경상북도 경주시 성동동,경상사고,0,0,1,0,차대차 - 추돌,안전운전불이행,건조,맑음,교차로 - 교차로부근,승용,남,33세,상해없음,승용,여,32세,경상
2016030100100443,2016년 3월 1일 19시,화요일,경상북도 청송군 진보면,중상사고,0,1,0,0,차량단독 - 전도전복,교차로운행방법위반,건조,맑음,단일로 - 기타,원동기,여,59세,중상,,,,
2016030100100473,2016년 3월 1일 20시,화요일,경상북도 영주시 가흥동,중상사고,0,1,0,0,차대차 - 측면충돌,직진우회전진행방해,건조,맑음,교차로 - 교차로안,화물,남,28세,상해없음,원동기,남,38세,중상
2016030100100493,2016년 3월 1일 21시,화요일,경상북도 포항시 북구 두호동,경상사고,0,0,1,0,차대차 - 추돌,안전거리미확보,건조,맑음,단일로 - 횡단보도부근,승용,남,33세,상해없음,승용,여,61세,경상
2016030100100494,2016년 3월 1일 21시,화요일,경상북도 포항시 북구 죽도동,경상사고,0,0,5,0,차대차 - 측면충돌,교차로운행방법위반,건조,맑음,교차로 - 교차로안,화물,남,41세,경상,승용,남,64세,경상
2016030100100495,2016년 3월 1일 21시,화요일,경상북도 영천시 문외동,경상사고,0,0,2,0,차대차 - 추돌,안전운전불이행,건조,맑음,단일로 - 기타,승용,여,50세,상해없음,승용,남,39세,경상
2016030100100510,2016년 3월 1일 22시,화요일,경상북도 울진군 후포면,중상사고,0,1,0,0,차대사람 - 횡단중,안전운전불이행,건조,맑음,단일로 - 기타,승용,남,43세,상해없음,보행자,남,57세,중상
2016030100100511,2016년 3월 1일 22시,화요일,경상북도 구미시 광평동,경상사고,0,0,1,0,차대차 - 기타,안전운전불이행,건조,맑음,교차로 - 교차로안,승용,남,55세,상해없음,승용,여,29세,경상
2016030100100528,2016년 3월 1일 23시,화요일,경상북도 경주시 동천동,중상사고,0,1,0,0,차대차 - 측면충돌,교차로운행방법위반,건조,맑음,교차로 - 교차로안,승용,남,47세,상해없음,승용,여,49세,상해없음
2016030100100529,2016년 3월 1일 23시,화요일,경상북도 구미시 진평동,경상사고,0,0,1,0,차대사람 - 횡단중,안전운전불이행,건조,맑음,교차로 - 교차로안,이륜,남,26세,상해없음,보행자,여,17세,경상
2016030200100012,2016년 3월 2일 01시,수요일,경상북도 구미시 옥계동,경상사고,0,0,1,0,차대차 - 추돌,안전거리미확보,건조,맑음,교차로 - 교차로안,이륜,남,38세,상해없음,승용,여,60세,경상
2016030200100053,2016년 3월 2일 06시,수요일,경상북도 경주시 도지동,경상사고,0,0,2,0,차대차 - 기타,안전운전불이행,건조,맑음,단일로 - 기타,화물,남,31세,경상,화물,남,38세,상해없음
2016030200100054,2016년 3월 2일 06시,수요일,경상북도 구미시 지산동,경상사고,0,0,1,0,차대차 - 정면충돌,신호위반,건조,맑음,교차로 - 교차로부근,화물,남,50세,상해없음,승용,남,63세,경상
2016030200100074,2016년 3월 2일 07시,수요일,경상북도 문경시 마성면,중상사고,0,1,0,0,차대차 - 측면직각충돌,직진우회전진행방해,건조,맑음,교차로 - 교차로안,승용,여,58세,상해없음,자전거,남,61세,중상
2016030200100075,2016년 3월 2일 07시,수요일,경상북도 고령군 다산면,경상사고,0,0,1,0,차대사람 - 횡단중,안전운전불이행,건조,맑음,단일로 - 기타,승용,남,54세,상해없음,보행자,남,71세,경상
2016030200100076,2016년 3월 2일 07시,수요일,경상북도 포항시 남구 장기면,경상사고,0,0,1,0,차대차 - 기타,안전거리미확보,건조,맑음,교차로 - 교차로안,승용,남,45세,경상,승용,남,50세,상해없음
2016030200100114,2016년 3월 2일 08시,수요일,경상북도 안동시 당북동,중상사고,0,2,5,0,차대차 - 기타,신호위반,건조,맑음,교차로 - 교차로안,승용,여,45세,중상,승용,여,34세,중상
2016030200100115,2016년 3월 2일 08시,수요일,경상북도 포항시 남구 해도동,경상사고,0,0,1,0,차대차 - 추돌,안전운전불이행,건조,맑음,단일로 - 기타,화물,남,23세,상해없음,승용,남,27세,경상
2016030200100142,2016년 3월 2일 09시,수요일,경상북도 영천시 금노동,중상사고,0,1,2,0,차대차 - 추돌,안전거리미확보,건조,맑음,단일로 - 기타,승용,남,79세,경상,승용,남,23세,중상
2016030200100143,2016년 3월 2일 09시,수요일,경상북도 구미시 봉곡동,중상사고,0,1,0,0,차대차 - 정면충돌,안전운전불이행,건조,맑음,단일로 - 기타,화물,남,57세,중상,승용,여,39세,상해없음
2016030200100169,2016년 3월 2일 10시,수요일,경상북도 안동시 일직면,경상사고,0,0,1,0,차대차 - 측면직각충돌,신호위반,건조,맑음,교차로 - 교차로안,이륜,남,53세,경상,승용,여,55세,상해없음
2016030200100170,2016년 3월 2일 10시,수요일,경상북도 영주시 영주동,중상사고,0,1,0,0,차대사람 - 횡단중,안전운전불이행,건조,맑음,교차로 - 교차로부근,승용,남,64세,상해없음,보행자,여,59세,중상
2016030200100171,2016년 3월 2일 10시,수요일,경상북도 포항시 남구 동촌동,경상사고,0,0,1,0,차대차 - 측면충돌,안전운전불이행,건조,맑음,단일로 - 기타,승용,남,69세,상해없음,화물,남,38세,경상
2016030200100193,2016년 3월 2일 11시,수요일,경상북도 상주시 남성동,경상사고,0,0,1,0,차대사람 - 길가장자리구역통행중,안전운전불이행,건조,맑음,단일로 - 기타,이륜,남,76세,상해없음,보행자,여,89세,경상
2016030200100230,2016년 3월 2일 12시,수요일,경상북도 칠곡군 북삼읍,부상신고사고,0,0,0,1,차량단독 - 전도전복,안전운전불이행,건조,맑음,단일로 - 기타,승용,남,55세,부상신고,,,,
2016030200100231,2016년 3월 2일 12시,수요일,경상북도 경산시 대평동,경상사고,0,0,1,0,차대차 - 기타,신호위반,건조,맑음,교차로 - 교차로안,승용,남,75세,상해없음,승용,남,55세,경상
2016030200100232,2016년 3월 2일 12시,수요일,경상북도 경산시 백천동,경상사고,0,0,2,0,차대차 - 기타,안전운전불이행,건조,맑음,단일로 - 기타,승용,여,72세,상해없음,승용,여,29세,경상
2016030200100245,2016년 3월 2일 13시,수요일,경상북도 경주시 외동읍,부상신고사고,0,0,0,1,차대차 - 추돌,안전운전불이행,건조,맑음,단일로 - 기타,승용,남,36세,상해없음,건설기계,남,46세,부상신고
2016030200100246,2016년 3월 2일 13시,수요일,경상북도 포항시 북구 죽도동,부상신고사고,0,0,0,1,차대차 - 측면충돌,안전운전불이행,건조,맑음,단일로 - 기타,이륜,여,33세,부상신고,승용,남,45세,상해없음
2016030200100247,2016년 3월 2일 13시,수요일,경상북도 청송군 파천면,중상사고,0,1,1,0,차대차 - 측면충돌,교차로운행방법위반,건조,맑음,교차로 - 교차로안,승용,남,50세,경상,승합,남,51세,중상
2016030200100284,2016년 3월 2일 14시,수요일,경상북도 구미시 원평동,중상사고,0,1,0,0,차대차 - 측면충돌,신호위반,건조,맑음,교차로 - 교차로안,승용,여,41세,상해없음,승용,여,57세,중상
2016030200100311,2016년 3월 2일 15시,수요일,경상북도 경주시 서면,경상사고,0,0,1,0,차대차 - 측면충돌,안전운전불이행,건조,맑음,교차로 - 교차로안,화물,남,79세,상해없음,승용,남,70세,상해없음
2016030200100312,2016년 3월 2일 15시,수요일,경상북도 안동시 성곡동,사망사고,1,0,0,0,차량단독 - 전도전복,안전운전불이행,건조,맑음,기타 - 기타,승용,여,73세,사망,,,,
2016030200100313,2016년 3월 2일 15시,수요일,경상북도 영주시 풍기읍,경상사고,0,0,1,0,차대사람 - 횡단중,안전운전불이행,건조,맑음,교차로 - 교차로안,승용,남,56세,상해없음,보행자,남,2세,경상
2016030200100314,2016년 3월 2일 15시,수요일,경상북도 구미시 원평동,경상사고,0,0,1,0,차대사람 - 횡단중,보행자보호의무위반,건조,맑음,교차로 - 교차로안,화물,남,46세,상해없음,보행자,여,61세,경상
2016030200100348,2016년 3월 2일 16시,수요일,경상북도 영천시 창구동,경상사고,0,0,1,0,차대사람 - 횡단중,안전운전불이행,건조,맑음,교차로 - 교차로부근,승합,남,45세,상해없음,보행자,남,42세,경상
2016030200100365,2016년 3월 2일 17시,수요일,경상북도 영천시 야사동,중상사고,0,1,0,0,차대사람 - 길가장자리구역통행중,안전운전불이행,건조,맑음,단일로 - 기타,화물,여,53세,상해없음,보행자,남,58세,중상
2016030200100366,2016년 3월 2일 17시,수요일,경상북도 성주군 초전면,경상사고,0,0,1,0,차대차 - 측면충돌,안전운전불이행,건조,맑음,교차로 - 교차로안,승용,여,74세,상해없음,승용,남,53세,경상
2016030200100402,2016년 3월 2일 18시,수요일,경상북도 김천시 아포읍,경상사고,0,0,1,0,차대차 - 측면충돌,직진우회전진행방해,건조,맑음,교차로 - 교차로안,승용,남,66세,상해없음,화물,여,53세,경상
2016030200100403,2016년 3월 2일 18시,수요일,경상북도 상주시 낙양동,경상사고,0,0,1,0,차대차 - 측면직각충돌,신호위반,건조,맑음,교차로 - 교차로부근,이륜,남,22세,상해없음,자전거,여,53세,경상
2016030200100404,2016년 3월 2일 18시,수요일,경상북도 경산시 중방동,중상사고,0,1,1,0,차대차 - 기타,신호위반,건조,맑음,교차로 - 교차로안,화물,남,61세,중상,승합,남,46세,경상
2016030200100405,2016년 3월 2일 18시,수요일,경상북도 상주시 낙동면,경상사고,0,0,2,0,차대차 - 측면직각충돌,안전거리미확보,건조,맑음,단일로 - 기타,화물,남,47세,상해없음,승용,여,58세,경상
2016030200100451,2016년 3월 2일 19시,수요일,경상북도 칠곡군 약목면,경상사고,0,0,2,0,차대차 - 정면충돌,신호위반,건조,맑음,교차로 - 교차로안,승용,여,33세,경상,승용,남,22세,경상
2016030200100452,2016년 3월 2일 19시,수요일,경상북도 구미시 진평동,경상사고,0,0,2,1,차대차 - 측면충돌,교차로운행방법위반,건조,맑음,교차로 - 교차로안,승용,남,31세,부상신고,승용,남,52세,경상
2016030200100453,2016년 3월 2일 19시,수요일,경상북도 포항시 남구 대송면,경상사고,0,0,1,0,차대차 - 측면충돌,안전운전불이행,건조,맑음,교차로 - 교차로안,특수,남,51세,상해없음,승용,여,27세,경상
2016030200100479,2016년 3월 2일 20시,수요일,경상북도 김천시 삼락동,경상사고,0,0,1,0,차대차 - 정면충돌,안전운전불이행,건조,맑음,단일로 - 기타,승용,남,60세,상해없음,승용,여,37세,경상
2016030200100502,2016년 3월 2일 21시,수요일,경상북도 경주시 성건동,경상사고,0,0,3,0,차대차 - 추돌,안전운전불이행,건조,기타,단일로 - 기타,승용,남,23세,상해없음,승용,남,65세,경상
2016030200100503,2016년 3월 2일 21시,수요일,경상북도 경주시 황성동,경상사고,0,0,1,0,차대사람 - 횡단중,안전운전불이행,건조,맑음,교차로 - 교차로안,승용,남,25세,상해없음,보행자,여,56세,경상
2016030200100534,2016년 3월 2일 22시,수요일,경상북도 구미시 진평동,중상사고,0,1,0,0,차대차 - 측면직각충돌,중앙선침범,건조,맑음,단일로 - 기타,승용,남,38세,상해없음,자전거,여,48세,중상
2016030200100563,2016년 3월 2일 23시,수요일,경상북도 포항시 남구 해도동,중상사고,0,1,0,2,차대사람 - 보도통행중,기타,건조,맑음,단일로 - 기타,승용,남,24세,상해없음,보행자,남,39세,중상
2016030300100011,2016년 3월 3일 00시,목요일,경상북도 경주시 용강동,경상사고,0,0,1,0,차대차 - 측면충돌,안전운전불이행,건조,맑음,단일로 - 기타,승용,남,49세,상해없음,승용,남,46세,경상
2016030300100046,2016년 3월 3일 05시,목요일,경상북도 구미시 시미동,경상사고,0,0,1,0,차대차 - 추돌,안전운전불이행,건조,맑음,교차로 - 교차로안,승용,남,25세,상해없음,승용,남,34세,경상
2016030300100073,2016년 3월 3일 06시,목요일,경상북도 경주시 충효동,중상사고,0,1,0,0,차대차 - 측면직각충돌,안전운전불이행,건조,맑음,단일로 - 기타,화물,남,44세,상해없음,승용,남,39세,중상
2016030300100093,2016년 3월 3일 07시,목요일,경상북도 포항시 북구 송라면,경상사고,0,0,2,0,차대차 - 측면직각충돌,안전거리미확보,건조,맑음,단일로 - 횡단보도부근,화물,남,49세,경상,화물,남,24세,경상
2016030300100094,2016년 3월 3일 07시,목요일,경상북도 성주군 성주읍,경상사고,0,0,1,0,차대차 - 측면충돌,안전운전불이행,건조,맑음,교차로 - 교차로부근,승용,여,29세,상해없음,이륜,남,75세,경상
2016030300100121,2016년 3월 3일 08시,목요일,경상북도 구미시 공단동,경상사고,0,0,1,0,차대차 - 측면충돌,교차로운행방법위반,건조,맑음,교차로 - 교차로안,승용,여,67세,상해없음,승용,남,52세,상해없음
2016030300100122,2016년 3월 3일 08시,목요일,경상북도 구미시 황상동,경상사고,0,0,1,0,차대차 - 기타,안전운전불이행,건조,맑음,기타 - 기타,승용,남,26세,상해없음,승용,여,36세,경상
2016030300100157,2016년 3월 3일 09시,목요일,경상북도 구미시 송정동,중상사고,0,2,1,0,차대차 - 기타,신호위반,건조,맑음,교차로 - 교차로안,승용,남,38세,상해없음,승용,남,64세,경상
2016030300100180,2016년 3월 3일 10시,목요일,경상북도 포항시 북구 죽도동,경상사고,0,0,1,0,차대차 - 정면충돌,신호위반,건조,맑음,교차로 - 교차로안,화물,남,60세,상해없음,승용,여,40세,경상
2016030300100205,2016년 3월 3일 11시,목요일,경상북도 의성군 봉양면,경상사고,0,0,1,0,차량단독 - 전도전복,안전운전불이행,건조,맑음,단일로 - 기타,건설기계,남,55세,경상,,,,
2016030300100206,2016년 3월 3일 11시,목요일,경상북도 영천시 금호읍,중상사고,0,2,0,0,차대차 - 측면직각충돌,안전운전불이행,건조,맑음,교차로 - 교차로안,승용,남,77세,중상,승용,여,54세,상해없음
2016030300100248,2016년 3월 3일 13시,목요일,경상북도 포항시 북구 대신동,중상사고,0,1,0,0,차대사람 - 횡단중,보행자보호의무위반,건조,맑음,단일로 - 기타,승용,여,48세,상해없음,보행자,여,62세,중상
2016030300100249,2016년 3월 3일 13시,목요일,경상북도 안동시 송현동,경상사고,0,0,3,0,차대차 - 추돌,안전운전불이행,건조,맑음,단일로 - 기타,승용,여,47세,상해없음,승용,여,39세,경상
2016030300100250,2016년 3월 3일 13시,목요일,경상북도 영주시 영주동,중상사고,0,1,0,0,차대사람 - 횡단중,보행자보호의무위반,건조,맑음,단일로 - 횡단보도상,승합,남,45세,상해없음,보행자,여,69세,중상
2016030300100277,2016년 3월 3일 14시,목요일,경상북도 문경시 흥덕동,경상사고,0,0,1,0,차대사람 - 기타,안전운전불이행,건조,맑음,단일로 - 기타,승용,여,53세,상해없음,보행자,여,46세,경상
2016030300100278,2016년 3월 3일 14시,목요일,경상북도 청도군 각북면,사망사고,1,0,0,0,차량단독 - 전도전복,안전운전불이행,건조,맑음,단일로 - 기타,이륜,남,80세,사망,,,,