사고번호,사고일시,요일,시군구,사고내용,사망자수,중상자수,경상자수,부상신고자수,사고유형,법규위반,노면상태,기상상태,도로형태,가해운전자 차종,가해운전자 성별,가해운전자 연령,가해운전자 상해정도,피해운전자 차종,피해운전자 성별,피해운전자 연령,피해운전자 상해정도
2016030300100279,2016년 3월 3일 14시,목요일,경상북도 포항시 남구 대도동,경상사고,0,0,1,0,차대사람 - 기타,보행자보호의무위반,건조,맑음,단일로 - 기타,승용,여,54세,상해없음,보행자,남,9세,경상
2016030300100309,2016년 3월 3일 15시,목요일,경상북도 영천시 신령면,중상사고,0,1,0,1,차대차 - 측면직각충돌,신호위반,건조,맑음,교차로 - 교차로안,승용,여,48세,부상신고,화물,남,75세,중상
2016030300100334,2016년 3월 3일 16시,목요일,경상북도 경산시 정평동,중상사고,0,1,1,0,차대차 - 기타,중앙선침범,건조,맑음,단일로 - 기타,자전거,여,48세,경상,원동기,남,23세,중상
2016030300100335,2016년 3월 3일 16시,목요일,경상북도 울진군 울진읍,경상사고,0,0,1,0,차량단독 - 전도전복,안전운전불이행,건조,맑음,단일로 - 기타,화물,남,58세,경상,,,,
2016030300100336,2016년 3월 3일 16시,목요일,경상북도 포항시 남구 대잠동,중상사고,0,1,0,0,차대차 - 추돌,안전운전불이행,건조,맑음,교차로 - 교차로안,승용,남,51세,상해없음,승용,여,53세,중상
2016030300100337,2016년 3월 3일 16시,목요일,경상북도 포항시 남구 대잠동,경상사고,0,0,1,0,차대차 - 측면충돌,직진우회전진행방해,건조,맑음,교차로 - 교차로안,승용,여,36세,상해없음,승용,남,22세,경상
2016030300100367,2016년 3월 3일 17시,목요일,경상북도 안동시 동부동,경상사고,0,0,1,0,차대차 - 측면직각충돌,교차로운행방법위반,건조,맑음,교차로 - 교차로안,이륜,남,65세,경상,승용,여,46세,상해없음
2016030300100368,2016년 3월 3일 17시,목요일,경상북도 영천시 도동,경상사고,0,0,1,0,차대차 - 측면직각충돌,안전운전불이행,건조,맑음,교차로 - 교차로안,자전거,여,61세,경상,승용,여,50세,상해없음
2016030300100419,2016년 3월 3일 18시,목요일,경상북도 상주시 가장동,부상신고사고,0,0,0,1,차량단독 - 공작물충돌,안전운전불이행,건조,맑음,단일로 - 기타,원동기,남,76세,부상신고,,,,
2016030300100420,2016년 3월 3일 18시,목요일,경상북도 문경시 모전동,경상사고,0,0,1,0,차대차 - 측면충돌,안전운전불이행,건조,맑음,교차로 - 교차로안,승용,남,54세,상해없음,자전거,남,13세,경상
2016030300100421,2016년 3월 3일 18시,목요일,경상북도 성주군 수륜면,경상사고,0,0,3,0,차량단독 - 공작물충돌,안전운전불이행,건조,맑음,단일로 - 기타,승용,남,48세,상해없음,,,,
2016030300100422,2016년 3월 3일 18시,목요일,경상북도 구미시 형곡동,중상사고,0,1,0,0,차대차 - 측면직각충돌,안전운전불이행,건조,맑음,교차로 - 교차로안,승용,남,51세,상해없음,승용,여,43세,중상
2016030300100423,2016년 3월 3일 18시,목요일,경상북도 구미시 황상동,경상사고,0,0,1,0,차대차 - 추돌,안전거리미확보,건조,맑음,단일로 - 기타,승용,남,19세,상해없음,승용,남,55세,경상
2016030300100471,2016년 3월 3일 19시,목요일,경상북도 경주시 양북면,중상사고,0,1,2,0,차대차 - 추돌,안전운전불이행,건조,맑음,단일로 - 기타,화물,남,55세,상해없음,승용,남,35세,중상
2016030300100499,2016년 3월 3일 20시,목요일,경상북도 김천시 성내동,중상사고,0,1,0,0,차대사람 - 횡단중,보행자보호의무위반,건조,맑음,단일로 - 횡단보도상,승용,남,64세,상해없음,보행자,남,40세,중상
2016030300100535,2016년 3월 3일 21시,목요일,경상북도 경주시 노서동,경상사고,0,0,1,0,차대차 - 정면충돌,신호위반,건조,맑음,교차로 - 교차로안,승용,남,33세,상해없음,승용,남,25세,경상
2016030300100536,2016년 3월 3일 21시,목요일,경상북도 칠곡군 북삼읍,경상사고,0,0,1,0,차대차 - 추돌,안전운전불이행,건조,맑음,단일로 - 기타,승용,남,50세,상해없음,승용,남,25세,경상
2016030300100578,2016년 3월 3일 23시,목요일,경상북도 김천시 남산동,경상사고,0,0,1,0,차대차 - 측면충돌,안전운전불이행,건조,맑음,교차로 - 교차로안,승용,남,25세,상해없음,승용,남,61세,경상
2016030300100579,2016년 3월 3일 23시,목요일,경상북도 구미시 진평동,경상사고,0,0,1,0,차대사람 - 횡단중,안전운전불이행,건조,맑음,기타 - 기타,승용,남,50세,상해없음,보행자,여,22세,경상
2016030300100580,2016년 3월 3일 23시,목요일,경상북도 포항시 남구 오천읍,부상신고사고,0,0,0,1,차대차 - 추돌,안전운전불이행,건조,맑음,단일로 - 기타,승용,여,42세,상해없음,화물,기타불명,기타불명,기타불명
2016030400100053,2016년 3월 4일 03시,금요일,경상북도 구미시 봉곡동,경상사고,0,0,1,0,차량단독 - 전도전복,안전운전불이행,건조,맑음,단일로 - 기타,화물,남,44세,상해없음,,,,
2016030400100071,2016년 3월 4일 05시,금요일,경상북도 포항시 남구 해도동,중상사고,0,1,0,0,차대사람 - 길가장자리구역통행중,안전운전불이행,건조,맑음,단일로 - 기타,기타불명,기타불명,기타불명,기타불명,보행자,남,42세,중상
2016030400100104,2016년 3월 4일 07시,금요일,경상북도 경주시 석장동,경상사고,0,0,1,0,차대차 - 측면충돌,신호위반,습기,흐림,교차로 - 교차로부근,자전거,남,57세,경상,승용,여,51세,상해없음
2016030400100105,2016년 3월 4일 07시,금요일,경상북도 포항시 북구 장성동,경상사고,0,0,3,0,차대차 - 측면충돌,교차로운행방법위반,습기,비,교차로 - 교차로안,승용,여,44세,경상,승용,여,53세,경상
2016030400100153,2016년 3월 4일 08시,금요일,경상북도 영주시 가흥동,경상사고,0,0,2,0,차대차 - 측면충돌,안전운전불이행,건조,맑음,교차로 - 교차로안,승용,여,39세,경상,승용,여,48세,경상
2016030400100154,2016년 3월 4일 08시,금요일,경상북도 성주군 용암면,경상사고,0,0,1,0,차대차 - 측면충돌,신호위반,건조,맑음,기타 - 기타,화물,남,50세,상해없음,승용,여,53세,경상
2016030400100155,2016년 3월 4일 08시,금요일,경상북도 구미시 원평동,경상사고,0,0,1,0,차대차 - 측면충돌,안전운전불이행,건조,흐림,단일로 - 기타,승용,여,48세,상해없음,승용,여,34세,경상
2016030400100156,2016년 3월 4일 08시,금요일,경상북도 포항시 남구 괴동동,중상사고,0,1,0,0,차대차 - 기타,직진우회전진행방해,습기,비,교차로 - 교차로안,승용,남,42세,상해없음,이륜,남,35세,중상
2016030400100205,2016년 3월 4일 10시,금요일,경상북도 경주시 황성동,중상사고,0,1,0,0,차대차 - 정면충돌,중앙선침범,습기,비,단일로 - 기타,승용,남,31세,상해없음,화물,남,50세,중상
2016030400100206,2016년 3월 4일 10시,금요일,경상북도 경주시 안강읍,경상사고,0,0,2,0,차대차 - 기타,안전운전불이행,습기,비,단일로 - 기타,승용,남,66세,상해없음,승용,남,39세,경상
2016030400100207,2016년 3월 4일 10시,금요일,경상북도 영천시 창구동,중상사고,0,1,0,0,차대차 - 추돌,교차로운행방법위반,습기,비,교차로 - 교차로부근,승용,남,78세,상해없음,승용,남,53세,중상
2016030400100237,2016년 3월 4일 11시,금요일,경상북도 상주시 양촌동,중상사고,0,1,1,0,차대차 - 추돌,안전운전불이행,건조,맑음,단일로 - 기타,승용,남,60세,상해없음,화물,남,67세,중상
2016030400100238,2016년 3월 4일 11시,금요일,경상북도 칠곡군 동명면,중상사고,0,1,0,1,차대차 - 정면충돌,안전운전불이행,건조,맑음,단일로 - 기타,승용,여,49세,부상신고,화물,남,68세,중상
2016030400100239,2016년 3월 4일 11시,금요일,경상북도 고령군 대가야읍,사망사고,1,0,0,0,차대사람 - 횡단중,안전운전불이행,습기,비,단일로 - 기타,이륜,남,72세,상해없음,보행자,여,83세,사망
2016030400100240,2016년 3월 4일 11시,금요일,경상북도 포항시 남구 호미곶면,중상사고,0,1,0,0,차대차 - 기타,중앙선침범,습기,비,단일로 - 기타,화물,남,66세,상해없음,이륜,남,74세,중상
2016030400100241,2016년 3월 4일 11시,금요일,경상북도 구미시 부곡동,경상사고,0,0,1,0,차대차 - 측면충돌,안전운전불이행,건조,맑음,단일로 - 기타,특수,남,20세,상해없음,화물,남,49세,경상
2016030400100266,2016년 3월 4일 12시,금요일,경상북도 경주시 양남면,중상사고,0,1,0,0,차대사람 - 기타,신호위반,습기,비,단일로 - 횡단보도상,건설기계,남,53세,상해없음,보행자,남,9세,중상
2016030400100267,2016년 3월 4일 12시,금요일,경상북도 포항시 북구 죽도동,중상사고,0,1,0,0,차대차 - 정면충돌,중앙선침범,습기,흐림,단일로 - 기타,승용,여,61세,상해없음,이륜,남,37세,중상
2016030400100268,2016년 3월 4일 12시,금요일,경상북도 김천시 성내동,경상사고,0,0,2,0,차대차 - 추돌,신호위반,건조,맑음,교차로 - 교차로안,승용,여,41세,상해없음,승용,여,42세,경상
2016030400100269,2016년 3월 4일 12시,금요일,경상북도 영주시 상줄동,경상사고,0,0,1,0,차대차 - 측면충돌,중앙선침범,건조,맑음,단일로 - 기타,원동기,남,42세,경상,화물,남,48세,상해없음
2016030400100270,2016년 3월 4일 12시,금요일,경상북도 경산시 사정동,경상사고,0,0,1,0,차대사람 - 보도통행중,보행자보호의무위반,건조,맑음,교차로 - 교차로안,승용,여,40세,상해없음,보행자,여,66세,경상
2016030400100305,2016년 3월 4일 13시,금요일,경상북도 칠곡군 왜관읍,부상신고사고,0,0,0,1,차량단독 - 전도전복,안전운전불이행,습기,비,교차로 - 교차로부근,화물,남,36세,부상신고,,,,
2016030400100306,2016년 3월 4일 13시,금요일,경상북도 봉화군 봉화읍,경상사고,0,0,2,0,차대차 - 측면충돌,신호위반,건조,맑음,교차로 - 교차로안,승용,남,69세,경상,승용,남,57세,경상
2016030400100307,2016년 3월 4일 13시,금요일,경상북도 구미시 인의동,중상사고,0,1,0,0,차대차 - 측면충돌,안전운전불이행,습기,비,단일로 - 기타,화물,남,59세,중상,승합,남,43세,상해없음
2016030400100339,2016년 3월 4일 14시,금요일,경상북도 포항시 북구 대신동,경상사고,0,0,2,0,차대차 - 측면충돌,차로위반,건조,맑음,단일로 - 기타,승용,여,56세,상해없음,승용,남,62세,경상
2016030400100340,2016년 3월 4일 14시,금요일,경상북도 울진군 울진읍,경상사고,0,0,1,0,차대차 - 측면충돌,교차로운행방법위반,건조,맑음,교차로 - 교차로안,승용,여,36세,상해없음,승용,남,30세,경상
2016030400100367,2016년 3월 4일 15시,금요일,경상북도 안동시 옥동,경상사고,0,0,1,0,차대사람 - 길가장자리구역통행중,안전운전불이행,건조,맑음,기타 - 기타,화물,남,45세,상해없음,보행자,여,83세,경상
2016030400100368,2016년 3월 4일 15시,금요일,경상북도 문경시 산양면,중상사고,0,1,0,0,차대차 - 추돌,안전거리미확보,건조,흐림,단일로 - 기타,승용,남,54세,상해없음,이륜,남,19세,중상
2016030400100369,2016년 3월 4일 15시,금요일,경상북도 영덕군 강구면,경상사고,0,0,1,0,차량단독 - 공작물충돌,안전운전불이행,건조,맑음,교차로 - 교차로안,승용,여,37세,경상,,,,
2016030400100370,2016년 3월 4일 15시,금요일,경상북도 봉화군 소천면,중상사고,0,3,2,2,차대차 - 정면충돌,중앙선침범,습기,흐림,단일로 - 기타,승용,여,57세,중상,승합,남,50세,부상신고
2016030400100371,2016년 3월 4일 15시,금요일,경상북도 고령군 다산면,경상사고,0,0,1,0,차대차 - 측면충돌,안전운전불이행,습기,비,교차로 - 교차로부근,승용,여,46세,상해없음,이륜,여,63세,경상
2016030400100372,2016년 3월 4일 15시,금요일,경상북도 구미시 신평동,경상사고,0,0,1,0,차대차 - 추돌,안전거리미확보,습기,비,교차로 - 교차로부근,승용,남,20세,상해없음,승용,여,30세,경상
2016030400100396,2016년 3월 4일 16시,금요일,경상북도 경주시 양남면,중상사고,0,1,0,1,차대차 - 정면충돌,중앙선침범,건조,맑음,단일로 - 기타,화물,남,64세,상해없음,승용,남,35세,중상
2016030400100397,2016년 3월 4일 16시,금요일,경상북도 포항시 북구 대흥동,경상사고,0,0,1,0,차대사람 - 횡단중,안전운전불이행,습기,비,교차로 - 교차로안,승용,여,42세,상해없음,보행자,여,46세,경상
2016030400100426,2016년 3월 4일 17시,금요일,경상북도 상주시 남성동,중상사고,0,1,0,0,차대사람 - 횡단중,보행자보호의무위반,습기,비,교차로 - 교차로안,승용,여,30세,상해없음,보행자,남,63세,중상
2016030400100427,2016년 3월 4일 17시,금요일,경상북도 봉화군 소천면,경상사고,0,0,1,0,차대차 - 추돌,안전운전불이행,건조,맑음,교차로 - 교차로부근,승용,남,59세,경상,화물,남,55세,상해없음
2016030400100428,2016년 3월 4일 17시,금요일,경상북도 포항시 남구 청림동,경상사고,0,0,2,0,차대차 - 추돌,안전운전불이행,습기,비,교차로 - 교차로부근,화물,남,61세,상해없음,승용,남,65세,경상
2016030400100473,2016년 3월 4일 18시,금요일,경상북도 영주시 가흥동,경상사고,0,0,2,0,차대차 - 추돌,안전운전불이행,습기,비,교차로 - 교차로부근,승용,남,43세,상해없음,승용,남,26세,경상
2016030400100474,2016년 3월 4일 18시,금요일,경상북도 영천시 금호읍,경상사고,0,0,1,0,차대차 - 측면직각충돌,중앙선침범,습기,비,단일로 - 기타,자전거,남,76세,경상,승용,여,49세,상해없음
2016030400100517,2016년 3월 4일 19시,금요일,경상북도 포항시 북구 신흥동,부상신고사고,0,0,0,1,차대사람 - 횡단중,안전운전불이행,건조,맑음,교차로 - 교차로부근,승용,남,24세,상해없음,보행자,여,16세,부상신고
2016030400100518,2016년 3월 4일 19시,금요일,경상북도 영주시 휴천동,중상사고,0,2,1,0,차대차 - 정면충돌,안전운전불이행,건조,맑음,교차로 - 교차로부근,화물,남,60세,경상,승용,남,34세,중상
2016030400100519,2016년 3월 4일 19시,금요일,경상북도 울진군 북면,사망사고,1,0,1,0,차대차 - 측면충돌,안전운전불이행,건조,맑음,단일로 - 기타,승용,남,31세,경상,승용,여,35세,사망
2016030400100567,2016년 3월 4일 20시,금요일,경상북도 칠곡군 왜관읍,부상신고사고,0,0,0,1,차대사람 - 횡단중,안전운전불이행,습기,흐림,단일로 - 기타,승용,여,59세,상해없음,보행자,남,46세,부상신고
2016030400100568,2016년 3월 4일 20시,금요일,경상북도 경산시 하양읍,경상사고,0,0,1,0,차대차 - 정면충돌,신호위반,건조,맑음,교차로 - 교차로안,승용,남,67세,상해없음,이륜,남,17세,경상
2016030400100569,2016년 3월 4일 20시,금요일,경상북도 성주군 성주읍,경상사고,0,0,2,0,차대차 - 측면직각충돌,안전운전불이행,습기,비,기타 - 기타,승용,남,46세,상해없음,승용,남,42세,경상
2016030400100601,2016년 3월 4일 21시,금요일,경상북도 경주시 노서동,경상사고,0,0,1,0,차대차 - 측면충돌,신호위반,습기,비,교차로 - 교차로안,승용,남,71세,상해없음,승용,여,56세,경상
2016030400100602,2016년 3월 4일 21시,금요일,경상북도 경산시 중방동,중상사고,0,4,0,0,차대차 - 정면충돌,교차로운행방법위반,습기,비,교차로 - 교차로안,승용,여,51세,중상,승용,여,63세,중상
2016030400100629,2016년 3월 4일 22시,금요일,경상북도 경주시 배반동,경상사고,0,0,1,1,차대차 - 추돌,안전운전불이행,습기,비,단일로 - 기타,승용,남,56세,상해없음,승용,남,56세,부상신고
2016030400100630,2016년 3월 4일 22시,금요일,경상북도 안동시 옥동,경상사고,0,0,2,0,차대차 - 추돌,안전운전불이행,습기,비,교차로 - 교차로부근,승용,여,28세,상해없음,승용,남,35세,상해없음
2016030400100631,2016년 3월 4일 22시,금요일,경상북도 구미시 옥계동,중상사고,0,1,0,0,차대사람 - 횡단중,안전운전불이행,습기,비,기타 - 기타,이륜,남,40세,상해없음,보행자,여,64세,중상
2016030400100632,2016년 3월 4일 22시,금요일,경상북도 구미시 송정동,경상사고,0,0,1,0,차대차 - 기타,안전운전불이행,건조,맑음,교차로 - 교차로안,승용,남,38세,상해없음,이륜,남,20세,경상
2016030400100633,2016년 3월 4일 22시,금요일,경상북도 포항시 남구 오천읍,경상사고,0,0,1,0,차대차 - 측면직각충돌,중앙선침범,습기,흐림,단일로 - 기타,이륜,남,19세,경상,승용,남,29세,상해없음
2016030400100671,2016년 3월 4일 23시,금요일,경상북도 김천시 대항면,경상사고,0,0,1,0,차량단독 - 전도전복,안전운전불이행,습기,비,단일로 - 기타,화물,남,47세,경상,,,,
2016030500100038,2016년 3월 5일 00시,토요일,경상북도 구미시 인의동,경상사고,0,0,2,0,차대차 - 정면충돌,안전운전불이행,건조,맑음,단일로 - 기타,승용,여,36세,상해없음,승용,남,49세,경상
2016030500100073,2016년 3월 5일 01시,토요일,경상북도 경산시 와촌면,사망사고,1,0,0,0,차대차 - 기타,안전운전불이행,습기,흐림,단일로 - 기타,승용,여,34세,상해없음,승용,남,48세,상해없음
2016030500100074,2016년 3월 5일 01시,토요일,경상북도 경산시 조영동,경상사고,0,0,1,0,차대차 - 측면충돌,안전운전불이행,건조,맑음,교차로 - 교차로부근,승용,여,33세,상해없음,승용,여,37세,경상
2016030500100075,2016년 3월 5일 01시,토요일,경상북도 경산시 삼북동,사망사고,1,0,0,0,차대사람 - 기타,안전운전불이행,건조,맑음,단일로 - 기타,승용,남,46세,상해없음,보행자,남,52세,사망
2016030500100076,2016년 3월 5일 01시,토요일,경상북도 포항시 남구 오천읍,경상사고,0,0,2,0,차대차 - 기타,안전운전불이행,습기,맑음,교차로 - 교차로안,승용,남,22세,상해없음,승용,여,31세,경상
2016030500100100,2016년 3월 5일 02시,토요일,경상북도 경산시 계양동,중상사고,0,1,3,0,차대차 - 기타,안전운전불이행,건조,맑음,교차로 - 교차로부근,승용,남,33세,경상,승용,남,42세,중상
2016030500100151,2016년 3월 5일 06시,토요일,경상북도 경산시 사동,중상사고,0,1,0,0,차대차 - 정면충돌,신호위반,건조,맑음,교차로 - 교차로안,승합,남,67세,상해없음,승용,여,35세,중상
2016030500100182,2016년 3월 5일 08시,토요일,경상북도 구미시 도량동,경상사고,0,0,2,0,차대차 - 측면충돌,신호위반,적설,비,교차로 - 교차로안,화물,남,54세,상해없음,승용,남,45세,경상
2016030500100203,2016년 3월 5일 09시,토요일,경상북도 구미시 선산읍,경상사고,0,0,1,0,차대차 - 측면충돌,안전운전불이행,적설,흐림,교차로 - 교차로안,승용,남,69세,상해없음,승용,남,26세,경상
2016030500100204,2016년 3월 5일 09시,토요일,경상북도 포항시 남구 오천읍,경상사고,0,0,1,0,차대사람 - 횡단중,교차로운행방법위반,습기,흐림,교차로 - 교차로안,승용,남,31세,상해없음,보행자,여,54세,경상
2016030500100220,2016년 3월 5일 10시,토요일,경상북도 경산시 진량읍,경상사고,0,0,1,0,차대차 - 기타,안전운전불이행,건조,맑음,단일로 - 기타,화물,남,56세,상해없음,화물,남,62세,경상
2016030500100221,2016년 3월 5일 10시,토요일,경상북도 구미시 송정동,경상사고,0,0,2,0,차대차 - 추돌,안전거리미확보,습기,비,교차로 - 교차로부근,승용,남,55세,상해없음,승용,남,59세,경상
2016030500100254,2016년 3월 5일 11시,토요일,경상북도 경주시 충효동,경상사고,0,0,1,0,차대차 - 정면충돌,안전운전불이행,습기,흐림,단일로 - 기타,원동기,남,17세,경상,승용,남,46세,상해없음
2016030500100255,2016년 3월 5일 11시,토요일,경상북도 봉화군 소천면,중상사고,0,3,2,0,차대차 - 정면충돌,중앙선침범,습기,흐림,단일로 - 기타,승용,여,63세,경상,승용,남,47세,경상
2016030500100256,2016년 3월 5일 11시,토요일,경상북도 군위군 효령면,사망사고,1,0,0,0,차대사람 - 횡단중,안전운전불이행,건조,흐림,단일로 - 기타,화물,남,54세,상해없음,보행자,여,89세,사망
2016030500100278,2016년 3월 5일 12시,토요일,경상북도 경주시 황오동,중상사고,0,3,0,0,차대차 - 측면충돌,중앙선침범,건조,맑음,단일로 - 기타,승용,남,35세,상해없음,승용,남,39세,중상
2016030500100279,2016년 3월 5일 12시,토요일,경상북도 포항시 북구 죽도동,중상사고,0,1,0,0,차대차 - 측면충돌,안전운전불이행,건조,맑음,단일로 - 기타,자전거,남,73세,중상,이륜,남,18세,상해없음
2016030500100307,2016년 3월 5일 13시,토요일,경상북도 영주시 가흥동,경상사고,0,0,1,0,차대차 - 측면충돌,안전운전불이행,습기,비,교차로 - 교차로안,승용,남,61세,상해없음,승용,여,70세,경상
2016030500100308,2016년 3월 5일 13시,토요일,경상북도 청도군 화양읍,중상사고,0,1,5,0,차대차 - 측면충돌,직진우회전진행방해,건조,맑음,교차로 - 교차로안,승용,남,51세,경상,화물,남,64세,경상
2016030500100358,2016년 3월 5일 15시,토요일,경상북도 경주시 신평동,중상사고,0,2,0,0,차대차 - 기타,중앙선침범,건조,맑음,교차로 - 교차로안,승용,여,44세,상해없음,이륜,남,31세,중상
2016030500100389,2016년 3월 5일 16시,토요일,경상북도 칠곡군 가산면,경상사고,0,0,2,0,차대차 - 측면충돌,안전운전불이행,습기,비,교차로 - 교차로부근,화물,남,60세,상해없음,승용,남,57세,경상
2016030500100416,2016년 3월 5일 17시,토요일,경상북도 포항시 남구 연일읍,경상사고,0,0,1,0,차대차 - 측면충돌,신호위반,건조,흐림,교차로 - 교차로안,이륜,남,19세,경상,승용,여,52세,상해없음
2016030500100461,2016년 3월 5일 18시,토요일,경상북도 영주시 가흥동,경상사고,0,0,1,0,차대사람 - 횡단중,보행자보호의무위반,습기,비,교차로 - 교차로안,화물,남,45세,상해없음,보행자,남,16세,경상
2016030500100462,2016년 3월 5일 18시,토요일,경상북도 칠곡군 왜관읍,경상사고,0,0,1,0,차량단독 - 전도전복,안전운전불이행,습기,비,단일로 - 기타,승용,남,24세,상해없음,,,,
2016030500100463,2016년 3월 5일 18시,토요일,경상북도 구미시 임수동,중상사고,0,1,0,0,차대차 - 기타,안전운전불이행,습기,비,단일로 - 횡단보도부근,승용,남,27세,상해없음,승용,여,40세,중상
2016030500100464,2016년 3월 5일 18시,토요일,경상북도 포항시 남구 구룡포읍,중상사고,0,1,1,0,차대차 - 측면충돌,중앙선침범,건조,맑음,단일로 - 기타,승용,남,55세,상해없음,이륜,남,20세,중상
2016030500100512,2016년 3월 5일 19시,토요일,경상북도 경주시 동천동,중상사고,0,1,0,0,차대차 - 측면직각충돌,안전운전불이행,건조,맑음,교차로 - 교차로안,이륜,여,64세,중상,이륜,남,20세,상해없음
2016030500100513,2016년 3월 5일 19시,토요일,경상북도 포항시 북구 흥해읍,경상사고,0,0,3,0,차대차 - 측면충돌,안전운전불이행,습기,비,교차로 - 교차로부근,승용,남,70세,상해없음,승용,남,38세,상해없음
2016030500100514,2016년 3월 5일 19시,토요일,경상북도 예천군 지보면,사망사고,1,0,0,0,차대사람 - 차도통행중,안전운전불이행,습기,비,단일로 - 기타,승용,남,54세,상해없음,보행자,남,80세,사망
2016030500100515,2016년 3월 5일 19시,토요일,경상북도 구미시 옥계동,경상사고,0,0,4,0,차대차 - 측면충돌,신호위반,습기,비,교차로 - 교차로안,화물,여,60세,경상,승용,남,33세,경상
2016030500100516,2016년 3월 5일 19시,토요일,경상북도 구미시 선산읍,중상사고,0,2,0,0,차량단독 - 전도전복,안전운전불이행,습기,비,단일로 - 기타,승용,남,61세,중상,,,,
2016030500100552,2016년 3월 5일 20시,토요일,경상북도 경주시 동천동,경상사고,0,0,1,0,차대차 - 측면직각충돌,안전운전불이행,습기,흐림,교차로 - 교차로안,이륜,여,65세,경상,승합,남,44세,상해없음
2016030500100553,2016년 3월 5일 20시,토요일,경상북도 포항시 북구 죽도동,경상사고,0,0,1,0,차대차 - 추돌,직진우회전진행방해,습기,비,교차로 - 교차로안,기타불명,기타불명,기타불명,기타불명,승용,여,39세,경상
2016030500100554,2016년 3월 5일 20시,토요일,경상북도 경산시 계양동,경상사고,0,0,1,0,차대차 - 정면충돌,차로위반,습기,비,단일로 - 기타,승용,남,42세,상해없음,이륜,남,16세,경상
2016030500100555,2016년 3월 5일 20시,토요일,경상북도 포항시 남구 지곡동,중상사고,0,1,0,0,차대사람 - 횡단중,보행자보호의무위반,습기,비,단일로 - 기타,승용,여,37세,상해없음,보행자,남,18세,중상
2016030500100556,2016년 3월 5일 20시,토요일,경상북도 포항시 남구 해도동,사망사고,1,0,0,0,차대사람 - 횡단중,안전운전불이행,습기,비,단일로 - 기타,승용,남,38세,상해없음,보행자,남,44세,사망
2016030500100586,2016년 3월 5일 21시,토요일,경상북도 경주시 천북면,경상사고,0,0,1,0,차대사람 - 횡단중,안전운전불이행,습기,비,단일로 - 기타,승용,여,53세,상해없음,보행자,여,19세,경상
2016030500100587,2016년 3월 5일 21시,토요일,경상북도 구미시 임은동,경상사고,0,0,3,0,차대차 - 측면충돌,교차로운행방법위반,습기,비,교차로 - 교차로안,승합,남,27세,상해없음,승용,남,26세,상해없음
2016030500100588,2016년 3월 5일 21시,토요일,경상북도 구미시 임수동,중상사고,0,1,1,0,차대차 - 추돌,안전운전불이행,습기,비,단일로 - 기타,승용,남,47세,상해없음,승용,남,52세,중상
2016030500100643,2016년 3월 5일 23시,토요일,경상북도 경주시 시래동,중상사고,0,1,0,0,차대사람 - 횡단중,보행자보호의무위반,습기,비,단일로 - 횡단보도상,승용,남,22세,상해없음,보행자,남,38세,중상
2016030500100644,2016년 3월 5일 23시,토요일,경상북도 문경시 문경읍,경상사고,0,0,1,0,차대차 - 정면충돌,중앙선침범,습기,비,교차로 - 교차로안,화물,남,47세,상해없음,승용,남,32세,경상
2016030600100012,2016년 3월 6일 00시,일요일,경상북도 영천시 화룡동,경상사고,0,0,1,0,차량단독 - 전도전복,안전운전불이행,습기,비,교차로 - 교차로안,승용,여,40세,경상,,,,
2016030600100013,2016년 3월 6일 00시,일요일,경상북도 포항시 남구 연일읍,중상사고,0,1,0,0,차대차 - 정면충돌,안전운전불이행,습기,비,교차로 - 교차로안,승용,여,33세,상해없음,승용,남,57세,중상
2016030600100057,2016년 3월 6일 03시,일요일,경상북도 경산시 하양읍,경상사고,0,0,2,0,차대차 - 측면직각충돌,안전운전불이행,건조,맑음,교차로 - 교차로부근,승용,여,41세,상해없음,승용,남,59세,경상
2016030600100083,2016년 3월 6일 05시,일요일,경상북도 포항시 북구 항구동,경상사고,0,0,1,0,차대사람 - 차도통행중,안전운전불이행,건조,맑음,단일로 - 기타,승용,남,31세,상해없음,보행자,남,38세,경상
2016030600100114,2016년 3월 6일 08시,일요일,경상북도 포항시 북구 장성동,중상사고,0,1,0,0,차대차 - 측면직각충돌,교차로운행방법위반,습기,비,교차로 - 교차로안,이륜,남,62세,중상,승용,남,56세,상해없음
2016030600100115,2016년 3월 6일 08시,일요일,경상북도 청도군 화양읍,중상사고,0,1,0,0,차대차 - 측면충돌,교차로운행방법위반,습기,흐림,교차로 - 교차로안,승용,남,68세,상해없음,승용,여,38세,중상
2016030600100130,2016년 3월 6일 09시,일요일,경상북도 청도군 이서면,경상사고,0,0,1,0,차량단독 - 전도전복,안전운전불이행,습기,비,단일로 - 기타,승용,남,36세,경상,,,,
2016030600100165,2016년 3월 6일 11시,일요일,경상북도 포항시 북구 죽도동,중상사고,0,1,0,0,차대차 - 측면충돌,안전운전불이행,건조,맑음,교차로 - 교차로부근,자전거,여,55세,중상,승용,여,55세,상해없음
2016030600100187,2016년 3월 6일 12시,일요일,경상북도 경주시 현곡면,중상사고,0,1,0,1,차대차 - 측면충돌,중앙선침범,건조,흐림,교차로 - 교차로부근,승용,남,63세,부상신고,승용,남,40세,중상
2016030600100207,2016년 3월 6일 13시,일요일,경상북도 포항시 북구 두호동,경상사고,0,0,1,0,차대차 - 정면충돌,안전운전불이행,건조,맑음,교차로 - 교차로안,화물,남,74세,상해없음,자전거,남,13세,경상