사고번호,사고일시,요일,시군구,사고내용,사망자수,중상자수,경상자수,부상신고자수,사고유형,법규위반,노면상태,기상상태,도로형태,가해운전자 차종,가해운전자 성별,가해운전자 연령,가해운전자 상해정도,피해운전자 차종,피해운전자 성별,피해운전자 연령,피해운전자 상해정도
2016030600100208,2016년 3월 6일 13시,일요일,경상북도 포항시 북구 장성동,경상사고,0,0,1,0,차대사람 - 횡단중,안전운전불이행,건조,맑음,단일로 - 기타,승용,여,39세,상해없음,보행자,남,8세,경상
2016030600100209,2016년 3월 6일 13시,일요일,경상북도 포항시 북구 죽도동,경상사고,0,0,1,0,차대차 - 측면충돌,안전거리미확보,건조,맑음,단일로 - 기타,승용,여,54세,상해없음,승합,남,44세,상해없음
2016030600100237,2016년 3월 6일 14시,일요일,경상북도 경주시 천북면,중상사고,0,1,1,0,차대차 - 측면충돌,안전운전불이행,건조,맑음,교차로 - 교차로안,승용,남,26세,경상,승용,여,34세,중상
2016030600100238,2016년 3월 6일 14시,일요일,경상북도 문경시 점촌동,중상사고,0,1,0,0,차대차 - 측면충돌,기타,건조,맑음,단일로 - 터널,화물,남,62세,상해없음,원동기,남,78세,중상
2016030600100239,2016년 3월 6일 14시,일요일,경상북도 영덕군 영해면,중상사고,0,3,1,0,차대차 - 추돌,안전운전불이행,건조,맑음,교차로 - 교차로부근,승용,여,41세,중상,승용,남,47세,경상
2016030600100240,2016년 3월 6일 14시,일요일,경상북도 울진군 울진읍,중상사고,0,1,3,0,차대차 - 측면충돌,중앙선침범,건조,맑음,단일로 - 기타,화물,남,73세,상해없음,승용,여,54세,상해없음
2016030600100241,2016년 3월 6일 14시,일요일,경상북도 구미시 신평동,중상사고,0,1,0,0,차대차 - 기타,중앙선침범,건조,맑음,단일로 - 기타,승용,여,42세,상해없음,이륜,남,33세,중상
2016030600100270,2016년 3월 6일 15시,일요일,경상북도 성주군 성주읍,중상사고,0,1,0,0,차대차 - 정면충돌,직진우회전진행방해,건조,맑음,교차로 - 교차로안,이륜,남,68세,중상,승용,남,46세,상해없음
2016030600100271,2016년 3월 6일 15시,일요일,경상북도 구미시 사곡동,경상사고,0,0,2,0,차대차 - 기타,안전운전불이행,건조,맑음,교차로 - 교차로부근,승용,남,44세,상해없음,승용,여,55세,경상
2016030600100272,2016년 3월 6일 15시,일요일,경상북도 영천시 금호읍,중상사고,0,1,0,0,차량단독 - 전도전복,안전운전불이행,건조,맑음,단일로 - 기타,승용,남,41세,상해없음,,,,
2016030600100291,2016년 3월 6일 16시,일요일,경상북도 안동시 태화동,경상사고,0,0,4,0,차대차 - 정면충돌,안전거리미확보,건조,맑음,단일로 - 기타,화물,남,38세,상해없음,승용,남,50세,상해없음
2016030600100322,2016년 3월 6일 17시,일요일,경상북도 김천시 덕곡동,경상사고,0,0,3,0,차대차 - 측면충돌,안전운전불이행,건조,맑음,교차로 - 교차로부근,승용,남,52세,상해없음,화물,남,55세,경상
2016030600100323,2016년 3월 6일 17시,일요일,경상북도 예천군 예천읍,중상사고,0,1,0,0,차대차 - 측면직각충돌,안전거리미확보,건조,맑음,단일로 - 기타,승용,남,42세,상해없음,이륜,여,57세,중상
2016030600100358,2016년 3월 6일 18시,일요일,경상북도 포항시 남구 지곡동,경상사고,0,0,1,0,차대사람 - 횡단중,안전운전불이행,건조,맑음,단일로 - 기타,승용,남,52세,상해없음,보행자,남,9세,경상
2016030600100394,2016년 3월 6일 19시,일요일,경상북도 경산시 진량읍,경상사고,0,0,1,0,차대차 - 측면직각충돌,안전운전불이행,건조,맑음,단일로 - 기타,원동기,여,18세,경상,승용,남,26세,상해없음
2016030600100395,2016년 3월 6일 19시,일요일,경상북도 청송군 부남면,사망사고,2,0,0,0,차대차 - 정면충돌,중앙선침범,건조,맑음,단일로 - 기타,승합,남,72세,사망,화물,남,24세,사망
2016030600100424,2016년 3월 6일 20시,일요일,경상북도 안동시 옥야동,경상사고,0,0,4,0,차대차 - 추돌,안전거리미확보,건조,맑음,단일로 - 기타,승용,여,75세,경상,승용,남,34세,경상
2016030600100460,2016년 3월 6일 21시,일요일,경상북도 경산시 중산동,중상사고,0,1,0,0,차대사람 - 횡단중,안전운전불이행,건조,맑음,교차로 - 교차로안,승용,남,31세,상해없음,보행자,여,20세,중상
2016030600100482,2016년 3월 6일 22시,일요일,경상북도 경주시 성건동,중상사고,0,1,0,0,차대차 - 측면충돌,신호위반,건조,맑음,교차로 - 교차로안,화물,남,59세,상해없음,자전거,남,38세,중상
2016030600100483,2016년 3월 6일 22시,일요일,경상북도 김천시 신음동,중상사고,0,1,0,0,차대사람 - 차도통행중,안전운전불이행,건조,맑음,단일로 - 기타,이륜,남,19세,상해없음,보행자,남,41세,중상
2016030600100484,2016년 3월 6일 22시,일요일,경상북도 포항시 남구 상도동,경상사고,0,0,1,0,차대차 - 측면직각충돌,안전운전불이행,건조,맑음,단일로 - 기타,승용,남,26세,상해없음,원동기,남,18세,경상
2016030600100499,2016년 3월 6일 23시,일요일,경상북도 포항시 북구 장성동,중상사고,0,1,0,0,차대사람 - 횡단중,보행자보호의무위반,건조,맑음,교차로 - 교차로부근,승용,남,55세,상해없음,보행자,여,20세,중상
2016030700100030,2016년 3월 7일 04시,월요일,경상북도 칠곡군 왜관읍,중상사고,0,1,1,0,차대차 - 측면충돌,신호위반,건조,맑음,교차로 - 교차로안,화물,남,67세,경상,승용,남,32세,중상
2016030700100039,2016년 3월 7일 05시,월요일,경상북도 포항시 북구 장성동,경상사고,0,0,1,0,차대차 - 정면충돌,중앙선침범,건조,맑음,단일로 - 기타,승용,여,42세,상해없음,승용,남,46세,경상
2016030700100040,2016년 3월 7일 05시,월요일,경상북도 영천시 야사동,중상사고,0,1,1,0,차대차 - 측면충돌,직진우회전진행방해,건조,흐림,교차로 - 교차로안,승용,여,59세,중상,승용,남,44세,경상
2016030700100052,2016년 3월 7일 06시,월요일,경상북도 경산시 중방동,경상사고,0,0,1,0,차대사람 - 차도통행중,안전운전불이행,건조,맑음,교차로 - 교차로부근,승용,여,43세,상해없음,보행자,여,66세,경상
2016030700100069,2016년 3월 7일 07시,월요일,경상북도 구미시 황상동,경상사고,0,0,1,0,차대차 - 측면충돌,기타,건조,맑음,교차로 - 교차로안,화물,남,32세,상해없음,화물,남,46세,경상
2016030700100102,2016년 3월 7일 08시,월요일,경상북도 안동시 일직면,사망사고,1,0,0,0,차량단독 - 전도전복,안전운전불이행,건조,맑음,단일로 - 기타,승용,남,38세,사망,,,,
2016030700100103,2016년 3월 7일 08시,월요일,경상북도 의성군 안계면,경상사고,0,0,1,0,차대사람 - 기타,안전운전불이행,건조,맑음,기타 - 기타,승용,남,65세,상해없음,보행자,여,62세,경상
2016030700100104,2016년 3월 7일 08시,월요일,경상북도 영주시 휴천동,중상사고,0,1,0,1,차대사람 - 횡단중,안전운전불이행,건조,맑음,교차로 - 교차로부근,화물,남,68세,상해없음,보행자,여,16세,중상
2016030700100105,2016년 3월 7일 08시,월요일,경상북도 구미시 봉곡동,경상사고,0,0,3,1,차대차 - 측면직각충돌,교차로운행방법위반,건조,맑음,교차로 - 교차로안,승용,여,43세,부상신고,승용,여,27세,경상
2016030700100134,2016년 3월 7일 09시,월요일,경상북도 안동시 옥동,중상사고,0,1,1,0,차대차 - 정면충돌,안전운전불이행,건조,맑음,교차로 - 교차로안,승용,여,37세,상해없음,승용,남,58세,경상
2016030700100135,2016년 3월 7일 09시,월요일,경상북도 안동시 와룡면,중상사고,0,11,3,19,차량단독 - 기타,안전운전불이행,건조,맑음,단일로 - 기타,승합,남,56세,경상,,,,
2016030700100136,2016년 3월 7일 09시,월요일,경상북도 구미시 공단동,중상사고,0,1,0,0,차대차 - 측면충돌,교차로운행방법위반,건조,기타,교차로 - 교차로안,승용,남,49세,상해없음,이륜,남,64세,중상
2016030700100165,2016년 3월 7일 10시,월요일,경상북도 상주시 성하동,경상사고,0,0,3,0,차대차 - 정면충돌,중앙선침범,건조,맑음,교차로 - 교차로안,원동기,여,63세,경상,승용,남,26세,경상
2016030700100191,2016년 3월 7일 11시,월요일,경상북도 포항시 북구 죽도동,경상사고,0,0,1,0,차대차 - 측면충돌,안전운전불이행,건조,맑음,단일로 - 기타,원동기,여,53세,경상,승용,남,63세,상해없음
2016030700100192,2016년 3월 7일 11시,월요일,경상북도 김천시 모암동,경상사고,0,0,1,0,차대차 - 정면충돌,안전운전불이행,건조,맑음,단일로 - 기타,승용,여,72세,상해없음,승용,남,36세,경상
2016030700100193,2016년 3월 7일 11시,월요일,경상북도 청도군 화양읍,경상사고,0,0,1,0,차대차 - 측면직각충돌,신호위반,건조,맑음,교차로 - 교차로안,화물,남,59세,상해없음,원동기,남,60세,경상
2016030700100194,2016년 3월 7일 11시,월요일,경상북도 구미시 황상동,경상사고,0,0,2,0,차대차 - 추돌,안전운전불이행,건조,맑음,단일로 - 기타,승용,여,25세,상해없음,승용,여,39세,경상
2016030700100214,2016년 3월 7일 12시,월요일,경상북도 포항시 북구 죽도동,중상사고,0,2,0,0,차대차 - 측면충돌,안전운전불이행,건조,맑음,교차로 - 교차로안,승용,남,35세,상해없음,승용,남,38세,중상
2016030700100215,2016년 3월 7일 12시,월요일,경상북도 구미시 형곡동,경상사고,0,0,1,0,차대차 - 측면충돌,안전운전불이행,건조,맑음,단일로 - 기타,승용,여,21세,경상,승용,남,77세,상해없음
2016030700100246,2016년 3월 7일 13시,월요일,경상북도 포항시 북구 두호동,경상사고,0,0,1,0,차대차 - 정면충돌,안전운전불이행,건조,맑음,단일로 - 기타,승용,남,43세,상해없음,승용,남,58세,경상
2016030700100247,2016년 3월 7일 13시,월요일,경상북도 경산시 계양동,중상사고,0,1,1,0,차대차 - 측면직각충돌,안전운전불이행,건조,맑음,교차로 - 교차로안,승용,남,60세,경상,승합,남,56세,중상
2016030700100268,2016년 3월 7일 14시,월요일,경상북도 영천시 화룡동,중상사고,0,1,0,0,차대차 - 추돌,안전운전불이행,건조,맑음,교차로 - 교차로부근,승합,남,35세,상해없음,승용,남,73세,중상
2016030700100269,2016년 3월 7일 14시,월요일,경상북도 경산시 진량읍,중상사고,0,1,0,0,차대사람 - 기타,안전운전불이행,건조,맑음,단일로 - 기타,승합,남,56세,상해없음,보행자,여,70세,중상
2016030700100270,2016년 3월 7일 14시,월요일,경상북도 예천군 예천읍,경상사고,0,0,2,0,차대차 - 추돌,안전운전불이행,건조,맑음,단일로 - 기타,승용,여,44세,상해없음,승용,남,21세,경상
2016030700100271,2016년 3월 7일 14시,월요일,경상북도 성주군 성주읍,중상사고,0,2,0,0,차대차 - 측면충돌,안전운전불이행,건조,맑음,기타 - 기타,화물,남,33세,상해없음,원동기,남,78세,중상
2016030700100272,2016년 3월 7일 14시,월요일,경상북도 청도군 청도읍,사망사고,4,0,1,0,차대차 - 추돌,안전운전불이행,건조,맑음,단일로 - 기타,화물,남,49세,상해없음,화물,남,61세,경상
2016030700100300,2016년 3월 7일 15시,월요일,경상북도 포항시 북구 용흥동,경상사고,0,0,1,0,차대차 - 정면충돌,안전운전불이행,건조,맑음,교차로 - 교차로부근,승용,여,56세,상해없음,승용,남,62세,경상
2016030700100301,2016년 3월 7일 15시,월요일,경상북도 고령군 쌍림면,경상사고,0,0,1,0,차량단독 - 공작물충돌,안전운전불이행,건조,맑음,단일로 - 기타,화물,남,27세,경상,,,,
2016030700100302,2016년 3월 7일 15시,월요일,경상북도 구미시 원평동,경상사고,0,0,1,0,차대차 - 정면충돌,안전운전불이행,건조,맑음,단일로 - 기타,승용,여,50세,상해없음,이륜,남,48세,경상
2016030700100332,2016년 3월 7일 16시,월요일,경상북도 경산시 삼북동,경상사고,0,0,1,0,차대차 - 기타,교차로운행방법위반,건조,맑음,교차로 - 교차로안,이륜,남,84세,경상,승용,여,35세,상해없음
2016030700100367,2016년 3월 7일 17시,월요일,경상북도 경주시 외동읍,경상사고,0,0,1,0,차대차 - 기타,안전운전불이행,건조,맑음,단일로 - 기타,승용,남,35세,상해없음,승용,남,23세,경상
2016030700100368,2016년 3월 7일 17시,월요일,경상북도 칠곡군 왜관읍,중상사고,0,1,0,0,차대차 - 정면충돌,중앙선침범,건조,맑음,단일로 - 기타,승용,여,30세,상해없음,승용,남,48세,중상
2016030700100406,2016년 3월 7일 18시,월요일,경상북도 안동시 당북동,경상사고,0,0,2,0,차대차 - 정면충돌,안전운전불이행,건조,맑음,단일로 - 기타,승합,남,53세,상해없음,승용,남,40세,경상
2016030700100407,2016년 3월 7일 18시,월요일,경상북도 영주시 휴천동,경상사고,0,0,1,0,차대차 - 추돌,안전운전불이행,건조,맑음,교차로 - 교차로안,승용,남,66세,상해없음,승용,여,30세,경상
2016030700100408,2016년 3월 7일 18시,월요일,경상북도 울진군 울진읍,경상사고,0,0,1,0,차대차 - 정면충돌,안전운전불이행,건조,맑음,단일로 - 기타,화물,남,69세,상해없음,화물,남,64세,상해없음
2016030700100409,2016년 3월 7일 18시,월요일,경상북도 포항시 남구 오천읍,경상사고,0,0,1,0,차대차 - 기타,안전운전불이행,건조,맑음,교차로 - 교차로안,승용,남,38세,상해없음,승용,남,28세,경상
2016030700100453,2016년 3월 7일 19시,월요일,경상북도 포항시 북구 죽도동,중상사고,0,1,1,0,차대차 - 측면직각충돌,교차로운행방법위반,건조,맑음,교차로 - 교차로안,승용,남,60세,상해없음,이륜,남,68세,중상
2016030700100502,2016년 3월 7일 21시,월요일,경상북도 경산시 자인면,경상사고,0,0,1,0,차대차 - 기타,신호위반,건조,맑음,교차로 - 교차로안,승용,남,38세,상해없음,승용,남,57세,경상
2016030700100532,2016년 3월 7일 22시,월요일,경상북도 경주시 황오동,경상사고,0,0,1,0,차대차 - 기타,안전운전불이행,건조,맑음,단일로 - 횡단보도상,승용,남,48세,상해없음,자전거,남,31세,경상
2016030700100555,2016년 3월 7일 23시,월요일,경상북도 성주군 선남면,경상사고,0,0,1,0,차대차 - 측면직각충돌,신호위반,건조,맑음,기타 - 기타,승용,남,31세,상해없음,승용,남,34세,경상
2016030800100024,2016년 3월 8일 01시,화요일,경상북도 경산시 옥산동,중상사고,0,1,0,0,차대차 - 기타,안전운전불이행,건조,맑음,교차로 - 교차로안,승용,여,50세,상해없음,승용,남,28세,중상
2016030800100080,2016년 3월 8일 07시,화요일,경상북도 영주시 가흥동,경상사고,0,0,1,0,차대차 - 추돌,직진우회전진행방해,건조,맑음,교차로 - 교차로안,승용,남,57세,상해없음,원동기,남,76세,경상
2016030800100081,2016년 3월 8일 07시,화요일,경상북도 경산시 중방동,경상사고,0,0,1,0,차대차 - 기타,안전운전불이행,건조,맑음,단일로 - 기타,기타불명,기타불명,기타불명,기타불명,자전거,남,12세,경상
2016030800100082,2016년 3월 8일 07시,화요일,경상북도 포항시 남구 오천읍,중상사고,0,1,0,0,차대사람 - 기타,안전운전불이행,건조,맑음,단일로 - 기타,승용,남,51세,상해없음,보행자,남,15세,중상
2016030800100115,2016년 3월 8일 08시,화요일,경상북도 영주시 가흥동,경상사고,0,0,1,0,차대차 - 측면충돌,중앙선침범,건조,흐림,단일로 - 기타,승용,남,48세,상해없음,승용,여,44세,경상
2016030800100116,2016년 3월 8일 08시,화요일,경상북도 칠곡군 왜관읍,중상사고,0,1,0,0,차대사람 - 길가장자리구역통행중,안전운전불이행,건조,맑음,단일로 - 기타,승용,여,55세,상해없음,보행자,남,26세,중상
2016030800100117,2016년 3월 8일 08시,화요일,경상북도 포항시 남구 효자동,경상사고,0,0,1,0,차대차 - 측면충돌,신호위반,건조,맑음,교차로 - 교차로안,승용,남,68세,상해없음,승용,여,64세,경상
2016030800100164,2016년 3월 8일 10시,화요일,경상북도 영천시 신령면,경상사고,0,0,1,0,차대차 - 측면충돌,안전운전불이행,건조,맑음,교차로 - 교차로안,원동기,남,78세,경상,승용,여,35세,상해없음
2016030800100165,2016년 3월 8일 10시,화요일,경상북도 문경시 모전동,경상사고,0,0,1,0,차대차 - 측면직각충돌,직진우회전진행방해,건조,맑음,교차로 - 교차로안,원동기,남,74세,경상,승용,남,82세,상해없음
2016030800100185,2016년 3월 8일 11시,화요일,경상북도 포항시 북구 흥해읍,경상사고,0,0,2,0,차대차 - 측면충돌,교차로운행방법위반,건조,맑음,교차로 - 교차로안,승용,여,36세,경상,승용,남,55세,경상
2016030800100201,2016년 3월 8일 12시,화요일,경상북도 안동시 운흥동,경상사고,0,0,1,0,차대차 - 정면충돌,직진우회전진행방해,건조,맑음,교차로 - 교차로안,원동기,남,55세,경상,승합,남,51세,상해없음
2016030800100219,2016년 3월 8일 13시,화요일,경상북도 포항시 북구 흥해읍,경상사고,0,0,2,0,차대차 - 정면충돌,차로위반,건조,맑음,단일로 - 기타,승용,남,30세,상해없음,승용,남,31세,경상
2016030800100220,2016년 3월 8일 13시,화요일,경상북도 안동시 운흥동,경상사고,0,0,1,0,차대차 - 정면충돌,안전운전불이행,건조,맑음,교차로 - 교차로안,승용,남,46세,상해없음,승용,남,53세,경상
2016030800100221,2016년 3월 8일 13시,화요일,경상북도 구미시 원평동,경상사고,0,0,1,0,차대사람 - 횡단중,신호위반,건조,맑음,단일로 - 횡단보도상,승용,여,26세,상해없음,보행자,여,37세,경상
2016030800100253,2016년 3월 8일 14시,화요일,경상북도 영주시 하망동,경상사고,0,0,1,0,차대차 - 측면충돌,안전운전불이행,건조,맑음,교차로 - 교차로안,원동기,남,47세,경상,승용,남,52세,상해없음
2016030800100254,2016년 3월 8일 14시,화요일,경상북도 영덕군 영덕읍,중상사고,0,1,0,0,차대사람 - 길가장자리구역통행중,안전운전불이행,건조,맑음,단일로 - 기타,화물,남,25세,상해없음,보행자,남,81세,중상
2016030800100279,2016년 3월 8일 15시,화요일,경상북도 포항시 북구 두호동,경상사고,0,0,2,0,차대차 - 측면충돌,안전운전불이행,건조,맑음,단일로 - 기타,승용,남,45세,상해없음,승용,남,38세,경상
2016030800100280,2016년 3월 8일 15시,화요일,경상북도 상주시 공성면,경상사고,0,0,1,0,차량단독 - 도로외이탈 - 기타,안전운전불이행,건조,맑음,단일로 - 기타,농기계,남,49세,경상,,,,
2016030800100281,2016년 3월 8일 15시,화요일,경상북도 영주시 가흥동,경상사고,0,0,1,0,차대차 - 측면충돌,직진우회전진행방해,건조,맑음,교차로 - 교차로안,원동기,남,40세,경상,승용,여,30세,상해없음
2016030800100282,2016년 3월 8일 15시,화요일,경상북도 봉화군 춘양면,중상사고,0,1,0,0,차대차 - 정면충돌,중앙선침범,건조,맑음,교차로 - 교차로부근,이륜,남,21세,상해없음,이륜,남,64세,중상
2016030800100283,2016년 3월 8일 15시,화요일,경상북도 구미시 옥계동,중상사고,0,1,0,0,차대사람 - 횡단중,안전운전불이행,건조,맑음,기타 - 기타,승용,여,32세,상해없음,보행자,남,9세,중상
2016030800100284,2016년 3월 8일 15시,화요일,경상북도 포항시 남구 이동,중상사고,0,1,1,0,차대차 - 기타,안전운전불이행,건조,맑음,단일로 - 기타,화물,남,55세,상해없음,승용,여,58세,경상
2016030800100316,2016년 3월 8일 16시,화요일,경상북도 경주시 건천읍,경상사고,0,0,1,0,차량단독 - 전도전복,안전운전불이행,건조,맑음,단일로 - 기타,승합,남,45세,상해없음,,,,
2016030800100349,2016년 3월 8일 17시,화요일,경상북도 경주시 석장동,경상사고,0,0,2,0,차대차 - 측면충돌,안전운전불이행,건조,맑음,단일로 - 기타,승용,남,38세,상해없음,승용,남,23세,경상
2016030800100350,2016년 3월 8일 17시,화요일,경상북도 구미시 해평면,중상사고,0,1,0,1,차대차 - 기타,교차로운행방법위반,건조,맑음,교차로 - 교차로안,승용,여,54세,부상신고,이륜,남,58세,중상
2016030800100379,2016년 3월 8일 18시,화요일,경상북도 구미시 신평동,중상사고,0,1,1,0,차대차 - 측면충돌,중앙선침범,건조,맑음,단일로 - 기타,승용,남,36세,상해없음,이륜,남,41세,경상
2016030800100414,2016년 3월 8일 19시,화요일,경상북도 경주시 동천동,부상신고사고,0,0,0,1,차대차 - 정면충돌,안전운전불이행,건조,맑음,단일로 - 기타,승용,남,42세,상해없음,자전거,남,35세,부상신고
2016030800100415,2016년 3월 8일 19시,화요일,경상북도 경산시 옥산동,경상사고,0,0,1,0,차대사람 - 횡단중,안전운전불이행,건조,맑음,단일로 - 기타,승용,남,42세,상해없음,보행자,남,57세,경상
2016030800100416,2016년 3월 8일 19시,화요일,경상북도 포항시 남구 대잠동,경상사고,0,0,1,0,차대차 - 측면직각충돌,안전운전불이행,건조,맑음,교차로 - 교차로부근,승용,여,53세,상해없음,승용,여,48세,경상
2016030800100450,2016년 3월 8일 20시,화요일,경상북도 고령군 다산면,경상사고,0,0,1,0,차대사람 - 횡단중,안전운전불이행,건조,맑음,단일로 - 기타,화물,남,55세,상해없음,보행자,여,51세,경상
2016030800100451,2016년 3월 8일 20시,화요일,경상북도 구미시 고아읍,중상사고,0,1,0,0,차대차 - 기타,신호위반,건조,맑음,교차로 - 교차로안,승용,여,27세,상해없음,승용,남,26세,중상
2016030800100482,2016년 3월 8일 21시,화요일,경상북도 안동시 화성동,중상사고,0,1,0,0,차대차 - 정면충돌,직진우회전진행방해,건조,맑음,교차로 - 교차로안,승용,여,47세,상해없음,원동기,남,36세,중상
2016030800100483,2016년 3월 8일 21시,화요일,경상북도 김천시 신음동,경상사고,0,0,1,0,차대차 - 추돌,안전운전불이행,건조,맑음,단일로 - 기타,승용,남,42세,상해없음,화물,남,57세,경상
2016030800100484,2016년 3월 8일 21시,화요일,경상북도 영덕군 강구면,중상사고,0,1,0,0,차대사람 - 길가장자리구역통행중,안전운전불이행,건조,맑음,단일로 - 기타,승용,남,49세,상해없음,보행자,남,49세,중상
2016030800100485,2016년 3월 8일 21시,화요일,경상북도 구미시 봉곡동,경상사고,0,0,1,0,차대차 - 추돌,안전운전불이행,건조,맑음,교차로 - 교차로부근,승용,남,50세,기타불명,승용,여,49세,경상
2016030800100486,2016년 3월 8일 21시,화요일,경상북도 포항시 남구 오천읍,경상사고,0,0,1,0,차대차 - 측면직각충돌,안전운전불이행,건조,맑음,교차로 - 교차로안,승용,여,48세,상해없음,승용,여,42세,경상
2016030800100517,2016년 3월 8일 22시,화요일,경상북도 김천시 봉산면,경상사고,0,0,2,0,차대차 - 측면충돌,신호위반,건조,맑음,교차로 - 교차로안,승용,남,19세,상해없음,승용,남,57세,경상
2016030800100518,2016년 3월 8일 22시,화요일,경상북도 경산시 옥산동,중상사고,0,1,2,0,차대차 - 추돌,안전운전불이행,건조,맑음,교차로 - 교차로부근,승용,남,49세,상해없음,승용,여,42세,중상
2016030800100519,2016년 3월 8일 22시,화요일,경상북도 성주군 월항면,중상사고,0,1,1,0,차대차 - 추돌,안전운전불이행,건조,맑음,단일로 - 기타,승용,남,58세,상해없음,화물,남,52세,경상
2016030800100520,2016년 3월 8일 22시,화요일,경상북도 포항시 남구 대잠동,중상사고,0,2,1,0,차대차 - 기타,안전운전불이행,건조,맑음,교차로 - 교차로안,승용,남,42세,경상,승용,여,56세,중상
2016030900100036,2016년 3월 9일 03시,수요일,경상북도 영천시 야사동,중상사고,0,1,2,0,차대차 - 측면직각충돌,신호위반,건조,맑음,교차로 - 교차로안,승용,남,24세,상해없음,승용,여,33세,중상
2016030900100067,2016년 3월 9일 06시,수요일,경상북도 경주시 시래동,경상사고,0,0,1,1,차대차 - 추돌,안전거리미확보,건조,맑음,교차로 - 교차로안,화물,남,29세,부상신고,승합,남,50세,경상
2016030900100085,2016년 3월 9일 07시,수요일,경상북도 청송군 진보면,중상사고,0,1,1,0,차대차 - 측면충돌,교차로운행방법위반,건조,맑음,교차로 - 교차로안,승용,여,61세,중상,건설기계,남,43세,경상
2016030900100086,2016년 3월 9일 07시,수요일,경상북도 구미시 원평동,경상사고,0,0,1,0,차대차 - 측면충돌,안전운전불이행,건조,맑음,단일로 - 기타,승용,남,64세,상해없음,승용,남,56세,경상
2016030900100126,2016년 3월 9일 08시,수요일,경상북도 포항시 북구 양덕동,경상사고,0,0,2,0,차대차 - 측면충돌,직진우회전진행방해,건조,맑음,교차로 - 교차로안,승용,여,21세,경상,승용,남,36세,경상
2016030900100153,2016년 3월 9일 09시,수요일,경상북도 포항시 북구 득량동,경상사고,0,0,1,0,차대차 - 추돌,안전운전불이행,건조,맑음,단일로 - 기타,승용,남,59세,상해없음,승용,여,49세,경상
2016030900100154,2016년 3월 9일 09시,수요일,경상북도 의성군 안평면,중상사고,0,1,0,0,차대차 - 측면충돌,안전운전불이행,건조,맑음,단일로 - 기타,이륜,남,87세,중상,승용,남,57세,상해없음
2016030900100155,2016년 3월 9일 09시,수요일,경상북도 칠곡군 왜관읍,경상사고,0,0,2,0,차대차 - 정면충돌,기타,건조,맑음,단일로 - 기타,화물,남,49세,상해없음,승용,남,40세,경상
2016030900100179,2016년 3월 9일 10시,수요일,경상북도 경주시 외동읍,경상사고,0,0,1,0,차대차 - 측면충돌,안전운전불이행,건조,맑음,교차로 - 교차로안,화물,남,58세,상해없음,승용,여,49세,경상
2016030900100180,2016년 3월 9일 10시,수요일,경상북도 성주군 선남면,중상사고,0,3,0,0,차대차 - 기타,안전운전불이행,건조,맑음,기타 - 기타,화물,남,54세,상해없음,승용,남,66세,중상
2016030900100197,2016년 3월 9일 11시,수요일,경상북도 칠곡군 동명면,경상사고,0,0,1,0,차대차 - 측면충돌,신호위반,건조,맑음,교차로 - 교차로안,화물,남,41세,경상,승용,남,46세,상해없음
2016030900100225,2016년 3월 9일 12시,수요일,경상북도 영덕군 강구면,경상사고,0,0,2,0,차대차 - 측면충돌,차로위반,건조,맑음,단일로 - 기타,승용,남,40세,경상,화물,남,59세,상해없음
2016030900100226,2016년 3월 9일 12시,수요일,경상북도 고령군 대가야읍,중상사고,0,1,0,0,차대차 - 측면직각충돌,직진우회전진행방해,건조,맑음,교차로 - 교차로안,승용,여,56세,상해없음,이륜,남,78세,중상
2016030900100253,2016년 3월 9일 13시,수요일,경상북도 경주시 외동읍,중상사고,0,1,0,0,차대사람 - 횡단중,안전운전불이행,건조,맑음,단일로 - 기타,건설기계,남,44세,상해없음,보행자,남,58세,중상
2016030900100254,2016년 3월 9일 13시,수요일,경상북도 안동시 당북동,경상사고,0,0,1,0,차대차 - 기타,불법유턴,건조,맑음,단일로 - 기타,자전거,남,80세,경상,승용,남,22세,상해없음
2016030900100255,2016년 3월 9일 13시,수요일,경상북도 영천시 창구동,경상사고,0,0,2,0,차대사람 - 횡단중,보행자보호의무위반,건조,맑음,교차로 - 교차로안,화물,남,46세,상해없음,보행자,여,39세,경상
2016030900100279,2016년 3월 9일 14시,수요일,경상북도 안동시 풍산읍,사망사고,1,0,0,0,차대차 - 정면충돌,안전운전불이행,건조,맑음,단일로 - 기타,건설기계,남,39세,상해없음,농기계,남,79세,사망
2016030900100280,2016년 3월 9일 14시,수요일,경상북도 군위군 우보면,중상사고,0,1,1,0,차대차 - 기타,직진우회전진행방해,건조,맑음,교차로 - 교차로안,화물,남,39세,중상,화물,남,28세,경상
2016030900100304,2016년 3월 9일 15시,수요일,경상북도 상주시 신봉동,중상사고,0,1,0,0,차대차 - 정면충돌,교차로운행방법위반,건조,맑음,교차로 - 교차로안,승용,여,62세,상해없음,이륜,남,67세,중상
2016030900100305,2016년 3월 9일 15시,수요일,경상북도 칠곡군 석적읍,경상사고,0,0,2,0,차대차 - 측면충돌,안전운전불이행,건조,맑음,교차로 - 교차로안,승용,여,33세,경상,화물,남,58세,경상
2016030900100339,2016년 3월 9일 16시,수요일,경상북도 의성군 안계면,중상사고,0,1,0,0,차대차 - 측면직각충돌,안전운전불이행,건조,맑음,교차로 - 교차로부근,화물,남,50세,상해없음,자전거,여,73세,중상
2016030900100370,2016년 3월 9일 17시,수요일,경상북도 경주시 황성동,중상사고,0,1,1,0,차대차 - 측면충돌,안전거리미확보,건조,맑음,교차로 - 교차로부근,승용,여,55세,상해없음,원동기,남,67세,중상