사고번호,사고일시,요일,시군구,사고내용,사망자수,중상자수,경상자수,부상신고자수,사고유형,법규위반,노면상태,기상상태,도로형태,가해운전자 차종,가해운전자 성별,가해운전자 연령,가해운전자 상해정도,피해운전자 차종,피해운전자 성별,피해운전자 연령,피해운전자 상해정도
2016030900100371,2016년 3월 9일 17시,수요일,경상북도 안동시 송천동,경상사고,0,0,4,0,차대차 - 정면충돌,안전운전불이행,건조,맑음,교차로 - 교차로안,승용,남,23세,상해없음,승용,여,21세,경상
2016030900100409,2016년 3월 9일 18시,수요일,경상북도 김천시 모암동,경상사고,0,0,2,0,차대차 - 추돌,안전운전불이행,건조,맑음,단일로 - 기타,승용,남,38세,상해없음,화물,남,56세,경상
2016030900100410,2016년 3월 9일 18시,수요일,경상북도 칠곡군 기산면,경상사고,0,0,1,0,차대차 - 정면충돌,교차로운행방법위반,건조,맑음,교차로 - 교차로안,승용,남,60세,상해없음,승용,남,69세,경상
2016030900100411,2016년 3월 9일 18시,수요일,경상북도 경산시 계양동,경상사고,0,0,1,0,차대차 - 기타,교차로운행방법위반,건조,맑음,교차로 - 교차로안,승용,남,44세,상해없음,승용,여,53세,경상
2016030900100412,2016년 3월 9일 18시,수요일,경상북도 영덕군 영덕읍,경상사고,0,0,1,0,차대차 - 측면충돌,교차로운행방법위반,건조,맑음,교차로 - 교차로안,승용,여,48세,상해없음,화물,남,36세,경상
2016030900100413,2016년 3월 9일 18시,수요일,경상북도 구미시 송정동,경상사고,0,0,1,0,차대사람 - 횡단중,안전운전불이행,건조,맑음,단일로 - 기타,화물,남,44세,상해없음,보행자,여,49세,경상
2016030900100452,2016년 3월 9일 19시,수요일,경상북도 경주시 황성동,부상신고사고,0,0,0,1,차량단독 - 전도전복,안전운전불이행,건조,맑음,단일로 - 기타,승용,남,59세,부상신고,,,,
2016030900100453,2016년 3월 9일 19시,수요일,경상북도 안동시 동문동,중상사고,0,1,0,0,차대사람 - 횡단중,안전운전불이행,건조,맑음,단일로 - 기타,승용,여,54세,상해없음,보행자,남,68세,중상
2016030900100454,2016년 3월 9일 19시,수요일,경상북도 포항시 남구 대잠동,중상사고,0,1,1,1,차대차 - 기타,직진우회전진행방해,건조,맑음,교차로 - 교차로안,이륜,남,48세,중상,승용,남,68세,경상
2016030900100477,2016년 3월 9일 20시,수요일,경상북도 안동시 옥동,경상사고,0,0,1,0,차대사람 - 횡단중,안전운전불이행,건조,맑음,교차로 - 교차로안,승용,여,54세,상해없음,보행자,남,39세,경상
2016030900100508,2016년 3월 9일 21시,수요일,경상북도 안동시 북후면,중상사고,0,2,0,0,차대차 - 기타,안전운전불이행,건조,맑음,단일로 - 기타,승용,남,26세,상해없음,화물,남,49세,중상
2016030900100509,2016년 3월 9일 21시,수요일,경상북도 구미시 남통동,경상사고,0,0,1,0,차대사람 - 횡단중,안전운전불이행,기타,기타,단일로 - 기타,승용,남,59세,상해없음,보행자,여,31세,경상
2016030900100533,2016년 3월 9일 22시,수요일,경상북도 칠곡군 북삼읍,경상사고,0,0,1,0,차대차 - 측면직각충돌,교차로운행방법위반,건조,맑음,교차로 - 교차로안,승용,남,38세,상해없음,자전거,남,17세,경상
2016030900100534,2016년 3월 9일 22시,수요일,경상북도 영덕군 강구면,경상사고,0,0,1,0,차대차 - 측면직각충돌,안전운전불이행,건조,맑음,교차로 - 교차로안,승용,남,61세,상해없음,이륜,여,42세,경상
2016030900100564,2016년 3월 9일 23시,수요일,경상북도 안동시 용상동,경상사고,0,0,1,0,차대차 - 측면충돌,안전거리미확보,건조,맑음,단일로 - 기타,승용,남,33세,상해없음,원동기,남,36세,경상
2016031000100013,2016년 3월 10일 00시,목요일,경상북도 경산시 조영동,경상사고,0,0,1,0,차대사람 - 기타,안전운전불이행,건조,맑음,단일로 - 기타,승용,남,57세,상해없음,보행자,남,22세,경상
2016031000100014,2016년 3월 10일 00시,목요일,경상북도 울진군 후포면,중상사고,0,1,0,0,차대사람 - 횡단중,안전운전불이행,습기,비,단일로 - 기타,승용,남,47세,상해없음,보행자,남,52세,중상
2016031000100061,2016년 3월 10일 05시,목요일,경상북도 경주시 용강동,사망사고,1,0,0,0,차대사람 - 기타,과속,건조,맑음,단일로 - 기타,승용,남,26세,상해없음,보행자,남,58세,사망
2016031000100095,2016년 3월 10일 07시,목요일,경상북도 영주시 휴천동,중상사고,0,1,0,0,차대사람 - 횡단중,안전운전불이행,건조,맑음,단일로 - 기타,승용,여,46세,상해없음,보행자,남,14세,중상
2016031000100096,2016년 3월 10일 07시,목요일,경상북도 경산시 유곡동,경상사고,0,0,3,0,차대차 - 추돌,안전거리미확보,건조,맑음,단일로 - 기타,승용,남,36세,상해없음,승용,남,34세,경상
2016031000100136,2016년 3월 10일 08시,목요일,경상북도 상주시 낙양동,경상사고,0,0,3,0,차대차 - 정면충돌,교차로운행방법위반,건조,맑음,교차로 - 교차로안,승용,여,42세,상해없음,승용,남,58세,경상
2016031000100137,2016년 3월 10일 08시,목요일,경상북도 영천시 신령면,중상사고,0,1,0,0,차대사람 - 횡단중,중앙선침범,건조,맑음,단일로 - 기타,승용,남,38세,상해없음,보행자,남,64세,중상
2016031000100138,2016년 3월 10일 08시,목요일,경상북도 포항시 남구 오천읍,경상사고,0,0,2,0,차대차 - 정면충돌,교차로운행방법위반,건조,맑음,교차로 - 교차로부근,화물,남,47세,상해없음,승용,여,44세,경상
2016031000100172,2016년 3월 10일 09시,목요일,경상북도 안동시 태화동,중상사고,0,2,1,0,차대차 - 측면충돌,신호위반,건조,맑음,교차로 - 교차로안,승용,남,73세,상해없음,승용,남,40세,중상
2016031000100173,2016년 3월 10일 09시,목요일,경상북도 고령군 대가야읍,경상사고,0,0,2,0,차대차 - 정면충돌,교차로운행방법위반,건조,맑음,교차로 - 교차로안,화물,남,36세,상해없음,승용,남,72세,경상
2016031000100174,2016년 3월 10일 09시,목요일,경상북도 포항시 남구 오천읍,경상사고,0,0,2,0,차대차 - 측면충돌,안전운전불이행,건조,맑음,교차로 - 교차로안,승용,남,46세,경상,승용,여,37세,경상
2016031000100175,2016년 3월 10일 09시,목요일,경상북도 포항시 남구 해도동,중상사고,0,1,0,0,차대차 - 측면충돌,안전운전불이행,건조,맑음,단일로 - 기타,승용,남,65세,상해없음,원동기,남,71세,중상
2016031000100209,2016년 3월 10일 10시,목요일,경상북도 포항시 북구 죽도동,경상사고,0,0,1,0,차대차 - 기타,교차로운행방법위반,건조,맑음,교차로 - 교차로안,이륜,남,30세,상해없음,자전거,여,74세,경상
2016031000100210,2016년 3월 10일 10시,목요일,경상북도 칠곡군 왜관읍,경상사고,0,0,1,0,차대차 - 정면충돌,안전거리미확보,건조,맑음,단일로 - 기타,승용,남,48세,상해없음,승용,남,55세,경상
2016031000100211,2016년 3월 10일 10시,목요일,경상북도 고령군 대가야읍,경상사고,0,0,1,0,차대차 - 기타,중앙선침범,건조,맑음,단일로 - 기타,이륜,남,65세,경상,화물,남,63세,상해없음
2016031000100212,2016년 3월 10일 10시,목요일,경상북도 청송군 진보면,중상사고,0,1,0,0,차량단독 - 전도전복,안전운전불이행,건조,맑음,단일로 - 기타,원동기,남,60세,중상,,,,
2016031000100243,2016년 3월 10일 11시,목요일,경상북도 안동시 길안면,경상사고,0,0,1,0,차대차 - 측면직각충돌,안전운전불이행,건조,맑음,단일로 - 기타,특수,남,34세,상해없음,승용,여,58세,경상
2016031000100282,2016년 3월 10일 13시,목요일,경상북도 영천시 문외동,중상사고,0,1,0,0,차대사람 - 기타,안전운전불이행,건조,맑음,교차로 - 교차로부근,승용,여,32세,상해없음,보행자,여,59세,중상
2016031000100283,2016년 3월 10일 13시,목요일,경상북도 경산시 하양읍,경상사고,0,0,3,0,차대차 - 기타,신호위반,건조,맑음,교차로 - 교차로안,승용,남,47세,상해없음,승합,남,47세,경상
2016031000100310,2016년 3월 10일 14시,목요일,경상북도 영주시 안정면,중상사고,0,1,0,0,차대차 - 측면충돌,안전운전불이행,건조,맑음,교차로 - 교차로안,승용,남,64세,상해없음,승용,남,50세,중상
2016031000100347,2016년 3월 10일 15시,목요일,경상북도 경주시 외동읍,경상사고,0,0,1,0,차대차 - 추돌,안전운전불이행,건조,맑음,단일로 - 기타,화물,남,55세,상해없음,승용,남,32세,상해없음
2016031000100348,2016년 3월 10일 15시,목요일,경상북도 영천시 금호읍,경상사고,0,0,1,0,차대차 - 추돌,안전운전불이행,건조,맑음,교차로 - 교차로부근,승용,여,58세,상해없음,승용,여,65세,경상
2016031000100349,2016년 3월 10일 15시,목요일,경상북도 경산시 와촌면,경상사고,0,0,2,0,차대차 - 정면충돌,안전거리미확보,건조,맑음,단일로 - 기타,승용,남,57세,상해없음,승용,여,28세,경상
2016031000100350,2016년 3월 10일 15시,목요일,경상북도 구미시 부곡동,경상사고,0,0,1,0,차대차 - 측면충돌,안전거리미확보,건조,맑음,단일로 - 기타,화물,남,76세,기타불명,승용,여,35세,경상
2016031000100386,2016년 3월 10일 16시,목요일,경상북도 경주시 감포읍,경상사고,0,0,1,0,차대차 - 기타,중앙선침범,건조,맑음,단일로 - 기타,승용,여,63세,상해없음,승용,남,30세,경상
2016031000100387,2016년 3월 10일 16시,목요일,경상북도 구미시 공단동,경상사고,0,0,1,0,차대차 - 측면충돌,신호위반,건조,맑음,교차로 - 교차로부근,승합,남,58세,상해없음,승용,남,36세,경상
2016031000100388,2016년 3월 10일 16시,목요일,경상북도 포항시 남구 효자동,경상사고,0,0,1,0,차대차 - 측면충돌,안전운전불이행,건조,맑음,단일로 - 기타,건설기계,남,49세,상해없음,승용,남,59세,경상
2016031000100389,2016년 3월 10일 16시,목요일,경상북도 포항시 남구 대잠동,경상사고,0,0,1,0,차대차 - 측면충돌,안전운전불이행,건조,맑음,교차로 - 교차로부근,승용,남,37세,상해없음,승용,여,55세,경상
2016031000100421,2016년 3월 10일 17시,목요일,경상북도 봉화군 봉화읍,중상사고,0,1,0,0,차량단독 - 전도전복,안전운전불이행,건조,맑음,단일로 - 기타,화물,여,60세,중상,,,,
2016031000100422,2016년 3월 10일 17시,목요일,경상북도 성주군 성주읍,경상사고,0,0,1,0,차대차 - 정면충돌,중앙선침범,건조,맑음,단일로 - 횡단보도부근,자전거,남,10세,경상,승용,남,36세,상해없음
2016031000100423,2016년 3월 10일 17시,목요일,경상북도 구미시 형곡동,경상사고,0,0,1,0,차대사람 - 횡단중,안전운전불이행,건조,맑음,단일로 - 기타,승용,남,42세,상해없음,보행자,남,5세,경상
2016031000100424,2016년 3월 10일 17시,목요일,경상북도 포항시 남구 오천읍,중상사고,0,1,0,0,차대사람 - 횡단중,기타,건조,맑음,단일로 - 횡단보도부근,승용,여,31세,상해없음,보행자,여,8세,중상
2016031000100453,2016년 3월 10일 18시,목요일,경상북도 포항시 북구 흥해읍,경상사고,0,0,2,0,차대차 - 추돌,안전거리미확보,건조,맑음,교차로 - 교차로안,화물,남,39세,상해없음,승용,남,27세,경상
2016031000100454,2016년 3월 10일 18시,목요일,경상북도 경산시 하양읍,경상사고,0,0,1,0,차대차 - 기타,신호위반,건조,맑음,교차로 - 교차로안,승용,남,43세,상해없음,이륜,남,23세,경상
2016031000100478,2016년 3월 10일 19시,목요일,경상북도 김천시 신음동,경상사고,0,0,2,0,차대차 - 정면충돌,안전운전불이행,건조,맑음,교차로 - 교차로부근,승용,여,43세,상해없음,승용,남,35세,경상
2016031000100479,2016년 3월 10일 19시,목요일,경상북도 경산시 옥산동,경상사고,0,0,1,0,차대사람 - 기타,안전운전불이행,건조,맑음,단일로 - 기타,승용,여,38세,상해없음,보행자,남,61세,경상
2016031000100555,2016년 3월 10일 22시,목요일,경상북도 칠곡군 약목면,경상사고,0,0,1,0,차대차 - 정면충돌,안전운전불이행,건조,맑음,교차로 - 교차로안,승용,남,62세,기타불명,승용,남,43세,경상
2016031000100556,2016년 3월 10일 22시,목요일,경상북도 경산시 하양읍,중상사고,0,1,0,0,차대차 - 측면직각충돌,신호위반,건조,맑음,교차로 - 교차로부근,승용,남,47세,상해없음,승용,남,55세,중상
2016031000100587,2016년 3월 10일 23시,목요일,경상북도 안동시 임동면,사망사고,1,0,0,0,차량단독 - 전도전복,안전운전불이행,건조,맑음,단일로 - 기타,승용,남,37세,사망,,,,
2016031000100588,2016년 3월 10일 23시,목요일,경상북도 경산시 중방동,경상사고,0,0,2,0,차대차 - 추돌,안전운전불이행,건조,맑음,단일로 - 기타,승용,여,47세,상해없음,승용,남,23세,경상
2016031000100589,2016년 3월 10일 23시,목요일,경상북도 경산시 하양읍,경상사고,0,0,1,0,차대차 - 측면충돌,교차로운행방법위반,건조,맑음,교차로 - 교차로안,승용,남,19세,상해없음,이륜,남,19세,경상
2016031000100590,2016년 3월 10일 23시,목요일,경상북도 구미시 진평동,경상사고,0,0,1,0,차대차 - 측면충돌,안전운전불이행,건조,맑음,교차로 - 교차로부근,승용,남,28세,상해없음,승용,남,28세,경상
2016031100100033,2016년 3월 11일 01시,금요일,경상북도 경산시 압량면,경상사고,0,0,1,0,차대차 - 정면충돌,안전운전불이행,건조,맑음,교차로 - 교차로안,승용,남,34세,상해없음,승용,남,41세,경상
2016031100100034,2016년 3월 11일 01시,금요일,경상북도 경산시 서상동,중상사고,0,1,1,0,차대차 - 측면충돌,안전운전불이행,건조,맑음,교차로 - 교차로안,승용,남,30세,상해없음,승용,남,47세,중상
2016031100100046,2016년 3월 11일 02시,금요일,경상북도 경주시 안강읍,중상사고,0,1,0,0,차량단독 - 전도전복,안전운전불이행,건조,맑음,단일로 - 교량,승용,여,23세,중상,,,,
2016031100100076,2016년 3월 11일 05시,금요일,경상북도 포항시 남구 대잠동,경상사고,0,0,1,0,차대차 - 측면직각충돌,안전운전불이행,건조,맑음,교차로 - 교차로부근,승용,여,43세,상해없음,승용,여,40세,경상
2016031100100086,2016년 3월 11일 06시,금요일,경상북도 포항시 북구 죽도동,경상사고,0,0,2,0,차대차 - 정면충돌,안전운전불이행,건조,맑음,교차로 - 교차로부근,승용,남,32세,상해없음,승용,남,61세,경상
2016031100100087,2016년 3월 11일 06시,금요일,경상북도 경산시 하양읍,중상사고,0,1,0,0,차대사람 - 횡단중,안전운전불이행,건조,맑음,단일로 - 기타,승용,여,58세,상해없음,보행자,남,22세,중상
2016031100100107,2016년 3월 11일 07시,금요일,경상북도 안동시 송현동,부상신고사고,0,0,0,1,차대차 - 기타,안전운전불이행,건조,맑음,교차로 - 교차로부근,자전거,남,53세,부상신고,승용,남,37세,상해없음
2016031100100108,2016년 3월 11일 07시,금요일,경상북도 예천군 은풍면,사망사고,1,4,0,0,차대차 - 정면충돌,중앙선침범,건조,맑음,단일로 - 기타,승용,남,81세,사망,화물,남,56세,중상
2016031100100191,2016년 3월 11일 09시,금요일,경상북도 경주시 현곡면,경상사고,0,0,1,0,차대차 - 측면직각충돌,안전운전불이행,건조,맑음,교차로 - 교차로안,승합,남,21세,상해없음,승용,여,46세,상해없음
2016031100100192,2016년 3월 11일 09시,금요일,경상북도 안동시 송천동,중상사고,0,1,3,0,차대차 - 측면충돌,안전거리미확보,건조,맑음,단일로 - 기타,승합,남,50세,상해없음,승용,남,36세,중상
2016031100100193,2016년 3월 11일 09시,금요일,경상북도 김천시 신음동,경상사고,0,0,1,0,차대차 - 측면충돌,중앙선침범,건조,맑음,단일로 - 기타,승용,남,44세,상해없음,승용,남,59세,경상
2016031100100194,2016년 3월 11일 09시,금요일,경상북도 영천시 북안면,중상사고,0,1,0,0,차대차 - 측면충돌,안전운전불이행,건조,맑음,단일로 - 터널,화물,남,47세,상해없음,승용,남,28세,중상
2016031100100195,2016년 3월 11일 09시,금요일,경상북도 문경시 모전동,중상사고,0,1,0,0,차대사람 - 기타,안전운전불이행,건조,맑음,단일로 - 기타,화물,남,54세,상해없음,보행자,남,58세,중상
2016031100100229,2016년 3월 11일 10시,금요일,경상북도 포항시 남구 대송면,경상사고,0,0,1,0,차대차 - 추돌,안전운전불이행,건조,맑음,단일로 - 기타,승용,남,51세,상해없음,승용,남,44세,경상
2016031100100272,2016년 3월 11일 12시,금요일,경상북도 포항시 북구 장성동,경상사고,0,0,3,0,차대차 - 정면충돌,안전거리미확보,건조,맑음,교차로 - 교차로안,승용,여,39세,경상,승용,여,24세,경상
2016031100100274,2016년 3월 11일 12시,금요일,경상북도 포항시 남구 오천읍,경상사고,0,0,1,1,차대차 - 측면충돌,안전운전불이행,건조,맑음,단일로 - 기타,승용,남,56세,상해없음,승용,남,50세,경상
2016031100100291,2016년 3월 11일 13시,금요일,경상북도 문경시 점촌동,경상사고,0,0,1,0,차대차 - 측면직각충돌,안전운전불이행,건조,맑음,단일로 - 기타,원동기,남,80세,경상,승용,남,65세,상해없음
2016031100100292,2016년 3월 11일 13시,금요일,경상북도 구미시 봉곡동,중상사고,0,1,1,0,차대차 - 기타,안전운전불이행,건조,맑음,단일로 - 기타,이륜,남,78세,중상,승용,남,43세,경상
2016031100100322,2016년 3월 11일 14시,금요일,경상북도 상주시 청리면,중상사고,0,1,0,0,차대차 - 측면충돌,안전운전불이행,건조,맑음,단일로 - 기타,이륜,남,80세,상해없음,승용,남,63세,상해없음
2016031100100323,2016년 3월 11일 14시,금요일,경상북도 영천시 완산동,중상사고,0,1,0,0,차대사람 - 횡단중,안전운전불이행,건조,맑음,단일로 - 기타,승합,남,46세,상해없음,보행자,여,72세,중상
2016031100100324,2016년 3월 11일 14시,금요일,경상북도 구미시 송정동,중상사고,0,1,0,0,차대차 - 기타,신호위반,건조,맑음,교차로 - 교차로안,승용,여,48세,상해없음,이륜,남,82세,중상
2016031100100325,2016년 3월 11일 14시,금요일,경상북도 문경시 불정동,사망사고,1,4,5,0,차대차 - 추돌,안전거리미확보,건조,맑음,단일로 - 터널,승용,남,50세,경상,승용,남,37세,상해없음
2016031100100369,2016년 3월 11일 15시,금요일,경상북도 영주시 휴천동,경상사고,0,0,1,0,차대차 - 측면충돌,안전운전불이행,건조,맑음,교차로 - 교차로안,승용,남,54세,상해없음,자전거,남,49세,경상
2016031100100405,2016년 3월 11일 16시,금요일,경상북도 구미시 임은동,경상사고,0,0,2,0,차대차 - 정면충돌,안전운전불이행,건조,맑음,단일로 - 기타,화물,남,56세,상해없음,승용,남,41세,경상
2016031100100438,2016년 3월 11일 17시,금요일,경상북도 칠곡군 석적읍,부상신고사고,0,0,0,1,차대차 - 측면직각충돌,안전운전불이행,건조,맑음,교차로 - 교차로부근,원동기,남,32세,부상신고,승용,남,45세,상해없음
2016031100100439,2016년 3월 11일 17시,금요일,경상북도 문경시 점촌동,경상사고,0,0,1,0,차대차 - 측면충돌,안전운전불이행,건조,맑음,교차로 - 교차로안,화물,남,55세,상해없음,승용,남,52세,경상
2016031100100440,2016년 3월 11일 17시,금요일,경상북도 경산시 자인면,중상사고,0,1,0,0,차대차 - 기타,안전운전불이행,건조,맑음,교차로 - 교차로안,화물,남,29세,상해없음,승용,여,52세,중상
2016031100100441,2016년 3월 11일 17시,금요일,경상북도 경산시 중방동,경상사고,0,0,2,0,차대사람 - 횡단중,안전운전불이행,건조,맑음,교차로 - 교차로부근,승용,여,43세,상해없음,보행자,여,15세,경상
2016031100100442,2016년 3월 11일 17시,금요일,경상북도 성주군 용암면,사망사고,1,0,0,0,차대차 - 측면직각충돌,안전운전불이행,건조,맑음,교차로 - 교차로안,자전거,남,76세,사망,승용,남,61세,상해없음
2016031100100443,2016년 3월 11일 17시,금요일,경상북도 구미시 진평동,경상사고,0,0,1,1,차대차 - 측면충돌,안전운전불이행,건조,맑음,단일로 - 기타,승용,여,31세,부상신고,승용,여,50세,경상
2016031100100516,2016년 3월 11일 19시,금요일,경상북도 경주시 성건동,중상사고,0,1,1,0,차대차 - 측면충돌,차로위반,건조,맑음,단일로 - 기타,승용,남,62세,상해없음,승용,남,46세,중상
2016031100100517,2016년 3월 11일 19시,금요일,경상북도 상주시 복룡동,중상사고,0,1,0,0,차대차 - 측면충돌,과속,건조,맑음,교차로 - 교차로안,승용,남,25세,상해없음,승용,여,43세,중상
2016031100100518,2016년 3월 11일 19시,금요일,경상북도 포항시 남구 오천읍,경상사고,0,0,2,0,차대차 - 측면직각충돌,안전운전불이행,건조,맑음,단일로 - 기타,승용,여,41세,경상,승용,남,25세,경상
2016031100100558,2016년 3월 11일 20시,금요일,경상북도 포항시 북구 청하면,경상사고,0,0,1,0,차대차 - 측면충돌,안전거리미확보,건조,맑음,단일로 - 기타,건설기계,남,39세,상해없음,승용,남,61세,경상
2016031100100559,2016년 3월 11일 20시,금요일,경상북도 안동시 옥동,중상사고,0,1,0,0,차대차 - 정면충돌,교차로운행방법위반,건조,맑음,교차로 - 교차로안,승용,남,30세,상해없음,이륜,남,34세,중상
2016031100100560,2016년 3월 11일 20시,금요일,경상북도 칠곡군 지천면,중상사고,0,1,1,0,차대차 - 정면충돌,중앙선침범,건조,맑음,단일로 - 기타,화물,남,53세,상해없음,승용,남,53세,경상
2016031100100596,2016년 3월 11일 21시,금요일,경상북도 포항시 북구 장성동,경상사고,0,0,1,0,차대차 - 정면충돌,안전거리미확보,건조,맑음,단일로 - 기타,승용,여,21세,상해없음,승용,여,34세,경상
2016031100100597,2016년 3월 11일 21시,금요일,경상북도 경산시 사정동,중상사고,0,1,0,0,차대사람 - 횡단중,보행자보호의무위반,건조,맑음,단일로 - 횡단보도상,원동기,여,71세,상해없음,보행자,여,62세,중상
2016031100100598,2016년 3월 11일 21시,금요일,경상북도 경산시 하양읍,경상사고,0,0,1,0,차대차 - 기타,안전운전불이행,건조,맑음,단일로 - 기타,승용,남,47세,상해없음,승용,남,36세,경상
2016031100100599,2016년 3월 11일 21시,금요일,경상북도 군위군 군위읍,부상신고사고,0,0,0,1,차대차 - 기타,안전운전불이행,건조,맑음,교차로 - 교차로부근,승용,남,45세,상해없음,이륜,남,19세,부상신고
2016031100100600,2016년 3월 11일 21시,금요일,경상북도 구미시 원평동,경상사고,0,0,2,0,차대차 - 기타,안전운전불이행,건조,맑음,단일로 - 기타,화물,남,45세,상해없음,승용,남,23세,경상
2016031100100628,2016년 3월 11일 22시,금요일,경상북도 구미시 비산동,경상사고,0,0,1,0,차대차 - 기타,안전운전불이행,건조,맑음,기타 - 기타,승용,여,45세,상해없음,승용,남,31세,경상
2016031100100651,2016년 3월 11일 23시,금요일,경상북도 포항시 북구 용흥동,중상사고,0,1,0,0,차대사람 - 횡단중,보행자보호의무위반,건조,맑음,교차로 - 교차로안,승용,남,66세,상해없음,보행자,남,44세,중상
2016031100100652,2016년 3월 11일 23시,금요일,경상북도 경산시 사동,중상사고,0,1,0,0,차대차 - 측면충돌,안전운전불이행,건조,맑음,단일로 - 기타,승용,여,54세,상해없음,승용,여,29세,중상
2016031100100653,2016년 3월 11일 23시,금요일,경상북도 경산시 진량읍,부상신고사고,0,0,0,1,차대차 - 정면충돌,안전운전불이행,건조,맑음,교차로 - 교차로부근,승용,남,19세,상해없음,이륜,남,18세,부상신고
2016031200100011,2016년 3월 12일 00시,토요일,경상북도 경주시 황오동,중상사고,0,1,0,0,차대사람 - 횡단중,안전운전불이행,건조,맑음,단일로 - 기타,승용,남,23세,상해없음,보행자,남,53세,중상
2016031200100012,2016년 3월 12일 00시,토요일,경상북도 김천시 신음동,경상사고,0,0,1,0,차대차 - 측면충돌,안전운전불이행,건조,맑음,단일로 - 기타,승용,남,26세,상해없음,자전거,남,23세,경상
2016031200100034,2016년 3월 12일 01시,토요일,경상북도 포항시 북구 죽도동,중상사고,0,1,0,0,차대차 - 측면충돌,직진우회전진행방해,건조,맑음,교차로 - 교차로안,승용,남,36세,상해없음,승용,남,65세,중상
2016031200100055,2016년 3월 12일 02시,토요일,경상북도 김천시 교동,중상사고,0,1,1,0,차량단독 - 전도전복,안전운전불이행,건조,맑음,교차로 - 교차로부근,승용,남,22세,중상,,,,
2016031200100056,2016년 3월 12일 02시,토요일,경상북도 구미시 진평동,경상사고,0,0,1,0,차대차 - 측면충돌,안전운전불이행,건조,맑음,단일로 - 기타,승용,남,42세,상해없음,승용,남,51세,경상
2016031200100086,2016년 3월 12일 05시,토요일,경상북도 경주시 하동,중상사고,0,1,0,0,차량단독 - 전도전복,안전운전불이행,건조,맑음,단일로 - 기타,승용,남,24세,중상,,,,
2016031200100113,2016년 3월 12일 07시,토요일,경상북도 경산시 대평동,경상사고,0,0,1,0,차대차 - 기타,신호위반,건조,맑음,교차로 - 교차로안,승용,남,56세,상해없음,승용,남,42세,경상
2016031200100114,2016년 3월 12일 07시,토요일,경상북도 포항시 남구 상도동,경상사고,0,0,2,0,차대차 - 추돌,안전운전불이행,건조,맑음,교차로 - 교차로부근,화물,남,45세,상해없음,승용,남,31세,경상
2016031200100131,2016년 3월 12일 08시,토요일,경상북도 안동시 태화동,경상사고,0,0,1,0,차대사람 - 횡단중,안전운전불이행,건조,맑음,단일로 - 기타,승용,남,23세,상해없음,보행자,남,46세,경상
2016031200100132,2016년 3월 12일 08시,토요일,경상북도 칠곡군 왜관읍,경상사고,0,0,1,0,차대차 - 추돌,안전거리미확보,건조,맑음,단일로 - 기타,화물,남,57세,상해없음,승용,여,25세,경상
2016031200100155,2016년 3월 12일 09시,토요일,경상북도 김천시 개령면,중상사고,0,1,0,0,차대차 - 정면충돌,직진우회전진행방해,건조,맑음,교차로 - 교차로안,승용,남,35세,상해없음,승용,남,35세,중상
2016031200100179,2016년 3월 12일 10시,토요일,경상북도 안동시 동문동,경상사고,0,0,1,0,차대사람 - 기타,안전운전불이행,건조,맑음,교차로 - 교차로안,승용,남,59세,상해없음,보행자,남,58세,경상
2016031200100180,2016년 3월 12일 10시,토요일,경상북도 경산시 서상동,중상사고,0,1,0,0,차대차 - 기타,신호위반,건조,맑음,교차로 - 교차로안,승용,여,48세,상해없음,화물,남,29세,중상
2016031200100181,2016년 3월 12일 10시,토요일,경상북도 포항시 남구 일월동,중상사고,0,1,2,0,차대차 - 측면충돌,교차로운행방법위반,건조,맑음,교차로 - 교차로안,화물,남,63세,경상,승용,남,49세,경상
2016031200100207,2016년 3월 12일 11시,토요일,경상북도 경산시 사동,중상사고,0,1,0,0,차대사람 - 횡단중,안전운전불이행,건조,맑음,단일로 - 기타,승용,여,40세,상해없음,보행자,남,75세,중상
2016031200100225,2016년 3월 12일 12시,토요일,경상북도 포항시 북구 죽도동,경상사고,0,0,1,0,차대차 - 기타,교차로운행방법위반,건조,맑음,교차로 - 교차로안,원동기,남,48세,경상,원동기,남,53세,상해없음
2016031200100226,2016년 3월 12일 12시,토요일,경상북도 칠곡군 왜관읍,경상사고,0,0,1,0,차대차 - 측면충돌,안전운전불이행,건조,맑음,단일로 - 기타,화물,남,50세,상해없음,승용,남,54세,경상
2016031200100248,2016년 3월 12일 13시,토요일,경상북도 영주시 문수면,중상사고,0,2,4,0,차대차 - 추돌,과속,건조,맑음,교차로 - 교차로부근,승용,남,32세,상해없음,승용,여,36세,경상
2016031200100249,2016년 3월 12일 13시,토요일,경상북도 영천시 성내동,경상사고,0,0,2,0,차대차 - 추돌,안전운전불이행,건조,맑음,교차로 - 교차로부근,화물,남,61세,상해없음,승용,여,69세,경상
2016031200100279,2016년 3월 12일 14시,토요일,경상북도 칠곡군 왜관읍,중상사고,0,1,0,0,차대차 - 추돌,안전운전불이행,건조,맑음,단일로 - 기타,승용,남,78세,상해없음,승용,여,34세,중상
2016031200100280,2016년 3월 12일 14시,토요일,경상북도 칠곡군 왜관읍,부상신고사고,0,0,0,1,차대사람 - 길가장자리구역통행중,안전운전불이행,건조,맑음,단일로 - 기타,승용,남,67세,상해없음,보행자,여,16세,부상신고