사고번호,사고일시,요일,시군구,사고내용,사망자수,중상자수,경상자수,부상신고자수,사고유형,법규위반,노면상태,기상상태,도로형태,가해운전자 차종,가해운전자 성별,가해운전자 연령,가해운전자 상해정도,피해운전자 차종,피해운전자 성별,피해운전자 연령,피해운전자 상해정도
2016031200100281,2016년 3월 12일 14시,토요일,경상북도 경산시 중방동,경상사고,0,0,3,0,차대사람 - 기타,안전운전불이행,건조,맑음,단일로 - 기타,승용,남,36세,기타불명,보행자,여,58세,경상
2016031200100309,2016년 3월 12일 15시,토요일,경상북도 포항시 북구 죽장면,경상사고,0,0,2,0,차대차 - 측면직각충돌,기타,건조,맑음,교차로 - 교차로안,화물,남,51세,상해없음,승용,남,58세,경상
2016031200100310,2016년 3월 12일 15시,토요일,경상북도 칠곡군 동명면,경상사고,0,0,1,3,차대차 - 정면충돌,중앙선침범,건조,맑음,교차로 - 교차로안,승합,남,54세,상해없음,화물,남,69세,부상신고
2016031200100311,2016년 3월 12일 15시,토요일,경상북도 문경시 문경읍,중상사고,0,1,1,0,차대차 - 측면충돌,직진우회전진행방해,건조,맑음,교차로 - 교차로안,승용,여,54세,상해없음,승용,남,18세,중상
2016031200100312,2016년 3월 12일 15시,토요일,경상북도 울진군 평해읍,중상사고,0,1,5,0,차대차 - 정면충돌,안전운전불이행,건조,맑음,교차로 - 교차로부근,승용,여,46세,중상,승용,남,54세,경상
2016031200100374,2016년 3월 12일 17시,토요일,경상북도 경주시 동천동,중상사고,0,1,0,0,차대사람 - 기타,안전운전불이행,건조,맑음,교차로 - 교차로안,승합,남,46세,상해없음,보행자,여,74세,중상
2016031200100375,2016년 3월 12일 17시,토요일,경상북도 군위군 효령면,중상사고,0,3,0,0,차대차 - 기타,직진우회전진행방해,건조,맑음,교차로 - 교차로안,승용,여,53세,중상,승용,남,66세,중상
2016031200100480,2016년 3월 12일 20시,토요일,경상북도 경주시 황성동,경상사고,0,0,3,0,차대차 - 추돌,안전운전불이행,건조,맑음,단일로 - 기타,승용,남,23세,상해없음,승용,남,38세,경상
2016031200100481,2016년 3월 12일 20시,토요일,경상북도 포항시 북구 두호동,중상사고,0,1,0,0,차대사람 - 횡단중,안전운전불이행,건조,맑음,단일로 - 기타,승용,남,53세,상해없음,보행자,남,38세,중상
2016031200100482,2016년 3월 12일 20시,토요일,경상북도 구미시 공단동,중상사고,0,1,2,0,차대차 - 기타,교차로운행방법위반,건조,맑음,교차로 - 교차로안,승용,남,23세,상해없음,승용,남,55세,중상
2016031200100483,2016년 3월 12일 20시,토요일,경상북도 구미시 옥계동,경상사고,0,0,1,0,차대차 - 정면충돌,안전운전불이행,건조,맑음,단일로 - 기타,이륜,남,22세,상해없음,이륜,남,31세,경상
2016031200100539,2016년 3월 12일 22시,토요일,경상북도 포항시 남구 대잠동,경상사고,0,0,4,0,차대차 - 측면직각충돌,교차로운행방법위반,건조,맑음,교차로 - 교차로안,승용,남,24세,경상,승용,남,42세,경상
2016031200100540,2016년 3월 12일 22시,토요일,경상북도 안동시 운흥동,경상사고,0,0,1,0,차대차 - 정면충돌,중앙선침범,건조,맑음,단일로 - 기타,승용,남,38세,상해없음,승용,여,52세,경상
2016031200100541,2016년 3월 12일 22시,토요일,경상북도 포항시 남구 이동,중상사고,0,1,0,0,차대사람 - 횡단중,안전운전불이행,건조,맑음,교차로 - 교차로부근,화물,남,38세,상해없음,보행자,남,54세,중상
2016031200100559,2016년 3월 12일 23시,토요일,경상북도 칠곡군 석적읍,중상사고,0,2,2,1,차대차 - 추돌,안전운전불이행,건조,맑음,단일로 - 기타,승용,남,29세,부상신고,승용,남,42세,중상
2016031200100560,2016년 3월 12일 23시,토요일,경상북도 칠곡군 지천면,중상사고,0,1,2,0,차대차 - 추돌,안전운전불이행,건조,맑음,단일로 - 기타,승용,남,41세,상해없음,승용,남,35세,경상
2016031300100015,2016년 3월 13일 00시,일요일,경상북도 칠곡군 석적읍,경상사고,0,0,1,0,차대차 - 측면충돌,교차로운행방법위반,건조,맑음,교차로 - 교차로안,승용,여,37세,상해없음,이륜,남,43세,경상
2016031300100016,2016년 3월 13일 00시,일요일,경상북도 경산시 하양읍,중상사고,0,1,0,0,차대사람 - 기타,신호위반,건조,맑음,단일로 - 횡단보도상,이륜,남,17세,상해없음,보행자,남,22세,중상
2016031300100032,2016년 3월 13일 01시,일요일,경상북도 포항시 북구 죽도동,경상사고,0,0,1,0,차대차 - 정면충돌,안전운전불이행,건조,맑음,교차로 - 교차로부근,승용,남,21세,상해없음,승용,여,46세,경상
2016031300100057,2016년 3월 13일 03시,일요일,경상북도 구미시 오태동,경상사고,0,0,2,0,차대차 - 정면충돌,중앙선침범,건조,맑음,단일로 - 기타,승용,남,25세,상해없음,승용,여,43세,경상
2016031300100075,2016년 3월 13일 05시,일요일,경상북도 안동시 길안면,경상사고,0,0,1,0,차량단독 - 공작물충돌,안전운전불이행,건조,맑음,단일로 - 기타,승용,남,62세,경상,,,,
2016031300100089,2016년 3월 13일 06시,일요일,경상북도 경주시 동천동,중상사고,0,2,1,0,차대차 - 측면충돌,중앙선침범,건조,맑음,단일로 - 기타,승용,남,24세,중상,승용,남,32세,중상
2016031300100101,2016년 3월 13일 07시,일요일,경상북도 포항시 남구 연일읍,경상사고,0,0,2,0,차대차 - 기타,중앙선침범,건조,맑음,교차로 - 교차로부근,승용,여,23세,상해없음,승용,남,44세,경상
2016031300100111,2016년 3월 13일 08시,일요일,경상북도 영천시 성내동,중상사고,0,1,0,0,차대차 - 기타,교차로운행방법위반,건조,맑음,교차로 - 교차로안,원동기,여,73세,중상,미분류,미분류,미분류,미분류
2016031300100170,2016년 3월 13일 12시,일요일,경상북도 경산시 와촌면,중상사고,0,1,1,0,차대차 - 추돌,안전운전불이행,건조,맑음,단일로 - 기타,승용,남,35세,상해없음,승용,여,51세,경상
2016031300100171,2016년 3월 13일 12시,일요일,경상북도 포항시 남구 대송면,경상사고,0,0,2,0,차대차 - 추돌,안전운전불이행,건조,맑음,교차로 - 교차로안,화물,남,63세,상해없음,승용,남,33세,기타불명
2016031300100195,2016년 3월 13일 13시,일요일,경상북도 포항시 북구 동빈2가,중상사고,0,1,0,0,차대사람 - 횡단중,신호위반,건조,맑음,단일로 - 기타,이륜,남,15세,상해없음,보행자,여,63세,중상
2016031300100196,2016년 3월 13일 13시,일요일,경상북도 구미시 지산동,경상사고,0,0,2,0,차대차 - 기타,안전운전불이행,건조,맑음,단일로 - 기타,승용,남,42세,상해없음,승용,남,51세,경상
2016031300100222,2016년 3월 13일 14시,일요일,경상북도 포항시 남구 구룡포읍,경상사고,0,0,1,0,차대사람 - 횡단중,안전운전불이행,건조,맑음,단일로 - 기타,기타불명,기타불명,기타불명,기타불명,보행자,남,5세,경상
2016031300100249,2016년 3월 13일 15시,일요일,경상북도 경주시 감포읍,경상사고,0,0,3,0,차대차 - 측면직각충돌,안전운전불이행,건조,맑음,교차로 - 교차로부근,승용,남,52세,상해없음,승용,남,61세,경상
2016031300100250,2016년 3월 13일 15시,일요일,경상북도 포항시 북구 학잠동,경상사고,0,0,1,0,차대차 - 측면충돌,교차로운행방법위반,건조,맑음,교차로 - 교차로안,승용,남,28세,상해없음,승용,여,46세,경상
2016031300100268,2016년 3월 13일 16시,일요일,경상북도 경주시 양북면,경상사고,0,0,1,0,차대사람 - 기타,안전운전불이행,건조,맑음,단일로 - 기타,승용,여,64세,상해없음,보행자,여,75세,경상
2016031300100287,2016년 3월 13일 17시,일요일,경상북도 경주시 용강동,중상사고,0,1,0,0,차대차 - 측면충돌,안전운전불이행,건조,맑음,단일로 - 횡단보도부근,기타불명,기타불명,기타불명,기타불명,자전거,남,12세,중상
2016031300100288,2016년 3월 13일 17시,일요일,경상북도 포항시 북구 남빈동,경상사고,0,0,1,0,차대사람 - 기타,안전운전불이행,건조,맑음,교차로 - 교차로안,기타불명,기타불명,기타불명,기타불명,보행자,남,54세,경상
2016031300100289,2016년 3월 13일 17시,일요일,경상북도 문경시 흥덕동,중상사고,0,1,2,0,차대차 - 추돌,안전운전불이행,건조,맑음,교차로 - 교차로안,승용,남,55세,상해없음,승용,여,62세,중상
2016031300100290,2016년 3월 13일 17시,일요일,경상북도 봉화군 소천면,경상사고,0,0,1,0,차대차 - 정면충돌,중앙선침범,건조,맑음,단일로 - 기타,화물,남,65세,기타불명,승용,남,30세,경상
2016031300100308,2016년 3월 13일 18시,일요일,경상북도 포항시 북구 두호동,경상사고,0,0,2,0,차대차 - 정면충돌,중앙선침범,건조,맑음,단일로 - 기타,승용,남,62세,상해없음,승용,남,62세,경상
2016031300100310,2016년 3월 13일 18시,일요일,경상북도 포항시 남구 상도동,경상사고,0,0,1,0,차대차 - 추돌,안전운전불이행,건조,맑음,단일로 - 기타,이륜,남,22세,경상,승용,남,29세,상해없음
2016031300100311,2016년 3월 13일 18시,일요일,경상북도 포항시 남구 오천읍,경상사고,0,0,1,0,차대차 - 기타,안전운전불이행,건조,맑음,단일로 - 기타,승용,여,25세,상해없음,승용,여,28세,경상
2016031300100377,2016년 3월 13일 21시,일요일,경상북도 경산시 대평동,중상사고,0,1,2,0,차대차 - 추돌,안전거리미확보,건조,맑음,단일로 - 기타,승용,남,24세,기타불명,승용,남,19세,경상
2016031300100396,2016년 3월 13일 22시,일요일,경상북도 경산시 옥산동,경상사고,0,0,1,0,차대차 - 추돌,안전운전불이행,건조,맑음,교차로 - 교차로부근,승용,남,53세,상해없음,승용,남,38세,경상
2016031300100397,2016년 3월 13일 22시,일요일,경상북도 포항시 남구 송도동,중상사고,0,1,0,0,차대차 - 기타,안전운전불이행,건조,맑음,단일로 - 기타,승용,남,23세,중상,승용,남,28세,기타불명
2016031300100398,2016년 3월 13일 22시,일요일,경상북도 포항시 남구 연일읍,경상사고,0,0,1,0,차량단독 - 공작물충돌,안전운전불이행,건조,맑음,단일로 - 기타,이륜,남,63세,경상,,,,
2016031400100008,2016년 3월 14일 00시,월요일,경상북도 구미시 옥계동,경상사고,0,0,1,0,차대차 - 측면직각충돌,안전운전불이행,건조,맑음,교차로 - 교차로안,승용,남,22세,상해없음,이륜,남,20세,경상
2016031400100059,2016년 3월 14일 06시,월요일,경상북도 포항시 북구 흥해읍,중상사고,0,1,0,0,차대사람 - 횡단중,보행자보호의무위반,건조,맑음,교차로 - 교차로부근,화물,남,29세,상해없음,보행자,남,35세,중상
2016031400100060,2016년 3월 14일 06시,월요일,경상북도 안동시 풍산읍,중상사고,0,2,0,0,차대차 - 측면직각충돌,신호위반,건조,맑음,교차로 - 교차로안,승용,남,50세,중상,승용,여,62세,중상
2016031400100080,2016년 3월 14일 07시,월요일,경상북도 영천시 임고면,중상사고,0,1,1,0,차대차 - 추돌,안전운전불이행,건조,맑음,단일로 - 기타,승용,여,34세,경상,농기계,남,72세,중상
2016031400100115,2016년 3월 14일 08시,월요일,경상북도 포항시 북구 장성동,경상사고,0,0,3,0,차대차 - 측면직각충돌,교차로운행방법위반,건조,맑음,교차로 - 교차로안,승용,남,38세,경상,승용,남,51세,경상
2016031400100116,2016년 3월 14일 08시,월요일,경상북도 경산시 진량읍,경상사고,0,0,1,0,차대차 - 기타,안전운전불이행,건조,맑음,단일로 - 기타,승용,여,26세,기타불명,승용,여,43세,경상
2016031400100117,2016년 3월 14일 08시,월요일,경상북도 봉화군 봉성면,중상사고,0,2,0,0,차대차 - 정면충돌,중앙선침범,건조,맑음,단일로 - 기타,승용,여,30세,중상,승합,여,55세,중상
2016031400100118,2016년 3월 14일 08시,월요일,경상북도 고령군 쌍림면,경상사고,0,0,1,0,차량단독 - 전도전복,안전운전불이행,건조,맑음,기타 - 기타,원동기,여,69세,경상,,,,
2016031400100177,2016년 3월 14일 10시,월요일,경상북도 문경시 가은읍북부출장,경상사고,0,0,2,0,차대차 - 정면충돌,중앙선침범,건조,맑음,단일로 - 교량,화물,남,61세,상해없음,승용,남,34세,경상
2016031400100227,2016년 3월 14일 12시,월요일,경상북도 문경시 산북면,중상사고,0,1,0,0,차량단독 - 전도전복,안전운전불이행,건조,맑음,단일로 - 기타,이륜,남,72세,중상,,,,
2016031400100228,2016년 3월 14일 12시,월요일,경상북도 고령군 다산면,경상사고,0,0,1,0,차대차 - 측면직각충돌,중앙선침범,건조,맑음,단일로 - 기타,화물,남,69세,상해없음,승용,여,61세,경상
2016031400100256,2016년 3월 14일 13시,월요일,경상북도 상주시 중덕동,경상사고,0,0,6,0,차대차 - 측면충돌,교차로운행방법위반,건조,맑음,교차로 - 교차로안,화물,남,36세,상해없음,승용,남,31세,경상
2016031400100282,2016년 3월 14일 14시,월요일,경상북도 구미시 오태동,경상사고,0,0,1,0,차대차 - 기타,안전운전불이행,건조,맑음,단일로 - 기타,이륜,남,57세,경상,승용,남,40세,상해없음
2016031400100283,2016년 3월 14일 14시,월요일,경상북도 포항시 남구 장기면,중상사고,0,1,0,0,차대차 - 추돌,안전운전불이행,건조,맑음,단일로 - 기타,승용,남,51세,상해없음,농기계,남,66세,중상
2016031400100344,2016년 3월 14일 16시,월요일,경상북도 경주시 용강동,경상사고,0,0,1,0,차대사람 - 보도통행중,안전운전불이행,건조,맑음,단일로 - 기타,승용,남,41세,상해없음,보행자,여,74세,경상
2016031400100345,2016년 3월 14일 16시,월요일,경상북도 울진군 기성면,경상사고,0,0,1,0,차대차 - 추돌,안전운전불이행,건조,맑음,단일로 - 기타,화물,남,47세,상해없음,승용,남,62세,경상
2016031400100346,2016년 3월 14일 16시,월요일,경상북도 구미시 원평동,경상사고,0,0,1,0,차대차 - 측면충돌,안전운전불이행,건조,맑음,단일로 - 기타,승용,여,56세,경상,승용,여,57세,상해없음
2016031400100347,2016년 3월 14일 16시,월요일,경상북도 상주시 낙동면,중상사고,0,2,4,0,차대차 - 추돌,안전운전불이행,건조,맑음,단일로 - 기타,승용,남,20세,상해없음,화물,남,38세,상해없음
2016031400100391,2016년 3월 14일 17시,월요일,경상북도 영주시 고현동,중상사고,0,1,1,0,차대차 - 측면충돌,안전운전불이행,건조,맑음,교차로 - 교차로안,승용,남,73세,중상,승용,남,49세,경상
2016031400100392,2016년 3월 14일 17시,월요일,경상북도 고령군 성산면,중상사고,0,1,0,0,차대차 - 추돌,안전운전불이행,건조,맑음,단일로 - 기타,승용,남,59세,상해없음,원동기,남,61세,중상
2016031400100393,2016년 3월 14일 17시,월요일,경상북도 포항시 남구 오천읍,경상사고,0,0,1,0,차대차 - 측면직각충돌,직진우회전진행방해,건조,맑음,교차로 - 교차로안,승용,남,49세,상해없음,승용,여,44세,경상
2016031400100394,2016년 3월 14일 17시,월요일,경상북도 포항시 남구 오천읍,중상사고,0,1,0,0,차대사람 - 횡단중,안전운전불이행,건조,맑음,교차로 - 교차로안,승용,여,39세,상해없음,보행자,남,13세,중상
2016031400100431,2016년 3월 14일 18시,월요일,경상북도 문경시 모전동,경상사고,0,0,1,0,차대차 - 기타,안전운전불이행,건조,맑음,단일로 - 기타,승용,남,58세,상해없음,이륜,남,73세,경상
2016031400100472,2016년 3월 14일 19시,월요일,경상북도 경주시 황오동,중상사고,0,1,0,0,차대사람 - 횡단중,안전운전불이행,건조,맑음,단일로 - 기타,승용,남,41세,상해없음,보행자,남,44세,중상
2016031400100473,2016년 3월 14일 19시,월요일,경상북도 상주시 헌신동,사망사고,1,0,2,0,차대차 - 추돌,안전운전불이행,건조,맑음,단일로 - 기타,화물,남,58세,사망,승용,남,35세,경상
2016031400100504,2016년 3월 14일 20시,월요일,경상북도 경주시 성동동,중상사고,0,2,1,0,차대차 - 기타,신호위반,건조,맑음,교차로 - 교차로안,승합,남,73세,경상,승용,남,50세,중상
2016031400100505,2016년 3월 14일 20시,월요일,경상북도 영양군 영양읍,경상사고,0,0,1,0,차대차 - 측면직각충돌,교차로운행방법위반,건조,맑음,교차로 - 교차로안,승용,남,30세,상해없음,승용,남,39세,경상
2016031400100534,2016년 3월 14일 21시,월요일,경상북도 구미시 황상동,경상사고,0,0,3,0,차대차 - 측면직각충돌,중앙선침범,건조,맑음,교차로 - 교차로부근,승용,남,27세,상해없음,화물,남,47세,경상
2016031400100560,2016년 3월 14일 22시,월요일,경상북도 상주시 낙동면,중상사고,0,2,0,0,차대차 - 추돌,안전운전불이행,건조,맑음,단일로 - 기타,승용,여,24세,중상,화물,남,66세,중상
2016031400100579,2016년 3월 14일 23시,월요일,경상북도 포항시 북구 창포동,사망사고,1,0,0,0,차대사람 - 횡단중,안전운전불이행,건조,맑음,단일로 - 기타,승용,남,35세,상해없음,보행자,남,41세,사망
2016031400100580,2016년 3월 14일 23시,월요일,경상북도 포항시 남구 대도동,경상사고,0,0,4,0,차대차 - 측면직각충돌,신호위반,건조,맑음,교차로 - 교차로안,승용,남,47세,상해없음,승용,남,63세,경상
2016031400100581,2016년 3월 14일 23시,월요일,경상북도 성주군 초전면,경상사고,0,0,1,0,차대차 - 추돌,안전운전불이행,건조,맑음,단일로 - 기타,화물,남,52세,상해없음,화물,남,50세,경상
2016031500100011,2016년 3월 15일 00시,화요일,경상북도 영천시 문외동,경상사고,0,0,1,0,차대차 - 추돌,안전운전불이행,건조,맑음,단일로 - 기타,승용,남,24세,상해없음,승용,남,39세,경상
2016031500100012,2016년 3월 15일 00시,화요일,경상북도 구미시 구포동,경상사고,0,0,1,0,차대차 - 기타,안전운전불이행,건조,맑음,교차로 - 교차로부근,승용,남,24세,상해없음,승용,남,63세,경상
2016031500100071,2016년 3월 15일 06시,화요일,경상북도 영양군 입암면,중상사고,0,3,0,0,차대차 - 측면충돌,신호위반,건조,맑음,교차로 - 교차로안,승용,여,60세,중상,승용,남,73세,중상
2016031500100094,2016년 3월 15일 07시,화요일,경상북도 경주시 시래동,중상사고,0,2,0,1,차대차 - 측면직각충돌,안전운전불이행,건조,맑음,교차로 - 교차로안,승용,남,36세,부상신고,승용,여,40세,중상
2016031500100095,2016년 3월 15일 07시,화요일,경상북도 안동시 태화동,중상사고,0,1,0,0,차대차 - 측면직각충돌,안전운전불이행,건조,맑음,교차로 - 교차로안,승용,남,45세,상해없음,승용,남,53세,중상
2016031500100141,2016년 3월 15일 08시,화요일,경상북도 포항시 북구 덕수동,부상신고사고,0,0,0,1,차대차 - 측면충돌,안전운전불이행,건조,맑음,교차로 - 교차로안,승용,남,57세,상해없음,승용,남,20세,상해없음
2016031500100142,2016년 3월 15일 08시,화요일,경상북도 영천시 북안면,경상사고,0,0,2,6,차대차 - 추돌,안전거리미확보,건조,맑음,교차로 - 교차로부근,승합,남,55세,상해없음,승용,여,54세,경상
2016031500100143,2016년 3월 15일 08시,화요일,경상북도 경산시 중방동,중상사고,0,1,1,0,차대차 - 정면충돌,안전운전불이행,건조,맑음,교차로 - 교차로부근,승용,여,29세,경상,승합,남,42세,중상
2016031500100144,2016년 3월 15일 08시,화요일,경상북도 포항시 남구 괴동동,중상사고,0,1,0,0,차대차 - 측면직각충돌,직진우회전진행방해,건조,맑음,교차로 - 교차로안,화물,남,68세,상해없음,승용,남,54세,중상
2016031500100145,2016년 3월 15일 08시,화요일,경상북도 포항시 남구 연일읍,경상사고,0,0,1,0,차대차 - 추돌,안전운전불이행,건조,맑음,단일로 - 교량,승용,남,54세,상해없음,승용,여,44세,경상
2016031500100146,2016년 3월 15일 08시,화요일,경상북도 포항시 남구 송도동,중상사고,0,1,0,0,차대사람 - 횡단중,안전운전불이행,건조,맑음,단일로 - 기타,승용,남,46세,상해없음,보행자,여,73세,중상
2016031500100177,2016년 3월 15일 09시,화요일,경상북도 포항시 남구 송도동,경상사고,0,0,1,0,차대사람 - 길가장자리구역통행중,안전운전불이행,건조,맑음,단일로 - 기타,화물,남,51세,상해없음,보행자,여,55세,경상
2016031500100178,2016년 3월 15일 09시,화요일,경상북도 포항시 남구 대도동,경상사고,0,0,3,0,차대차 - 측면직각충돌,직진우회전진행방해,건조,맑음,교차로 - 교차로안,승용,여,33세,경상,화물,남,60세,경상
2016031500100198,2016년 3월 15일 10시,화요일,경상북도 예천군 예천읍,중상사고,0,1,0,0,차대차 - 추돌,안전운전불이행,건조,맑음,단일로 - 기타,화물,남,65세,상해없음,이륜,남,86세,중상
2016031500100233,2016년 3월 15일 11시,화요일,경상북도 영천시 금노동,경상사고,0,0,2,0,차대차 - 측면직각충돌,안전운전불이행,건조,맑음,교차로 - 교차로안,승용,여,46세,경상,승용,남,41세,경상
2016031500100256,2016년 3월 15일 12시,화요일,경상북도 안동시 운흥동,경상사고,0,0,1,0,차대차 - 추돌,안전운전불이행,건조,맑음,교차로 - 교차로부근,승용,남,54세,상해없음,승용,남,28세,경상
2016031500100257,2016년 3월 15일 12시,화요일,경상북도 구미시 사곡동,경상사고,0,0,1,0,차대차 - 기타,안전운전불이행,건조,맑음,단일로 - 기타,승용,여,55세,상해없음,승합,남,56세,상해없음
2016031500100286,2016년 3월 15일 13시,화요일,경상북도 경주시 양남면,중상사고,0,1,0,0,차량단독 - 전도전복,안전운전불이행,건조,맑음,단일로 - 기타,건설기계,남,55세,중상,,,,
2016031500100287,2016년 3월 15일 13시,화요일,경상북도 포항시 북구 항구동,경상사고,0,0,3,0,차대차 - 측면충돌,안전운전불이행,건조,맑음,교차로 - 교차로안,승용,남,41세,경상,승용,남,42세,경상
2016031500100288,2016년 3월 15일 13시,화요일,경상북도 경산시 옥산동,중상사고,0,1,0,0,차대차 - 추돌,안전운전불이행,건조,맑음,단일로 - 기타,이륜,남,40세,상해없음,자전거,여,73세,중상
2016031500100289,2016년 3월 15일 13시,화요일,경상북도 청도군 이서면,부상신고사고,0,0,0,1,차대차 - 측면충돌,안전운전불이행,건조,맑음,교차로 - 교차로안,농기계,남,64세,부상신고,승용,남,54세,상해없음
2016031500100307,2016년 3월 15일 14시,화요일,경상북도 포항시 북구 양덕동,경상사고,0,0,2,0,차대차 - 측면충돌,교차로운행방법위반,건조,맑음,교차로 - 교차로안,화물,남,52세,상해없음,승용,여,33세,경상
2016031500100308,2016년 3월 15일 14시,화요일,경상북도 경산시 사동,부상신고사고,0,0,0,1,차대차 - 기타,안전운전불이행,건조,맑음,교차로 - 교차로안,이륜,남,24세,부상신고,기타불명,기타불명,기타불명,기타불명
2016031500100309,2016년 3월 15일 14시,화요일,경상북도 구미시 사곡동,경상사고,0,0,1,0,차대차 - 측면충돌,교차로운행방법위반,건조,맑음,교차로 - 교차로안,화물,남,56세,상해없음,승용,여,55세,경상
2016031500100331,2016년 3월 15일 15시,화요일,경상북도 포항시 북구 항구동,경상사고,0,0,6,0,차대차 - 정면충돌,안전운전불이행,건조,맑음,단일로 - 기타,승용,여,42세,상해없음,승용,여,59세,경상
2016031500100361,2016년 3월 15일 16시,화요일,경상북도 김천시 평화동,경상사고,0,0,1,0,차대차 - 측면충돌,기타,건조,맑음,교차로 - 교차로안,승용,남,25세,상해없음,승용,남,51세,경상
2016031500100362,2016년 3월 15일 16시,화요일,경상북도 구미시 옥계동,중상사고,0,1,0,0,차대차 - 측면직각충돌,중앙선침범,건조,맑음,단일로 - 기타,승용,남,61세,상해없음,자전거,남,12세,중상
2016031500100394,2016년 3월 15일 17시,화요일,경상북도 의성군 의성읍,중상사고,0,1,0,0,차대차 - 측면충돌,직진우회전진행방해,건조,맑음,교차로 - 교차로안,화물,남,67세,상해없음,승용,남,59세,중상
2016031500100395,2016년 3월 15일 17시,화요일,경상북도 고령군 다산면,중상사고,0,1,0,0,차대차 - 측면직각충돌,직진우회전진행방해,건조,맑음,교차로 - 교차로안,원동기,남,81세,중상,화물,남,55세,상해없음
2016031500100427,2016년 3월 15일 18시,화요일,경상북도 안동시 평화동,경상사고,0,0,1,0,차대차 - 측면직각충돌,안전운전불이행,건조,맑음,단일로 - 기타,승용,여,32세,상해없음,승용,남,57세,경상
2016031500100428,2016년 3월 15일 18시,화요일,경상북도 구미시 형곡동,경상사고,0,0,1,0,차대차 - 정면충돌,안전운전불이행,건조,맑음,단일로 - 기타,승용,남,42세,상해없음,이륜,남,44세,경상
2016031500100429,2016년 3월 15일 18시,화요일,경상북도 구미시 고아읍,중상사고,0,1,0,0,차대차 - 정면충돌,중앙선침범,건조,맑음,단일로 - 기타,승용,남,60세,상해없음,승용,여,57세,중상
2016031500100474,2016년 3월 15일 19시,화요일,경상북도 경주시 안강읍,중상사고,0,1,0,0,차대차 - 측면충돌,안전운전불이행,건조,맑음,단일로 - 기타,화물,남,55세,상해없음,이륜,여,56세,중상
2016031500100475,2016년 3월 15일 19시,화요일,경상북도 포항시 북구 장성동,중상사고,0,1,1,0,차대차 - 측면충돌,신호위반,건조,맑음,교차로 - 교차로안,승용,남,31세,중상,승용,남,33세,경상
2016031500100476,2016년 3월 15일 19시,화요일,경상북도 구미시 진평동,경상사고,0,0,1,0,차대차 - 추돌,안전운전불이행,건조,맑음,단일로 - 기타,승합,남,49세,상해없음,승용,남,47세,경상
2016031500100508,2016년 3월 15일 20시,화요일,경상북도 경주시 안강읍,사망사고,1,0,0,0,차대차 - 추돌,안전운전불이행,건조,맑음,단일로 - 기타,승용,남,39세,상해없음,승용,남,42세,상해없음
2016031500100509,2016년 3월 15일 20시,화요일,경상북도 구미시 고아읍,중상사고,0,1,1,0,차대차 - 추돌,안전거리미확보,건조,맑음,단일로 - 기타,승용,남,35세,상해없음,자전거,남,61세,중상
2016031500100536,2016년 3월 15일 21시,화요일,경상북도 경주시 배반동,중상사고,0,1,0,0,차대차 - 측면직각충돌,안전운전불이행,건조,맑음,교차로 - 교차로부근,승용,남,41세,상해없음,자전거,남,54세,중상
2016031500100537,2016년 3월 15일 21시,화요일,경상북도 경주시 용강동,중상사고,0,1,0,0,차대사람 - 길가장자리구역통행중,안전운전불이행,건조,맑음,단일로 - 기타,승용,남,31세,상해없음,보행자,여,61세,중상
2016031500100579,2016년 3월 15일 23시,화요일,경상북도 구미시 인의동,경상사고,0,0,4,0,차대차 - 추돌,안전운전불이행,건조,맑음,교차로 - 교차로부근,승용,여,26세,상해없음,승용,남,45세,경상
2016031600100074,2016년 3월 16일 06시,수요일,경상북도 포항시 북구 장성동,중상사고,0,1,0,0,차대차 - 측면충돌,안전운전불이행,건조,맑음,교차로 - 교차로안,이륜,남,77세,중상,승용,남,19세,상해없음
2016031600100128,2016년 3월 16일 08시,수요일,경상북도 경주시 황성동,중상사고,0,1,0,0,차대차 - 측면충돌,안전운전불이행,건조,맑음,교차로 - 교차로부근,화물,남,32세,상해없음,자전거,여,64세,중상
2016031600100129,2016년 3월 16일 08시,수요일,경상북도 의성군 안계면,중상사고,0,1,1,0,차대차 - 측면직각충돌,신호위반,건조,맑음,교차로 - 교차로안,이륜,남,62세,중상,승용,여,31세,경상
2016031600100130,2016년 3월 16일 08시,수요일,경상북도 영천시 임고면,경상사고,0,0,1,1,차대차 - 측면직각충돌,기타,건조,맑음,교차로 - 교차로안,승용,남,66세,상해없음,화물,남,71세,상해없음
2016031600100131,2016년 3월 16일 08시,수요일,경상북도 문경시 모전동,경상사고,0,0,1,0,차대차 - 측면충돌,안전운전불이행,건조,맑음,교차로 - 교차로부근,이륜,여,51세,경상,승용,여,42세,상해없음
2016031600100161,2016년 3월 16일 09시,수요일,경상북도 경산시 임당동,중상사고,0,2,0,0,차대차 - 정면충돌,교차로운행방법위반,건조,맑음,교차로 - 교차로안,화물,남,52세,중상,승용,남,34세,중상
2016031600100189,2016년 3월 16일 10시,수요일,경상북도 문경시 창동,경상사고,0,0,1,0,차대차 - 기타,안전운전불이행,건조,맑음,교차로 - 교차로안,원동기,남,75세,경상,승합,남,36세,상해없음