사고번호,사고일시,요일,시군구,사고내용,사망자수,중상자수,경상자수,부상신고자수,사고유형,법규위반,노면상태,기상상태,도로형태,가해운전자 차종,가해운전자 성별,가해운전자 연령,가해운전자 상해정도,피해운전자 차종,피해운전자 성별,피해운전자 연령,피해운전자 상해정도
2016031600100190,2016년 3월 16일 10시,수요일,경상북도 군위군 군위읍,중상사고,0,1,1,0,차대차 - 측면직각충돌,신호위반,건조,맑음,교차로 - 교차로안,승용,여,35세,중상,승용,남,36세,경상
2016031600100248,2016년 3월 16일 12시,수요일,경상북도 영주시 문정동,경상사고,0,0,2,0,차대차 - 측면충돌,신호위반,건조,맑음,교차로 - 교차로안,승용,남,45세,경상,승용,남,29세,경상
2016031600100274,2016년 3월 16일 13시,수요일,경상북도 경주시 동천동,사망사고,1,3,3,0,차대차 - 측면충돌,중앙선침범,건조,맑음,단일로 - 기타,승용,남,59세,상해없음,화물,남,32세,경상
2016031600100275,2016년 3월 16일 13시,수요일,경상북도 안동시 당북동,경상사고,0,0,2,0,차대차 - 정면충돌,안전운전불이행,건조,맑음,교차로 - 교차로부근,화물,남,46세,상해없음,화물,남,49세,상해없음
2016031600100276,2016년 3월 16일 13시,수요일,경상북도 경산시 옥곡동,중상사고,0,1,0,0,차대차 - 정면충돌,중앙선침범,건조,맑음,단일로 - 기타,화물,남,66세,기타불명,이륜,남,36세,중상
2016031600100304,2016년 3월 16일 14시,수요일,경상북도 김천시 남산동,경상사고,0,0,1,0,차대차 - 측면충돌,신호위반,건조,맑음,교차로 - 교차로안,화물,남,37세,상해없음,승용,남,62세,경상
2016031600100305,2016년 3월 16일 14시,수요일,경상북도 경산시 압량면,경상사고,0,0,6,1,차대차 - 기타,교차로운행방법위반,건조,맑음,교차로 - 교차로안,승용,남,33세,경상,승합,남,55세,경상
2016031600100306,2016년 3월 16일 14시,수요일,경상북도 영덕군 지품면,중상사고,0,1,0,0,차대사람 - 횡단중,안전운전불이행,건조,맑음,단일로 - 기타,화물,남,76세,상해없음,보행자,여,79세,중상
2016031600100307,2016년 3월 16일 14시,수요일,경상북도 구미시 도량동,경상사고,0,0,1,0,차대차 - 기타,교차로운행방법위반,건조,맑음,교차로 - 교차로부근,승용,여,43세,상해없음,이륜,남,65세,경상
2016031600100308,2016년 3월 16일 14시,수요일,경상북도 포항시 남구 오천읍,경상사고,0,0,1,0,차대차 - 추돌,안전운전불이행,건조,맑음,교차로 - 교차로부근,승용,여,62세,상해없음,승합,여,50세,상해없음
2016031600100332,2016년 3월 16일 15시,수요일,경상북도 김천시 남산동,경상사고,0,0,1,0,차대차 - 측면충돌,안전운전불이행,건조,맑음,단일로 - 기타,승용,남,72세,상해없음,이륜,남,71세,경상
2016031600100366,2016년 3월 16일 16시,수요일,경상북도 구미시 신동,경상사고,0,0,1,0,차대차 - 기타,안전운전불이행,건조,맑음,단일로 - 기타,승용,여,54세,상해없음,승합,남,31세,경상
2016031600100446,2016년 3월 16일 18시,수요일,경상북도 안동시 법흥동,경상사고,0,0,3,0,차대차 - 정면충돌,안전운전불이행,건조,맑음,교차로 - 교차로안,승용,여,38세,경상,승용,여,58세,경상
2016031600100447,2016년 3월 16일 18시,수요일,경상북도 칠곡군 북삼읍,중상사고,0,1,0,0,차대차 - 추돌,안전운전불이행,건조,맑음,교차로 - 교차로부근,승용,여,56세,상해없음,이륜,남,59세,중상
2016031600100448,2016년 3월 16일 18시,수요일,경상북도 영천시 도림동,중상사고,0,1,0,0,차대사람 - 횡단중,안전운전불이행,건조,맑음,단일로 - 기타,승용,남,77세,상해없음,보행자,남,14세,중상
2016031600100492,2016년 3월 16일 19시,수요일,경상북도 경주시 외동읍,사망사고,1,0,0,0,차대사람 - 횡단중,과속,건조,맑음,단일로 - 기타,승용,남,53세,상해없음,보행자,여,56세,사망
2016031600100493,2016년 3월 16일 19시,수요일,경상북도 포항시 북구 죽도동,중상사고,0,1,0,0,차대사람 - 횡단중,안전운전불이행,건조,맑음,교차로 - 교차로안,승용,여,63세,상해없음,보행자,여,80세,중상
2016031600100494,2016년 3월 16일 19시,수요일,경상북도 경산시 중방동,중상사고,0,1,0,0,차대사람 - 횡단중,보행자보호의무위반,건조,맑음,단일로 - 횡단보도상,원동기,남,27세,상해없음,보행자,여,66세,중상
2016031600100530,2016년 3월 16일 20시,수요일,경상북도 경주시 용강동,중상사고,0,1,0,0,차대차 - 측면충돌,안전운전불이행,건조,맑음,교차로 - 교차로안,승용,남,31세,상해없음,이륜,남,43세,중상
2016031600100531,2016년 3월 16일 20시,수요일,경상북도 구미시 고아읍,중상사고,0,1,0,0,차대차 - 측면직각충돌,교차로운행방법위반,건조,맑음,교차로 - 교차로안,화물,남,49세,기타불명,승용,남,21세,중상
2016031600100532,2016년 3월 16일 20시,수요일,경상북도 구미시 고아읍,중상사고,0,1,0,0,차대차 - 추돌,안전운전불이행,건조,맑음,단일로 - 기타,승용,남,48세,상해없음,농기계,남,44세,중상
2016031600100567,2016년 3월 16일 21시,수요일,경상북도 영주시 풍기읍,중상사고,0,1,0,0,차대차 - 측면충돌,안전운전불이행,건조,맑음,교차로 - 교차로부근,화물,남,43세,상해없음,원동기,남,25세,중상
2016031600100568,2016년 3월 16일 21시,수요일,경상북도 경산시 대동,경상사고,0,0,1,0,차대사람 - 기타,안전운전불이행,건조,맑음,단일로 - 기타,승용,남,21세,상해없음,보행자,남,25세,경상
2016031600100569,2016년 3월 16일 21시,수요일,경상북도 경산시 하양읍,경상사고,0,0,1,0,차대사람 - 횡단중,안전운전불이행,건조,맑음,단일로 - 기타,승용,남,40세,상해없음,보행자,남,18세,경상
2016031600100595,2016년 3월 16일 22시,수요일,경상북도 경산시 임당동,경상사고,0,0,1,0,차대사람 - 기타,안전운전불이행,건조,맑음,교차로 - 교차로안,기타불명,기타불명,기타불명,기타불명,보행자,남,48세,경상
2016031700100014,2016년 3월 17일 00시,목요일,경상북도 경주시 현곡면,경상사고,0,0,1,0,차대차 - 측면충돌,신호위반,건조,맑음,교차로 - 교차로안,특수,남,47세,상해없음,승용,남,21세,경상
2016031700100015,2016년 3월 17일 00시,목요일,경상북도 구미시 공단동,중상사고,0,2,5,0,차대차 - 추돌,안전운전불이행,건조,맑음,교차로 - 교차로부근,승용,남,46세,경상,승용,남,40세,중상
2016031700100058,2016년 3월 17일 04시,목요일,경상북도 경산시 하양읍,경상사고,0,0,1,0,차대차 - 정면충돌,중앙선침범,건조,맑음,단일로 - 기타,승용,여,26세,상해없음,승용,남,27세,경상
2016031700100067,2016년 3월 17일 05시,목요일,경상북도 안동시 태화동,중상사고,0,1,0,0,차대사람 - 횡단중,안전운전불이행,건조,맑음,교차로 - 교차로부근,승용,여,59세,상해없음,보행자,남,37세,중상
2016031700100079,2016년 3월 17일 06시,목요일,경상북도 경산시 중산동,중상사고,0,1,0,0,차대차 - 측면직각충돌,신호위반,건조,맑음,교차로 - 교차로안,승용,여,59세,상해없음,자전거,남,61세,중상
2016031700100080,2016년 3월 17일 06시,목요일,경상북도 구미시 옥계동,경상사고,0,0,1,0,차대차 - 기타,안전운전불이행,건조,맑음,교차로 - 교차로부근,승용,여,50세,상해없음,승용,여,68세,경상
2016031700100098,2016년 3월 17일 07시,목요일,경상북도 포항시 남구 호동,중상사고,0,1,0,0,차대차 - 측면직각충돌,안전운전불이행,건조,맑음,교차로 - 교차로안,승용,남,71세,상해없음,승용,남,53세,중상
2016031700100154,2016년 3월 17일 08시,목요일,경상북도 안동시 태화동,경상사고,0,0,1,0,차대차 - 측면직각충돌,신호위반,건조,맑음,교차로 - 교차로안,이륜,남,59세,경상,승용,남,35세,상해없음
2016031700100155,2016년 3월 17일 08시,목요일,경상북도 고령군 다산면,중상사고,0,1,0,0,차대사람 - 길가장자리구역통행중,안전운전불이행,건조,맑음,단일로 - 기타,승합,여,57세,상해없음,보행자,남,64세,중상
2016031700100156,2016년 3월 17일 08시,목요일,경상북도 포항시 남구 대도동,중상사고,0,1,0,0,차대차 - 정면충돌,교차로운행방법위반,건조,맑음,교차로 - 교차로안,승용,남,38세,상해없음,자전거,남,63세,중상
2016031700100191,2016년 3월 17일 09시,목요일,경상북도 김천시 평화동,중상사고,0,1,0,0,차대차 - 측면충돌,직진우회전진행방해,건조,맑음,교차로 - 교차로안,화물,남,71세,상해없음,승용,여,49세,중상
2016031700100192,2016년 3월 17일 09시,목요일,경상북도 포항시 남구 대잠동,경상사고,0,0,3,0,차대차 - 기타,기타,건조,맑음,교차로 - 교차로안,승용,여,24세,경상,승용,여,51세,경상
2016031700100214,2016년 3월 17일 10시,목요일,경상북도 경주시 성건동,경상사고,0,0,1,0,차대차 - 정면충돌,중앙선침범,건조,맑음,단일로 - 기타,승용,남,64세,상해없음,승용,여,46세,경상
2016031700100215,2016년 3월 17일 10시,목요일,경상북도 안동시 일직면,경상사고,0,0,2,0,차대차 - 정면충돌,중앙선침범,건조,맑음,단일로 - 기타,승용,여,28세,경상,승용,남,56세,경상
2016031700100216,2016년 3월 17일 10시,목요일,경상북도 칠곡군 약목면,중상사고,0,1,0,0,차대차 - 추돌,안전거리미확보,건조,맑음,교차로 - 교차로부근,승용,남,61세,상해없음,이륜,남,74세,중상
2016031700100217,2016년 3월 17일 10시,목요일,경상북도 경산시 자인면,중상사고,0,1,0,0,차대차 - 기타,중앙선침범,건조,맑음,단일로 - 기타,승용,남,64세,상해없음,자전거,남,34세,중상
2016031700100218,2016년 3월 17일 10시,목요일,경상북도 봉화군 봉화읍,경상사고,0,0,1,0,차대차 - 기타,교차로운행방법위반,건조,맑음,교차로 - 교차로안,화물,남,53세,상해없음,화물,남,75세,경상
2016031700100219,2016년 3월 17일 10시,목요일,경상북도 포항시 남구 동해면,경상사고,0,0,1,0,차대사람 - 길가장자리구역통행중,안전운전불이행,건조,맑음,단일로 - 기타,승용,남,66세,상해없음,보행자,남,75세,경상
2016031700100247,2016년 3월 17일 11시,목요일,경상북도 경주시 천군동,부상신고사고,0,0,0,1,차대차 - 측면충돌,안전운전불이행,건조,맑음,교차로 - 교차로부근,이륜,여,19세,부상신고,승용,남,45세,상해없음
2016031700100248,2016년 3월 17일 11시,목요일,경상북도 김천시 응명동,중상사고,0,1,0,0,차대차 - 측면충돌,안전운전불이행,건조,맑음,교차로 - 교차로안,승용,남,63세,상해없음,이륜,남,43세,중상
2016031700100249,2016년 3월 17일 11시,목요일,경상북도 영천시 완산동,중상사고,0,1,0,0,차대사람 - 길가장자리구역통행중,안전운전불이행,건조,맑음,단일로 - 기타,승용,남,67세,상해없음,보행자,남,77세,중상
2016031700100288,2016년 3월 17일 12시,목요일,경상북도 청도군 청도읍,경상사고,0,0,2,0,차량단독 - 전도전복,안전운전불이행,건조,맑음,단일로 - 기타,화물,남,84세,경상,,,,
2016031700100316,2016년 3월 17일 13시,목요일,경상북도 경주시 안강읍,중상사고,0,1,0,0,차대차 - 추돌,안전운전불이행,건조,맑음,단일로 - 기타,화물,남,33세,상해없음,승용,여,46세,중상
2016031700100317,2016년 3월 17일 13시,목요일,경상북도 안동시 송천동,중상사고,0,1,1,0,차대차 - 측면직각충돌,직진우회전진행방해,건조,맑음,교차로 - 교차로안,승합,남,67세,경상,승합,남,58세,중상
2016031700100318,2016년 3월 17일 13시,목요일,경상북도 영주시 가흥동,경상사고,0,0,1,0,차대차 - 측면충돌,신호위반,건조,맑음,교차로 - 교차로안,승용,남,51세,상해없음,승용,남,65세,경상
2016031700100319,2016년 3월 17일 13시,목요일,경상북도 영덕군 강구면,경상사고,0,0,1,0,차대차 - 기타,교차로운행방법위반,건조,맑음,교차로 - 교차로안,승용,남,74세,상해없음,자전거,여,80세,경상
2016031700100343,2016년 3월 17일 14시,목요일,경상북도 안동시 정상동,경상사고,0,0,1,0,차대차 - 측면직각충돌,안전운전불이행,건조,맑음,교차로 - 교차로안,승용,남,18세,상해없음,승용,여,20세,경상
2016031700100344,2016년 3월 17일 14시,목요일,경상북도 영천시 신령면,경상사고,0,0,2,0,차대차 - 추돌,안전운전불이행,건조,맑음,단일로 - 기타,승용,남,61세,상해없음,승합,남,53세,경상
2016031700100373,2016년 3월 17일 15시,목요일,경상북도 문경시 점촌동,경상사고,0,0,1,0,차대사람 - 횡단중,안전운전불이행,건조,맑음,교차로 - 교차로안,화물,남,67세,상해없음,보행자,여,37세,경상
2016031700100407,2016년 3월 17일 16시,목요일,경상북도 김천시 양천동,경상사고,0,0,2,0,차대차 - 추돌,안전운전불이행,건조,맑음,단일로 - 기타,화물,남,48세,상해없음,승합,여,36세,경상
2016031700100440,2016년 3월 17일 17시,목요일,경상북도 포항시 북구 기계면,경상사고,0,0,1,0,차대차 - 측면충돌,안전운전불이행,건조,맑음,단일로 - 기타,농기계,남,81세,경상,승용,여,63세,기타불명
2016031700100441,2016년 3월 17일 17시,목요일,경상북도 포항시 남구 대송면,경상사고,0,0,1,0,차대차 - 측면충돌,신호위반,건조,맑음,교차로 - 교차로안,승용,남,29세,상해없음,특수,남,50세,경상
2016031700100480,2016년 3월 17일 18시,목요일,경상북도 상주시 신봉동,중상사고,0,1,0,0,차대차 - 측면직각충돌,신호위반,건조,맑음,교차로 - 교차로안,원동기,남,19세,상해없음,화물,남,48세,상해없음
2016031700100481,2016년 3월 17일 18시,목요일,경상북도 고령군 쌍림면,경상사고,0,0,1,0,차대차 - 측면직각충돌,안전운전불이행,건조,맑음,교차로 - 교차로부근,이륜,남,66세,경상,화물,남,50세,상해없음
2016031700100482,2016년 3월 17일 18시,목요일,경상북도 고령군 다산면,경상사고,0,0,3,0,차대차 - 추돌,안전운전불이행,건조,맑음,교차로 - 교차로부근,승용,여,60세,상해없음,승용,남,50세,경상
2016031700100513,2016년 3월 17일 19시,목요일,경상북도 안동시 옥동,경상사고,0,0,3,1,차대차 - 정면충돌,안전운전불이행,건조,맑음,교차로 - 교차로안,승용,여,43세,경상,승용,남,30세,경상
2016031700100514,2016년 3월 17일 19시,목요일,경상북도 김천시 신음동,중상사고,0,1,0,0,차대사람 - 횡단중,안전운전불이행,건조,맑음,단일로 - 기타,이륜,남,29세,상해없음,보행자,여,53세,중상
2016031700100515,2016년 3월 17일 19시,목요일,경상북도 경산시 진량읍,경상사고,0,0,1,0,차대차 - 기타,교차로운행방법위반,건조,맑음,교차로 - 교차로부근,승용,남,63세,상해없음,이륜,남,16세,경상
2016031700100516,2016년 3월 17일 19시,목요일,경상북도 울진군 후포면,중상사고,0,2,0,0,차대차 - 기타,중앙선침범,건조,맑음,단일로 - 기타,승용,남,62세,기타불명,원동기,남,18세,중상
2016031700100546,2016년 3월 17일 20시,목요일,경상북도 포항시 북구 양덕동,경상사고,0,0,1,0,차대차 - 정면충돌,직진우회전진행방해,건조,맑음,교차로 - 교차로안,이륜,남,19세,경상,승용,여,28세,상해없음
2016031700100547,2016년 3월 17일 20시,목요일,경상북도 경산시 옥산동,경상사고,0,0,1,0,차대차 - 측면충돌,안전운전불이행,건조,맑음,교차로 - 교차로안,승용,남,36세,상해없음,승용,여,47세,경상
2016031700100582,2016년 3월 17일 21시,목요일,경상북도 포항시 남구 대도동,경상사고,0,0,1,0,차대차 - 측면충돌,신호위반,건조,맑음,교차로 - 교차로안,이륜,남,51세,경상,승용,남,37세,상해없음
2016031700100583,2016년 3월 17일 21시,목요일,경상북도 김천시 아포읍,경상사고,0,0,2,0,차대차 - 기타,안전운전불이행,건조,맑음,단일로 - 기타,기타불명,기타불명,기타불명,기타불명,승용,남,24세,경상
2016031700100617,2016년 3월 17일 22시,목요일,경상북도 경주시 용강동,경상사고,0,0,4,0,차대차 - 추돌,안전운전불이행,건조,맑음,단일로 - 기타,승용,남,52세,상해없음,승용,여,26세,경상
2016031700100641,2016년 3월 17일 23시,목요일,경상북도 경주시 현곡면,경상사고,0,0,2,0,차대차 - 추돌,안전운전불이행,건조,맑음,단일로 - 기타,승용,남,26세,상해없음,승용,여,57세,경상
2016031700100642,2016년 3월 17일 23시,목요일,경상북도 경주시 용강동,경상사고,0,0,3,0,차대차 - 측면직각충돌,중앙선침범,건조,맑음,교차로 - 교차로부근,승용,남,51세,경상,승용,남,33세,경상
2016031700100643,2016년 3월 17일 23시,목요일,경상북도 안동시 옥동,경상사고,0,0,1,0,차대사람 - 횡단중,안전운전불이행,건조,맑음,단일로 - 기타,승용,남,35세,상해없음,보행자,남,38세,경상
2016031700100644,2016년 3월 17일 23시,목요일,경상북도 경산시 중방동,경상사고,0,0,2,0,차대차 - 기타,신호위반,건조,맑음,교차로 - 교차로안,승용,남,27세,경상,이륜,남,22세,경상
2016031700100645,2016년 3월 17일 23시,목요일,경상북도 청도군 풍각면,사망사고,1,0,0,0,차대사람 - 기타,안전운전불이행,건조,맑음,단일로 - 기타,승용,남,23세,상해없음,보행자,여,67세,사망
2016031800100050,2016년 3월 18일 04시,금요일,경상북도 칠곡군 왜관읍,부상신고사고,0,0,0,1,차량단독 - 전도전복,안전운전불이행,건조,맑음,단일로 - 기타,승용,남,49세,부상신고,,,,
2016031800100099,2016년 3월 18일 07시,금요일,경상북도 구미시 인의동,경상사고,0,0,1,0,차대차 - 정면충돌,안전운전불이행,건조,맑음,단일로 - 기타,승용,여,48세,기타불명,승용,남,50세,경상
2016031800100133,2016년 3월 18일 08시,금요일,경상북도 경주시 외동읍,중상사고,0,1,0,1,차대차 - 정면충돌,중앙선침범,습기,비,교차로 - 교차로안,특수,남,35세,부상신고,화물,남,50세,중상
2016031800100134,2016년 3월 18일 08시,금요일,경상북도 안동시 신안동,경상사고,0,0,1,0,차대사람 - 보도통행중,보행자보호의무위반,습기,비,단일로 - 횡단보도상,승용,여,53세,상해없음,보행자,여,77세,경상
2016031800100135,2016년 3월 18일 08시,금요일,경상북도 영천시 고경면,경상사고,0,0,3,0,차대차 - 추돌,안전운전불이행,습기,비,단일로 - 기타,건설기계,남,39세,상해없음,화물,남,47세,경상
2016031800100168,2016년 3월 18일 09시,금요일,경상북도 포항시 북구 학잠동,중상사고,0,1,0,0,차대차 - 정면충돌,안전거리미확보,건조,맑음,단일로 - 기타,승용,남,45세,상해없음,승용,여,30세,중상
2016031800100169,2016년 3월 18일 09시,금요일,경상북도 상주시 화서면,중상사고,0,1,0,0,차대차 - 추돌,안전운전불이행,건조,맑음,단일로 - 기타,화물,남,67세,상해없음,이륜,남,74세,중상
2016031800100170,2016년 3월 18일 09시,금요일,경상북도 구미시 사곡동,경상사고,0,0,1,0,차대차 - 측면직각충돌,교차로운행방법위반,습기,비,교차로 - 교차로안,승용,남,43세,기타불명,승용,여,39세,경상
2016031800100171,2016년 3월 18일 09시,금요일,경상북도 포항시 남구 연일읍,경상사고,0,0,1,0,차대차 - 추돌,안전운전불이행,건조,맑음,단일로 - 기타,승용,남,39세,상해없음,화물,남,57세,경상
2016031800100197,2016년 3월 18일 10시,금요일,경상북도 포항시 남구 해도동,경상사고,0,0,1,0,차대차 - 추돌,안전운전불이행,습기,비,교차로 - 교차로안,승용,남,45세,상해없음,승용,남,43세,경상
2016031800100198,2016년 3월 18일 10시,금요일,경상북도 포항시 남구 상도동,경상사고,0,0,3,0,차대차 - 추돌,안전거리미확보,습기,비,교차로 - 교차로부근,화물,남,43세,상해없음,승용,여,56세,경상
2016031800100224,2016년 3월 18일 11시,금요일,경상북도 안동시 태화동,경상사고,0,0,6,0,차대차 - 추돌,안전운전불이행,습기,비,단일로 - 기타,승용,남,48세,경상,승용,여,43세,경상
2016031800100274,2016년 3월 18일 13시,금요일,경상북도 안동시 옥동,경상사고,0,0,1,0,차대차 - 측면직각충돌,직진우회전진행방해,건조,맑음,교차로 - 교차로부근,승합,남,52세,기타불명,승합,여,45세,경상
2016031800100275,2016년 3월 18일 13시,금요일,경상북도 영천시 조교동,중상사고,0,1,0,0,차대차 - 추돌,안전거리미확보,습기,비,교차로 - 교차로부근,화물,남,55세,기타불명,승용,여,45세,중상
2016031800100298,2016년 3월 18일 14시,금요일,경상북도 김천시 농소면,중상사고,0,1,2,0,차대차 - 기타,안전운전불이행,건조,맑음,단일로 - 기타,화물,남,35세,중상,승용,남,48세,경상
2016031800100329,2016년 3월 18일 15시,금요일,경상북도 경산시 압량면,경상사고,0,0,3,0,차대차 - 측면직각충돌,신호위반,습기,비,단일로 - 기타,승용,여,62세,경상,승용,여,48세,경상
2016031800100330,2016년 3월 18일 15시,금요일,경상북도 청송군 안덕면,중상사고,0,3,2,0,차량단독 - 전도전복,안전운전불이행,건조,맑음,단일로 - 기타,승용,남,78세,중상,,,,
2016031800100331,2016년 3월 18일 15시,금요일,경상북도 포항시 남구 인덕동,경상사고,0,0,1,0,차대차 - 측면충돌,직진우회전진행방해,습기,흐림,교차로 - 교차로안,화물,여,36세,상해없음,승용,여,52세,경상
2016031800100363,2016년 3월 18일 16시,금요일,경상북도 포항시 북구 용흥동,경상사고,0,0,2,0,차대차 - 측면충돌,안전운전불이행,건조,맑음,단일로 - 기타,승용,남,58세,상해없음,승용,남,68세,경상
2016031800100364,2016년 3월 18일 16시,금요일,경상북도 경산시 사정동,중상사고,0,1,0,0,차대차 - 기타,안전운전불이행,습기,흐림,교차로 - 교차로부근,승용,여,74세,상해없음,이륜,남,53세,중상
2016031800100405,2016년 3월 18일 17시,금요일,경상북도 경주시 외동읍,경상사고,0,0,1,0,차대차 - 측면충돌,안전운전불이행,습기,비,교차로 - 교차로안,승용,여,56세,경상,화물,남,58세,상해없음
2016031800100406,2016년 3월 18일 17시,금요일,경상북도 포항시 북구 양덕동,중상사고,0,1,1,0,차대차 - 측면충돌,안전운전불이행,건조,맑음,단일로 - 기타,승용,남,23세,상해없음,승용,여,39세,중상
2016031800100407,2016년 3월 18일 17시,금요일,경상북도 상주시 무양동,경상사고,0,0,1,0,차대사람 - 기타,안전운전불이행,건조,맑음,교차로 - 교차로안,기타불명,기타불명,기타불명,기타불명,보행자,여,48세,경상
2016031800100408,2016년 3월 18일 17시,금요일,경상북도 구미시 옥성면,경상사고,0,0,2,0,차대차 - 추돌,안전거리미확보,습기,흐림,단일로 - 기타,화물,남,35세,경상,승용,남,55세,경상
2016031800100454,2016년 3월 18일 18시,금요일,경상북도 포항시 북구 용흥동,경상사고,0,0,1,0,차대차 - 추돌,안전거리미확보,건조,맑음,단일로 - 기타,승용,여,55세,상해없음,승용,여,40세,경상
2016031800100455,2016년 3월 18일 18시,금요일,경상북도 포항시 북구 양덕동,경상사고,0,0,1,0,차대차 - 측면충돌,안전거리미확보,건조,맑음,단일로 - 기타,승용,여,40세,상해없음,승용,남,62세,상해없음
2016031800100456,2016년 3월 18일 18시,금요일,경상북도 상주시 서문동,경상사고,0,0,2,0,차대차 - 측면직각충돌,교차로운행방법위반,건조,맑음,교차로 - 교차로안,화물,남,60세,상해없음,승용,여,53세,경상
2016031800100457,2016년 3월 18일 18시,금요일,경상북도 칠곡군 왜관읍,경상사고,0,0,1,0,차대차 - 정면충돌,중앙선침범,건조,맑음,교차로 - 교차로안,승용,여,35세,상해없음,승용,여,27세,경상
2016031800100495,2016년 3월 18일 19시,금요일,경상북도 경주시 구정동,경상사고,0,0,1,0,차대사람 - 기타,안전운전불이행,습기,비,단일로 - 기타,승용,남,64세,상해없음,보행자,남,51세,경상
2016031800100496,2016년 3월 18일 19시,금요일,경상북도 상주시 낙양동,중상사고,0,1,0,0,차대차 - 측면직각충돌,교차로운행방법위반,건조,맑음,교차로 - 교차로안,승용,남,28세,상해없음,승용,여,53세,중상
2016031800100497,2016년 3월 18일 19시,금요일,경상북도 청송군 파천면,중상사고,0,1,0,0,차대차 - 기타,안전운전불이행,습기,비,단일로 - 기타,승용,남,42세,상해없음,원동기,남,67세,중상
2016031800100538,2016년 3월 18일 20시,금요일,경상북도 경주시 서부동,중상사고,0,1,0,0,차대차 - 기타,안전운전불이행,습기,비,단일로 - 기타,승용,남,47세,상해없음,원동기,남,16세,중상
2016031800100539,2016년 3월 18일 20시,금요일,경상북도 포항시 북구 양덕동,중상사고,0,1,8,0,차대차 - 추돌,안전운전불이행,건조,맑음,교차로 - 교차로부근,승용,남,56세,상해없음,승용,여,38세,경상
2016031800100572,2016년 3월 18일 21시,금요일,경상북도 경주시 감포읍,부상신고사고,0,0,0,1,차량단독 - 전도전복,안전운전불이행,습기,안개,교차로 - 교차로부근,승합,남,56세,부상신고,,,,
2016031800100573,2016년 3월 18일 21시,금요일,경상북도 경주시 안강읍,중상사고,0,1,0,1,차대차 - 기타,안전운전불이행,습기,흐림,단일로 - 기타,승용,남,34세,부상신고,승용,남,53세,중상
2016031800100599,2016년 3월 18일 22시,금요일,경상북도 포항시 북구 양덕동,경상사고,0,0,1,0,차대차 - 측면충돌,신호위반,건조,맑음,교차로 - 교차로안,승용,남,47세,상해없음,승용,남,24세,경상
2016031800100629,2016년 3월 18일 23시,금요일,경상북도 안동시 옥동,중상사고,0,2,1,0,차대차 - 정면충돌,직진우회전진행방해,건조,맑음,교차로 - 교차로안,승용,남,35세,경상,승용,남,37세,중상
2016031800100630,2016년 3월 18일 23시,금요일,경상북도 문경시 모전동,경상사고,0,0,2,0,차대차 - 추돌,안전운전불이행,습기,비,교차로 - 교차로부근,승용,남,47세,상해없음,승용,남,55세,경상
2016031800100631,2016년 3월 18일 23시,금요일,경상북도 예천군 감천면,중상사고,0,1,0,0,차대사람 - 횡단중,안전운전불이행,습기,안개,단일로 - 기타,승용,남,61세,상해없음,보행자,남,80세,중상
2016031900100012,2016년 3월 19일 00시,토요일,경상북도 경주시 성건동,경상사고,0,0,1,0,차대차 - 정면충돌,안전운전불이행,건조,맑음,단일로 - 기타,승용,남,34세,상해없음,승용,남,35세,경상
2016031900100036,2016년 3월 19일 01시,토요일,경상북도 영덕군 남정면,경상사고,0,0,1,0,차량단독 - 전도전복,안전운전불이행,건조,맑음,교차로 - 교차로부근,화물,남,42세,경상,,,,
2016031900100053,2016년 3월 19일 02시,토요일,경상북도 경산시 압량면,중상사고,0,2,0,0,차대사람 - 횡단중,보행자보호의무위반,습기,안개,교차로 - 교차로안,승용,남,26세,상해없음,보행자,남,25세,중상
2016031900100076,2016년 3월 19일 04시,토요일,경상북도 경주시 안강읍,중상사고,0,1,0,0,차대사람 - 횡단중,안전운전불이행,습기,비,교차로 - 교차로안,승용,여,50세,상해없음,보행자,여,82세,중상
2016031900100077,2016년 3월 19일 04시,토요일,경상북도 구미시 송정동,부상신고사고,0,0,0,1,차대차 - 기타,안전운전불이행,습기,안개,단일로 - 기타,승용,남,27세,부상신고,승용,남,53세,상해없음
2016031900100102,2016년 3월 19일 06시,토요일,경상북도 안동시 와룡면,경상사고,0,0,2,0,차대차 - 측면직각충돌,교차로운행방법위반,건조,맑음,교차로 - 교차로안,승용,남,47세,경상,승용,여,57세,경상
2016031900100103,2016년 3월 19일 06시,토요일,경상북도 울진군 죽변면,중상사고,0,1,0,0,차대사람 - 길가장자리구역통행중,중앙선침범,건조,맑음,단일로 - 기타,승용,남,48세,상해없음,보행자,여,73세,중상
2016031900100104,2016년 3월 19일 06시,토요일,경상북도 구미시 선산읍,사망사고,1,0,0,0,차대차 - 추돌,안전거리미확보,습기,안개,단일로 - 기타,화물,남,47세,상해없음,화물,남,31세,사망
2016031900100117,2016년 3월 19일 07시,토요일,경상북도 영천시 창구동,경상사고,0,0,2,0,차대차 - 측면직각충돌,중앙선침범,기타,안개,교차로 - 교차로부근,승용,여,24세,경상,승용,남,65세,경상
2016031900100162,2016년 3월 19일 09시,토요일,경상북도 경주시 인왕동,중상사고,0,1,0,0,차대차 - 기타,안전운전불이행,건조,맑음,교차로 - 교차로안,승용,남,70세,상해없음,승용,남,61세,중상