사고번호,사고일시,요일,시군구,사고내용,사망자수,중상자수,경상자수,부상신고자수,사고유형,법규위반,노면상태,기상상태,도로형태,가해운전자 차종,가해운전자 성별,가해운전자 연령,가해운전자 상해정도,피해운전자 차종,피해운전자 성별,피해운전자 연령,피해운전자 상해정도
2016031900100163,2016년 3월 19일 09시,토요일,경상북도 안동시 명륜동,중상사고,0,1,0,0,차대차 - 추돌,안전거리미확보,건조,맑음,교차로 - 교차로안,승용,여,45세,상해없음,승용,남,69세,상해없음
2016031900100164,2016년 3월 19일 09시,토요일,경상북도 영주시 상줄동,중상사고,0,1,1,0,차대차 - 측면충돌,안전운전불이행,건조,맑음,교차로 - 교차로부근,화물,남,46세,경상,승용,남,58세,중상
2016031900100165,2016년 3월 19일 09시,토요일,경상북도 영천시 신령면,경상사고,0,0,1,0,차대차 - 측면직각충돌,안전운전불이행,건조,흐림,교차로 - 교차로안,승용,여,52세,상해없음,승용,남,41세,경상
2016031900100190,2016년 3월 19일 10시,토요일,경상북도 고령군 대가야읍,중상사고,0,1,0,0,차대사람 - 횡단중,보행자보호의무위반,건조,맑음,교차로 - 교차로부근,화물,남,38세,상해없음,보행자,남,74세,중상
2016031900100191,2016년 3월 19일 10시,토요일,경상북도 구미시 원평동,경상사고,0,0,1,0,차량단독 - 전도전복,안전운전불이행,건조,맑음,단일로 - 기타,승합,남,57세,상해없음,,,,
2016031900100220,2016년 3월 19일 11시,토요일,경상북도 영주시 상망동,경상사고,0,0,1,0,차대차 - 추돌,안전운전불이행,건조,맑음,단일로 - 기타,승합,여,53세,상해없음,승용,남,51세,경상
2016031900100252,2016년 3월 19일 12시,토요일,경상북도 칠곡군 왜관읍,경상사고,0,0,2,0,차대차 - 측면충돌,불법유턴,건조,맑음,교차로 - 교차로부근,화물,남,20세,경상,승용,남,33세,경상
2016031900100253,2016년 3월 19일 12시,토요일,경상북도 경산시 하양읍,경상사고,0,0,1,0,차대사람 - 횡단중,안전운전불이행,건조,맑음,단일로 - 기타,이륜,남,18세,상해없음,보행자,여,11세,경상
2016031900100254,2016년 3월 19일 12시,토요일,경상북도 영양군 청기면,중상사고,0,1,0,0,차대차 - 추돌,안전운전불이행,건조,맑음,단일로 - 기타,이륜,여,56세,중상,화물,남,64세,기타불명
2016031900100285,2016년 3월 19일 13시,토요일,경상북도 안동시 송현동,경상사고,0,0,1,0,차대사람 - 횡단중,안전운전불이행,건조,맑음,단일로 - 기타,승용,남,47세,상해없음,보행자,여,69세,경상
2016031900100286,2016년 3월 19일 13시,토요일,경상북도 상주시 외답동,중상사고,0,1,0,0,차대차 - 추돌,안전운전불이행,건조,맑음,교차로 - 교차로부근,승용,남,40세,상해없음,승용,여,52세,중상
2016031900100287,2016년 3월 19일 13시,토요일,경상북도 포항시 남구 연일읍,경상사고,0,0,2,0,차대차 - 기타,안전운전불이행,건조,맑음,교차로 - 교차로부근,승용,남,68세,경상,화물,남,45세,경상
2016031900100327,2016년 3월 19일 14시,토요일,경상북도 포항시 북구 죽도동,경상사고,0,0,1,0,차대차 - 추돌,안전운전불이행,건조,맑음,교차로 - 교차로부근,승용,남,77세,상해없음,승용,여,54세,경상
2016031900100328,2016년 3월 19일 14시,토요일,경상북도 영덕군 남정면,경상사고,0,0,1,0,차대차 - 측면직각충돌,안전운전불이행,건조,맑음,교차로 - 교차로안,이륜,남,84세,경상,화물,남,65세,상해없음
2016031900100329,2016년 3월 19일 14시,토요일,경상북도 구미시 진평동,중상사고,0,1,0,0,차대차 - 기타,안전운전불이행,건조,맑음,교차로 - 교차로부근,승용,남,51세,상해없음,자전거,남,14세,중상
2016031900100367,2016년 3월 19일 15시,토요일,경상북도 포항시 북구 죽도동,중상사고,0,1,0,0,차대차 - 측면충돌,안전운전불이행,건조,맑음,미분류 - 미분류,화물,남,66세,상해없음,이륜,남,79세,중상
2016031900100413,2016년 3월 19일 16시,토요일,경상북도 경주시 건천읍,중상사고,0,2,2,0,차대차 - 기타,과속,건조,맑음,단일로 - 기타,승용,남,23세,경상,승합,남,47세,중상
2016031900100414,2016년 3월 19일 16시,토요일,경상북도 포항시 북구 죽도동,경상사고,0,0,1,0,차대사람 - 차도통행중,안전운전불이행,건조,맑음,단일로 - 기타,승용,여,30세,상해없음,보행자,여,67세,경상
2016031900100415,2016년 3월 19일 16시,토요일,경상북도 안동시 수상동,경상사고,0,0,1,0,차량단독 - 공작물충돌,안전운전불이행,건조,맑음,단일로 - 기타,승용,남,20세,상해없음,,,,
2016031900100416,2016년 3월 19일 16시,토요일,경상북도 김천시 남면,경상사고,0,0,1,0,차대사람 - 횡단중,안전운전불이행,건조,맑음,단일로 - 기타,승용,남,45세,상해없음,보행자,여,42세,경상
2016031900100417,2016년 3월 19일 16시,토요일,경상북도 문경시 마성면,중상사고,0,1,0,0,차량단독 - 전도전복,안전운전불이행,건조,맑음,단일로 - 기타,이륜,남,31세,중상,,,,
2016031900100418,2016년 3월 19일 16시,토요일,경상북도 울진군 후포면,중상사고,0,2,2,0,차대차 - 정면충돌,안전운전불이행,건조,맑음,기타 - 기타,승용,남,46세,경상,승용,남,58세,경상
2016031900100459,2016년 3월 19일 17시,토요일,경상북도 구미시 고아읍,경상사고,0,0,2,0,차대차 - 기타,안전거리미확보,건조,맑음,교차로 - 교차로부근,승용,남,67세,상해없음,승용,남,25세,경상
2016031900100491,2016년 3월 19일 18시,토요일,경상북도 영주시 봉현면,경상사고,0,0,1,0,차대차 - 측면충돌,직진우회전진행방해,건조,맑음,교차로 - 교차로안,승용,여,67세,상해없음,승용,남,57세,경상
2016031900100540,2016년 3월 19일 19시,토요일,경상북도 경주시 양남면,경상사고,0,0,2,0,차대차 - 정면충돌,신호위반,건조,맑음,교차로 - 교차로안,화물,남,49세,기타불명,승용,여,53세,경상
2016031900100541,2016년 3월 19일 19시,토요일,경상북도 안동시 성곡동,경상사고,0,0,7,0,차대차 - 측면충돌,교차로운행방법위반,건조,맑음,교차로 - 교차로안,승용,남,48세,경상,승용,남,35세,경상
2016031900100542,2016년 3월 19일 19시,토요일,경상북도 성주군 대가면,경상사고,0,0,4,0,차대차 - 정면충돌,안전운전불이행,건조,맑음,교차로 - 교차로안,승용,남,69세,상해없음,승용,여,58세,경상
2016031900100543,2016년 3월 19일 19시,토요일,경상북도 구미시 원평동,중상사고,0,1,0,0,차대사람 - 기타,안전운전불이행,건조,맑음,교차로 - 교차로부근,승용,여,26세,상해없음,보행자,여,68세,중상
2016031900100577,2016년 3월 19일 20시,토요일,경상북도 경주시 성건동,경상사고,0,0,1,0,차대차 - 추돌,안전운전불이행,건조,맑음,교차로 - 교차로부근,승용,여,49세,상해없음,승용,남,63세,경상
2016031900100578,2016년 3월 19일 20시,토요일,경상북도 영천시 금호읍,중상사고,0,1,0,0,차대사람 - 길가장자리구역통행중,안전운전불이행,건조,흐림,단일로 - 기타,승용,여,70세,상해없음,보행자,남,71세,중상
2016031900100600,2016년 3월 19일 21시,토요일,경상북도 칠곡군 왜관읍,경상사고,0,0,1,0,차대차 - 측면직각충돌,안전운전불이행,건조,맑음,교차로 - 교차로안,승용,남,32세,상해없음,화물,남,61세,경상
2016031900100627,2016년 3월 19일 22시,토요일,경상북도 경산시 중방동,경상사고,0,0,1,0,차대차 - 정면충돌,신호위반,건조,맑음,단일로 - 횡단보도상,승용,남,57세,상해없음,자전거,여,56세,경상
2016031900100628,2016년 3월 19일 22시,토요일,경상북도 칠곡군 석적읍,중상사고,0,1,0,0,차대차 - 추돌,안전운전불이행,건조,맑음,단일로 - 기타,화물,남,37세,중상,화물,남,59세,상해없음
2016031900100647,2016년 3월 19일 23시,토요일,경상북도 포항시 북구 죽도동,경상사고,0,0,1,0,차대차 - 기타,안전운전불이행,건조,맑음,교차로 - 교차로안,승용,남,56세,상해없음,자전거,남,56세,경상
2016032000100014,2016년 3월 20일 00시,일요일,경상북도 구미시 진평동,경상사고,0,0,3,0,차대차 - 측면충돌,안전운전불이행,건조,맑음,교차로 - 교차로안,승용,남,32세,상해없음,승용,남,28세,경상
2016032000100058,2016년 3월 20일 03시,일요일,경상북도 경산시 정평동,경상사고,0,0,2,0,차대차 - 기타,안전운전불이행,건조,맑음,교차로 - 교차로부근,승용,남,40세,상해없음,승용,남,58세,경상
2016032000100105,2016년 3월 20일 07시,일요일,경상북도 영주시 풍기읍,경상사고,0,0,6,0,차대차 - 측면충돌,교차로운행방법위반,건조,맑음,교차로 - 교차로안,승용,여,56세,경상,승용,남,34세,경상
2016032000100106,2016년 3월 20일 07시,일요일,경상북도 구미시 선산읍,경상사고,0,0,2,0,차대차 - 측면직각충돌,안전운전불이행,건조,맑음,교차로 - 교차로안,이륜,남,83세,경상,화물,남,52세,상해없음
2016032000100124,2016년 3월 20일 08시,일요일,경상북도 영덕군 강구면,경상사고,0,0,1,0,차대사람 - 길가장자리구역통행중,안전운전불이행,건조,맑음,단일로 - 기타,승용,남,61세,상해없음,보행자,여,72세,경상
2016032000100138,2016년 3월 20일 09시,일요일,경상북도 칠곡군 북삼읍,부상신고사고,0,0,0,1,차대차 - 측면직각충돌,안전운전불이행,건조,맑음,단일로 - 기타,원동기,여,66세,부상신고,화물,남,64세,상해없음
2016032000100139,2016년 3월 20일 09시,일요일,경상북도 경산시 남산면,경상사고,0,0,1,0,차량단독 - 전도전복,안전운전불이행,습기,흐림,교차로 - 교차로안,이륜,남,74세,경상,,,,
2016032000100165,2016년 3월 20일 11시,일요일,경상북도 경주시 내남면,중상사고,0,2,0,0,차대차 - 측면충돌,안전운전불이행,건조,맑음,교차로 - 교차로안,승용,남,25세,상해없음,승용,여,35세,중상
2016032000100166,2016년 3월 20일 11시,일요일,경상북도 칠곡군 동명면,중상사고,0,1,2,0,차대차 - 측면직각충돌,과속,건조,맑음,단일로 - 기타,이륜,남,36세,중상,승용,남,23세,상해없음
2016032000100167,2016년 3월 20일 11시,일요일,경상북도 울진군 울진읍,경상사고,0,0,1,0,차대차 - 측면충돌,직진우회전진행방해,건조,맑음,교차로 - 교차로안,승용,남,71세,상해없음,승용,남,54세,상해없음
2016032000100222,2016년 3월 20일 13시,일요일,경상북도 칠곡군 동명면,중상사고,0,1,0,0,차대차 - 기타,교차로운행방법위반,건조,맑음,교차로 - 교차로안,화물,남,49세,상해없음,이륜,여,33세,중상
2016032000100223,2016년 3월 20일 13시,일요일,경상북도 경산시 자인면,경상사고,0,0,1,0,차대차 - 정면충돌,안전운전불이행,건조,맑음,단일로 - 기타,승용,남,59세,상해없음,승용,남,59세,경상
2016032000100248,2016년 3월 20일 14시,일요일,경상북도 경주시 보문동,부상신고사고,0,0,0,1,차량단독 - 전도전복,안전운전불이행,건조,맑음,단일로 - 기타,이륜,여,23세,부상신고,,,,
2016032000100249,2016년 3월 20일 14시,일요일,경상북도 구미시 사곡동,중상사고,0,1,0,0,차대차 - 측면충돌,안전운전불이행,건조,맑음,교차로 - 교차로안,승용,여,37세,상해없음,자전거,남,54세,중상
2016032000100276,2016년 3월 20일 15시,일요일,경상북도 경산시 중방동,경상사고,0,0,1,0,차대사람 - 횡단중,안전운전불이행,건조,맑음,교차로 - 교차로안,승용,남,68세,상해없음,보행자,여,52세,경상
2016032000100297,2016년 3월 20일 16시,일요일,경상북도 김천시 모암동,경상사고,0,0,1,0,차대사람 - 횡단중,안전운전불이행,건조,맑음,단일로 - 기타,승용,여,42세,상해없음,보행자,여,60세,경상
2016032000100298,2016년 3월 20일 16시,일요일,경상북도 경산시 서상동,부상신고사고,0,0,0,1,차대차 - 기타,안전운전불이행,건조,맑음,교차로 - 교차로안,자전거,남,10세,부상신고,승용,남,47세,상해없음
2016032000100299,2016년 3월 20일 16시,일요일,경상북도 경산시 옥산동,경상사고,0,0,1,0,차대차 - 추돌,안전운전불이행,건조,맑음,단일로 - 기타,승합,남,50세,상해없음,승용,남,34세,경상
2016032000100300,2016년 3월 20일 16시,일요일,경상북도 포항시 남구 대송면,중상사고,0,1,0,0,차대사람 - 보도통행중,기타,건조,맑음,단일로 - 기타,화물,남,60세,상해없음,보행자,여,52세,중상
2016032000100350,2016년 3월 20일 18시,일요일,경상북도 포항시 북구 장성동,중상사고,0,1,0,0,차대차 - 기타,교차로운행방법위반,건조,맑음,교차로 - 교차로안,승용,남,67세,상해없음,원동기,남,65세,중상
2016032000100351,2016년 3월 20일 18시,일요일,경상북도 상주시 서문동,중상사고,0,1,1,0,차대차 - 측면직각충돌,교차로운행방법위반,건조,맑음,교차로 - 교차로안,승용,여,48세,상해없음,승용,남,60세,경상
2016032000100352,2016년 3월 20일 18시,일요일,경상북도 영천시 망정동,경상사고,0,0,2,0,차대차 - 측면충돌,안전운전불이행,건조,맑음,교차로 - 교차로안,승용,여,39세,경상,승용,남,38세,경상
2016032000100353,2016년 3월 20일 18시,일요일,경상북도 예천군 예천읍,중상사고,0,1,0,0,차대차 - 측면직각충돌,안전운전불이행,건조,맑음,교차로 - 교차로안,승용,남,61세,상해없음,자전거,남,81세,중상
2016032000100378,2016년 3월 20일 19시,일요일,경상북도 구미시 옥계동,경상사고,0,0,3,0,차대차 - 추돌,안전운전불이행,건조,맑음,교차로 - 교차로부근,승용,남,53세,상해없음,승용,남,28세,경상
2016032000100405,2016년 3월 20일 20시,일요일,경상북도 경산시 백천동,경상사고,0,0,1,0,차대사람 - 횡단중,안전운전불이행,건조,맑음,단일로 - 횡단보도부근,승용,여,42세,상해없음,보행자,남,73세,경상
2016032000100406,2016년 3월 20일 20시,일요일,경상북도 경산시 중방동,중상사고,0,1,0,0,차대차 - 기타,안전운전불이행,건조,맑음,교차로 - 교차로부근,승용,여,56세,상해없음,승합,남,52세,상해없음
2016032000100430,2016년 3월 20일 21시,일요일,경상북도 경산시 옥산동,경상사고,0,0,1,0,차대차 - 측면직각충돌,직진우회전진행방해,건조,맑음,교차로 - 교차로안,이륜,남,35세,경상,승용,남,54세,상해없음
2016032000100463,2016년 3월 20일 22시,일요일,경상북도 안동시 옥동,경상사고,0,0,1,0,차대사람 - 횡단중,안전운전불이행,건조,맑음,단일로 - 기타,승용,남,23세,상해없음,보행자,남,37세,경상
2016032000100485,2016년 3월 20일 23시,일요일,경상북도 영천시 도동,사망사고,1,0,0,0,차량단독 - 전도전복,안전운전불이행,건조,맑음,교차로 - 교차로안,승용,남,36세,사망,,,,
2016032100100012,2016년 3월 21일 00시,월요일,경상북도 안동시 송현동,경상사고,0,0,1,0,차대차 - 정면충돌,안전운전불이행,건조,맑음,교차로 - 교차로부근,승용,여,43세,상해없음,승용,여,47세,경상
2016032100100013,2016년 3월 21일 00시,월요일,경상북도 구미시 시미동,중상사고,0,2,2,0,차대차 - 측면충돌,교차로운행방법위반,건조,맑음,교차로 - 교차로안,승용,남,23세,상해없음,승용,여,32세,경상
2016032100100029,2016년 3월 21일 02시,월요일,경상북도 안동시 풍산읍,경상사고,0,0,1,0,차대차 - 정면충돌,안전운전불이행,건조,맑음,단일로 - 기타,승용,남,38세,기타불명,승용,남,55세,경상
2016032100100033,2016년 3월 21일 03시,월요일,경상북도 구미시 원평동,경상사고,0,0,3,0,차대차 - 측면충돌,안전운전불이행,건조,맑음,단일로 - 기타,승용,남,32세,상해없음,승용,남,31세,경상
2016032100100062,2016년 3월 21일 06시,월요일,경상북도 김천시 감호동,중상사고,0,1,1,0,차대차 - 측면충돌,안전운전불이행,건조,맑음,교차로 - 교차로부근,승용,남,28세,상해없음,화물,남,54세,경상
2016032100100063,2016년 3월 21일 06시,월요일,경상북도 예천군 예천읍,중상사고,0,1,1,0,차대차 - 측면직각충돌,직진우회전진행방해,건조,맑음,교차로 - 교차로안,승용,남,43세,경상,화물,남,66세,중상
2016032100100084,2016년 3월 21일 07시,월요일,경상북도 영천시 야사동,경상사고,0,0,2,0,차대차 - 추돌,안전거리미확보,건조,맑음,교차로 - 교차로부근,이륜,남,68세,경상,승용,남,43세,경상
2016032100100120,2016년 3월 21일 08시,월요일,경상북도 안동시 옥동,경상사고,0,0,1,0,차대차 - 추돌,안전운전불이행,건조,맑음,단일로 - 기타,승용,여,46세,경상,승용,남,44세,상해없음
2016032100100121,2016년 3월 21일 08시,월요일,경상북도 구미시 원평동,경상사고,0,0,2,0,차대차 - 측면충돌,교차로운행방법위반,건조,맑음,교차로 - 교차로안,승용,여,44세,경상,승용,여,50세,경상
2016032100100122,2016년 3월 21일 08시,월요일,경상북도 칠곡군 석적읍,경상사고,0,0,3,0,차대차 - 추돌,안전운전불이행,건조,맑음,단일로 - 기타,승용,남,40세,상해없음,승용,남,27세,경상
2016032100100162,2016년 3월 21일 09시,월요일,경상북도 군위군 소보면,사망사고,1,1,0,0,차대차 - 추돌,안전운전불이행,건조,맑음,교차로 - 교차로부근,화물,남,69세,중상,농기계,남,77세,사망
2016032100100194,2016년 3월 21일 10시,월요일,경상북도 상주시 중동면,중상사고,0,3,0,0,차대차 - 측면충돌,교차로운행방법위반,건조,맑음,교차로 - 교차로안,승용,남,49세,중상,화물,남,33세,중상
2016032100100195,2016년 3월 21일 10시,월요일,경상북도 구미시 광평동,중상사고,0,1,0,0,차대차 - 추돌,안전운전불이행,건조,맑음,교차로 - 교차로안,승용,여,38세,상해없음,이륜,남,86세,중상
2016032100100220,2016년 3월 21일 11시,월요일,경상북도 청도군 금천면,중상사고,0,1,0,0,차량단독 - 주/정차차량 충돌,안전운전불이행,건조,맑음,단일로 - 기타,이륜,남,74세,중상,,,,
2016032100100221,2016년 3월 21일 11시,월요일,경상북도 구미시 진평동,부상신고사고,0,0,0,1,차대차 - 기타,교차로운행방법위반,건조,맑음,교차로 - 교차로안,이륜,남,61세,부상신고,승용,남,43세,상해없음
2016032100100249,2016년 3월 21일 12시,월요일,경상북도 구미시 옥계동,중상사고,0,1,1,0,차대차 - 측면충돌,신호위반,건조,맑음,교차로 - 교차로안,승용,여,43세,경상,원동기,남,47세,중상
2016032100100286,2016년 3월 21일 13시,월요일,경상북도 경주시 안강읍,경상사고,0,0,1,0,차대차 - 측면충돌,안전운전불이행,건조,맑음,단일로 - 기타,승용,남,68세,상해없음,원동기,남,36세,경상
2016032100100317,2016년 3월 21일 14시,월요일,경상북도 청도군 화양읍,중상사고,0,1,0,0,차대차 - 추돌,안전운전불이행,건조,맑음,교차로 - 교차로부근,승용,남,76세,상해없음,승용,여,51세,중상
2016032100100318,2016년 3월 21일 14시,월요일,경상북도 포항시 남구 상도동,경상사고,0,0,1,0,차대차 - 측면직각충돌,안전운전불이행,건조,맑음,교차로 - 교차로안,화물,남,60세,상해없음,원동기,여,32세,경상
2016032100100355,2016년 3월 21일 15시,월요일,경상북도 경주시 안강읍,경상사고,0,0,3,0,차대차 - 추돌,안전운전불이행,건조,맑음,교차로 - 교차로부근,화물,남,73세,경상,화물,남,41세,경상
2016032100100356,2016년 3월 21일 15시,월요일,경상북도 포항시 북구 장성동,경상사고,0,0,1,0,차대차 - 측면충돌,안전운전불이행,건조,맑음,교차로 - 교차로안,자전거,남,14세,경상,승용,남,36세,상해없음
2016032100100395,2016년 3월 21일 16시,월요일,경상북도 포항시 북구 대신동,경상사고,0,0,1,0,차대차 - 측면충돌,안전운전불이행,건조,맑음,단일로 - 기타,승용,남,29세,상해없음,이륜,남,21세,경상
2016032100100396,2016년 3월 21일 16시,월요일,경상북도 영주시 하망동,중상사고,0,1,1,0,차대차 - 측면충돌,안전운전불이행,건조,맑음,교차로 - 교차로안,승용,여,57세,경상,승용,남,36세,중상
2016032100100397,2016년 3월 21일 16시,월요일,경상북도 울진군 근남면,경상사고,0,0,3,0,차대차 - 측면직각충돌,교차로운행방법위반,건조,맑음,교차로 - 교차로안,화물,남,51세,경상,승용,남,45세,경상
2016032100100398,2016년 3월 21일 16시,월요일,경상북도 고령군 대가야읍,경상사고,0,0,2,0,차대차 - 정면충돌,중앙선침범,건조,맑음,단일로 - 기타,승용,남,54세,상해없음,승용,남,51세,경상
2016032100100399,2016년 3월 21일 16시,월요일,경상북도 구미시 형곡동,경상사고,0,0,1,0,차대사람 - 횡단중,보행자보호의무위반,건조,맑음,단일로 - 기타,화물,남,47세,상해없음,보행자,여,7세,경상
2016032100100400,2016년 3월 21일 16시,월요일,경상북도 포항시 남구 오천읍,경상사고,0,0,1,0,차대차 - 측면직각충돌,안전운전불이행,건조,맑음,교차로 - 교차로안,승용,여,25세,상해없음,승용,남,69세,경상
2016032100100437,2016년 3월 21일 17시,월요일,경상북도 영천시 완산동,경상사고,0,0,1,0,차대차 - 측면충돌,신호위반,건조,맑음,교차로 - 교차로안,화물,남,47세,상해없음,승용,남,52세,경상
2016032100100438,2016년 3월 21일 17시,월요일,경상북도 포항시 남구 오천읍,중상사고,0,1,0,0,차대차 - 측면직각충돌,보행자보호의무위반,건조,맑음,단일로 - 횡단보도상,승용,여,28세,상해없음,원동기,남,55세,상해없음
2016032100100474,2016년 3월 21일 18시,월요일,경상북도 경주시 천북면,중상사고,0,2,0,1,차대차 - 정면충돌,신호위반,건조,맑음,교차로 - 교차로부근,승합,여,52세,부상신고,승용,남,21세,중상
2016032100100475,2016년 3월 21일 18시,월요일,경상북도 안동시 옥동,경상사고,0,0,1,0,차대차 - 정면충돌,안전운전불이행,건조,맑음,교차로 - 교차로안,승용,남,21세,상해없음,화물,남,46세,경상
2016032100100476,2016년 3월 21일 18시,월요일,경상북도 칠곡군 왜관읍,부상신고사고,0,0,0,2,차대차 - 기타,교차로운행방법위반,건조,맑음,교차로 - 교차로안,승용,여,31세,부상신고,승용,여,39세,상해없음
2016032100100477,2016년 3월 21일 18시,월요일,경상북도 영덕군 영해면,중상사고,0,1,0,0,차대차 - 추돌,안전운전불이행,건조,맑음,교차로 - 교차로부근,승용,남,40세,상해없음,자전거,남,79세,중상
2016032100100513,2016년 3월 21일 19시,월요일,경상북도 예천군 예천읍,중상사고,0,1,0,0,차대사람 - 횡단중,안전운전불이행,건조,맑음,교차로 - 교차로부근,승용,여,58세,상해없음,보행자,남,79세,중상
2016032100100514,2016년 3월 21일 19시,월요일,경상북도 성주군 초전면,경상사고,0,0,1,0,차대차 - 측면충돌,안전운전불이행,건조,맑음,단일로 - 기타,이륜,남,45세,경상,화물,남,49세,상해없음
2016032100100548,2016년 3월 21일 20시,월요일,경상북도 안동시 태화동,중상사고,0,1,2,0,차대차 - 측면충돌,신호위반,건조,맑음,교차로 - 교차로안,승용,여,45세,상해없음,승합,남,39세,중상
2016032100100549,2016년 3월 21일 20시,월요일,경상북도 경산시 갑제동,경상사고,0,0,2,0,차대차 - 기타,교차로운행방법위반,건조,맑음,교차로 - 교차로안,승용,남,61세,경상,승용,남,27세,경상
2016032100100550,2016년 3월 21일 20시,월요일,경상북도 경산시 하양읍,경상사고,0,0,1,0,차대차 - 측면직각충돌,안전거리미확보,건조,맑음,교차로 - 교차로안,승용,남,42세,상해없음,승용,여,21세,경상
2016032100100578,2016년 3월 21일 21시,월요일,경상북도 경주시 성건동,경상사고,0,0,1,0,차대차 - 측면직각충돌,안전운전불이행,건조,맑음,교차로 - 교차로안,승용,남,22세,상해없음,이륜,남,64세,경상
2016032100100579,2016년 3월 21일 21시,월요일,경상북도 영주시 영주동,중상사고,0,1,1,0,차대차 - 추돌,중앙선침범,건조,맑음,교차로 - 교차로부근,승용,여,35세,상해없음,승용,여,39세,중상
2016032100100580,2016년 3월 21일 21시,월요일,경상북도 칠곡군 북삼읍,중상사고,0,1,0,0,차대사람 - 횡단중,보행자보호의무위반,건조,맑음,교차로 - 교차로부근,승용,남,37세,상해없음,보행자,남,42세,중상
2016032100100581,2016년 3월 21일 21시,월요일,경상북도 구미시 신평동,중상사고,0,1,0,0,차대차 - 정면충돌,안전운전불이행,건조,맑음,교차로 - 교차로안,승용,남,60세,상해없음,이륜,남,20세,중상
2016032100100602,2016년 3월 21일 22시,월요일,경상북도 경산시 중방동,중상사고,0,1,0,0,차대차 - 정면충돌,안전운전불이행,건조,맑음,교차로 - 교차로부근,승용,남,60세,상해없음,이륜,남,23세,중상
2016032100100603,2016년 3월 21일 22시,월요일,경상북도 울진군 죽변면,중상사고,0,1,1,0,차대차 - 추돌,안전운전불이행,건조,맑음,단일로 - 기타,승용,남,26세,경상,승용,남,64세,기타불명
2016032200100013,2016년 3월 22일 00시,화요일,경상북도 안동시 옥야동,경상사고,0,0,3,0,차대차 - 추돌,안전운전불이행,건조,맑음,교차로 - 교차로부근,승용,남,26세,상해없음,승용,남,28세,경상
2016032200100014,2016년 3월 22일 00시,화요일,경상북도 영주시 가흥동,경상사고,0,0,3,0,차대차 - 측면충돌,신호위반,건조,맑음,교차로 - 교차로안,승용,여,36세,경상,승용,남,50세,경상
2016032200100043,2016년 3월 22일 04시,화요일,경상북도 경산시 계양동,경상사고,0,0,2,0,차대차 - 정면충돌,신호위반,건조,맑음,교차로 - 교차로안,승용,여,63세,기타불명,승용,남,60세,경상
2016032200100073,2016년 3월 22일 06시,화요일,경상북도 경산시 하양읍,중상사고,0,1,1,0,차대차 - 정면충돌,신호위반,건조,맑음,교차로 - 교차로안,승용,여,46세,경상,화물,남,47세,중상
2016032200100074,2016년 3월 22일 06시,화요일,경상북도 포항시 남구 장흥동,사망사고,1,0,0,0,차대차 - 측면직각충돌,중앙선침범,건조,맑음,단일로 - 기타,승용,남,30세,상해없음,원동기,남,54세,사망
2016032200100094,2016년 3월 22일 07시,화요일,경상북도 영천시 금노동,경상사고,0,0,1,0,차대차 - 측면충돌,안전운전불이행,건조,맑음,교차로 - 교차로부근,승용,남,45세,상해없음,화물,남,56세,경상
2016032200100095,2016년 3월 22일 07시,화요일,경상북도 구미시 사곡동,경상사고,0,0,1,0,차대차 - 기타,안전거리미확보,건조,맑음,단일로 - 기타,승용,여,39세,기타불명,승용,남,50세,경상
2016032200100096,2016년 3월 22일 07시,화요일,경상북도 포항시 남구 대송면,중상사고,0,1,3,0,차대차 - 추돌,안전운전불이행,건조,맑음,단일로 - 기타,승용,남,37세,경상,승용,남,26세,중상
2016032200100145,2016년 3월 22일 08시,화요일,경상북도 경주시 도지동,사망사고,1,0,0,0,차대차 - 추돌,과속,건조,맑음,단일로 - 기타,승용,남,25세,상해없음,농기계,남,78세,사망
2016032200100146,2016년 3월 22일 08시,화요일,경상북도 안동시 태화동,경상사고,0,0,2,0,차대차 - 측면직각충돌,직진우회전진행방해,건조,맑음,교차로 - 교차로안,승용,여,48세,경상,승용,남,78세,상해없음
2016032200100147,2016년 3월 22일 08시,화요일,경상북도 경산시 하양읍,경상사고,0,0,1,0,차대차 - 측면충돌,신호위반,건조,맑음,교차로 - 교차로안,승용,남,77세,상해없음,이륜,남,30세,경상
2016032200100148,2016년 3월 22일 08시,화요일,경상북도 경산시 사동,경상사고,0,0,1,0,차대차 - 기타,안전운전불이행,건조,맑음,단일로 - 기타,승용,남,59세,상해없음,화물,남,47세,경상
2016032200100187,2016년 3월 22일 09시,화요일,경상북도 포항시 북구 흥해읍,중상사고,0,1,0,0,차대차 - 정면충돌,교차로운행방법위반,건조,맑음,교차로 - 교차로안,승용,여,50세,상해없음,원동기,남,78세,중상
2016032200100188,2016년 3월 22일 09시,화요일,경상북도 안동시 녹전면,부상신고사고,0,0,0,1,차대차 - 측면충돌,안전운전불이행,건조,맑음,교차로 - 교차로부근,농기계,남,68세,상해없음,승용,남,67세,부상신고
2016032200100215,2016년 3월 22일 10시,화요일,경상북도 포항시 북구 흥해읍,경상사고,0,0,1,0,차대사람 - 횡단중,안전운전불이행,건조,맑음,단일로 - 기타,승용,남,47세,상해없음,보행자,남,63세,경상