사고번호,사고일시,요일,시군구,사고내용,사망자수,중상자수,경상자수,부상신고자수,사고유형,법규위반,노면상태,기상상태,도로형태,가해운전자 차종,가해운전자 성별,가해운전자 연령,가해운전자 상해정도,피해운전자 차종,피해운전자 성별,피해운전자 연령,피해운전자 상해정도
2016032200100216,2016년 3월 22일 10시,화요일,경상북도 청도군 청도읍,경상사고,0,0,2,0,차대차 - 정면충돌,신호위반,건조,맑음,교차로 - 교차로안,화물,남,26세,경상,화물,남,38세,경상
2016032200100217,2016년 3월 22일 10시,화요일,경상북도 청송군 현서면,중상사고,0,1,1,0,차대차 - 추돌,안전거리미확보,건조,맑음,단일로 - 기타,화물,남,62세,상해없음,승용,남,62세,상해없음
2016032200100239,2016년 3월 22일 11시,화요일,경상북도 포항시 북구 득량동,중상사고,0,1,0,0,차대차 - 측면충돌,안전운전불이행,건조,맑음,교차로 - 교차로부근,승용,여,59세,상해없음,이륜,남,40세,중상
2016032200100240,2016년 3월 22일 11시,화요일,경상북도 안동시 천리동,경상사고,0,0,1,0,차대사람 - 보도통행중,신호위반,건조,맑음,단일로 - 횡단보도상,승용,남,73세,상해없음,보행자,남,56세,경상
2016032200100241,2016년 3월 22일 11시,화요일,경상북도 영천시 완산동,경상사고,0,0,1,0,차대사람 - 길가장자리구역통행중,안전운전불이행,건조,맑음,단일로 - 기타,승용,남,59세,상해없음,보행자,남,59세,경상
2016032200100242,2016년 3월 22일 11시,화요일,경상북도 문경시 산양면,경상사고,0,0,1,0,차대차 - 정면충돌,안전운전불이행,건조,맑음,교차로 - 교차로안,승용,남,71세,상해없음,승용,여,72세,경상
2016032200100243,2016년 3월 22일 11시,화요일,경상북도 포항시 남구 이동,경상사고,0,0,1,0,차대차 - 기타,교차로운행방법위반,건조,맑음,교차로 - 교차로안,승용,남,28세,상해없음,승합,남,45세,경상
2016032200100267,2016년 3월 22일 12시,화요일,경상북도 포항시 남구 오천읍,경상사고,0,0,2,0,차대차 - 측면직각충돌,교차로운행방법위반,건조,맑음,교차로 - 교차로안,원동기,남,36세,경상,승용,남,51세,경상
2016032200100316,2016년 3월 22일 14시,화요일,경상북도 울진군 울진읍,경상사고,0,0,1,0,차대차 - 기타,기타,건조,맑음,단일로 - 기타,화물,남,50세,상해없음,승용,여,41세,경상
2016032200100350,2016년 3월 22일 15시,화요일,경상북도 영천시 화산면,중상사고,0,1,0,0,차량단독 - 공작물충돌,안전운전불이행,건조,맑음,단일로 - 기타,원동기,남,75세,중상,,,,
2016032200100351,2016년 3월 22일 15시,화요일,경상북도 포항시 남구 오천읍,부상신고사고,0,0,0,3,차대차 - 측면직각충돌,교차로운행방법위반,건조,맑음,교차로 - 교차로안,승용,남,52세,상해없음,승용,여,54세,부상신고
2016032200100388,2016년 3월 22일 16시,화요일,경상북도 경주시 사정동,경상사고,0,0,2,0,차대차 - 측면충돌,안전운전불이행,건조,맑음,단일로 - 기타,승합,남,61세,상해없음,승용,남,22세,경상
2016032200100426,2016년 3월 22일 17시,화요일,경상북도 고령군 쌍림면,중상사고,0,1,0,0,차대차 - 추돌,안전운전불이행,건조,맑음,단일로 - 기타,승용,남,44세,상해없음,이륜,남,71세,중상
2016032200100457,2016년 3월 22일 18시,화요일,경상북도 경주시 용강동,중상사고,0,3,1,0,차대차 - 추돌,안전운전불이행,건조,맑음,단일로 - 기타,승합,남,34세,상해없음,승용,여,28세,중상
2016032200100458,2016년 3월 22일 18시,화요일,경상북도 포항시 북구 장성동,경상사고,0,0,1,0,차대차 - 측면충돌,안전운전불이행,건조,맑음,교차로 - 교차로안,이륜,남,16세,경상,승용,여,49세,상해없음
2016032200100459,2016년 3월 22일 18시,화요일,경상북도 포항시 남구 오천읍,경상사고,0,0,2,0,차대차 - 기타,안전운전불이행,건조,맑음,교차로 - 교차로안,승용,남,41세,상해없음,승용,여,40세,경상
2016032200100500,2016년 3월 22일 19시,화요일,경상북도 포항시 북구 우현동,경상사고,0,0,1,0,차대차 - 기타,안전운전불이행,건조,맑음,단일로 - 기타,기타불명,기타불명,기타불명,기타불명,자전거,남,12세,경상
2016032200100501,2016년 3월 22일 19시,화요일,경상북도 영천시 문내동,경상사고,0,0,2,1,차대차 - 추돌,중앙선침범,건조,맑음,교차로 - 교차로부근,승용,여,41세,상해없음,승용,여,43세,경상
2016032200100502,2016년 3월 22일 19시,화요일,경상북도 경산시 진량읍,중상사고,0,1,0,0,차대사람 - 횡단중,신호위반,건조,맑음,단일로 - 횡단보도상,승용,남,19세,상해없음,보행자,남,54세,중상
2016032200100503,2016년 3월 22일 19시,화요일,경상북도 포항시 남구 송도동,중상사고,0,1,0,0,차대차 - 측면직각충돌,안전운전불이행,건조,맑음,단일로 - 기타,자전거,남,65세,중상,승용,남,45세,상해없음
2016032200100533,2016년 3월 22일 20시,화요일,경상북도 안동시 태화동,중상사고,0,1,0,0,차대사람 - 횡단중,보행자보호의무위반,건조,맑음,교차로 - 교차로부근,이륜,남,64세,상해없음,보행자,여,67세,중상
2016032200100565,2016년 3월 22일 21시,화요일,경상북도 칠곡군 동명면,경상사고,0,0,3,0,차대차 - 추돌,안전운전불이행,건조,맑음,단일로 - 기타,승용,여,37세,상해없음,승용,여,36세,경상
2016032200100566,2016년 3월 22일 21시,화요일,경상북도 경산시 남산면,중상사고,0,1,0,0,차대사람 - 기타,안전운전불이행,건조,맑음,교차로 - 교차로부근,승용,남,63세,상해없음,보행자,여,75세,중상
2016032200100602,2016년 3월 22일 22시,화요일,경상북도 구미시 공단동,경상사고,0,0,1,0,차대차 - 기타,신호위반,건조,맑음,교차로 - 교차로안,화물,남,19세,상해없음,승용,남,29세,상해없음
2016032200100629,2016년 3월 22일 23시,화요일,경상북도 칠곡군 석적읍,부상신고사고,0,0,0,1,차량단독 - 전도전복,안전운전불이행,건조,맑음,단일로 - 기타,화물,남,47세,부상신고,,,,
2016032300100026,2016년 3월 23일 01시,수요일,경상북도 김천시 아포읍,경상사고,0,0,4,0,차대차 - 측면직각충돌,안전운전불이행,건조,맑음,단일로 - 기타,승용,여,47세,상해없음,승용,남,30세,경상
2016032300100027,2016년 3월 23일 01시,수요일,경상북도 포항시 남구 이동,중상사고,0,1,2,0,차대차 - 측면충돌,안전운전불이행,건조,맑음,단일로 - 기타,승용,남,26세,경상,승용,남,65세,경상
2016032300100051,2016년 3월 23일 05시,수요일,경상북도 경산시 대정동,경상사고,0,0,2,0,차대차 - 기타,안전운전불이행,건조,맑음,단일로 - 기타,승용,남,30세,상해없음,화물,남,57세,경상
2016032300100083,2016년 3월 23일 07시,수요일,경상북도 안동시 송현동,중상사고,0,1,0,0,차대사람 - 횡단중,안전운전불이행,건조,맑음,단일로 - 기타,승용,여,42세,상해없음,보행자,여,16세,중상
2016032300100084,2016년 3월 23일 07시,수요일,경상북도 구미시 봉곡동,중상사고,0,1,0,0,차대사람 - 횡단중,안전운전불이행,건조,맑음,단일로 - 기타,화물,남,43세,상해없음,보행자,남,17세,중상
2016032300100116,2016년 3월 23일 08시,수요일,경상북도 칠곡군 석적읍,중상사고,0,2,0,0,차대차 - 정면충돌,중앙선침범,건조,맑음,단일로 - 기타,승용,남,30세,중상,화물,남,46세,중상
2016032300100117,2016년 3월 23일 08시,수요일,경상북도 영덕군 병곡면,사망사고,1,0,0,0,차대사람 - 기타,안전운전불이행,건조,맑음,단일로 - 기타,화물,남,51세,상해없음,보행자,여,66세,사망
2016032300100118,2016년 3월 23일 08시,수요일,경상북도 구미시 구포동,부상신고사고,0,0,0,1,차대차 - 기타,중앙선침범,건조,맑음,교차로 - 교차로부근,원동기,남,25세,부상신고,승용,남,29세,상해없음
2016032300100119,2016년 3월 23일 08시,수요일,경상북도 구미시 진평동,경상사고,0,0,1,0,차대사람 - 횡단중,안전운전불이행,건조,맑음,단일로 - 기타,승용,남,26세,상해없음,보행자,여,21세,경상
2016032300100144,2016년 3월 23일 09시,수요일,경상북도 포항시 북구 죽도동,중상사고,0,2,0,0,차대차 - 측면충돌,신호위반,건조,맑음,교차로 - 교차로안,승용,남,62세,중상,승용,남,33세,중상
2016032300100145,2016년 3월 23일 09시,수요일,경상북도 김천시 농소면,중상사고,0,1,0,0,차대차 - 측면충돌,교차로운행방법위반,건조,맑음,교차로 - 교차로안,승합,여,49세,상해없음,화물,남,50세,중상
2016032300100146,2016년 3월 23일 09시,수요일,경상북도 구미시 공단동,경상사고,0,0,2,1,차대차 - 측면충돌,신호위반,건조,맑음,교차로 - 교차로안,승용,여,48세,부상신고,승용,여,45세,경상
2016032300100173,2016년 3월 23일 10시,수요일,경상북도 칠곡군 지천면,경상사고,0,0,1,0,차대차 - 정면충돌,안전운전불이행,건조,맑음,단일로 - 기타,화물,남,53세,상해없음,농기계,남,69세,경상
2016032300100193,2016년 3월 23일 11시,수요일,경상북도 포항시 북구 장성동,경상사고,0,0,1,0,차대차 - 정면충돌,안전운전불이행,건조,맑음,단일로 - 기타,화물,남,57세,상해없음,승용,남,60세,경상
2016032300100194,2016년 3월 23일 11시,수요일,경상북도 상주시 외남면,중상사고,0,1,0,0,차대사람 - 길가장자리구역통행중,안전운전불이행,건조,맑음,교차로 - 교차로부근,화물,남,55세,상해없음,보행자,남,61세,중상
2016032300100217,2016년 3월 23일 12시,수요일,경상북도 포항시 북구 득량동,경상사고,0,0,2,0,차대차 - 측면충돌,교차로운행방법위반,건조,맑음,교차로 - 교차로안,승용,남,60세,상해없음,승용,여,44세,경상
2016032300100240,2016년 3월 23일 13시,수요일,경상북도 안동시 풍산읍,경상사고,0,0,1,0,차대차 - 측면직각충돌,안전운전불이행,건조,맑음,단일로 - 기타,농기계,남,72세,경상,승합,남,43세,상해없음
2016032300100241,2016년 3월 23일 13시,수요일,경상북도 문경시 모전동,경상사고,0,0,2,0,차대차 - 측면직각충돌,신호위반,건조,맑음,교차로 - 교차로안,승용,남,74세,상해없음,승용,여,55세,경상
2016032300100302,2016년 3월 23일 15시,수요일,경상북도 영주시 상망동,경상사고,0,0,2,0,차대차 - 측면충돌,안전운전불이행,건조,맑음,단일로 - 기타,원동기,여,67세,경상,화물,남,38세,경상
2016032300100332,2016년 3월 23일 16시,수요일,경상북도 구미시 도량동,경상사고,0,0,1,0,차대사람 - 횡단중,안전운전불이행,건조,맑음,교차로 - 교차로부근,승용,여,48세,상해없음,보행자,여,36세,경상
2016032300100333,2016년 3월 23일 16시,수요일,경상북도 구미시 고아읍,중상사고,0,1,0,0,차대차 - 추돌,안전운전불이행,건조,맑음,교차로 - 교차로부근,승용,남,53세,상해없음,이륜,남,74세,중상
2016032300100359,2016년 3월 23일 17시,수요일,경상북도 영천시 봉동,경상사고,0,0,2,0,차대차 - 정면충돌,교차로운행방법위반,건조,맑음,교차로 - 교차로부근,승용,남,27세,상해없음,승용,여,36세,경상
2016032300100402,2016년 3월 23일 18시,수요일,경상북도 포항시 북구 양덕동,경상사고,0,0,1,0,차대차 - 측면충돌,신호위반,건조,맑음,교차로 - 교차로안,원동기,남,20세,경상,승용,여,36세,상해없음
2016032300100403,2016년 3월 23일 18시,수요일,경상북도 영덕군 영덕읍,경상사고,0,0,1,0,차대차 - 정면충돌,안전운전불이행,건조,맑음,기타 - 기타,화물,남,59세,상해없음,자전거,여,77세,경상
2016032300100404,2016년 3월 23일 18시,수요일,경상북도 성주군 성주읍,경상사고,0,0,1,0,차대차 - 측면직각충돌,안전운전불이행,건조,맑음,기타 - 기타,원동기,남,71세,상해없음,승용,남,65세,경상
2016032300100405,2016년 3월 23일 18시,수요일,경상북도 포항시 남구 상도동,중상사고,0,1,1,1,차대차 - 측면충돌,신호위반,건조,흐림,교차로 - 교차로안,화물,남,47세,경상,승용,남,52세,중상
2016032300100443,2016년 3월 23일 19시,수요일,경상북도 칠곡군 왜관읍,부상신고사고,0,0,0,1,차대차 - 측면직각충돌,안전운전불이행,건조,맑음,단일로 - 기타,이륜,남,90세 이상,부상신고,승용,남,50세,상해없음
2016032300100444,2016년 3월 23일 19시,수요일,경상북도 포항시 남구 대잠동,경상사고,0,0,2,0,차대차 - 기타,안전운전불이행,건조,맑음,단일로 - 기타,이륜,남,58세,경상,이륜,남,47세,경상
2016032300100470,2016년 3월 23일 20시,수요일,경상북도 군위군 군위읍,사망사고,1,1,0,0,차대차 - 추돌,안전운전불이행,건조,맑음,단일로 - 기타,화물,남,55세,중상,화물,남,42세,사망
2016032300100499,2016년 3월 23일 21시,수요일,경상북도 경주시 건천읍,부상신고사고,0,0,0,1,차대차 - 정면충돌,안전운전불이행,건조,맑음,교차로 - 교차로부근,화물,남,49세,부상신고,승용,남,48세,기타불명
2016032300100500,2016년 3월 23일 21시,수요일,경상북도 안동시 평화동,경상사고,0,0,1,0,차대차 - 측면직각충돌,기타,건조,흐림,교차로 - 교차로안,승용,남,46세,상해없음,승용,남,53세,상해없음
2016032300100527,2016년 3월 23일 22시,수요일,경상북도 문경시 모전동,경상사고,0,0,2,0,차대차 - 측면직각충돌,신호위반,건조,맑음,교차로 - 교차로안,승용,여,46세,상해없음,화물,남,45세,경상
2016032300100549,2016년 3월 23일 23시,수요일,경상북도 경산시 하양읍,경상사고,0,0,1,0,차대차 - 측면충돌,안전운전불이행,습기,비,단일로 - 기타,승용,기타불명,기타불명,기타불명,승용,남,23세,상해없음
2016032300100550,2016년 3월 23일 23시,수요일,경상북도 구미시 옥계동,경상사고,0,0,1,0,차대차 - 추돌,안전운전불이행,건조,맑음,교차로 - 교차로부근,승용,남,39세,상해없음,승용,여,53세,경상
2016032300100551,2016년 3월 23일 23시,수요일,경상북도 구미시 진평동,중상사고,0,1,0,0,차대사람 - 횡단중,안전운전불이행,건조,맑음,단일로 - 기타,승용,남,43세,상해없음,보행자,여,22세,중상
2016032400100029,2016년 3월 24일 01시,목요일,경상북도 안동시 옥동,경상사고,0,0,2,0,차대사람 - 횡단중,보행자보호의무위반,건조,맑음,단일로 - 기타,승용,여,59세,상해없음,보행자,여,18세,경상
2016032400100030,2016년 3월 24일 01시,목요일,경상북도 포항시 남구 대잠동,중상사고,0,1,1,0,차대차 - 추돌,안전운전불이행,습기,비,교차로 - 교차로부근,승용,남,43세,상해없음,승용,남,61세,경상
2016032400100031,2016년 3월 24일 01시,목요일,경상북도 김천시 교동,중상사고,0,1,2,0,차대차 - 추돌,안전운전불이행,건조,맑음,단일로 - 기타,승용,남,28세,경상,화물,남,45세,경상
2016032400100085,2016년 3월 24일 05시,목요일,경상북도 포항시 남구 오천읍,경상사고,0,0,1,0,차대차 - 추돌,안전운전불이행,건조,맑음,단일로 - 기타,승용,남,47세,경상,특수,남,47세,상해없음
2016032400100155,2016년 3월 24일 08시,목요일,경상북도 영주시 휴천동,경상사고,0,0,1,0,차대사람 - 횡단중,안전운전불이행,건조,맑음,단일로 - 기타,승용,여,36세,상해없음,보행자,남,7세,경상
2016032400100156,2016년 3월 24일 08시,목요일,경상북도 칠곡군 동명면,경상사고,0,0,3,1,차대차 - 추돌,안전운전불이행,건조,맑음,단일로 - 기타,화물,남,74세,부상신고,화물,남,29세,경상
2016032400100234,2016년 3월 24일 10시,목요일,경상북도 영덕군 강구면,경상사고,0,0,1,0,차대차 - 측면직각충돌,안전운전불이행,건조,맑음,단일로 - 기타,승용,여,58세,상해없음,이륜,남,83세,경상
2016032400100261,2016년 3월 24일 11시,목요일,경상북도 안동시 와룡면,중상사고,0,1,0,0,차대차 - 측면직각충돌,안전운전불이행,건조,맑음,단일로 - 기타,이륜,남,72세,중상,승용,남,55세,상해없음
2016032400100262,2016년 3월 24일 11시,목요일,경상북도 구미시 황상동,중상사고,0,1,1,1,차대차 - 기타,안전운전불이행,건조,맑음,교차로 - 교차로안,승용,남,27세,상해없음,승용,여,33세,중상
2016032400100263,2016년 3월 24일 11시,목요일,경상북도 구미시 임은동,중상사고,0,1,0,0,차대차 - 측면충돌,안전운전불이행,건조,맑음,교차로 - 교차로안,승용,남,41세,상해없음,이륜,남,48세,중상
2016032400100285,2016년 3월 24일 12시,목요일,경상북도 포항시 북구 두호동,경상사고,0,0,1,0,차대차 - 정면충돌,안전운전불이행,건조,맑음,단일로 - 기타,승용,여,65세,상해없음,승용,남,74세,경상
2016032400100286,2016년 3월 24일 12시,목요일,경상북도 영천시 화남면,경상사고,0,0,1,0,차대차 - 측면충돌,기타,건조,맑음,교차로 - 교차로안,화물,남,53세,상해없음,농기계,남,55세,경상
2016032400100315,2016년 3월 24일 13시,목요일,경상북도 경주시 광명동,중상사고,0,1,0,1,차대차 - 측면직각충돌,직진우회전진행방해,건조,맑음,교차로 - 교차로안,승용,남,55세,부상신고,승합,남,45세,상해없음
2016032400100316,2016년 3월 24일 13시,목요일,경상북도 안동시 용상동,경상사고,0,0,1,0,차대차 - 정면충돌,안전운전불이행,건조,맑음,단일로 - 기타,승용,남,38세,상해없음,자전거,남,83세,경상
2016032400100317,2016년 3월 24일 13시,목요일,경상북도 영양군 입암면,중상사고,0,2,0,0,차대차 - 정면충돌,중앙선침범,건조,맑음,단일로 - 기타,화물,남,61세,중상,승용,여,48세,중상
2016032400100342,2016년 3월 24일 14시,목요일,경상북도 상주시 함창읍,중상사고,0,1,1,0,차대차 - 추돌,기타,건조,맑음,교차로 - 교차로안,화물,남,28세,상해없음,농기계,남,70세,경상
2016032400100400,2016년 3월 24일 16시,목요일,경상북도 의성군 의성읍,경상사고,0,0,3,0,차대차 - 추돌,중앙선침범,건조,맑음,단일로 - 기타,승용,여,50세,경상,승용,남,62세,경상
2016032400100401,2016년 3월 24일 16시,목요일,경상북도 문경시 점촌동,중상사고,0,1,0,0,차대차 - 추돌,안전운전불이행,건조,맑음,교차로 - 교차로안,승용,여,31세,상해없음,승합,남,43세,중상
2016032400100402,2016년 3월 24일 16시,목요일,경상북도 경산시 대동,경상사고,0,0,1,0,차대차 - 기타,안전운전불이행,건조,맑음,단일로 - 기타,자전거,남,15세,경상,승용,남,19세,상해없음
2016032400100431,2016년 3월 24일 17시,목요일,경상북도 포항시 북구 두호동,부상신고사고,0,0,0,1,차대차 - 정면충돌,안전운전불이행,건조,맑음,단일로 - 기타,승용,여,50세,상해없음,승용,여,50세,부상신고
2016032400100432,2016년 3월 24일 17시,목요일,경상북도 안동시 용상동,경상사고,0,0,1,0,차대차 - 측면직각충돌,안전거리미확보,건조,맑음,단일로 - 기타,이륜,남,50세,경상,승용,남,60세,상해없음
2016032400100433,2016년 3월 24일 17시,목요일,경상북도 문경시 모전동,중상사고,0,1,0,0,차대차 - 기타,안전운전불이행,건조,맑음,단일로 - 기타,승용,남,59세,상해없음,승용,여,32세,중상
2016032400100434,2016년 3월 24일 17시,목요일,경상북도 영덕군 지품면,경상사고,0,0,1,0,차량단독 - 공작물충돌,안전운전불이행,건조,맑음,단일로 - 기타,화물,남,31세,경상,,,,
2016032400100435,2016년 3월 24일 17시,목요일,경상북도 울진군 근남면,중상사고,0,1,0,0,차대차 - 측면충돌,차로위반,건조,맑음,단일로 - 기타,원동기,남,60세,중상,승합,남,57세,상해없음
2016032400100470,2016년 3월 24일 18시,목요일,경상북도 구미시 구포동,중상사고,0,1,0,0,차대차 - 정면충돌,안전운전불이행,건조,맑음,단일로 - 기타,이륜,남,15세,중상,승용,남,54세,상해없음
2016032400100471,2016년 3월 24일 18시,목요일,경상북도 구미시 옥계동,부상신고사고,0,0,0,1,차대차 - 측면충돌,안전운전불이행,건조,맑음,단일로 - 기타,이륜,남,39세,부상신고,승용,남,41세,상해없음
2016032400100509,2016년 3월 24일 19시,목요일,경상북도 경주시 건천읍,중상사고,0,1,0,0,차대차 - 추돌,안전운전불이행,건조,맑음,단일로 - 기타,화물,남,25세,중상,화물,남,46세,상해없음
2016032400100510,2016년 3월 24일 19시,목요일,경상북도 경주시 양남면,중상사고,0,1,0,0,차대사람 - 횡단중,안전운전불이행,건조,맑음,단일로 - 기타,승용,남,56세,상해없음,보행자,여,75세,중상
2016032400100511,2016년 3월 24일 19시,목요일,경상북도 상주시 무양동,경상사고,0,0,1,0,차대차 - 측면충돌,안전운전불이행,건조,맑음,단일로 - 기타,자전거,여,71세,경상,승용,남,58세,상해없음
2016032400100512,2016년 3월 24일 19시,목요일,경상북도 구미시 원평동,부상신고사고,0,0,0,1,차대차 - 기타,안전운전불이행,건조,맑음,단일로 - 기타,자전거,남,44세,부상신고,승용,남,51세,상해없음
2016032400100569,2016년 3월 24일 21시,목요일,경상북도 포항시 남구 대잠동,경상사고,0,0,1,0,차대사람 - 차도통행중,안전운전불이행,건조,맑음,교차로 - 교차로안,승용,여,50세,상해없음,보행자,남,27세,경상
2016032400100570,2016년 3월 24일 21시,목요일,경상북도 포항시 남구 이동,경상사고,0,0,1,0,차대차 - 측면충돌,안전운전불이행,건조,맑음,교차로 - 교차로부근,승용,여,42세,상해없음,승용,남,40세,경상
2016032400100602,2016년 3월 24일 22시,목요일,경상북도 경산시 계양동,중상사고,0,1,0,0,차대차 - 측면직각충돌,안전운전불이행,건조,맑음,교차로 - 교차로부근,자전거,남,27세,중상,승용,남,24세,상해없음
2016032500100012,2016년 3월 25일 00시,금요일,경상북도 포항시 북구 죽도동,경상사고,0,0,1,0,차대차 - 측면충돌,안전운전불이행,건조,맑음,단일로 - 기타,승용,여,54세,상해없음,자전거,여,51세,경상
2016032500100013,2016년 3월 25일 00시,금요일,경상북도 안동시 서후면,중상사고,0,1,0,0,차대차 - 정면충돌,중앙선침범,건조,맑음,단일로 - 기타,화물,여,56세,상해없음,승용,남,44세,상해없음
2016032500100014,2016년 3월 25일 00시,금요일,경상북도 경산시 하양읍,경상사고,0,0,1,0,차대차 - 추돌,안전운전불이행,건조,맑음,단일로 - 기타,승용,남,32세,상해없음,승용,남,50세,경상
2016032500100027,2016년 3월 25일 01시,금요일,경상북도 경산시 대동,경상사고,0,0,2,0,차대차 - 추돌,안전운전불이행,건조,맑음,단일로 - 기타,승용,남,26세,상해없음,승용,남,21세,경상
2016032500100069,2016년 3월 25일 06시,금요일,경상북도 김천시 부곡동,중상사고,0,1,0,0,차대차 - 측면충돌,신호위반,건조,맑음,교차로 - 교차로안,화물,남,52세,상해없음,승용,남,51세,중상
2016032500100070,2016년 3월 25일 06시,금요일,경상북도 경산시 진량읍,경상사고,0,0,1,0,차대차 - 추돌,안전운전불이행,건조,맑음,교차로 - 교차로부근,승용,기타불명,기타불명,기타불명,승용,여,62세,경상
2016032500100088,2016년 3월 25일 07시,금요일,경상북도 경주시 내남면,경상사고,0,0,1,0,차대차 - 측면충돌,신호위반,건조,맑음,교차로 - 교차로안,건설기계,남,36세,상해없음,승용,남,37세,경상
2016032500100128,2016년 3월 25일 08시,금요일,경상북도 포항시 북구 장성동,중상사고,0,1,0,0,차대차 - 정면충돌,안전운전불이행,건조,맑음,단일로 - 기타,원동기,남,71세,상해없음,화물,남,48세,상해없음
2016032500100129,2016년 3월 25일 08시,금요일,경상북도 김천시 덕곡동,중상사고,0,1,1,0,차대차 - 측면충돌,안전운전불이행,건조,맑음,단일로 - 기타,승용,여,36세,경상,승용,여,35세,중상
2016032500100130,2016년 3월 25일 08시,금요일,경상북도 구미시 선산읍,중상사고,0,1,0,0,차대차 - 측면충돌,안전운전불이행,건조,맑음,교차로 - 교차로안,화물,남,69세,상해없음,승합,남,45세,중상
2016032500100131,2016년 3월 25일 08시,금요일,경상북도 구미시 오태동,경상사고,0,0,1,0,차대차 - 정면충돌,안전운전불이행,건조,맑음,단일로 - 기타,승용,남,51세,상해없음,자전거,남,14세,경상
2016032500100159,2016년 3월 25일 09시,금요일,경상북도 경산시 정평동,경상사고,0,0,2,0,차대차 - 측면충돌,신호위반,건조,맑음,교차로 - 교차로안,승용,남,60세,상해없음,승용,남,35세,경상
2016032500100160,2016년 3월 25일 09시,금요일,경상북도 성주군 용암면,사망사고,1,1,1,0,차대차 - 추돌,안전운전불이행,건조,맑음,기타 - 기타,화물,남,42세,상해없음,승용,여,42세,중상
2016032500100161,2016년 3월 25일 09시,금요일,경상북도 포항시 남구 이동,경상사고,0,0,1,0,차대차 - 측면충돌,안전운전불이행,건조,맑음,교차로 - 교차로안,승용,여,65세,경상,화물,남,22세,상해없음
2016032500100327,2016년 3월 25일 15시,금요일,경상북도 경산시 삼풍동,경상사고,0,0,1,0,차대사람 - 횡단중,안전운전불이행,건조,맑음,교차로 - 교차로부근,승용,남,40세,상해없음,보행자,여,31세,경상
2016032500100371,2016년 3월 25일 16시,금요일,경상북도 상주시 은척면,경상사고,0,0,1,0,차대차 - 추돌,안전거리미확보,건조,맑음,단일로 - 기타,화물,남,50세,상해없음,승용,남,53세,상해없음
2016032500100372,2016년 3월 25일 16시,금요일,경상북도 의성군 춘산면,경상사고,0,0,1,0,차대차 - 추돌,안전운전불이행,건조,맑음,교차로 - 교차로안,승용,여,54세,상해없음,이륜,남,21세,경상
2016032500100373,2016년 3월 25일 16시,금요일,경상북도 울진군 울진읍,중상사고,0,1,0,0,차대사람 - 횡단중,안전운전불이행,건조,맑음,교차로 - 교차로안,화물,남,46세,상해없음,보행자,남,10세,중상
2016032500100407,2016년 3월 25일 17시,금요일,경상북도 포항시 북구 흥해읍,중상사고,0,1,0,0,차대차 - 정면충돌,차로위반,건조,맑음,단일로 - 기타,승용,남,29세,상해없음,승용,남,56세,중상
2016032500100408,2016년 3월 25일 17시,금요일,경상북도 김천시 율곡동,경상사고,0,0,1,0,차대차 - 측면충돌,안전운전불이행,건조,맑음,단일로 - 횡단보도상,승용,남,31세,상해없음,자전거,남,9세,경상
2016032500100409,2016년 3월 25일 17시,금요일,경상북도 영천시 청통면,경상사고,0,0,1,2,차대차 - 측면직각충돌,안전운전불이행,습기,비,교차로 - 교차로안,승합,남,57세,상해없음,승용,여,54세,경상
2016032500100410,2016년 3월 25일 17시,금요일,경상북도 경산시 옥곡동,경상사고,0,0,2,0,차대차 - 정면충돌,안전운전불이행,건조,맑음,단일로 - 기타,승용,여,37세,상해없음,승용,여,29세,경상
2016032500100411,2016년 3월 25일 17시,금요일,경상북도 구미시 송정동,경상사고,0,0,1,0,차대차 - 추돌,안전운전불이행,건조,맑음,단일로 - 기타,승용,남,29세,상해없음,승용,여,42세,경상
2016032500100453,2016년 3월 25일 18시,금요일,경상북도 안동시 북후면,경상사고,0,0,1,0,차대차 - 측면직각충돌,안전운전불이행,습기,비,단일로 - 기타,승용,여,38세,상해없음,승용,여,28세,경상
2016032500100454,2016년 3월 25일 18시,금요일,경상북도 구미시 인의동,경상사고,0,0,1,0,차대차 - 측면충돌,교차로운행방법위반,건조,맑음,교차로 - 교차로안,승용,남,25세,상해없음,승용,남,32세,경상
2016032500100455,2016년 3월 25일 18시,금요일,경상북도 구미시 구평동,경상사고,0,0,5,0,차대차 - 측면충돌,신호위반,건조,맑음,교차로 - 교차로안,승용,남,43세,상해없음,승용,남,32세,경상
2016032500100456,2016년 3월 25일 18시,금요일,경상북도 구미시 옥계동,중상사고,0,1,1,0,차대차 - 추돌,안전운전불이행,건조,맑음,교차로 - 교차로부근,승용,여,46세,상해없음,승용,남,30세,경상
2016032500100508,2016년 3월 25일 19시,금요일,경상북도 칠곡군 왜관읍,중상사고,0,1,0,0,차대차 - 정면충돌,교차로운행방법위반,습기,비,교차로 - 교차로안,승용,남,25세,상해없음,원동기,남,39세,중상
2016032500100509,2016년 3월 25일 19시,금요일,경상북도 칠곡군 동명면,경상사고,0,0,1,0,차대차 - 측면직각충돌,교차로운행방법위반,습기,비,교차로 - 교차로안,승용,남,55세,상해없음,승용,남,42세,경상
2016032500100510,2016년 3월 25일 19시,금요일,경상북도 영천시 야사동,경상사고,0,0,3,0,차대차 - 정면충돌,안전운전불이행,습기,비,교차로 - 교차로안,승용,여,57세,경상,승용,남,36세,상해없음