사고번호,사고일시,요일,시군구,사고내용,사망자수,중상자수,경상자수,부상신고자수,사고유형,법규위반,노면상태,기상상태,도로형태,가해운전자 차종,가해운전자 성별,가해운전자 연령,가해운전자 상해정도,피해운전자 차종,피해운전자 성별,피해운전자 연령,피해운전자 상해정도
2016040100100098,2016년 4월 1일 07시,금요일,경상북도 안동시 남문동,경상사고,0,0,2,0,차대차 - 정면충돌,안전운전불이행,건조,맑음,교차로 - 교차로안,승용,여,43세,상해없음,화물,남,67세,경상
2016040100100099,2016년 4월 1일 07시,금요일,경상북도 울진군 죽변면,경상사고,0,0,1,0,차대차 - 추돌,안전운전불이행,건조,맑음,단일로 - 기타,승용,남,59세,상해없음,승용,남,30세,경상
2016040100100144,2016년 4월 1일 08시,금요일,경상북도 경주시 현곡면,경상사고,0,0,1,0,차대차 - 측면충돌,안전운전불이행,건조,맑음,교차로 - 교차로안,승용,여,44세,상해없음,승용,여,55세,경상
2016040100100145,2016년 4월 1일 08시,금요일,경상북도 포항시 남구 대도동,경상사고,0,0,1,0,차대차 - 정면충돌,신호위반,건조,맑음,단일로 - 횡단보도부근,승용,남,68세,상해없음,자전거,남,12세,경상
2016040100100181,2016년 4월 1일 09시,금요일,경상북도 포항시 북구 신흥동,중상사고,0,1,0,0,차량단독 - 전도전복,안전운전불이행,건조,맑음,단일로 - 기타,승용,여,33세,중상,,,,
2016040100100213,2016년 4월 1일 10시,금요일,경상북도 경주시 황오동,경상사고,0,0,1,0,차대사람 - 길가장자리구역통행중,안전운전불이행,건조,맑음,단일로 - 기타,승합,남,50세,상해없음,보행자,남,81세,경상
2016040100100214,2016년 4월 1일 10시,금요일,경상북도 구미시 임수동,중상사고,0,1,0,0,차대차 - 측면충돌,안전운전불이행,건조,맑음,단일로 - 기타,자전거,남,59세,중상,승용,남,26세,상해없음
2016040100100215,2016년 4월 1일 10시,금요일,경상북도 포항시 남구 송도동,경상사고,0,0,1,0,차대차 - 측면충돌,안전운전불이행,건조,맑음,단일로 - 기타,화물,남,50세,상해없음,승용,여,38세,경상
2016040100100248,2016년 4월 1일 11시,금요일,경상북도 경산시 진량읍,중상사고,0,1,3,0,차대차 - 기타,차로위반,건조,맑음,단일로 - 기타,승용,남,57세,경상,승용,남,57세,기타불명
2016040100100249,2016년 4월 1일 11시,금요일,경상북도 구미시 공단동,경상사고,0,0,2,0,차대차 - 추돌,안전운전불이행,건조,맑음,단일로 - 기타,화물,남,61세,상해없음,승용,여,48세,경상
2016040100100266,2016년 4월 1일 12시,금요일,경상북도 포항시 북구 용흥동,경상사고,0,0,1,0,차대사람 - 횡단중,안전운전불이행,건조,맑음,단일로 - 기타,승용,남,45세,상해없음,보행자,여,61세,경상
2016040100100267,2016년 4월 1일 12시,금요일,경상북도 김천시 교동,중상사고,0,1,0,0,차대차 - 추돌,안전운전불이행,건조,맑음,단일로 - 기타,승용,남,64세,상해없음,자전거,남,88세,중상
2016040100100299,2016년 4월 1일 13시,금요일,경상북도 경주시 황성동,경상사고,0,0,1,0,차대차 - 측면직각충돌,안전운전불이행,건조,맑음,단일로 - 기타,승용,남,33세,경상,승용,남,73세,상해없음
2016040100100300,2016년 4월 1일 13시,금요일,경상북도 경주시 구황동,경상사고,0,0,2,0,차대차 - 추돌,안전운전불이행,건조,맑음,단일로 - 교량,승용,남,57세,상해없음,승용,남,50세,경상
2016040100100301,2016년 4월 1일 13시,금요일,경상북도 안동시 길안면,경상사고,0,0,2,0,차대차 - 정면충돌,안전거리미확보,건조,맑음,단일로 - 기타,화물,여,56세,상해없음,승용,남,76세,상해없음
2016040100100302,2016년 4월 1일 13시,금요일,경상북도 포항시 남구 연일읍,경상사고,0,0,1,0,차대차 - 기타,직진우회전진행방해,건조,맑음,교차로 - 교차로부근,승용,여,44세,상해없음,승합,남,50세,상해없음
2016040100100326,2016년 4월 1일 14시,금요일,경상북도 김천시 개령면,경상사고,0,0,1,0,차대차 - 측면충돌,교차로운행방법위반,건조,맑음,교차로 - 교차로부근,승용,남,38세,상해없음,화물,남,38세,경상
2016040100100327,2016년 4월 1일 14시,금요일,경상북도 영주시 장수면,경상사고,0,0,1,0,차대차 - 추돌,안전운전불이행,건조,맑음,단일로 - 기타,화물,남,58세,상해없음,특수,남,30세,경상
2016040100100328,2016년 4월 1일 14시,금요일,경상북도 영덕군 지품면,경상사고,0,0,1,0,차대차 - 측면충돌,중앙선침범,건조,맑음,단일로 - 기타,이륜,남,82세,경상,건설기계,남,38세,상해없음
2016040100100361,2016년 4월 1일 15시,금요일,경상북도 경주시 안강읍,중상사고,0,1,0,0,차대차 - 기타,안전운전불이행,건조,맑음,단일로 - 기타,화물,남,37세,상해없음,승용,남,37세,중상
2016040100100362,2016년 4월 1일 15시,금요일,경상북도 의성군 금성면,중상사고,0,1,1,0,차량단독 - 전도전복,안전운전불이행,건조,맑음,단일로 - 기타,화물,남,48세,경상,,,,
2016040100100363,2016년 4월 1일 15시,금요일,경상북도 경산시 옥곡동,경상사고,0,0,1,0,차대사람 - 횡단중,보행자보호의무위반,건조,맑음,단일로 - 기타,승용,남,40세,상해없음,보행자,남,8세,경상
2016040100100364,2016년 4월 1일 15시,금요일,경상북도 포항시 남구 오천읍,경상사고,0,0,4,0,차대차 - 측면충돌,직진우회전진행방해,건조,맑음,교차로 - 교차로안,승용,여,41세,경상,승용,여,39세,경상
2016040100100454,2016년 4월 1일 17시,금요일,경상북도 경주시 성건동,경상사고,0,0,4,0,차대차 - 측면충돌,안전운전불이행,건조,맑음,단일로 - 기타,건설기계,남,53세,상해없음,승용,여,42세,경상
2016040100100455,2016년 4월 1일 17시,금요일,경상북도 청도군 청도읍,경상사고,0,0,1,0,차대차 - 측면충돌,안전거리미확보,건조,맑음,교차로 - 교차로안,이륜,남,78세,경상,승용,남,61세,상해없음
2016040100100501,2016년 4월 1일 18시,금요일,경상북도 영주시 상망동,중상사고,0,1,0,0,차대차 - 측면충돌,안전운전불이행,건조,맑음,교차로 - 교차로안,승용,여,46세,상해없음,승용,남,59세,상해없음
2016040100100502,2016년 4월 1일 18시,금요일,경상북도 영천시 금호읍,경상사고,0,0,1,0,차대차 - 측면충돌,안전운전불이행,건조,맑음,단일로 - 기타,화물,남,71세,상해없음,승용,여,67세,경상
2016040100100554,2016년 4월 1일 19시,금요일,경상북도 경주시 충효동,경상사고,0,0,1,0,차대사람 - 차도통행중,안전운전불이행,건조,맑음,교차로 - 교차로안,화물,남,45세,상해없음,보행자,여,45세,경상
2016040100100555,2016년 4월 1일 19시,금요일,경상북도 안동시 용상동,중상사고,0,1,0,0,차대차 - 정면충돌,안전운전불이행,건조,맑음,교차로 - 교차로안,승용,남,49세,상해없음,승합,남,55세,중상
2016040100100556,2016년 4월 1일 19시,금요일,경상북도 상주시 사벌면,중상사고,0,1,0,0,차대사람 - 차도통행중,안전운전불이행,건조,맑음,단일로 - 기타,승용,남,60세,상해없음,보행자,여,83세,중상
2016040100100557,2016년 4월 1일 19시,금요일,경상북도 영주시 가흥동,경상사고,0,0,1,0,차대차 - 추돌,안전운전불이행,건조,맑음,단일로 - 기타,승용,남,50세,상해없음,자전거,남,72세,경상
2016040100100558,2016년 4월 1일 19시,금요일,경상북도 영천시 조교동,경상사고,0,0,1,0,차대차 - 추돌,안전운전불이행,건조,맑음,단일로 - 교량,승용,여,27세,상해없음,승용,남,41세,경상
2016040100100559,2016년 4월 1일 19시,금요일,경상북도 경산시 중방동,중상사고,0,1,0,0,차대차 - 측면직각충돌,안전운전불이행,건조,맑음,교차로 - 교차로안,승용,남,39세,상해없음,자전거,여,69세,중상
2016040100100560,2016년 4월 1일 19시,금요일,경상북도 경산시 진량읍,중상사고,0,1,0,0,차대차 - 기타,안전거리미확보,건조,맑음,단일로 - 기타,승용,여,31세,상해없음,승용,여,35세,중상
2016040100100613,2016년 4월 1일 20시,금요일,경상북도 포항시 북구 죽도동,경상사고,0,0,3,0,차대차 - 측면충돌,안전운전불이행,건조,맑음,교차로 - 교차로안,승합,남,47세,상해없음,화물,남,54세,상해없음
2016040100100614,2016년 4월 1일 20시,금요일,경상북도 구미시 원평동,경상사고,0,0,1,0,차대차 - 측면충돌,안전거리미확보,건조,맑음,단일로 - 기타,승용,남,57세,상해없음,이륜,남,18세,경상
2016040100100654,2016년 4월 1일 21시,금요일,경상북도 경주시 성동동,경상사고,0,0,1,0,차대차 - 측면충돌,안전운전불이행,건조,맑음,교차로 - 교차로안,승용,남,32세,상해없음,자전거,남,61세,경상
2016040100100655,2016년 4월 1일 21시,금요일,경상북도 경산시 조영동,경상사고,0,0,1,0,차대사람 - 기타,안전운전불이행,건조,맑음,교차로 - 교차로부근,기타불명,기타불명,기타불명,기타불명,보행자,남,18세,경상
2016040100100656,2016년 4월 1일 21시,금요일,경상북도 경산시 남산면,중상사고,0,1,0,0,차대차 - 기타,중앙선침범,건조,맑음,단일로 - 기타,화물,남,62세,상해없음,자전거,여,51세,중상
2016040100100657,2016년 4월 1일 21시,금요일,경상북도 구미시 남통동,경상사고,0,0,1,0,차대사람 - 보도통행중,안전운전불이행,건조,맑음,기타 - 기타,승용,여,42세,상해없음,보행자,여,27세,경상
2016040200100019,2016년 4월 2일 00시,토요일,경상북도 포항시 북구 양덕동,부상신고사고,0,0,0,1,차대차 - 정면충돌,안전운전불이행,건조,맑음,단일로 - 기타,승합,남,37세,상해없음,원동기,남,17세,부상신고
2016040200100041,2016년 4월 2일 01시,토요일,경상북도 경산시 사동,경상사고,0,0,1,0,차대차 - 기타,교차로운행방법위반,건조,맑음,교차로 - 교차로안,승용,남,61세,경상,승용,남,44세,상해없음
2016040200100055,2016년 4월 2일 02시,토요일,경상북도 안동시 일직면,중상사고,0,1,0,1,차량단독 - 전도전복,안전운전불이행,건조,맑음,단일로 - 기타,승용,여,60세,부상신고,,,,
2016040200100093,2016년 4월 2일 05시,토요일,경상북도 경주시 성건동,경상사고,0,0,1,0,차대차 - 측면충돌,안전운전불이행,건조,맑음,교차로 - 교차로안,승용,남,54세,상해없음,승용,남,61세,상해없음
2016040200100152,2016년 4월 2일 08시,토요일,경상북도 문경시 산양면,경상사고,0,0,1,0,차대차 - 측면충돌,안전운전불이행,건조,맑음,단일로 - 교량,화물,남,36세,상해없음,자전거,여,77세,경상
2016040200100179,2016년 4월 2일 09시,토요일,경상북도 경주시 천군동,중상사고,0,1,0,0,차대차 - 측면충돌,안전운전불이행,건조,맑음,교차로 - 교차로안,화물,남,35세,상해없음,승용,여,48세,중상
2016040200100180,2016년 4월 2일 09시,토요일,경상북도 안동시 목성동,경상사고,0,0,1,0,차대차 - 정면충돌,안전운전불이행,건조,맑음,단일로 - 기타,승용,여,23세,상해없음,원동기,남,48세,경상
2016040200100181,2016년 4월 2일 09시,토요일,경상북도 김천시 평화동,중상사고,0,1,0,0,차대차 - 측면충돌,신호위반,건조,맑음,교차로 - 교차로안,이륜,남,82세,중상,승용,남,58세,상해없음
2016040200100182,2016년 4월 2일 09시,토요일,경상북도 상주시 서곡동,중상사고,0,1,0,0,차대차 - 측면직각충돌,안전운전불이행,건조,맑음,단일로 - 기타,기타불명,기타불명,기타불명,기타불명,자전거,남,64세,중상
2016040200100183,2016년 4월 2일 09시,토요일,경상북도 칠곡군 왜관읍,경상사고,0,0,1,0,차대차 - 측면직각충돌,교차로운행방법위반,건조,맑음,교차로 - 교차로안,승용,남,25세,상해없음,승용,여,36세,경상
2016040200100184,2016년 4월 2일 09시,토요일,경상북도 경산시 사동,중상사고,0,1,0,0,차대차 - 측면직각충돌,안전운전불이행,건조,맑음,교차로 - 교차로안,승용,남,21세,상해없음,이륜,남,75세,중상
2016040200100211,2016년 4월 2일 10시,토요일,경상북도 영주시 문수면,경상사고,0,0,1,0,차대차 - 정면충돌,중앙선침범,건조,맑음,단일로 - 기타,승용,남,70세,기타불명,승용,남,58세,경상
2016040200100245,2016년 4월 2일 11시,토요일,경상북도 안동시 풍산읍,중상사고,0,3,1,0,차대차 - 정면충돌,안전거리미확보,건조,맑음,교차로 - 교차로부근,승용,남,74세,중상,승용,남,57세,중상
2016040200100246,2016년 4월 2일 11시,토요일,경상북도 칠곡군 왜관읍,부상신고사고,0,0,0,1,차대사람 - 기타,안전운전불이행,건조,맑음,교차로 - 교차로안,승용,남,36세,기타불명,보행자,여,19세,부상신고
2016040200100247,2016년 4월 2일 11시,토요일,경상북도 성주군 벽진면,중상사고,0,1,0,0,차대차 - 측면충돌,직진우회전진행방해,건조,맑음,교차로 - 교차로안,승용,여,55세,상해없음,이륜,남,73세,중상
2016040200100248,2016년 4월 2일 11시,토요일,경상북도 울릉군 울릉읍,중상사고,0,1,0,0,차대사람 - 기타,중앙선침범,건조,맑음,단일로 - 기타,화물,남,71세,상해없음,보행자,남,53세,중상
2016040200100249,2016년 4월 2일 11시,토요일,경상북도 포항시 남구 오천읍,경상사고,0,0,2,1,차대차 - 추돌,안전운전불이행,건조,맑음,교차로 - 교차로부근,승용,여,56세,경상,승용,여,59세,경상
2016040200100250,2016년 4월 2일 11시,토요일,경상북도 포항시 남구 연일읍,경상사고,0,0,1,0,차대차 - 기타,차로위반,건조,맑음,단일로 - 기타,승용,남,18세,상해없음,승용,남,47세,경상
2016040200100281,2016년 4월 2일 12시,토요일,경상북도 경주시 황남동,경상사고,0,0,2,0,차량단독 - 전도전복,안전운전불이행,건조,맑음,기타 - 기타,승용,남,34세,상해없음,,,,
2016040200100282,2016년 4월 2일 12시,토요일,경상북도 김천시 부곡동,경상사고,0,0,1,0,차대차 - 측면충돌,신호위반,건조,맑음,교차로 - 교차로안,승용,남,50세,상해없음,승용,여,53세,경상
2016040200100283,2016년 4월 2일 12시,토요일,경상북도 청도군 풍각면,경상사고,0,0,1,0,차대차 - 측면직각충돌,교차로운행방법위반,건조,맑음,교차로 - 교차로안,이륜,남,78세,경상,승용,남,62세,상해없음
2016040200100284,2016년 4월 2일 12시,토요일,경상북도 성주군 수륜면,중상사고,0,1,1,0,차량단독 - 전도전복,안전운전불이행,건조,맑음,기타 - 기타,승용,여,64세,상해없음,,,,
2016040200100285,2016년 4월 2일 12시,토요일,경상북도 구미시 인의동,경상사고,0,0,1,0,차대사람 - 기타,안전운전불이행,건조,맑음,단일로 - 기타,승용,남,67세,상해없음,보행자,여,31세,경상
2016040200100324,2016년 4월 2일 13시,토요일,경상북도 영덕군 남정면,경상사고,0,0,2,0,차대차 - 정면충돌,안전운전불이행,건조,맑음,교차로 - 교차로안,승용,남,80세,경상,승용,남,42세,경상
2016040200100325,2016년 4월 2일 13시,토요일,경상북도 구미시 봉곡동,경상사고,0,0,1,0,차대차 - 측면직각충돌,안전운전불이행,건조,맑음,교차로 - 교차로안,승용,남,30세,기타불명,승용,남,37세,경상
2016040200100371,2016년 4월 2일 14시,토요일,경상북도 영주시 풍기읍,중상사고,0,1,0,0,차대차 - 측면충돌,안전운전불이행,건조,맑음,기타 - 기타,자전거,남,45세,중상,승용,남,62세,상해없음
2016040200100372,2016년 4월 2일 14시,토요일,경상북도 성주군 대가면,중상사고,0,3,0,0,차량단독 - 공작물충돌,안전운전불이행,건조,맑음,단일로 - 기타,승합,남,79세,상해없음,,,,
2016040200100419,2016년 4월 2일 15시,토요일,경상북도 경주시 천군동,사망사고,1,0,0,0,차대차 - 측면충돌,중앙선침범,건조,맑음,단일로 - 기타,승용,남,44세,상해없음,이륜,남,24세,사망
2016040200100420,2016년 4월 2일 15시,토요일,경상북도 봉화군 봉화읍,중상사고,0,1,1,0,차대차 - 측면직각충돌,교차로운행방법위반,건조,맑음,교차로 - 교차로안,이륜,남,55세,중상,화물,남,70세,상해없음
2016040200100421,2016년 4월 2일 15시,토요일,경상북도 구미시 오태동,경상사고,0,0,1,0,차대차 - 측면충돌,안전운전불이행,건조,맑음,단일로 - 기타,화물,남,47세,상해없음,이륜,남,60세,경상
2016040200100466,2016년 4월 2일 16시,토요일,경상북도 경주시 시동,경상사고,0,0,1,0,차대차 - 정면충돌,안전운전불이행,건조,맑음,단일로 - 기타,화물,남,58세,상해없음,승용,남,26세,경상
2016040200100467,2016년 4월 2일 16시,토요일,경상북도 영덕군 달산면,사망사고,1,0,0,0,차대차 - 기타,안전운전불이행,건조,맑음,교차로 - 교차로안,승합,남,56세,상해없음,자전거,남,79세,사망
2016040200100502,2016년 4월 2일 17시,토요일,경상북도 안동시 풍산읍,경상사고,0,0,2,1,차대차 - 측면충돌,안전운전불이행,건조,맑음,교차로 - 교차로부근,화물,남,38세,상해없음,승합,남,52세,경상
2016040200100503,2016년 4월 2일 17시,토요일,경상북도 김천시 모암동,중상사고,0,1,0,0,차대사람 - 길가장자리구역통행중,보행자보호의무위반,건조,맑음,단일로 - 기타,승합,남,73세,상해없음,보행자,여,7세,중상
2016040200100504,2016년 4월 2일 17시,토요일,경상북도 예천군 예천읍,경상사고,0,0,1,0,차대차 - 기타,중앙선침범,건조,맑음,단일로 - 기타,승용,남,71세,상해없음,승용,여,45세,경상
2016040200100543,2016년 4월 2일 18시,토요일,경상북도 칠곡군 석적읍,중상사고,0,1,0,0,차대차 - 기타,안전운전불이행,건조,맑음,교차로 - 교차로안,승용,남,27세,상해없음,이륜,남,21세,중상
2016040200100544,2016년 4월 2일 18시,토요일,경상북도 성주군 대가면,경상사고,0,0,1,0,차량단독 - 전도전복,기타,건조,맑음,단일로 - 기타,화물,남,47세,상해없음,,,,
2016040200100570,2016년 4월 2일 19시,토요일,경상북도 포항시 북구 흥해읍,경상사고,0,0,2,0,차대차 - 정면충돌,차로위반,건조,맑음,단일로 - 기타,승용,남,30세,상해없음,승용,여,59세,경상
2016040200100571,2016년 4월 2일 19시,토요일,경상북도 경산시 계양동,경상사고,0,0,1,0,차대차 - 기타,신호위반,건조,맑음,교차로 - 교차로안,승용,남,36세,상해없음,이륜,남,23세,경상
2016040200100572,2016년 4월 2일 19시,토요일,경상북도 구미시 남통동,경상사고,0,0,1,0,차대차 - 기타,안전거리미확보,건조,맑음,단일로 - 기타,승용,남,24세,상해없음,승용,남,49세,상해없음
2016040200100573,2016년 4월 2일 19시,토요일,경상북도 포항시 남구 오천읍,중상사고,0,1,0,0,차대사람 - 횡단중,안전운전불이행,건조,맑음,단일로 - 횡단보도부근,승용,남,52세,상해없음,보행자,남,44세,중상
2016040200100615,2016년 4월 2일 20시,토요일,경상북도 안동시 천리동,중상사고,0,1,0,0,차대사람 - 횡단중,안전운전불이행,건조,맑음,단일로 - 기타,승용,남,49세,상해없음,보행자,남,56세,중상
2016040200100641,2016년 4월 2일 21시,토요일,경상북도 포항시 남구 대도동,경상사고,0,0,1,0,차량단독 - 전도전복,안전운전불이행,기타,맑음,단일로 - 기타,이륜,남,37세,경상,,,,
2016040200100661,2016년 4월 2일 22시,토요일,경상북도 구미시 인의동,경상사고,0,0,1,0,차대차 - 측면충돌,안전운전불이행,건조,맑음,단일로 - 기타,승용,남,58세,상해없음,승용,남,19세,상해없음
2016040200100662,2016년 4월 2일 22시,토요일,경상북도 포항시 남구 연일읍,경상사고,0,0,1,0,차대차 - 기타,안전운전불이행,건조,맑음,교차로 - 교차로부근,승용,남,57세,상해없음,자전거,여,55세,경상
2016040200100683,2016년 4월 2일 23시,토요일,경상북도 경주시 용강동,중상사고,0,1,2,0,차대차 - 기타,안전운전불이행,건조,맑음,교차로 - 교차로안,승용,여,33세,상해없음,승용,남,63세,중상
2016040200100684,2016년 4월 2일 23시,토요일,경상북도 칠곡군 지천면,부상신고사고,0,0,0,1,차대차 - 측면충돌,교차로운행방법위반,건조,맑음,교차로 - 교차로안,승용,남,65세,부상신고,승용,여,43세,상해없음
2016040200100685,2016년 4월 2일 23시,토요일,경상북도 경산시 신천동,중상사고,0,3,3,0,차대차 - 정면충돌,중앙선침범,건조,맑음,단일로 - 기타,승용,남,34세,중상,승용,남,43세,중상
2016040300100013,2016년 4월 3일 00시,일요일,경상북도 경주시 석장동,중상사고,0,1,0,0,차대차 - 측면충돌,안전운전불이행,건조,맑음,교차로 - 교차로부근,승용,남,49세,상해없음,이륜,남,41세,중상
2016040300100041,2016년 4월 3일 01시,일요일,경상북도 포항시 북구 양덕동,경상사고,0,0,1,0,차대차 - 측면충돌,안전운전불이행,건조,맑음,단일로 - 기타,승용,여,37세,상해없음,승용,남,63세,경상
2016040300100042,2016년 4월 3일 01시,일요일,경상북도 영천시 문외동,경상사고,0,0,1,0,차대차 - 측면충돌,안전운전불이행,건조,맑음,교차로 - 교차로안,승용,남,29세,상해없음,승용,남,26세,경상
2016040300100043,2016년 4월 3일 01시,일요일,경상북도 경산시 하양읍,경상사고,0,0,2,0,차대차 - 측면충돌,중앙선침범,건조,맑음,단일로 - 기타,승용,남,35세,상해없음,이륜,남,20세,경상
2016040300100082,2016년 4월 3일 03시,일요일,경상북도 경주시 동천동,중상사고,0,1,1,0,차대차 - 추돌,안전운전불이행,건조,맑음,교차로 - 교차로부근,승용,여,56세,상해없음,승용,여,53세,중상
2016040300100108,2016년 4월 3일 05시,일요일,경상북도 경주시 외동읍,중상사고,0,1,0,0,차량단독 - 전도전복,안전운전불이행,건조,맑음,단일로 - 기타,화물,남,70세,중상,,,,
2016040300100132,2016년 4월 3일 07시,일요일,경상북도 의성군 안평면,경상사고,0,0,1,0,차대차 - 측면충돌,안전운전불이행,건조,맑음,단일로 - 기타,화물,남,43세,상해없음,농기계,남,74세,경상
2016040300100138,2016년 4월 3일 08시,일요일,경상북도 김천시 농소면,중상사고,0,3,1,0,차대차 - 정면충돌,신호위반,건조,맑음,교차로 - 교차로안,화물,남,67세,중상,승용,남,49세,중상
2016040300100139,2016년 4월 3일 08시,일요일,경상북도 문경시 마성면,경상사고,0,0,1,0,차대차 - 측면충돌,안전운전불이행,건조,맑음,단일로 - 기타,승용,남,52세,상해없음,승용,남,31세,경상
2016040300100151,2016년 4월 3일 09시,일요일,경상북도 의성군 의성읍,경상사고,0,0,2,0,차대차 - 측면충돌,직진우회전진행방해,건조,맑음,교차로 - 교차로안,승용,여,37세,경상,승용,여,37세,상해없음
2016040300100152,2016년 4월 3일 09시,일요일,경상북도 의성군 의성읍,경상사고,0,0,4,0,차대차 - 측면충돌,안전운전불이행,건조,맑음,교차로 - 교차로안,화물,남,59세,상해없음,승용,여,56세,경상
2016040300100153,2016년 4월 3일 09시,일요일,경상북도 의성군 봉양면,부상신고사고,0,0,0,1,차량단독 - 공작물충돌,안전운전불이행,건조,맑음,단일로 - 기타,화물,남,50세,상해없음,,,,
2016040300100154,2016년 4월 3일 09시,일요일,경상북도 칠곡군 왜관읍,경상사고,0,0,2,0,차대차 - 추돌,안전운전불이행,건조,맑음,교차로 - 교차로부근,승용,남,25세,상해없음,승용,남,34세,경상
2016040300100174,2016년 4월 3일 10시,일요일,경상북도 경주시 외동읍,경상사고,0,0,5,0,차대차 - 추돌,안전운전불이행,습기,비,교차로 - 교차로부근,화물,남,53세,상해없음,승용,남,32세,경상
2016040300100175,2016년 4월 3일 10시,일요일,경상북도 상주시 공성면,중상사고,0,1,0,0,차량단독 - 전도전복,안전운전불이행,건조,흐림,단일로 - 기타,이륜,남,76세,상해없음,,,,
2016040300100199,2016년 4월 3일 11시,일요일,경상북도 포항시 남구 오천읍,경상사고,0,0,1,0,차대차 - 기타,직진우회전진행방해,습기,비,단일로 - 기타,승용,여,40세,상해없음,승합,남,50세,경상
2016040300100224,2016년 4월 3일 12시,일요일,경상북도 경산시 옥산동,경상사고,0,0,4,0,차대차 - 측면충돌,중앙선침범,습기,비,교차로 - 교차로부근,화물,남,60세,경상,승용,남,44세,경상
2016040300100225,2016년 4월 3일 12시,일요일,경상북도 예천군 예천읍,경상사고,0,0,2,0,차대차 - 기타,중앙선침범,건조,맑음,단일로 - 기타,승용,여,46세,상해없음,승용,여,53세,상해없음
2016040300100255,2016년 4월 3일 13시,일요일,경상북도 포항시 북구 흥해읍,경상사고,0,0,1,0,차대차 - 추돌,안전운전불이행,습기,비,교차로 - 교차로부근,승용,남,46세,상해없음,승용,남,55세,경상
2016040300100256,2016년 4월 3일 13시,일요일,경상북도 상주시 남장동,중상사고,0,1,0,0,차량단독 - 공작물충돌,안전운전불이행,건조,흐림,단일로 - 기타,승용,남,18세,상해없음,,,,
2016040300100257,2016년 4월 3일 13시,일요일,경상북도 칠곡군 석적읍,경상사고,0,0,2,1,차대차 - 추돌,안전거리미확보,습기,비,단일로 - 기타,화물,남,28세,부상신고,승용,여,28세,경상
2016040300100258,2016년 4월 3일 13시,일요일,경상북도 구미시 해평면,중상사고,0,1,0,0,차대차 - 기타,안전운전불이행,건조,흐림,단일로 - 기타,승용,남,40세,상해없음,승용,남,58세,상해없음
2016040300100259,2016년 4월 3일 13시,일요일,경상북도 구미시 장천면,중상사고,0,1,3,0,차대차 - 측면충돌,안전운전불이행,건조,맑음,교차로 - 교차로안,승용,남,28세,상해없음,승용,남,41세,경상
2016040300100323,2016년 4월 3일 15시,일요일,경상북도 김천시 양천동,중상사고,0,2,0,0,차량단독 - 전도전복,안전운전불이행,습기,비,단일로 - 기타,화물,남,64세,중상,,,,
2016040300100370,2016년 4월 3일 16시,일요일,경상북도 구미시 고아읍,중상사고,0,1,6,0,차대차 - 측면충돌,안전운전불이행,습기,비,교차로 - 교차로안,승용,남,44세,상해없음,승용,여,36세,경상
2016040300100371,2016년 4월 3일 16시,일요일,경상북도 구미시 도량동,경상사고,0,0,5,0,차대차 - 추돌,안전운전불이행,습기,비,단일로 - 기타,승용,남,52세,상해없음,승용,남,32세,경상
2016040300100426,2016년 4월 3일 18시,일요일,경상북도 구미시 공단동,경상사고,0,0,1,0,차대차 - 측면충돌,신호위반,습기,비,교차로 - 교차로안,승용,남,31세,상해없음,승용,남,28세,경상
2016040300100464,2016년 4월 3일 19시,일요일,경상북도 경주시 용강동,부상신고사고,0,0,0,1,차대차 - 추돌,안전운전불이행,습기,비,단일로 - 기타,이륜,남,16세,부상신고,승용,남,54세,상해없음
2016040300100465,2016년 4월 3일 19시,일요일,경상북도 포항시 북구 용흥동,경상사고,0,0,2,0,차대차 - 추돌,안전운전불이행,건조,맑음,단일로 - 기타,승합,남,55세,상해없음,승용,여,56세,경상
2016040300100466,2016년 4월 3일 19시,일요일,경상북도 영천시 봉동,경상사고,0,0,1,0,차대차 - 추돌,안전운전불이행,습기,비,단일로 - 기타,승용,남,44세,상해없음,자전거,남,35세,경상
2016040300100467,2016년 4월 3일 19시,일요일,경상북도 영천시 서산동,중상사고,0,1,0,0,차량단독 - 전도전복,안전운전불이행,습기,비,교차로 - 교차로안,화물,남,68세,중상,,,,
2016040300100468,2016년 4월 3일 19시,일요일,경상북도 경산시 압량면,중상사고,0,2,0,0,차대차 - 기타,안전운전불이행,습기,비,교차로 - 교차로안,승용,남,47세,상해없음,승용,남,24세,중상
2016040300100469,2016년 4월 3일 19시,일요일,경상북도 경산시 정평동,경상사고,0,0,1,0,차대차 - 기타,안전운전불이행,건조,맑음,단일로 - 기타,승용,남,53세,상해없음,승용,남,29세,상해없음
2016040300100497,2016년 4월 3일 20시,일요일,경상북도 칠곡군 가산면,경상사고,0,0,3,1,차대차 - 추돌,안전거리미확보,습기,비,단일로 - 기타,승용,남,39세,부상신고,승용,남,47세,상해없음
2016040300100498,2016년 4월 3일 20시,일요일,경상북도 경산시 중방동,경상사고,0,0,1,0,차대차 - 측면직각충돌,중앙선침범,습기,흐림,단일로 - 기타,자전거,남,64세,경상,승용,남,54세,상해없음
2016040300100557,2016년 4월 3일 22시,일요일,경상북도 포항시 북구 양덕동,중상사고,0,1,1,0,차량단독 - 전도전복,안전운전불이행,습기,비,단일로 - 기타,승용,여,30세,중상,,,,