사고번호,사고일시,요일,시군구,사고내용,사망자수,중상자수,경상자수,부상신고자수,사고유형,법규위반,노면상태,기상상태,도로형태,가해운전자 차종,가해운전자 성별,가해운전자 연령,가해운전자 상해정도,피해운전자 차종,피해운전자 성별,피해운전자 연령,피해운전자 상해정도
2016040300100558,2016년 4월 3일 22시,일요일,경상북도 칠곡군 북삼읍,경상사고,0,0,1,0,차대차 - 추돌,안전운전불이행,습기,비,단일로 - 기타,화물,남,49세,상해없음,승용,여,31세,경상
2016040300100584,2016년 4월 3일 23시,일요일,경상북도 경주시 서부동,중상사고,0,1,2,0,차대차 - 정면충돌,안전운전불이행,습기,비,단일로 - 기타,승용,남,40세,상해없음,승용,남,53세,경상
2016040300100585,2016년 4월 3일 23시,일요일,경상북도 구미시 봉곡동,경상사고,0,0,3,0,차대차 - 추돌,안전운전불이행,습기,비,단일로 - 기타,승용,남,58세,상해없음,승용,남,63세,경상
2016040400100005,2016년 4월 4일 00시,월요일,경상북도 포항시 북구 죽도동,중상사고,0,1,1,0,차대차 - 추돌,안전거리미확보,습기,비,단일로 - 기타,승용,남,71세,상해없음,승용,여,44세,경상
2016040400100006,2016년 4월 4일 00시,월요일,경상북도 영천시 완산동,중상사고,0,1,0,0,차대사람 - 기타,안전운전불이행,습기,흐림,단일로 - 기타,승용,남,41세,상해없음,보행자,여,57세,중상
2016040400100019,2016년 4월 4일 01시,월요일,경상북도 경주시 석장동,경상사고,0,0,1,0,차대사람 - 횡단중,보행자보호의무위반,습기,비,단일로 - 횡단보도상,화물,남,33세,상해없음,보행자,남,19세,경상
2016040400100020,2016년 4월 4일 01시,월요일,경상북도 구미시 인의동,경상사고,0,0,3,0,차대차 - 기타,안전운전불이행,습기,비,교차로 - 교차로안,승용,남,32세,상해없음,승용,남,34세,경상
2016040400100052,2016년 4월 4일 05시,월요일,경상북도 경산시 하양읍,중상사고,0,1,0,0,차대사람 - 횡단중,안전운전불이행,습기,비,단일로 - 기타,승용,남,63세,상해없음,보행자,남,34세,중상
2016040400100098,2016년 4월 4일 07시,월요일,경상북도 경주시 내남면,중상사고,0,1,3,0,차대차 - 정면충돌,중앙선침범,습기,비,단일로 - 기타,승용,남,58세,중상,승용,남,45세,경상
2016040400100099,2016년 4월 4일 07시,월요일,경상북도 영천시 창구동,중상사고,0,1,0,0,차대사람 - 횡단중,안전운전불이행,습기,흐림,교차로 - 교차로안,승용,여,48세,상해없음,보행자,남,37세,중상
2016040400100100,2016년 4월 4일 07시,월요일,경상북도 고령군 성산면,중상사고,0,1,0,0,차대사람 - 길가장자리구역통행중,불법유턴,건조,맑음,단일로 - 기타,화물,남,27세,상해없음,보행자,여,73세,중상
2016040400100142,2016년 4월 4일 08시,월요일,경상북도 청도군 청도읍,경상사고,0,0,1,0,차대차 - 추돌,안전운전불이행,습기,맑음,단일로 - 기타,승용,남,67세,상해없음,승용,여,27세,경상
2016040400100143,2016년 4월 4일 08시,월요일,경상북도 청송군 부동면,경상사고,0,0,4,0,차대차 - 정면충돌,중앙선침범,건조,맑음,단일로 - 기타,화물,남,56세,경상,승용,여,48세,경상
2016040400100193,2016년 4월 4일 09시,월요일,경상북도 포항시 북구 흥해읍,경상사고,0,0,2,0,차대차 - 측면충돌,직진우회전진행방해,건조,맑음,교차로 - 교차로안,승용,여,35세,상해없음,승용,여,36세,경상
2016040400100194,2016년 4월 4일 09시,월요일,경상북도 상주시 무양동,중상사고,0,1,0,0,차대차 - 측면충돌,안전운전불이행,건조,맑음,교차로 - 교차로부근,이륜,남,73세,상해없음,승용,여,63세,상해없음
2016040400100195,2016년 4월 4일 09시,월요일,경상북도 칠곡군 가산면,중상사고,0,1,1,0,차대차 - 정면충돌,교차로운행방법위반,습기,비,교차로 - 교차로안,화물,남,54세,중상,화물,남,49세,경상
2016040400100196,2016년 4월 4일 09시,월요일,경상북도 경산시 압량면,경상사고,0,0,1,0,차대차 - 기타,안전운전불이행,건조,맑음,단일로 - 기타,승용,여,50세,상해없음,승용,여,56세,경상
2016040400100197,2016년 4월 4일 09시,월요일,경상북도 울진군 북면,경상사고,0,0,1,0,차량단독 - 전도전복,안전운전불이행,습기,비,단일로 - 기타,승용,여,54세,경상,,,,
2016040400100234,2016년 4월 4일 10시,월요일,경상북도 구미시 인의동,경상사고,0,0,1,0,차대사람 - 길가장자리구역통행중,안전운전불이행,건조,흐림,단일로 - 기타,승용,남,67세,상해없음,보행자,여,34세,경상
2016040400100259,2016년 4월 4일 11시,월요일,경상북도 경주시 건천읍,중상사고,0,1,0,0,차대차 - 기타,안전운전불이행,건조,맑음,단일로 - 기타,승용,여,57세,상해없음,자전거,남,85세,중상
2016040400100260,2016년 4월 4일 11시,월요일,경상북도 안동시 서부동,중상사고,0,1,0,0,차대사람 - 보도통행중,보행자보호의무위반,건조,흐림,단일로 - 횡단보도상,승용,여,47세,상해없음,보행자,여,79세,중상
2016040400100261,2016년 4월 4일 11시,월요일,경상북도 안동시 광석동,경상사고,0,0,1,0,차대차 - 측면직각충돌,안전운전불이행,건조,맑음,단일로 - 기타,승용,남,76세,상해없음,자전거,남,78세,경상
2016040400100262,2016년 4월 4일 11시,월요일,경상북도 안동시 일직면,중상사고,0,1,0,0,차대사람 - 기타,안전운전불이행,건조,맑음,단일로 - 기타,화물,남,28세,상해없음,보행자,남,84세,중상
2016040400100263,2016년 4월 4일 11시,월요일,경상북도 김천시 부곡동,중상사고,0,1,0,0,차대차 - 추돌,안전거리미확보,건조,맑음,단일로 - 기타,화물,남,70세,상해없음,승용,여,35세,중상
2016040400100264,2016년 4월 4일 11시,월요일,경상북도 상주시 공검면,중상사고,0,1,0,0,차대사람 - 횡단중,안전운전불이행,건조,맑음,단일로 - 기타,화물,남,55세,상해없음,보행자,남,49세,중상
2016040400100265,2016년 4월 4일 11시,월요일,경상북도 칠곡군 석적읍,중상사고,0,1,0,1,차대사람 - 횡단중,안전운전불이행,습기,비,단일로 - 기타,자전거,남,21세,부상신고,보행자,여,42세,중상
2016040400100266,2016년 4월 4일 11시,월요일,경상북도 군위군 효령면,중상사고,0,1,0,0,차대차 - 추돌,안전운전불이행,건조,맑음,단일로 - 횡단보도부근,화물,남,51세,상해없음,승용,남,66세,중상
2016040400100291,2016년 4월 4일 12시,월요일,경상북도 봉화군 봉화읍,경상사고,0,0,1,0,차대차 - 기타,안전운전불이행,건조,맑음,단일로 - 기타,화물,남,62세,상해없음,이륜,남,79세,경상
2016040400100292,2016년 4월 4일 12시,월요일,경상북도 청도군 청도읍,경상사고,0,0,2,0,차대차 - 측면충돌,기타,건조,맑음,단일로 - 기타,화물,남,72세,경상,승용,여,61세,경상
2016040400100351,2016년 4월 4일 14시,월요일,경상북도 포항시 북구 양덕동,경상사고,0,0,1,0,차대차 - 측면충돌,차로위반,건조,맑음,단일로 - 기타,원동기,남,32세,경상,승용,남,33세,상해없음
2016040400100382,2016년 4월 4일 15시,월요일,경상북도 포항시 북구 용흥동,경상사고,0,0,1,0,차대차 - 정면충돌,안전거리미확보,건조,맑음,교차로 - 교차로부근,승용,남,27세,상해없음,승용,여,33세,경상
2016040400100383,2016년 4월 4일 15시,월요일,경상북도 영덕군 남정면,중상사고,0,1,0,0,차량단독 - 전도전복,안전운전불이행,건조,맑음,단일로 - 교량,이륜,남,39세,중상,,,,
2016040400100384,2016년 4월 4일 15시,월요일,경상북도 포항시 남구 대송면,경상사고,0,0,1,0,차대차 - 정면충돌,안전운전불이행,건조,맑음,교차로 - 교차로안,이륜,남,37세,경상,화물,남,69세,상해없음
2016040400100411,2016년 4월 4일 16시,월요일,경상북도 경주시 성동동,경상사고,0,0,1,0,차대차 - 측면충돌,안전운전불이행,건조,맑음,단일로 - 기타,자전거,여,62세,경상,승합,남,43세,상해없음
2016040400100412,2016년 4월 4일 16시,월요일,경상북도 경산시 계양동,경상사고,0,0,1,0,차대차 - 정면충돌,안전운전불이행,건조,맑음,단일로 - 기타,승용,여,47세,상해없음,이륜,남,21세,경상
2016040400100413,2016년 4월 4일 16시,월요일,경상북도 포항시 남구 해도동,중상사고,0,1,1,0,차대차 - 추돌,안전운전불이행,건조,맑음,교차로 - 교차로부근,화물,남,25세,상해없음,승용,남,49세,중상
2016040400100463,2016년 4월 4일 17시,월요일,경상북도 안동시 목성동,중상사고,0,1,0,0,차대사람 - 보도통행중,보행자보호의무위반,건조,맑음,교차로 - 교차로안,승합,남,57세,상해없음,보행자,여,56세,중상
2016040400100464,2016년 4월 4일 17시,월요일,경상북도 상주시 냉림동,중상사고,0,2,0,0,차대차 - 정면충돌,안전운전불이행,건조,맑음,단일로 - 기타,승용,여,68세,상해없음,화물,남,52세,중상
2016040400100465,2016년 4월 4일 17시,월요일,경상북도 포항시 남구 장기면,중상사고,0,3,1,0,차대차 - 측면충돌,교차로운행방법위반,건조,맑음,교차로 - 교차로안,건설기계,남,35세,상해없음,승용,남,65세,경상
2016040400100496,2016년 4월 4일 18시,월요일,경상북도 경주시 안강읍,경상사고,0,0,1,0,차대차 - 측면직각충돌,안전운전불이행,건조,맑음,교차로 - 교차로안,자전거,남,10세,경상,화물,남,38세,상해없음
2016040400100497,2016년 4월 4일 18시,월요일,경상북도 경주시 신평동,경상사고,0,0,2,0,차대차 - 기타,안전운전불이행,건조,맑음,교차로 - 교차로안,승용,남,61세,상해없음,승용,여,47세,경상
2016040400100498,2016년 4월 4일 18시,월요일,경상북도 경주시 양북면,중상사고,0,1,0,0,차량단독 - 전도전복,안전운전불이행,건조,맑음,단일로 - 기타,승용,남,65세,중상,,,,
2016040400100499,2016년 4월 4일 18시,월요일,경상북도 청도군 화양읍,중상사고,0,1,2,0,차대차 - 정면충돌,직진우회전진행방해,건조,맑음,교차로 - 교차로안,승용,여,43세,경상,승용,여,59세,중상
2016040400100500,2016년 4월 4일 18시,월요일,경상북도 성주군 용암면,중상사고,0,1,0,0,차량단독 - 전도전복,안전운전불이행,건조,맑음,기타 - 기타,화물,남,61세,상해없음,,,,
2016040400100501,2016년 4월 4일 18시,월요일,경상북도 청송군 안덕면,중상사고,0,1,0,0,차대차 - 측면충돌,교차로운행방법위반,건조,맑음,교차로 - 교차로안,승용,남,41세,상해없음,화물,남,59세,상해없음
2016040400100502,2016년 4월 4일 18시,월요일,경상북도 구미시 도개면,중상사고,0,1,0,0,차대차 - 추돌,안전운전불이행,건조,맑음,단일로 - 기타,화물,남,53세,상해없음,농기계,남,60세,중상
2016040400100503,2016년 4월 4일 18시,월요일,경상북도 포항시 남구 연일읍,중상사고,0,1,0,0,차대차 - 추돌,안전운전불이행,건조,맑음,단일로 - 기타,승용,남,43세,상해없음,승용,남,43세,중상
2016040400100532,2016년 4월 4일 19시,월요일,경상북도 경주시 황오동,사망사고,1,0,0,0,차량단독 - 전도전복,안전운전불이행,건조,흐림,교차로 - 교차로안,화물,남,60세,사망,,,,
2016040400100566,2016년 4월 4일 20시,월요일,경상북도 경주시 황성동,중상사고,0,1,0,0,차대차 - 측면충돌,안전운전불이행,건조,맑음,교차로 - 교차로부근,승용,남,24세,상해없음,자전거,남,69세,중상
2016040400100567,2016년 4월 4일 20시,월요일,경상북도 김천시 지좌동,중상사고,0,1,1,0,차대차 - 추돌,교차로운행방법위반,건조,맑음,단일로 - 기타,승용,남,46세,중상,화물,남,60세,상해없음
2016040400100568,2016년 4월 4일 20시,월요일,경상북도 영주시 휴천동,경상사고,0,0,3,0,차대차 - 정면충돌,중앙선침범,건조,맑음,교차로 - 교차로부근,승용,남,46세,경상,승용,남,19세,경상
2016040400100569,2016년 4월 4일 20시,월요일,경상북도 영주시 휴천동,중상사고,0,1,0,0,차대사람 - 기타,안전운전불이행,건조,맑음,기타 - 기타,승용,여,19세,상해없음,보행자,남,33세,중상
2016040400100600,2016년 4월 4일 21시,월요일,경상북도 문경시 모전동,중상사고,0,1,0,0,차대차 - 정면충돌,안전운전불이행,건조,맑음,교차로 - 교차로안,승용,여,52세,상해없음,이륜,남,30세,중상
2016040400100639,2016년 4월 4일 23시,월요일,경상북도 영천시 금호읍,경상사고,0,0,1,0,차대차 - 측면충돌,안전운전불이행,건조,맑음,단일로 - 기타,승합,남,45세,상해없음,원동기,남,17세,경상
2016040400100640,2016년 4월 4일 23시,월요일,경상북도 포항시 남구 오천읍,경상사고,0,0,1,0,차대사람 - 횡단중,안전운전불이행,건조,맑음,단일로 - 기타,승용,여,29세,상해없음,보행자,남,43세,경상
2016040500100011,2016년 4월 5일 00시,화요일,경상북도 영천시 망정동,경상사고,0,0,1,0,차대차 - 추돌,안전운전불이행,건조,맑음,단일로 - 기타,승용,남,47세,상해없음,승용,여,62세,경상
2016040500100023,2016년 4월 5일 01시,화요일,경상북도 울진군 후포면,경상사고,0,0,1,0,차량단독 - 전도전복,안전운전불이행,건조,맑음,단일로 - 기타,화물,남,83세,경상,,,,
2016040500100035,2016년 4월 5일 03시,화요일,경상북도 문경시 불정동,사망사고,1,0,1,0,차대차 - 추돌,안전운전불이행,건조,흐림,단일로 - 교량,화물,남,42세,사망,화물,남,50세,경상
2016040500100087,2016년 4월 5일 07시,화요일,경상북도 구미시 옥계동,경상사고,0,0,3,0,차대차 - 추돌,안전운전불이행,건조,맑음,단일로 - 기타,승용,남,39세,상해없음,승용,남,51세,경상
2016040500100128,2016년 4월 5일 08시,화요일,경상북도 포항시 북구 청하면,경상사고,0,0,1,0,차대차 - 측면충돌,교차로운행방법위반,건조,맑음,교차로 - 교차로안,승용,여,53세,상해없음,화물,남,35세,경상
2016040500100129,2016년 4월 5일 08시,화요일,경상북도 문경시 호계면,중상사고,0,1,1,0,차대차 - 기타,중앙선침범,기타,안개,단일로 - 기타,이륜,남,77세,중상,승용,남,34세,상해없음
2016040500100130,2016년 4월 5일 08시,화요일,경상북도 문경시 모전동,경상사고,0,0,1,0,차대차 - 측면충돌,직진우회전진행방해,건조,맑음,교차로 - 교차로안,승용,여,55세,기타불명,승용,여,51세,경상
2016040500100131,2016년 4월 5일 08시,화요일,경상북도 경산시 하양읍,경상사고,0,0,1,0,차대차 - 기타,중앙선침범,건조,맑음,단일로 - 기타,승용,여,53세,상해없음,승용,남,38세,경상
2016040500100132,2016년 4월 5일 08시,화요일,경상북도 구미시 봉곡동,경상사고,0,0,1,0,차대차 - 측면충돌,안전운전불이행,건조,맑음,단일로 - 기타,자전거,여,56세,경상,승용,남,57세,상해없음
2016040500100178,2016년 4월 5일 09시,화요일,경상북도 영주시 휴천동,경상사고,0,0,2,0,차대차 - 추돌,안전운전불이행,건조,맑음,교차로 - 교차로안,승용,남,75세,상해없음,승용,남,67세,경상
2016040500100179,2016년 4월 5일 09시,화요일,경상북도 영주시 휴천동,경상사고,0,0,1,0,차대차 - 측면충돌,안전운전불이행,건조,맑음,단일로 - 기타,승용,여,48세,상해없음,자전거,남,90세 이상,경상
2016040500100214,2016년 4월 5일 10시,화요일,경상북도 경주시 사정동,중상사고,0,1,0,0,차대사람 - 횡단중,신호위반,건조,맑음,교차로 - 교차로안,승용,남,66세,상해없음,보행자,여,80세,중상
2016040500100215,2016년 4월 5일 10시,화요일,경상북도 경주시 강동면,경상사고,0,0,1,0,차대차 - 정면충돌,안전운전불이행,건조,맑음,단일로 - 기타,승용,남,61세,상해없음,승용,여,34세,경상
2016040500100216,2016년 4월 5일 10시,화요일,경상북도 포항시 북구 덕수동,경상사고,0,0,1,0,차대차 - 측면충돌,안전운전불이행,건조,맑음,교차로 - 교차로안,승용,남,76세,상해없음,승용,여,54세,경상
2016040500100217,2016년 4월 5일 10시,화요일,경상북도 구미시 송정동,경상사고,0,0,1,0,차량단독 - 전도전복,안전운전불이행,건조,맑음,단일로 - 기타,이륜,남,75세,경상,,,,
2016040500100218,2016년 4월 5일 10시,화요일,경상북도 포항시 남구 인덕동,경상사고,0,0,5,0,차대차 - 측면직각충돌,안전운전불이행,건조,맑음,단일로 - 기타,승용,남,35세,상해없음,승용,남,62세,경상
2016040500100252,2016년 4월 5일 11시,화요일,경상북도 포항시 북구 죽도동,경상사고,0,0,1,0,차대차 - 측면충돌,안전운전불이행,건조,맑음,교차로 - 교차로안,승용,남,59세,상해없음,자전거,여,53세,경상
2016040500100253,2016년 4월 5일 11시,화요일,경상북도 포항시 북구 죽도동,중상사고,0,1,0,0,차대차 - 정면충돌,중앙선침범,건조,맑음,단일로 - 기타,자전거,여,63세,중상,승용,남,61세,상해없음
2016040500100254,2016년 4월 5일 11시,화요일,경상북도 상주시 연원동,중상사고,0,3,2,0,차대차 - 측면충돌,신호위반,건조,맑음,교차로 - 교차로안,승용,여,37세,상해없음,화물,남,53세,중상
2016040500100255,2016년 4월 5일 11시,화요일,경상북도 구미시 도개면,경상사고,0,0,1,0,차대차 - 측면충돌,안전운전불이행,건조,맑음,교차로 - 교차로안,승용,남,69세,상해없음,자전거,여,76세,경상
2016040500100292,2016년 4월 5일 12시,화요일,경상북도 포항시 북구 죽도동,경상사고,0,0,1,0,차대차 - 정면충돌,직진우회전진행방해,건조,맑음,교차로 - 교차로안,화물,남,62세,상해없음,자전거,여,40세,경상
2016040500100293,2016년 4월 5일 12시,화요일,경상북도 칠곡군 왜관읍,경상사고,0,0,1,0,차대차 - 정면충돌,교차로운행방법위반,건조,맑음,교차로 - 교차로안,화물,여,59세,상해없음,이륜,여,41세,경상
2016040500100294,2016년 4월 5일 12시,화요일,경상북도 구미시 황상동,경상사고,0,0,1,0,차대차 - 측면충돌,안전운전불이행,건조,맑음,교차로 - 교차로안,원동기,남,34세,경상,승용,남,49세,상해없음
2016040500100316,2016년 4월 5일 13시,화요일,경상북도 문경시 동로면,경상사고,0,0,1,0,차대차 - 정면충돌,중앙선침범,건조,맑음,단일로 - 기타,승용,여,60세,상해없음,화물,남,68세,경상
2016040500100317,2016년 4월 5일 13시,화요일,경상북도 경산시 하양읍,경상사고,0,0,1,0,차대차 - 정면충돌,안전운전불이행,건조,맑음,단일로 - 기타,승용,여,21세,상해없음,승용,남,20세,경상
2016040500100346,2016년 4월 5일 14시,화요일,경상북도 상주시 화서면,중상사고,0,1,0,0,차대차 - 측면충돌,교차로운행방법위반,건조,맑음,교차로 - 교차로부근,승용,남,57세,상해없음,원동기,남,33세,중상
2016040500100347,2016년 4월 5일 14시,화요일,경상북도 영천시 고경면,사망사고,1,1,0,0,차대차 - 정면충돌,중앙선침범,건조,맑음,단일로 - 기타,원동기,남,79세,사망,화물,남,53세,상해없음
2016040500100383,2016년 4월 5일 15시,화요일,경상북도 포항시 북구 환호동,중상사고,0,1,0,0,차대차 - 측면충돌,안전운전불이행,건조,맑음,기타 - 기타,승용,남,40세,상해없음,자전거,남,64세,중상
2016040500100384,2016년 4월 5일 15시,화요일,경상북도 영천시 문내동,경상사고,0,0,1,0,차대차 - 측면직각충돌,중앙선침범,건조,맑음,교차로 - 교차로안,승용,남,52세,상해없음,승용,여,34세,경상
2016040500100423,2016년 4월 5일 16시,화요일,경상북도 경주시 진현동,경상사고,0,0,2,0,차대차 - 측면충돌,안전운전불이행,건조,맑음,단일로 - 기타,승용,남,51세,상해없음,승용,남,36세,경상
2016040500100424,2016년 4월 5일 16시,화요일,경상북도 안동시 길안면,중상사고,0,4,1,0,차대차 - 정면충돌,중앙선침범,건조,맑음,교차로 - 교차로부근,화물,남,73세,중상,승용,남,36세,경상
2016040500100466,2016년 4월 5일 17시,화요일,경상북도 경주시 신평동,경상사고,0,0,1,0,차대사람 - 횡단중,보행자보호의무위반,건조,맑음,단일로 - 기타,승용,남,49세,상해없음,보행자,여,48세,경상
2016040500100467,2016년 4월 5일 17시,화요일,경상북도 안동시 서후면,중상사고,0,1,0,0,차대차 - 정면충돌,안전운전불이행,건조,맑음,단일로 - 기타,승용,남,61세,상해없음,농기계,남,66세,중상
2016040500100468,2016년 4월 5일 17시,화요일,경상북도 예천군 감천면,사망사고,1,0,0,0,차량단독 - 기타,안전운전불이행,건조,맑음,단일로 - 기타,농기계,남,73세,사망,,,,
2016040500100469,2016년 4월 5일 17시,화요일,경상북도 구미시 구평동,경상사고,0,0,1,0,차대사람 - 횡단중,안전운전불이행,건조,맑음,단일로 - 기타,승용,여,40세,상해없음,보행자,여,29세,경상
2016040500100470,2016년 4월 5일 17시,화요일,경상북도 구미시 옥계동,경상사고,0,0,1,0,차대사람 - 보도통행중,기타,건조,맑음,단일로 - 기타,자전거,남,14세,상해없음,보행자,여,69세,경상
2016040500100471,2016년 4월 5일 17시,화요일,경상북도 영천시 금호읍,경상사고,0,0,2,0,차대차 - 기타,안전운전불이행,건조,맑음,단일로 - 기타,승용,기타불명,기타불명,기타불명,승용,남,33세,경상
2016040500100505,2016년 4월 5일 18시,화요일,경상북도 상주시 신봉동,중상사고,0,3,0,0,차대차 - 측면직각충돌,교차로운행방법위반,건조,맑음,교차로 - 교차로안,화물,남,48세,중상,승용,남,62세,중상
2016040500100506,2016년 4월 5일 18시,화요일,경상북도 경산시 정평동,중상사고,0,1,1,0,차대차 - 측면충돌,불법유턴,건조,맑음,교차로 - 교차로부근,자전거,남,30세,중상,승용,여,44세,경상
2016040500100546,2016년 4월 5일 19시,화요일,경상북도 경주시 황성동,경상사고,0,0,1,0,차대사람 - 횡단중,안전운전불이행,건조,맑음,단일로 - 기타,승용,여,39세,상해없음,보행자,여,5세,경상
2016040500100547,2016년 4월 5일 19시,화요일,경상북도 칠곡군 왜관읍,중상사고,0,1,0,0,차대차 - 정면충돌,중앙선침범,건조,맑음,교차로 - 교차로부근,승용,남,42세,상해없음,이륜,남,28세,중상
2016040500100548,2016년 4월 5일 19시,화요일,경상북도 칠곡군 석적읍,경상사고,0,0,3,1,차대차 - 측면충돌,안전거리미확보,건조,맑음,교차로 - 교차로안,승용,여,40세,부상신고,승용,여,23세,경상
2016040500100576,2016년 4월 5일 20시,화요일,경상북도 경주시 석장동,중상사고,0,1,0,0,차대차 - 추돌,안전거리미확보,건조,맑음,교차로 - 교차로안,승용,여,48세,상해없음,승용,남,60세,중상
2016040500100577,2016년 4월 5일 20시,화요일,경상북도 구미시 신평동,경상사고,0,0,3,0,차대차 - 추돌,안전운전불이행,건조,맑음,단일로 - 기타,승용,남,39세,상해없음,승용,남,34세,경상
2016040500100608,2016년 4월 5일 21시,화요일,경상북도 영천시 금호읍,경상사고,0,0,3,0,차대차 - 측면충돌,중앙선침범,건조,맑음,단일로 - 기타,승용,남,48세,상해없음,승용,여,28세,경상
2016040500100634,2016년 4월 5일 22시,화요일,경상북도 포항시 북구 용흥동,경상사고,0,0,1,0,차대차 - 기타,교차로운행방법위반,건조,맑음,교차로 - 교차로안,승용,여,51세,상해없음,승용,남,34세,경상
2016040500100635,2016년 4월 5일 22시,화요일,경상북도 경산시 계양동,경상사고,0,0,1,0,차대차 - 기타,안전운전불이행,습기,비,교차로 - 교차로안,승용,남,27세,상해없음,이륜,남,20세,경상
2016040500100663,2016년 4월 5일 23시,화요일,경상북도 포항시 북구 상원동,중상사고,0,1,0,0,차대차 - 정면충돌,차로위반,건조,맑음,단일로 - 기타,승용,남,22세,상해없음,승용,남,48세,중상
2016040600100043,2016년 4월 6일 04시,수요일,경상북도 문경시 마성면,경상사고,0,0,1,0,차량단독 - 전도전복,안전운전불이행,건조,맑음,단일로 - 기타,승용,남,34세,경상,,,,
2016040600100061,2016년 4월 6일 06시,수요일,경상북도 칠곡군 북삼읍,경상사고,0,0,1,1,차대차 - 정면충돌,교차로운행방법위반,건조,맑음,교차로 - 교차로안,화물,남,31세,부상신고,승용,남,43세,경상
2016040600100076,2016년 4월 6일 07시,수요일,경상북도 경주시 동천동,경상사고,0,0,1,0,차대차 - 측면충돌,안전운전불이행,건조,맑음,교차로 - 교차로안,승용,남,32세,경상,승합,남,50세,상해없음
2016040600100077,2016년 4월 6일 07시,수요일,경상북도 안동시 당북동,경상사고,0,0,2,0,차대차 - 추돌,안전거리미확보,건조,맑음,교차로 - 교차로안,승용,남,37세,상해없음,승용,남,43세,경상
2016040600100078,2016년 4월 6일 07시,수요일,경상북도 상주시 낙양동,중상사고,0,1,0,0,차대사람 - 횡단중,보행자보호의무위반,건조,맑음,단일로 - 횡단보도상,승용,남,68세,상해없음,보행자,여,46세,중상
2016040600100079,2016년 4월 6일 07시,수요일,경상북도 영주시 가흥동,경상사고,0,0,1,0,차대차 - 추돌,안전운전불이행,건조,맑음,단일로 - 기타,승용,남,22세,상해없음,승용,여,41세,경상
2016040600100080,2016년 4월 6일 07시,수요일,경상북도 구미시 공단동,중상사고,0,1,0,0,차대차 - 측면충돌,신호위반,건조,맑음,교차로 - 교차로안,승용,여,48세,상해없음,승용,여,34세,중상
2016040600100107,2016년 4월 6일 08시,수요일,경상북도 안동시 임하면,경상사고,0,0,1,0,차대차 - 추돌,안전거리미확보,건조,맑음,단일로 - 기타,승용,남,36세,상해없음,승용,여,47세,경상
2016040600100108,2016년 4월 6일 08시,수요일,경상북도 울진군 기성면,경상사고,0,0,1,0,차대차 - 측면충돌,안전운전불이행,건조,맑음,단일로 - 기타,승합,남,44세,상해없음,승용,남,29세,경상
2016040600100140,2016년 4월 6일 09시,수요일,경상북도 포항시 남구 상도동,경상사고,0,0,2,0,차대차 - 측면충돌,신호위반,건조,맑음,단일로 - 횡단보도부근,원동기,남,21세,경상,원동기,여,48세,경상
2016040600100174,2016년 4월 6일 10시,수요일,경상북도 의성군 의성읍,경상사고,0,0,1,0,차대차 - 측면충돌,신호위반,건조,맑음,교차로 - 교차로안,승용,남,52세,상해없음,화물,남,71세,경상
2016040600100200,2016년 4월 6일 11시,수요일,경상북도 포항시 북구 득량동,경상사고,0,0,1,0,차대사람 - 기타,안전운전불이행,건조,맑음,교차로 - 교차로부근,승용,여,50세,상해없음,보행자,남,59세,경상
2016040600100232,2016년 4월 6일 12시,수요일,경상북도 안동시 태화동,경상사고,0,0,1,0,차대차 - 추돌,안전거리미확보,건조,맑음,기타 - 기타,이륜,남,74세,경상,승용,남,51세,상해없음
2016040600100233,2016년 4월 6일 12시,수요일,경상북도 칠곡군 가산면,중상사고,0,1,1,0,차대차 - 측면직각충돌,중앙선침범,건조,맑음,단일로 - 기타,승용,남,38세,상해없음,건설기계,남,36세,경상
2016040600100267,2016년 4월 6일 13시,수요일,경상북도 성주군 용암면,경상사고,0,0,2,0,차대차 - 측면직각충돌,안전운전불이행,건조,맑음,교차로 - 교차로안,화물,남,56세,상해없음,승용,남,64세,경상
2016040600100297,2016년 4월 6일 14시,수요일,경상북도 경산시 정평동,경상사고,0,0,1,0,차대사람 - 기타,안전운전불이행,건조,맑음,단일로 - 기타,승용,남,61세,상해없음,보행자,남,60세,경상
2016040600100322,2016년 4월 6일 15시,수요일,경상북도 김천시 황금동,경상사고,0,0,1,0,차대차 - 추돌,안전운전불이행,건조,맑음,교차로 - 교차로부근,승용,남,54세,상해없음,이륜,남,51세,경상
2016040600100323,2016년 4월 6일 15시,수요일,경상북도 군위군 군위읍,경상사고,0,0,1,0,차대차 - 추돌,안전운전불이행,건조,맑음,단일로 - 횡단보도부근,화물,남,43세,상해없음,화물,남,51세,경상
2016040600100367,2016년 4월 6일 16시,수요일,경상북도 상주시 낙동면,중상사고,0,1,0,0,차대차 - 측면충돌,안전운전불이행,건조,흐림,교차로 - 교차로안,승용,남,56세,상해없음,농기계,남,74세,중상
2016040600100368,2016년 4월 6일 16시,수요일,경상북도 영주시 영주동,경상사고,0,0,1,0,차대사람 - 보도통행중,기타,건조,맑음,단일로 - 기타,화물,남,36세,상해없음,보행자,여,48세,경상
2016040600100369,2016년 4월 6일 16시,수요일,경상북도 영덕군 영해면,경상사고,0,0,1,0,차대차 - 측면충돌,교차로운행방법위반,건조,맑음,교차로 - 교차로안,승용,남,58세,상해없음,이륜,남,83세,경상