사고번호,사고일시,요일,시군구,사고내용,사망자수,중상자수,경상자수,부상신고자수,사고유형,법규위반,노면상태,기상상태,도로형태,가해운전자 차종,가해운전자 성별,가해운전자 연령,가해운전자 상해정도,피해운전자 차종,피해운전자 성별,피해운전자 연령,피해운전자 상해정도
2016040600100370,2016년 4월 6일 16시,수요일,경상북도 구미시 지산동,경상사고,0,0,1,0,차대차 - 측면충돌,안전운전불이행,건조,맑음,단일로 - 기타,이륜,남,83세,경상,화물,남,34세,상해없음
2016040600100371,2016년 4월 6일 16시,수요일,경상북도 포항시 남구 대도동,경상사고,0,0,1,0,차대사람 - 횡단중,안전운전불이행,건조,맑음,단일로 - 기타,승용,남,75세,상해없음,보행자,남,22세,경상
2016040600100410,2016년 4월 6일 17시,수요일,경상북도 안동시 송현동,경상사고,0,0,4,0,차대차 - 정면충돌,중앙선침범,건조,맑음,교차로 - 교차로부근,승용,여,55세,상해없음,승용,남,49세,경상
2016040600100411,2016년 4월 6일 17시,수요일,경상북도 경산시 남산면,중상사고,0,1,0,0,차대차 - 측면직각충돌,중앙선침범,건조,흐림,교차로 - 교차로안,이륜,남,70세,중상,화물,남,34세,상해없음
2016040600100456,2016년 4월 6일 18시,수요일,경상북도 칠곡군 약목면,중상사고,0,1,0,1,차대차 - 정면충돌,신호위반,습기,비,교차로 - 교차로안,승용,여,50세,부상신고,승용,남,28세,중상
2016040600100457,2016년 4월 6일 18시,수요일,경상북도 포항시 남구 지곡동,경상사고,0,0,1,0,차대차 - 측면충돌,중앙선침범,건조,맑음,교차로 - 교차로안,자전거,남,22세,경상,승용,남,44세,상해없음
2016040600100458,2016년 4월 6일 18시,수요일,경상북도 포항시 남구 오천읍,경상사고,0,0,1,0,차대차 - 측면충돌,교차로운행방법위반,습기,비,교차로 - 교차로안,승용,여,43세,상해없음,이륜,남,33세,경상
2016040600100548,2016년 4월 6일 20시,수요일,경상북도 포항시 남구 오천읍,중상사고,0,1,0,0,차대차 - 측면충돌,안전운전불이행,습기,비,교차로 - 교차로안,승용,남,30세,상해없음,이륜,남,21세,중상
2016040600100603,2016년 4월 6일 21시,수요일,경상북도 포항시 북구 흥해읍,경상사고,0,0,2,0,차대차 - 측면충돌,안전운전불이행,습기,비,교차로 - 교차로안,승용,남,44세,상해없음,승용,여,42세,경상
2016040600100604,2016년 4월 6일 21시,수요일,경상북도 칠곡군 왜관읍,부상신고사고,0,0,0,1,차량단독 - 전도전복,안전운전불이행,습기,비,단일로 - 기타,승용,남,38세,부상신고,,,,
2016040600100647,2016년 4월 6일 22시,수요일,경상북도 안동시 운흥동,중상사고,0,1,0,0,차대사람 - 횡단중,안전운전불이행,습기,비,단일로 - 기타,승용,남,26세,상해없음,보행자,여,20세,중상
2016040600100648,2016년 4월 6일 22시,수요일,경상북도 포항시 남구 해도동,경상사고,0,0,1,0,차대사람 - 횡단중,안전운전불이행,습기,비,단일로 - 기타,승용,여,24세,상해없음,보행자,남,74세,경상
2016040600100715,2016년 4월 6일 23시,수요일,경상북도 김천시 아포읍,부상신고사고,0,0,0,1,차량단독 - 전도전복,안전운전불이행,습기,비,단일로 - 기타,승용,남,29세,부상신고,,,,
2016040600100716,2016년 4월 6일 23시,수요일,경상북도 구미시 원평동,경상사고,0,0,2,1,차대차 - 기타,안전운전불이행,습기,비,단일로 - 기타,승용,남,21세,부상신고,승용,남,27세,경상
2016040700100027,2016년 4월 7일 00시,목요일,경상북도 구미시 황상동,중상사고,0,1,0,0,차대차 - 기타,안전운전불이행,습기,비,교차로 - 교차로부근,이륜,남,28세,중상,화물,남,28세,상해없음
2016040700100059,2016년 4월 7일 01시,목요일,경상북도 구미시 광평동,경상사고,0,0,1,0,차대차 - 측면직각충돌,신호위반,습기,비,교차로 - 교차로안,승용,남,23세,상해없음,승용,여,37세,경상
2016040700100077,2016년 4월 7일 02시,목요일,경상북도 경주시 용강동,중상사고,0,1,0,0,차대사람 - 차도통행중,안전운전불이행,습기,비,단일로 - 기타,승용,여,25세,상해없음,보행자,남,48세,중상
2016040700100091,2016년 4월 7일 03시,목요일,경상북도 안동시 안기동,사망사고,1,0,0,0,차대사람 - 횡단중,안전운전불이행,습기,비,단일로 - 기타,승용,남,55세,상해없음,보행자,여,76세,사망
2016040700100101,2016년 4월 7일 04시,목요일,경상북도 포항시 북구 학산동,경상사고,0,0,2,0,차대차 - 측면충돌,안전운전불이행,습기,비,교차로 - 교차로안,승용,남,49세,상해없음,승용,남,33세,경상
2016040700100102,2016년 4월 7일 04시,목요일,경상북도 구미시 선기동,부상신고사고,0,0,0,1,차대차 - 기타,안전운전불이행,습기,비,단일로 - 기타,승용,남,36세,부상신고,화물,남,48세,기타불명
2016040700100133,2016년 4월 7일 06시,목요일,경상북도 구미시 진평동,중상사고,0,1,0,0,차량단독 - 전도전복,안전운전불이행,습기,비,교차로 - 교차로안,승용,남,24세,중상,,,,
2016040700100199,2016년 4월 7일 08시,목요일,경상북도 포항시 북구 흥해읍,중상사고,0,1,0,0,차대차 - 기타,차로위반,습기,비,교차로 - 교차로부근,승용,여,46세,상해없음,화물,남,63세,상해없음
2016040700100200,2016년 4월 7일 08시,목요일,경상북도 문경시 문경읍,경상사고,0,0,1,0,차량단독 - 전도전복,안전운전불이행,습기,비,단일로 - 기타,승용,여,43세,경상,,,,
2016040700100201,2016년 4월 7일 08시,목요일,경상북도 포항시 남구 동해면,경상사고,0,0,1,0,차대차 - 측면직각충돌,안전운전불이행,습기,비,단일로 - 기타,기타불명,기타불명,기타불명,기타불명,이륜,남,58세,경상
2016040700100234,2016년 4월 7일 09시,목요일,경상북도 영천시 금호읍,중상사고,0,1,0,0,차대차 - 추돌,안전운전불이행,습기,비,단일로 - 기타,원동기,여,73세,중상,화물,남,54세,기타불명
2016040700100267,2016년 4월 7일 10시,목요일,경상북도 경주시 황성동,경상사고,0,0,1,1,차대차 - 추돌,안전운전불이행,습기,비,단일로 - 기타,특수,남,43세,상해없음,승용,남,68세,경상
2016040700100268,2016년 4월 7일 10시,목요일,경상북도 포항시 북구 용흥동,중상사고,0,1,0,0,차대사람 - 횡단중,신호위반,습기,비,교차로 - 교차로안,화물,남,53세,상해없음,보행자,여,54세,중상
2016040700100269,2016년 4월 7일 10시,목요일,경상북도 포항시 북구 학잠동,중상사고,0,1,0,0,차대사람 - 횡단중,보행자보호의무위반,건조,맑음,단일로 - 기타,승용,여,36세,상해없음,보행자,남,71세,중상
2016040700100270,2016년 4월 7일 10시,목요일,경상북도 안동시 와룡면,중상사고,0,1,1,0,차대차 - 정면충돌,중앙선침범,습기,비,단일로 - 기타,승용,여,33세,경상,화물,남,61세,중상
2016040700100271,2016년 4월 7일 10시,목요일,경상북도 경산시 임당동,경상사고,0,0,1,0,차대차 - 기타,교차로운행방법위반,건조,맑음,교차로 - 교차로안,이륜,남,21세,경상,승용,남,26세,상해없음
2016040700100272,2016년 4월 7일 10시,목요일,경상북도 영양군 일월면,경상사고,0,0,1,0,차량단독 - 공작물충돌,안전운전불이행,습기,비,단일로 - 기타,화물,남,71세,상해없음,,,,
2016040700100303,2016년 4월 7일 11시,목요일,경상북도 영천시 완산동,경상사고,0,0,1,0,차대사람 - 기타,안전운전불이행,습기,흐림,단일로 - 기타,승용,남,45세,상해없음,보행자,남,63세,경상
2016040700100304,2016년 4월 7일 11시,목요일,경상북도 군위군 효령면,중상사고,0,1,0,0,차대차 - 추돌,안전운전불이행,건조,맑음,단일로 - 기타,화물,남,53세,상해없음,이륜,남,85세,중상
2016040700100326,2016년 4월 7일 12시,목요일,경상북도 포항시 북구 용흥동,경상사고,0,0,1,0,차대차 - 측면충돌,안전거리미확보,습기,비,단일로 - 기타,승용,남,31세,상해없음,화물,남,43세,경상
2016040700100327,2016년 4월 7일 12시,목요일,경상북도 김천시 신음동,중상사고,0,1,0,0,차대사람 - 횡단중,보행자보호의무위반,건조,맑음,단일로 - 횡단보도상,화물,남,49세,상해없음,보행자,여,72세,중상
2016040700100328,2016년 4월 7일 12시,목요일,경상북도 군위군 부계면,사망사고,1,4,0,0,차대차 - 측면충돌,중앙선침범,습기,비,단일로 - 기타,승용,남,69세,사망,승용,남,54세,중상
2016040700100382,2016년 4월 7일 14시,목요일,경상북도 김천시 부곡동,중상사고,0,2,0,0,차대차 - 정면충돌,안전운전불이행,건조,맑음,단일로 - 기타,이륜,남,27세,중상,이륜,남,55세,상해없음
2016040700100407,2016년 4월 7일 15시,목요일,경상북도 칠곡군 북삼읍,경상사고,0,0,2,0,차대차 - 측면직각충돌,교차로운행방법위반,건조,맑음,교차로 - 교차로안,화물,여,55세,상해없음,승용,여,47세,경상
2016040700100435,2016년 4월 7일 16시,목요일,경상북도 안동시 정하동,경상사고,0,0,3,0,차대차 - 측면직각충돌,직진우회전진행방해,건조,맑음,교차로 - 교차로안,승용,여,59세,경상,승용,남,33세,경상
2016040700100472,2016년 4월 7일 17시,목요일,경상북도 포항시 북구 용흥동,중상사고,0,1,0,0,차대차 - 정면충돌,교차로운행방법위반,건조,맑음,교차로 - 교차로안,원동기,여,63세,중상,화물,남,46세,상해없음
2016040700100473,2016년 4월 7일 17시,목요일,경상북도 상주시 만산동,중상사고,0,1,0,0,차대차 - 추돌,차로위반,건조,맑음,단일로 - 기타,승용,남,25세,상해없음,화물,남,71세,상해없음
2016040700100509,2016년 4월 7일 18시,목요일,경상북도 영천시 금호읍,경상사고,0,0,3,0,차대차 - 측면충돌,교차로운행방법위반,건조,맑음,단일로 - 기타,승용,남,30세,경상,승용,여,50세,경상
2016040700100510,2016년 4월 7일 18시,목요일,경상북도 포항시 남구 대잠동,중상사고,0,1,0,0,차대사람 - 기타,안전운전불이행,건조,맑음,단일로 - 기타,승용,남,33세,상해없음,보행자,남,44세,중상
2016040700100581,2016년 4월 7일 20시,목요일,경상북도 포항시 북구 용흥동,경상사고,0,0,1,0,차대차 - 측면충돌,안전운전불이행,건조,맑음,교차로 - 교차로안,자전거,남,11세,경상,원동기,남,17세,상해없음
2016040700100582,2016년 4월 7일 20시,목요일,경상북도 칠곡군 기산면,중상사고,0,1,1,0,차대차 - 추돌,안전운전불이행,건조,맑음,교차로 - 교차로안,승용,남,27세,경상,승용,남,28세,중상
2016040700100583,2016년 4월 7일 20시,목요일,경상북도 경산시 중방동,부상신고사고,0,0,0,1,차대사람 - 기타,신호위반,건조,맑음,교차로 - 교차로부근,이륜,남,18세,상해없음,보행자,여,4세,부상신고
2016040700100584,2016년 4월 7일 20시,목요일,경상북도 성주군 성주읍,경상사고,0,0,1,0,차대차 - 측면직각충돌,안전운전불이행,건조,맑음,기타 - 기타,승용,남,48세,상해없음,승용,남,40세,상해없음
2016040700100610,2016년 4월 7일 21시,목요일,경상북도 안동시 송현동,경상사고,0,0,1,0,차대사람 - 횡단중,안전운전불이행,건조,맑음,교차로 - 교차로부근,승용,남,61세,상해없음,보행자,여,13세,경상
2016040700100611,2016년 4월 7일 21시,목요일,경상북도 고령군 쌍림면,경상사고,0,0,1,0,차량단독 - 전도전복,안전운전불이행,건조,맑음,단일로 - 기타,승용,남,47세,경상,,,,
2016040700100612,2016년 4월 7일 21시,목요일,경상북도 구미시 선산읍,부상신고사고,0,0,0,1,차대사람 - 횡단중,안전운전불이행,건조,맑음,단일로 - 기타,승용,남,53세,상해없음,보행자,남,28세,부상신고
2016040700100640,2016년 4월 7일 22시,목요일,경상북도 포항시 북구 학산동,중상사고,0,1,0,0,차대사람 - 횡단중,보행자보호의무위반,건조,맑음,단일로 - 횡단보도상,승용,남,45세,상해없음,보행자,남,34세,중상
2016040700100641,2016년 4월 7일 22시,목요일,경상북도 포항시 북구 죽도동,경상사고,0,0,2,0,차대차 - 측면충돌,직진우회전진행방해,건조,맑음,교차로 - 교차로안,승용,남,47세,경상,승용,여,26세,경상
2016040700100667,2016년 4월 7일 23시,목요일,경상북도 포항시 북구 죽도동,경상사고,0,0,3,0,차대차 - 추돌,안전거리미확보,건조,맑음,단일로 - 기타,승용,남,18세,상해없음,승용,남,47세,경상
2016040800100012,2016년 4월 8일 00시,금요일,경상북도 구미시 고아읍,경상사고,0,0,2,0,차대차 - 측면충돌,교차로운행방법위반,건조,맑음,교차로 - 교차로안,승용,여,56세,상해없음,승용,남,54세,경상
2016040800100040,2016년 4월 8일 02시,금요일,경상북도 영천시 화산면,경상사고,0,0,1,0,차대차 - 측면직각충돌,안전운전불이행,건조,맑음,교차로 - 교차로안,화물,남,60세,경상,화물,남,42세,상해없음
2016040800100101,2016년 4월 8일 07시,금요일,경상북도 포항시 남구 오천읍,경상사고,0,0,4,0,차대차 - 기타,신호위반,건조,맑음,교차로 - 교차로안,승용,남,49세,상해없음,승용,남,67세,경상
2016040800100133,2016년 4월 8일 08시,금요일,경상북도 경주시 외동읍,중상사고,0,1,1,0,차대차 - 측면직각충돌,신호위반,건조,맑음,교차로 - 교차로안,화물,남,37세,경상,화물,남,61세,중상
2016040800100134,2016년 4월 8일 08시,금요일,경상북도 문경시 모전동,경상사고,0,0,3,0,차대차 - 측면직각충돌,신호위반,건조,맑음,교차로 - 교차로안,승합,남,64세,상해없음,승합,남,39세,경상
2016040800100135,2016년 4월 8일 08시,금요일,경상북도 예천군 예천읍,중상사고,0,1,1,0,차대차 - 추돌,안전거리미확보,건조,맑음,단일로 - 기타,승용,남,71세,상해없음,화물,남,55세,상해없음
2016040800100136,2016년 4월 8일 08시,금요일,경상북도 청송군 부동면,중상사고,0,1,0,0,차대사람 - 기타,안전운전불이행,습기,안개,단일로 - 기타,건설기계,남,53세,상해없음,보행자,남,64세,중상
2016040800100137,2016년 4월 8일 08시,금요일,경상북도 구미시 원평동,경상사고,0,0,1,0,차대차 - 기타,교차로운행방법위반,건조,맑음,교차로 - 교차로안,승용,여,54세,상해없음,승용,남,37세,경상
2016040800100166,2016년 4월 8일 09시,금요일,경상북도 영천시 신령면,경상사고,0,0,1,0,차대차 - 측면충돌,안전운전불이행,건조,맑음,단일로 - 터널,화물,남,67세,상해없음,승용,남,47세,경상
2016040800100167,2016년 4월 8일 09시,금요일,경상북도 포항시 남구 오천읍,중상사고,0,1,0,0,차대차 - 기타,신호위반,건조,맑음,교차로 - 교차로안,승용,남,53세,상해없음,승용,여,48세,중상
2016040800100202,2016년 4월 8일 10시,금요일,경상북도 경주시 외동읍,중상사고,0,1,0,0,차대차 - 기타,안전운전불이행,건조,맑음,교차로 - 교차로부근,화물,남,63세,상해없음,자전거,남,72세,중상
2016040800100203,2016년 4월 8일 10시,금요일,경상북도 김천시 농소면,사망사고,1,1,0,0,차대차 - 측면충돌,안전운전불이행,건조,맑음,단일로 - 기타,이륜,남,82세,중상,화물,남,56세,상해없음
2016040800100204,2016년 4월 8일 10시,금요일,경상북도 경산시 진량읍,경상사고,0,0,1,0,차대차 - 정면충돌,안전운전불이행,건조,맑음,교차로 - 교차로안,이륜,남,18세,상해없음,화물,남,21세,상해없음
2016040800100221,2016년 4월 8일 11시,금요일,경상북도 상주시 남성동,경상사고,0,0,1,0,차대사람 - 기타,안전운전불이행,건조,맑음,단일로 - 기타,승용,남,75세,상해없음,보행자,남,22세,경상
2016040800100249,2016년 4월 8일 12시,금요일,경상북도 상주시 낙양동,중상사고,0,1,0,0,차대사람 - 기타,안전운전불이행,건조,맑음,단일로 - 기타,승용,남,48세,상해없음,보행자,여,85세,중상
2016040800100250,2016년 4월 8일 12시,금요일,경상북도 칠곡군 북삼읍,중상사고,0,1,0,0,차대사람 - 횡단중,보행자보호의무위반,건조,맑음,단일로 - 기타,승용,남,23세,상해없음,보행자,여,8세,중상
2016040800100251,2016년 4월 8일 12시,금요일,경상북도 예천군 호명면,사망사고,1,0,0,0,차량단독 - 도로외이탈 - 추락,안전운전불이행,건조,맑음,단일로 - 기타,화물,남,55세,사망,,,,
2016040800100278,2016년 4월 8일 13시,금요일,경상북도 경주시 용강동,중상사고,0,1,0,0,차대사람 - 길가장자리구역통행중,안전운전불이행,건조,맑음,단일로 - 기타,승용,여,54세,상해없음,보행자,여,46세,중상
2016040800100279,2016년 4월 8일 13시,금요일,경상북도 경산시 정평동,경상사고,0,0,1,0,차대차 - 측면직각충돌,안전거리미확보,건조,맑음,단일로 - 기타,승용,남,29세,상해없음,이륜,남,22세,경상
2016040800100280,2016년 4월 8일 13시,금요일,경상북도 경산시 계양동,경상사고,0,0,1,0,차대차 - 기타,교차로운행방법위반,건조,맑음,교차로 - 교차로안,승용,남,45세,상해없음,화물,남,50세,경상
2016040800100281,2016년 4월 8일 13시,금요일,경상북도 구미시 상모동,부상신고사고,0,0,0,1,차대사람 - 횡단중,안전운전불이행,건조,맑음,단일로 - 기타,기타불명,기타불명,기타불명,기타불명,보행자,남,17세,부상신고
2016040800100317,2016년 4월 8일 14시,금요일,경상북도 영천시 금호읍,경상사고,0,0,1,0,차대사람 - 횡단중,보행자보호의무위반,건조,맑음,단일로 - 횡단보도상,승용,남,63세,상해없음,보행자,남,61세,경상
2016040800100347,2016년 4월 8일 15시,금요일,경상북도 안동시 풍산읍,중상사고,0,1,0,0,차대사람 - 기타,안전운전불이행,건조,맑음,교차로 - 교차로부근,화물,남,49세,상해없음,보행자,여,78세,중상
2016040800100380,2016년 4월 8일 16시,금요일,경상북도 경주시 탑동,경상사고,0,0,1,0,차대차 - 추돌,안전운전불이행,건조,맑음,단일로 - 기타,화물,남,56세,경상,화물,남,34세,상해없음
2016040800100381,2016년 4월 8일 16시,금요일,경상북도 김천시 모암동,경상사고,0,0,2,0,차대차 - 측면충돌,차로위반,건조,맑음,단일로 - 기타,화물,남,59세,경상,승용,여,55세,경상
2016040800100382,2016년 4월 8일 16시,금요일,경상북도 문경시 모전동,중상사고,0,1,2,0,차대차 - 측면충돌,신호위반,건조,맑음,교차로 - 교차로안,화물,남,72세,상해없음,승용,여,38세,경상
2016040800100383,2016년 4월 8일 16시,금요일,경상북도 구미시 형곡동,경상사고,0,0,1,0,차대차 - 측면충돌,안전운전불이행,건조,맑음,교차로 - 교차로부근,승용,남,29세,상해없음,승용,여,35세,경상
2016040800100384,2016년 4월 8일 16시,금요일,경상북도 포항시 남구 송도동,중상사고,0,1,0,0,차대차 - 기타,교차로운행방법위반,건조,맑음,교차로 - 교차로안,승용,남,66세,상해없음,자전거,남,77세,중상
2016040800100434,2016년 4월 8일 17시,금요일,경상북도 포항시 북구 죽도동,경상사고,0,0,1,0,차대차 - 추돌,안전거리미확보,건조,맑음,교차로 - 교차로안,승용,남,71세,상해없음,승용,여,50세,경상
2016040800100435,2016년 4월 8일 17시,금요일,경상북도 김천시 농소면,경상사고,0,0,1,0,차대차 - 측면충돌,안전운전불이행,건조,맑음,교차로 - 교차로안,승합,남,60세,경상,건설기계,남,59세,상해없음
2016040800100436,2016년 4월 8일 17시,금요일,경상북도 문경시 농암면,중상사고,0,1,0,0,차량단독 - 전도전복,안전운전불이행,건조,맑음,교차로 - 교차로부근,이륜,남,57세,중상,,,,
2016040800100476,2016년 4월 8일 18시,금요일,경상북도 상주시 만산동,경상사고,0,0,2,0,차대차 - 추돌,안전운전불이행,건조,맑음,단일로 - 기타,승용,남,45세,상해없음,승용,여,47세,경상
2016040800100523,2016년 4월 8일 19시,금요일,경상북도 경주시 노서동,경상사고,0,0,1,0,차대차 - 기타,안전운전불이행,건조,맑음,단일로 - 기타,승용,남,46세,상해없음,이륜,남,62세,경상
2016040800100524,2016년 4월 8일 19시,금요일,경상북도 경주시 황성동,경상사고,0,0,1,1,차대차 - 측면충돌,교차로운행방법위반,건조,맑음,교차로 - 교차로안,승용,남,35세,부상신고,승용,여,46세,경상
2016040800100525,2016년 4월 8일 19시,금요일,경상북도 울진군 근남면,중상사고,0,1,0,0,차대차 - 추돌,안전운전불이행,건조,맑음,단일로 - 기타,화물,남,59세,상해없음,승용,남,45세,중상
2016040800100571,2016년 4월 8일 20시,금요일,경상북도 경주시 황성동,경상사고,0,0,2,0,차대사람 - 횡단중,안전운전불이행,건조,맑음,교차로 - 교차로안,승용,여,39세,상해없음,보행자,여,57세,경상
2016040800100572,2016년 4월 8일 20시,금요일,경상북도 경주시 신평동,중상사고,0,1,0,0,차대사람 - 횡단중,보행자보호의무위반,건조,맑음,단일로 - 횡단보도상,화물,남,42세,상해없음,보행자,여,62세,중상
2016040800100573,2016년 4월 8일 20시,금요일,경상북도 경주시 천북면,사망사고,1,0,0,0,차대사람 - 횡단중,안전운전불이행,건조,맑음,단일로 - 기타,승용,남,36세,상해없음,보행자,여,55세,사망
2016040800100574,2016년 4월 8일 20시,금요일,경상북도 안동시 송현동,중상사고,0,1,0,0,차대차 - 측면충돌,신호위반,건조,맑음,교차로 - 교차로부근,원동기,남,33세,중상,승용,남,26세,상해없음
2016040800100615,2016년 4월 8일 21시,금요일,경상북도 경주시 구황동,경상사고,0,0,2,0,차대차 - 측면충돌,신호위반,건조,맑음,교차로 - 교차로안,승용,여,34세,상해없음,이륜,남,20세,경상
2016040800100676,2016년 4월 8일 23시,금요일,경상북도 경산시 진량읍,중상사고,0,1,0,0,차대차 - 측면충돌,안전운전불이행,건조,맑음,교차로 - 교차로안,이륜,여,41세,중상,승용,여,57세,상해없음
2016040900100017,2016년 4월 9일 00시,토요일,경상북도 경산시 계양동,중상사고,0,3,2,0,차대차 - 기타,안전운전불이행,건조,맑음,단일로 - 기타,승용,남,24세,경상,승용,남,23세,경상
2016040900100054,2016년 4월 9일 02시,토요일,경상북도 안동시 서후면,경상사고,0,0,1,0,차량단독 - 전도전복,안전운전불이행,건조,맑음,단일로 - 기타,승용,여,29세,경상,,,,
2016040900100100,2016년 4월 9일 05시,토요일,경상북도 봉화군 소천면,경상사고,0,0,1,0,차대차 - 측면직각충돌,안전운전불이행,건조,맑음,단일로 - 기타,승용,남,60세,상해없음,화물,남,50세,경상
2016040900100134,2016년 4월 9일 07시,토요일,경상북도 경주시 신평동,중상사고,0,1,0,0,차대차 - 측면충돌,기타,건조,맑음,교차로 - 교차로안,승합,남,53세,상해없음,승용,남,60세,중상
2016040900100155,2016년 4월 9일 08시,토요일,경상북도 경주시 서면,중상사고,0,1,0,0,차대차 - 측면충돌,안전운전불이행,건조,맑음,단일로 - 기타,자전거,여,53세,중상,화물,남,52세,상해없음
2016040900100156,2016년 4월 9일 08시,토요일,경상북도 칠곡군 석적읍,중상사고,0,1,0,0,차대차 - 정면충돌,안전운전불이행,건조,맑음,단일로 - 기타,화물,남,67세,상해없음,승용,남,38세,중상
2016040900100157,2016년 4월 9일 08시,토요일,경상북도 영천시 북안면,경상사고,0,0,1,0,차대사람 - 기타,안전운전불이행,건조,맑음,단일로 - 기타,승용,남,57세,상해없음,보행자,여,72세,경상
2016040900100158,2016년 4월 9일 08시,토요일,경상북도 경산시 와촌면,경상사고,0,0,1,0,차대차 - 추돌,안전운전불이행,건조,맑음,단일로 - 기타,승합,남,71세,상해없음,승합,남,68세,경상
2016040900100180,2016년 4월 9일 09시,토요일,경상북도 경주시 교동,부상신고사고,0,0,0,1,차대사람 - 길가장자리구역통행중,안전운전불이행,건조,맑음,교차로 - 교차로안,승용,남,59세,상해없음,보행자,남,21세,부상신고
2016040900100181,2016년 4월 9일 09시,토요일,경상북도 경주시 동천동,경상사고,0,0,1,0,차대사람 - 기타,안전운전불이행,건조,맑음,교차로 - 교차로안,기타불명,기타불명,기타불명,기타불명,보행자,남,19세,경상
2016040900100182,2016년 4월 9일 09시,토요일,경상북도 포항시 북구 흥해읍,경상사고,0,0,1,0,차대차 - 측면충돌,안전거리미확보,건조,맑음,단일로 - 기타,승용,남,59세,경상,승용,남,41세,상해없음
2016040900100183,2016년 4월 9일 09시,토요일,경상북도 안동시 옥동,중상사고,0,2,0,0,차대차 - 정면충돌,안전운전불이행,건조,맑음,단일로 - 기타,승용,남,54세,상해없음,화물,여,39세,중상
2016040900100184,2016년 4월 9일 09시,토요일,경상북도 안동시 운흥동,중상사고,0,1,0,0,차대차 - 정면충돌,안전운전불이행,건조,맑음,교차로 - 교차로안,승용,여,66세,상해없음,화물,남,63세,중상
2016040900100185,2016년 4월 9일 09시,토요일,경상북도 문경시 윤직동,경상사고,0,0,1,0,차대차 - 측면직각충돌,안전운전불이행,건조,맑음,교차로 - 교차로부근,승용,남,73세,상해없음,자전거,남,77세,경상
2016040900100186,2016년 4월 9일 09시,토요일,경상북도 구미시 임은동,중상사고,0,1,0,0,차대차 - 측면충돌,신호위반,건조,맑음,교차로 - 교차로안,화물,남,42세,상해없음,화물,남,58세,중상
2016040900100187,2016년 4월 9일 09시,토요일,경상북도 구미시 남통동,중상사고,0,1,0,0,차대차 - 기타,안전운전불이행,건조,맑음,교차로 - 교차로부근,승용,남,59세,상해없음,승용,남,55세,중상
2016040900100212,2016년 4월 9일 10시,토요일,경상북도 포항시 북구 죽도동,경상사고,0,0,1,0,차대차 - 측면충돌,안전운전불이행,건조,맑음,단일로 - 기타,화물,남,40세,상해없음,자전거,남,75세,경상
2016040900100213,2016년 4월 9일 10시,토요일,경상북도 상주시 낙동면,중상사고,0,1,0,0,차대차 - 측면직각충돌,안전운전불이행,건조,맑음,교차로 - 교차로안,원동기,남,50세,중상,승용,남,55세,상해없음
2016040900100214,2016년 4월 9일 10시,토요일,경상북도 봉화군 명호면,사망사고,1,0,0,0,차대차 - 측면충돌,안전운전불이행,건조,맑음,단일로 - 기타,화물,남,52세,상해없음,이륜,남,78세,사망
2016040900100215,2016년 4월 9일 10시,토요일,경상북도 구미시 원평동,경상사고,0,0,1,0,차대차 - 측면충돌,안전운전불이행,건조,맑음,단일로 - 기타,승용,남,51세,상해없음,이륜,남,77세,경상
2016040900100216,2016년 4월 9일 10시,토요일,경상북도 구미시 장천면,경상사고,0,0,1,0,차대차 - 측면충돌,안전운전불이행,건조,맑음,교차로 - 교차로부근,승용,여,41세,상해없음,이륜,남,69세,경상
2016040900100217,2016년 4월 9일 10시,토요일,경상북도 구미시 송정동,중상사고,0,1,1,0,차대차 - 추돌,안전거리미확보,건조,맑음,교차로 - 교차로안,승용,여,65세,상해없음,승용,남,42세,경상
2016040900100218,2016년 4월 9일 10시,토요일,경상북도 포항시 남구 구룡포읍,경상사고,0,0,1,0,차대차 - 정면충돌,안전운전불이행,건조,맑음,단일로 - 기타,승용,남,19세,상해없음,이륜,남,57세,경상
2016040900100255,2016년 4월 9일 11시,토요일,경상북도 영천시 금호읍,경상사고,0,0,1,0,차대차 - 측면직각충돌,안전운전불이행,건조,맑음,교차로 - 교차로부근,자전거,남,11세,경상,승용,여,61세,상해없음
2016040900100256,2016년 4월 9일 11시,토요일,경상북도 예천군 예천읍,경상사고,0,0,1,0,차대차 - 추돌,안전운전불이행,건조,맑음,단일로 - 기타,승용,남,63세,상해없음,승합,남,58세,상해없음
2016040900100294,2016년 4월 9일 12시,토요일,경상북도 경산시 백천동,중상사고,0,1,0,0,차대차 - 정면충돌,교차로운행방법위반,건조,맑음,교차로 - 교차로안,자전거,남,12세,중상,승용,남,45세,상해없음
2016040900100331,2016년 4월 9일 13시,토요일,경상북도 영주시 영주동,부상신고사고,0,0,0,1,차대차 - 측면충돌,안전운전불이행,건조,맑음,교차로 - 교차로안,승용,여,36세,기타불명,승용,남,24세,부상신고
2016040900100332,2016년 4월 9일 13시,토요일,경상북도 칠곡군 동명면,중상사고,0,1,0,1,차대차 - 측면직각충돌,교차로운행방법위반,건조,맑음,교차로 - 교차로안,화물,남,61세,부상신고,승용,남,47세,중상
2016040900100333,2016년 4월 9일 13시,토요일,경상북도 울진군 매화면,중상사고,0,1,0,0,차대차 - 추돌,안전운전불이행,건조,맑음,단일로 - 기타,이륜,남,67세,중상,승용,남,59세,기타불명
2016040900100334,2016년 4월 9일 13시,토요일,경상북도 포항시 남구 인덕동,경상사고,0,0,1,0,차대차 - 측면충돌,안전운전불이행,건조,맑음,단일로 - 기타,승용,여,55세,상해없음,이륜,남,60세,경상