사고번호,사고일시,요일,시군구,사고내용,사망자수,중상자수,경상자수,부상신고자수,사고유형,법규위반,노면상태,기상상태,도로형태,가해운전자 차종,가해운전자 성별,가해운전자 연령,가해운전자 상해정도,피해운전자 차종,피해운전자 성별,피해운전자 연령,피해운전자 상해정도
2016041200100131,2016년 4월 12일 08시,화요일,경상북도 포항시 남구 대도동,부상신고사고,0,0,0,1,차대사람 - 횡단중,안전운전불이행,건조,맑음,단일로 - 기타,기타불명,기타불명,기타불명,기타불명,보행자,남,21세,부상신고
2016041200100168,2016년 4월 12일 09시,화요일,경상북도 영천시 야사동,중상사고,0,1,1,0,차대사람 - 기타,안전운전불이행,건조,맑음,기타 - 기타,자전거,남,41세,경상,보행자,여,80세,중상
2016041200100169,2016년 4월 12일 09시,화요일,경상북도 문경시 농암면,경상사고,0,0,1,0,차대사람 - 횡단중,안전운전불이행,건조,맑음,단일로 - 기타,승합,남,56세,상해없음,보행자,여,79세,경상
2016041200100170,2016년 4월 12일 09시,화요일,경상북도 문경시 흥덕동,중상사고,0,1,0,0,차대차 - 측면직각충돌,차로위반,건조,맑음,단일로 - 기타,원동기,남,77세,중상,원동기,남,72세,상해없음
2016041200100171,2016년 4월 12일 09시,화요일,경상북도 고령군 개진면,중상사고,0,1,0,0,차대차 - 측면직각충돌,안전운전불이행,건조,맑음,단일로 - 기타,건설기계,남,52세,상해없음,이륜,남,79세,중상
2016041200100227,2016년 4월 12일 11시,화요일,경상북도 경주시 동천동,경상사고,0,0,2,0,차대차 - 측면충돌,안전운전불이행,건조,맑음,교차로 - 교차로부근,승용,남,70세,상해없음,승합,남,48세,경상
2016041200100228,2016년 4월 12일 11시,화요일,경상북도 안동시 북문동,경상사고,0,0,1,0,차대사람 - 보도통행중,보행자보호의무위반,건조,맑음,단일로 - 기타,승용,여,42세,상해없음,보행자,여,83세,경상
2016041200100229,2016년 4월 12일 11시,화요일,경상북도 영천시 완산동,경상사고,0,0,1,0,차대차 - 추돌,안전운전불이행,습기,비,단일로 - 기타,승용,남,69세,기타불명,승용,여,30세,경상
2016041200100230,2016년 4월 12일 11시,화요일,경상북도 구미시 선산읍,경상사고,0,0,1,0,차대차 - 정면충돌,중앙선침범,건조,맑음,단일로 - 기타,화물,남,64세,상해없음,이륜,여,63세,경상
2016041200100256,2016년 4월 12일 12시,화요일,경상북도 경주시 건천읍,경상사고,0,0,1,0,차량단독 - 전도전복,안전운전불이행,건조,맑음,교차로 - 교차로부근,화물,남,62세,경상,,,,
2016041200100257,2016년 4월 12일 12시,화요일,경상북도 경주시 배동,경상사고,0,0,1,0,차량단독 - 공작물충돌,안전운전불이행,건조,맑음,단일로 - 기타,화물,남,72세,경상,,,,
2016041200100258,2016년 4월 12일 12시,화요일,경상북도 경주시 마동,경상사고,0,0,1,0,차대차 - 추돌,안전운전불이행,건조,맑음,단일로 - 기타,농기계,남,80세,상해없음,승용,여,46세,경상
2016041200100259,2016년 4월 12일 12시,화요일,경상북도 경주시 충효동,중상사고,0,1,0,0,차량단독 - 기타,기타,건조,맑음,단일로 - 기타,승용,남,69세,상해없음,,,,
2016041200100260,2016년 4월 12일 12시,화요일,경상북도 청도군 금천면,중상사고,0,1,0,0,차대차 - 측면충돌,안전거리미확보,건조,맑음,단일로 - 기타,이륜,남,76세,중상,화물,남,54세,상해없음
2016041200100279,2016년 4월 12일 13시,화요일,경상북도 포항시 북구 죽도동,경상사고,0,0,1,0,차대차 - 측면충돌,안전운전불이행,건조,맑음,단일로 - 기타,승용,남,71세,상해없음,승용,남,50세,경상
2016041200100280,2016년 4월 12일 13시,화요일,경상북도 안동시 태화동,중상사고,0,1,2,0,차대차 - 측면직각충돌,교차로운행방법위반,건조,맑음,교차로 - 교차로안,승용,남,58세,상해없음,승용,여,46세,경상
2016041200100281,2016년 4월 12일 13시,화요일,경상북도 경산시 하양읍,중상사고,0,1,0,0,차대차 - 기타,중앙선침범,건조,맑음,단일로 - 기타,승용,남,66세,상해없음,승용,여,31세,중상
2016041200100282,2016년 4월 12일 13시,화요일,경상북도 영양군 석보면,중상사고,0,2,0,0,차대차 - 측면직각충돌,교차로운행방법위반,건조,맑음,교차로 - 교차로안,농기계,남,76세,중상,화물,여,59세,중상
2016041200100283,2016년 4월 12일 13시,화요일,경상북도 구미시 도량동,중상사고,0,1,0,0,차대차 - 기타,안전운전불이행,건조,맑음,단일로 - 기타,승용,여,56세,중상,건설기계,남,47세,상해없음
2016041200100312,2016년 4월 12일 14시,화요일,경상북도 경주시 황성동,경상사고,0,0,1,0,차대차 - 측면충돌,안전운전불이행,건조,맑음,단일로 - 기타,이륜,남,64세,경상,승용,남,70세,상해없음
2016041200100313,2016년 4월 12일 14시,화요일,경상북도 포항시 북구 기계면,경상사고,0,0,1,0,차대사람 - 횡단중,안전운전불이행,건조,맑음,단일로 - 기타,화물,남,59세,상해없음,보행자,여,8세,경상
2016041200100314,2016년 4월 12일 14시,화요일,경상북도 영천시 작산동,경상사고,0,0,3,0,차대차 - 정면충돌,교차로운행방법위반,건조,맑음,교차로 - 교차로부근,승용,남,64세,경상,특수,남,63세,경상
2016041200100315,2016년 4월 12일 14시,화요일,경상북도 구미시 선산읍,경상사고,0,0,1,0,차대사람 - 기타,안전운전불이행,건조,맑음,단일로 - 기타,승용,남,75세,상해없음,보행자,여,31세,경상
2016041200100316,2016년 4월 12일 14시,화요일,경상북도 구미시 장천면,중상사고,0,2,0,0,차대차 - 측면충돌,중앙선침범,건조,맑음,단일로 - 기타,승용,남,51세,중상,건설기계,남,58세,중상
2016041200100350,2016년 4월 12일 15시,화요일,경상북도 문경시 문경읍,중상사고,0,1,0,0,차대사람 - 횡단중,보행자보호의무위반,건조,맑음,교차로 - 교차로안,화물,남,57세,상해없음,보행자,여,73세,중상
2016041200100351,2016년 4월 12일 15시,화요일,경상북도 경산시 자인면,경상사고,0,0,1,0,차대차 - 기타,신호위반,건조,맑음,교차로 - 교차로안,화물,남,48세,상해없음,화물,남,45세,경상
2016041200100352,2016년 4월 12일 15시,화요일,경상북도 청송군 진보면,중상사고,0,2,1,0,차대차 - 정면충돌,중앙선침범,건조,맑음,단일로 - 기타,승용,여,52세,경상,승합,남,46세,상해없음
2016041200100380,2016년 4월 12일 16시,화요일,경상북도 경주시 황성동,경상사고,0,0,1,0,차대차 - 측면충돌,안전운전불이행,건조,맑음,교차로 - 교차로부근,이륜,남,62세,경상,승용,여,23세,상해없음
2016041200100381,2016년 4월 12일 16시,화요일,경상북도 포항시 북구 양덕동,경상사고,0,0,1,0,차대차 - 정면충돌,안전운전불이행,건조,맑음,교차로 - 교차로안,승용,남,45세,상해없음,승용,여,53세,경상
2016041200100382,2016년 4월 12일 16시,화요일,경상북도 안동시 평화동,경상사고,0,0,1,0,차대사람 - 횡단중,보행자보호의무위반,건조,맑음,교차로 - 교차로부근,기타불명,기타불명,기타불명,기타불명,보행자,여,6세,경상
2016041200100383,2016년 4월 12일 16시,화요일,경상북도 김천시 신음동,경상사고,0,0,1,0,차대차 - 측면충돌,중앙선침범,건조,맑음,교차로 - 교차로부근,승용,여,42세,상해없음,승용,여,35세,경상
2016041200100384,2016년 4월 12일 16시,화요일,경상북도 상주시 화산동,중상사고,0,1,0,0,차량단독 - 전도전복,안전운전불이행,건조,맑음,단일로 - 기타,이륜,남,50세,중상,,,,
2016041200100464,2016년 4월 12일 18시,화요일,경상북도 포항시 북구 동빈1가,경상사고,0,0,1,0,차대차 - 측면충돌,안전운전불이행,건조,맑음,교차로 - 교차로안,승용,남,75세,상해없음,승용,남,47세,경상
2016041200100465,2016년 4월 12일 18시,화요일,경상북도 봉화군 봉화읍,부상신고사고,0,0,0,1,차대사람 - 기타,안전운전불이행,건조,맑음,단일로 - 기타,승용,여,68세,상해없음,보행자,여,51세,부상신고
2016041200100466,2016년 4월 12일 18시,화요일,경상북도 구미시 진평동,경상사고,0,0,1,0,차대차 - 기타,기타,건조,맑음,단일로 - 기타,기타불명,기타불명,기타불명,기타불명,자전거,남,12세,경상
2016041200100467,2016년 4월 12일 18시,화요일,경상북도 구미시 고아읍,중상사고,0,1,0,0,차대사람 - 횡단중,안전운전불이행,건조,맑음,단일로 - 기타,승용,남,63세,상해없음,보행자,여,60세,중상
2016041200100503,2016년 4월 12일 19시,화요일,경상북도 경산시 백천동,중상사고,0,1,0,0,차대차 - 추돌,안전운전불이행,건조,맑음,교차로 - 교차로부근,승용,남,51세,상해없음,승용,남,40세,중상
2016041200100504,2016년 4월 12일 19시,화요일,경상북도 포항시 남구 연일읍,경상사고,0,0,1,0,차대사람 - 횡단중,안전운전불이행,건조,맑음,단일로 - 기타,승용,남,62세,상해없음,보행자,여,55세,경상
2016041200100542,2016년 4월 12일 20시,화요일,경상북도 경주시 내남면,중상사고,0,1,0,0,차대사람 - 횡단중,안전운전불이행,건조,맑음,교차로 - 교차로안,승용,남,77세,상해없음,보행자,남,62세,중상
2016041200100543,2016년 4월 12일 20시,화요일,경상북도 안동시 법흥동,경상사고,0,0,2,0,차대차 - 측면직각충돌,안전운전불이행,건조,맑음,단일로 - 기타,화물,남,57세,상해없음,승용,남,41세,경상
2016041200100544,2016년 4월 12일 20시,화요일,경상북도 칠곡군 가산면,경상사고,0,0,2,1,차대차 - 정면충돌,중앙선침범,건조,맑음,단일로 - 기타,화물,남,56세,부상신고,승용,남,48세,상해없음
2016041200100545,2016년 4월 12일 20시,화요일,경상북도 경산시 진량읍,중상사고,0,1,0,0,차대차 - 기타,안전운전불이행,건조,맑음,교차로 - 교차로안,승용,남,22세,상해없음,이륜,남,20세,중상
2016041200100546,2016년 4월 12일 20시,화요일,경상북도 포항시 남구 상도동,경상사고,0,0,1,0,차대사람 - 기타,안전운전불이행,건조,맑음,교차로 - 교차로부근,승용,남,44세,상해없음,보행자,남,29세,경상
2016041200100584,2016년 4월 12일 21시,화요일,경상북도 고령군 쌍림면,중상사고,0,1,0,0,차대사람 - 횡단중,안전운전불이행,건조,맑음,교차로 - 교차로안,승용,여,40세,상해없음,보행자,남,36세,중상
2016041200100585,2016년 4월 12일 21시,화요일,경상북도 구미시 신평동,경상사고,0,0,1,0,차대차 - 기타,안전운전불이행,건조,맑음,기타 - 기타,승용,남,48세,상해없음,승용,남,39세,경상
2016041200100621,2016년 4월 12일 22시,화요일,경상북도 구미시 진평동,경상사고,0,0,2,0,차대차 - 측면충돌,안전운전불이행,건조,흐림,교차로 - 교차로안,승용,남,37세,상해없음,승용,남,49세,경상
2016041200100659,2016년 4월 12일 23시,화요일,경상북도 경산시 하양읍,중상사고,0,1,0,0,차대차 - 기타,안전거리미확보,습기,비,단일로 - 기타,승용,남,44세,상해없음,승용,여,49세,중상
2016041200100660,2016년 4월 12일 23시,화요일,경상북도 울진군 울진읍,중상사고,0,2,0,1,차대차 - 정면충돌,안전운전불이행,건조,맑음,교차로 - 교차로안,승용,남,34세,부상신고,승용,여,44세,중상
2016041300100015,2016년 4월 13일 00시,수요일,경상북도 구미시 공단동,경상사고,0,0,2,0,차량단독 - 공작물충돌,안전운전불이행,습기,비,단일로 - 기타,승용,남,22세,경상,,,,
2016041300100042,2016년 4월 13일 01시,수요일,경상북도 구미시 도량동,경상사고,0,0,1,0,차대차 - 추돌,안전운전불이행,건조,맑음,교차로 - 교차로부근,승용,남,56세,상해없음,승용,남,52세,상해없음
2016041300100062,2016년 4월 13일 02시,수요일,경상북도 안동시 동부동,경상사고,0,0,1,0,차대차 - 정면충돌,안전운전불이행,습기,비,교차로 - 교차로안,승용,남,43세,상해없음,이륜,남,19세,경상
2016041300100063,2016년 4월 13일 02시,수요일,경상북도 경산시 조영동,경상사고,0,0,3,0,차대차 - 기타,안전운전불이행,건조,맑음,단일로 - 기타,승용,남,23세,상해없음,승용,여,46세,경상
2016041300100080,2016년 4월 13일 03시,수요일,경상북도 안동시 옥야동,중상사고,0,1,1,0,차대차 - 기타,교차로운행방법위반,습기,비,교차로 - 교차로부근,승용,남,61세,상해없음,승용,남,58세,중상
2016041300100095,2016년 4월 13일 04시,수요일,경상북도 김천시 남산동,사망사고,1,0,0,0,차대사람 - 횡단중,안전운전불이행,습기,비,단일로 - 기타,승합,남,37세,상해없음,보행자,여,78세,사망
2016041300100134,2016년 4월 13일 06시,수요일,경상북도 상주시 서문동,경상사고,0,0,1,1,차대차 - 추돌,안전운전불이행,습기,비,교차로 - 교차로부근,승용,남,26세,부상신고,화물,남,64세,경상
2016041300100135,2016년 4월 13일 06시,수요일,경상북도 포항시 남구 대도동,경상사고,0,0,1,0,차대차 - 기타,안전운전불이행,습기,비,단일로 - 기타,승용,남,28세,상해없음,승용,남,56세,경상
2016041300100150,2016년 4월 13일 07시,수요일,경상북도 구미시 오태동,경상사고,0,0,1,0,차대차 - 기타,안전운전불이행,습기,흐림,단일로 - 기타,승용,남,56세,기타불명,승용,남,53세,경상
2016041300100177,2016년 4월 13일 08시,수요일,경상북도 안동시 길안면,중상사고,0,1,1,0,차대차 - 기타,중앙선침범,습기,비,교차로 - 교차로부근,승용,여,56세,상해없음,승합,남,32세,상해없음
2016041300100178,2016년 4월 13일 08시,수요일,경상북도 영천시 북안면,경상사고,0,0,1,0,차대차 - 추돌,안전운전불이행,습기,비,교차로 - 교차로부근,승용,여,60세,상해없음,승용,여,57세,경상
2016041300100207,2016년 4월 13일 09시,수요일,경상북도 구미시 임수동,경상사고,0,0,1,0,차대차 - 측면충돌,신호위반,습기,비,교차로 - 교차로안,승용,여,40세,상해없음,승용,여,52세,경상
2016041300100233,2016년 4월 13일 10시,수요일,경상북도 경주시 인왕동,경상사고,0,0,4,0,차대차 - 측면충돌,신호위반,습기,비,교차로 - 교차로안,승용,남,62세,상해없음,승용,여,49세,경상
2016041300100234,2016년 4월 13일 10시,수요일,경상북도 포항시 북구 장성동,경상사고,0,0,1,0,차대차 - 정면충돌,안전운전불이행,습기,비,단일로 - 기타,승용,여,40세,상해없음,승용,여,23세,경상
2016041300100235,2016년 4월 13일 10시,수요일,경상북도 울진군 북면,중상사고,0,1,0,0,차대차 - 정면충돌,안전운전불이행,건조,맑음,교차로 - 교차로안,농기계,남,81세,중상,승용,남,34세,상해없음
2016041300100236,2016년 4월 13일 10시,수요일,경상북도 구미시 고아읍,중상사고,0,1,11,1,차대차 - 추돌,안전운전불이행,습기,비,단일로 - 기타,화물,남,27세,상해없음,승합,남,61세,경상
2016041300100264,2016년 4월 13일 11시,수요일,경상북도 포항시 북구 장성동,경상사고,0,0,2,0,차대차 - 정면충돌,안전거리미확보,습기,비,교차로 - 교차로부근,승용,남,54세,상해없음,화물,남,41세,경상
2016041300100265,2016년 4월 13일 11시,수요일,경상북도 상주시 사벌면,경상사고,0,0,1,0,차대차 - 측면직각충돌,안전운전불이행,습기,비,단일로 - 기타,화물,남,57세,상해없음,화물,남,62세,경상
2016041300100266,2016년 4월 13일 11시,수요일,경상북도 영양군 입암면,중상사고,0,1,0,0,차량단독 - 전도전복,안전운전불이행,습기,비,단일로 - 기타,화물,남,62세,중상,,,,
2016041300100267,2016년 4월 13일 11시,수요일,경상북도 구미시 상모동,경상사고,0,0,1,0,차대차 - 측면직각충돌,직진우회전진행방해,습기,비,단일로 - 기타,승용,남,32세,상해없음,승용,남,44세,경상
2016041300100299,2016년 4월 13일 12시,수요일,경상북도 경주시 서부동,사망사고,1,0,0,0,차대사람 - 횡단중,보행자보호의무위반,습기,비,교차로 - 교차로안,화물,남,27세,상해없음,보행자,여,68세,사망
2016041300100300,2016년 4월 13일 12시,수요일,경상북도 안동시 안막동,경상사고,0,0,1,0,차대차 - 측면직각충돌,신호위반,건조,맑음,교차로 - 교차로안,승용,남,69세,상해없음,화물,남,53세,경상
2016041300100301,2016년 4월 13일 12시,수요일,경상북도 영주시 영주동,경상사고,0,0,2,0,차대차 - 측면충돌,교차로운행방법위반,습기,비,교차로 - 교차로안,승용,남,51세,경상,화물,여,56세,경상
2016041300100302,2016년 4월 13일 12시,수요일,경상북도 구미시 봉곡동,중상사고,0,4,0,0,차대차 - 측면충돌,중앙선침범,건조,흐림,단일로 - 기타,승용,여,42세,상해없음,승용,남,29세,중상
2016041300100331,2016년 4월 13일 13시,수요일,경상북도 경주시 북부동,중상사고,0,1,0,0,차대사람 - 길가장자리구역통행중,안전운전불이행,습기,흐림,교차로 - 교차로안,화물,남,62세,상해없음,보행자,여,67세,중상
2016041300100332,2016년 4월 13일 13시,수요일,경상북도 문경시 흥덕동,경상사고,0,0,2,0,차대차 - 기타,안전운전불이행,습기,비,단일로 - 기타,승용,남,47세,상해없음,원동기,남,17세,경상
2016041300100333,2016년 4월 13일 13시,수요일,경상북도 봉화군 물야면,경상사고,0,0,2,0,차대차 - 측면직각충돌,안전운전불이행,습기,맑음,단일로 - 기타,화물,남,74세,경상,화물,남,47세,경상
2016041300100359,2016년 4월 13일 14시,수요일,경상북도 포항시 북구 남빈동,경상사고,0,0,5,0,차대차 - 측면충돌,안전운전불이행,건조,맑음,단일로 - 기타,승용,남,32세,경상,승용,여,63세,경상
2016041300100360,2016년 4월 13일 14시,수요일,경상북도 성주군 용암면,경상사고,0,0,1,0,차대차 - 정면충돌,불법유턴,건조,맑음,단일로 - 기타,화물,남,67세,상해없음,승용,여,29세,경상
2016041300100395,2016년 4월 13일 15시,수요일,경상북도 의성군 의성읍,경상사고,0,0,1,0,차대사람 - 기타,안전운전불이행,습기,흐림,단일로 - 기타,화물,여,66세,상해없음,보행자,남,22세,경상
2016041300100396,2016년 4월 13일 15시,수요일,경상북도 경산시 상방동,경상사고,0,0,1,0,차대차 - 정면충돌,중앙선침범,건조,맑음,교차로 - 교차로안,승용,여,51세,상해없음,승용,남,27세,경상
2016041300100397,2016년 4월 13일 15시,수요일,경상북도 구미시 인의동,경상사고,0,0,1,0,차대차 - 측면충돌,안전운전불이행,건조,맑음,단일로 - 기타,승용,여,50세,기타불명,승용,여,50세,경상
2016041300100428,2016년 4월 13일 16시,수요일,경상북도 예천군 풍양면,중상사고,0,1,0,0,차대차 - 측면직각충돌,안전운전불이행,습기,흐림,교차로 - 교차로안,화물,남,61세,상해없음,이륜,남,84세,중상
2016041300100469,2016년 4월 13일 17시,수요일,경상북도 포항시 북구 우현동,경상사고,0,0,3,0,차대차 - 정면충돌,직진우회전진행방해,건조,맑음,단일로 - 기타,승용,여,46세,상해없음,승용,남,40세,상해없음
2016041300100470,2016년 4월 13일 17시,수요일,경상북도 의성군 봉양면,중상사고,0,1,0,0,차대차 - 측면충돌,안전운전불이행,건조,맑음,단일로 - 기타,승합,남,61세,상해없음,화물,남,77세,중상
2016041300100471,2016년 4월 13일 17시,수요일,경상북도 영주시 풍기읍,중상사고,0,1,0,0,차대차 - 측면충돌,직진우회전진행방해,건조,맑음,교차로 - 교차로안,승용,남,34세,상해없음,원동기,남,19세,중상
2016041300100472,2016년 4월 13일 17시,수요일,경상북도 고령군 다산면,경상사고,0,0,1,0,차대차 - 기타,직진우회전진행방해,건조,맑음,교차로 - 교차로안,승용,남,40세,상해없음,승용,남,58세,경상
2016041300100513,2016년 4월 13일 18시,수요일,경상북도 영주시 영주동,중상사고,0,1,0,0,차대사람 - 횡단중,안전운전불이행,건조,맑음,단일로 - 기타,승용,여,60세,상해없음,보행자,남,58세,중상
2016041300100514,2016년 4월 13일 18시,수요일,경상북도 구미시 광평동,경상사고,0,0,1,0,차대차 - 기타,기타,건조,맑음,단일로 - 기타,승용,남,31세,상해없음,자전거,남,58세,경상
2016041300100515,2016년 4월 13일 18시,수요일,경상북도 포항시 남구 지곡동,경상사고,0,0,1,0,차대차 - 기타,안전운전불이행,습기,비,단일로 - 기타,이륜,남,38세,경상,승용,남,39세,상해없음
2016041300100516,2016년 4월 13일 18시,수요일,경상북도 포항시 남구 연일읍,경상사고,0,0,1,0,차대차 - 측면직각충돌,안전운전불이행,건조,맑음,단일로 - 기타,화물,남,53세,상해없음,승용,여,34세,경상
2016041300100517,2016년 4월 13일 18시,수요일,경상북도 고령군 성산면,중상사고,0,1,1,0,차대차 - 추돌,안전운전불이행,습기,비,단일로 - 기타,승합,남,39세,상해없음,승용,남,30세,중상
2016041300100518,2016년 4월 13일 18시,수요일,경상북도 경산시 진량읍,경상사고,0,0,1,0,차대차 - 추돌,안전운전불이행,건조,맑음,단일로 - 기타,화물,남,42세,상해없음,화물,남,51세,경상
2016041300100620,2016년 4월 13일 22시,수요일,경상북도 경산시 자인면,경상사고,0,0,2,0,차대차 - 추돌,안전운전불이행,건조,맑음,교차로 - 교차로부근,승용,남,59세,상해없음,승용,여,36세,경상
2016041300100636,2016년 4월 13일 23시,수요일,경상북도 경산시 중방동,중상사고,0,2,0,0,차대차 - 기타,안전운전불이행,건조,맑음,교차로 - 교차로부근,승용,남,40세,상해없음,승용,남,31세,중상
2016041400100007,2016년 4월 14일 00시,목요일,경상북도 구미시 진평동,경상사고,0,0,1,0,차대차 - 추돌,안전운전불이행,습기,비,교차로 - 교차로부근,승용,남,25세,상해없음,승용,남,33세,경상
2016041400100061,2016년 4월 14일 06시,목요일,경상북도 상주시 화서면,사망사고,1,0,0,0,차대사람 - 횡단중,안전운전불이행,건조,맑음,단일로 - 기타,승용,남,62세,상해없음,보행자,여,65세,사망
2016041400100081,2016년 4월 14일 07시,목요일,경상북도 경주시 외동읍,경상사고,0,0,1,0,차대차 - 추돌,안전운전불이행,건조,맑음,교차로 - 교차로부근,승용,여,57세,상해없음,승용,여,31세,경상
2016041400100082,2016년 4월 14일 07시,목요일,경상북도 영주시 휴천동,경상사고,0,0,2,0,차대차 - 측면충돌,안전운전불이행,건조,맑음,교차로 - 교차로부근,자전거,남,74세,경상,승용,여,28세,경상
2016041400100083,2016년 4월 14일 07시,목요일,경상북도 경산시 압량면,경상사고,0,0,1,0,차대차 - 기타,안전운전불이행,건조,맑음,교차로 - 교차로부근,승용,여,42세,상해없음,승용,여,31세,경상
2016041400100084,2016년 4월 14일 07시,목요일,경상북도 구미시 임수동,경상사고,0,0,1,0,차대차 - 측면직각충돌,교차로운행방법위반,건조,맑음,교차로 - 교차로안,승용,남,46세,상해없음,승용,남,27세,경상
2016041400100130,2016년 4월 14일 08시,목요일,경상북도 안동시 태화동,경상사고,0,0,1,0,차대차 - 정면충돌,교차로운행방법위반,건조,맑음,교차로 - 교차로안,승용,여,68세,상해없음,승용,남,41세,경상
2016041400100131,2016년 4월 14일 08시,목요일,경상북도 김천시 용두동,경상사고,0,0,1,0,차대차 - 측면충돌,안전운전불이행,건조,맑음,단일로 - 기타,화물,남,67세,상해없음,자전거,여,51세,경상
2016041400100220,2016년 4월 14일 11시,목요일,경상북도 경산시 남산면,경상사고,0,0,2,0,차대차 - 정면충돌,과속,건조,맑음,교차로 - 교차로부근,화물,남,41세,경상,승용,남,50세,경상
2016041400100221,2016년 4월 14일 11시,목요일,경상북도 구미시 구포동,중상사고,0,1,0,0,차대사람 - 횡단중,안전운전불이행,건조,맑음,단일로 - 기타,승용,남,67세,상해없음,보행자,여,76세,중상
2016041400100222,2016년 4월 14일 11시,목요일,경상북도 포항시 남구 오천읍,경상사고,0,0,2,0,차대차 - 추돌,안전운전불이행,건조,맑음,단일로 - 기타,승용,남,35세,경상,화물,남,71세,경상
2016041400100276,2016년 4월 14일 13시,목요일,경상북도 경산시 계양동,경상사고,0,0,2,0,차대차 - 측면직각충돌,불법유턴,건조,맑음,교차로 - 교차로부근,승용,여,59세,경상,승용,남,46세,경상
2016041400100277,2016년 4월 14일 13시,목요일,경상북도 경산시 하양읍,경상사고,0,0,1,0,차대차 - 기타,안전운전불이행,건조,맑음,교차로 - 교차로안,이륜,남,19세,상해없음,자전거,여,57세,경상
2016041400100299,2016년 4월 14일 14시,목요일,경상북도 의성군 점곡면,중상사고,0,1,0,0,차대차 - 정면충돌,중앙선침범,건조,맑음,단일로 - 기타,화물,남,60세,상해없음,화물,남,64세,중상
2016041400100336,2016년 4월 14일 15시,목요일,경상북도 안동시 송현동,경상사고,0,0,1,0,차대차 - 추돌,안전운전불이행,건조,맑음,교차로 - 교차로부근,화물,남,55세,상해없음,승용,남,35세,경상
2016041400100381,2016년 4월 14일 16시,목요일,경상북도 포항시 북구 항구동,경상사고,0,0,1,0,차대사람 - 길가장자리구역통행중,안전운전불이행,건조,맑음,단일로 - 기타,승용,남,27세,상해없음,보행자,여,50세,경상
2016041400100382,2016년 4월 14일 16시,목요일,경상북도 상주시 성하동,중상사고,0,1,0,0,차대차 - 측면직각충돌,신호위반,건조,맑음,교차로 - 교차로안,자전거,남,30세,상해없음,이륜,남,22세,중상
2016041400100383,2016년 4월 14일 16시,목요일,경상북도 영주시 휴천동,경상사고,0,0,1,0,차대차 - 측면충돌,중앙선침범,건조,맑음,단일로 - 기타,승용,남,26세,상해없음,승용,남,26세,경상
2016041400100384,2016년 4월 14일 16시,목요일,경상북도 구미시 임은동,사망사고,1,0,1,0,차대사람 - 횡단중,기타,건조,맑음,단일로 - 기타,승용,여,38세,상해없음,보행자,남,7세,사망
2016041400100385,2016년 4월 14일 16시,목요일,경상북도 포항시 남구 이동,경상사고,0,0,3,0,차대차 - 추돌,안전운전불이행,건조,맑음,단일로 - 기타,승용,여,52세,경상,승용,남,62세,경상
2016041400100428,2016년 4월 14일 17시,목요일,경상북도 안동시 금곡동,경상사고,0,0,1,0,차대차 - 정면충돌,안전운전불이행,건조,맑음,기타 - 기타,승용,남,57세,상해없음,승용,남,41세,경상
2016041400100429,2016년 4월 14일 17시,목요일,경상북도 김천시 삼락동,중상사고,0,1,0,0,차대차 - 정면충돌,교차로운행방법위반,건조,맑음,교차로 - 교차로안,화물,남,61세,상해없음,이륜,남,81세,중상
2016041400100430,2016년 4월 14일 17시,목요일,경상북도 문경시 점촌동,중상사고,0,1,0,0,차대사람 - 보도통행중,기타,기타,맑음,기타 - 기타,화물,남,48세,상해없음,보행자,여,85세,중상
2016041400100431,2016년 4월 14일 17시,목요일,경상북도 경산시 하양읍,중상사고,0,1,0,0,차대차 - 기타,교차로운행방법위반,건조,맑음,교차로 - 교차로안,자전거,남,10세,중상,승용,여,48세,상해없음
2016041400100472,2016년 4월 14일 18시,목요일,경상북도 칠곡군 동명면,경상사고,0,0,1,0,차대차 - 기타,안전운전불이행,건조,맑음,교차로 - 교차로부근,승용,남,55세,상해없음,승용,여,46세,경상
2016041400100473,2016년 4월 14일 18시,목요일,경상북도 울진군 북면,중상사고,0,1,0,0,차량단독 - 전도전복,안전운전불이행,건조,맑음,단일로 - 기타,승용,남,65세,중상,,,,
2016041400100506,2016년 4월 14일 19시,목요일,경상북도 경주시 건천읍,경상사고,0,0,1,0,차대차 - 추돌,안전운전불이행,건조,맑음,단일로 - 기타,승용,남,49세,기타불명,승용,여,59세,경상
2016041400100507,2016년 4월 14일 19시,목요일,경상북도 안동시 태화동,경상사고,0,0,1,0,차대차 - 정면충돌,중앙선침범,건조,맑음,단일로 - 기타,승용,남,67세,상해없음,승용,여,53세,경상
2016041400100508,2016년 4월 14일 19시,목요일,경상북도 예천군 용문면,중상사고,0,1,0,0,차대사람 - 길가장자리구역통행중,안전운전불이행,건조,맑음,단일로 - 기타,이륜,남,62세,상해없음,보행자,여,72세,중상
2016041400100509,2016년 4월 14일 19시,목요일,경상북도 봉화군 봉화읍,경상사고,0,0,1,0,차량단독 - 전도전복,안전운전불이행,건조,맑음,단일로 - 기타,승용,여,68세,기타불명,,,,