사고번호,사고일시,요일,시군구,사고내용,사망자수,중상자수,경상자수,부상신고자수,사고유형,법규위반,노면상태,기상상태,도로형태,가해운전자 차종,가해운전자 성별,가해운전자 연령,가해운전자 상해정도,피해운전자 차종,피해운전자 성별,피해운전자 연령,피해운전자 상해정도
2016041400100536,2016년 4월 14일 20시,목요일,경상북도 경주시 배반동,중상사고,0,1,0,0,차대사람 - 기타,안전운전불이행,건조,맑음,교차로 - 교차로안,승용,남,30세,상해없음,보행자,남,49세,중상
2016041400100537,2016년 4월 14일 20시,목요일,경상북도 포항시 북구 우현동,경상사고,0,0,1,0,차대사람 - 횡단중,안전운전불이행,건조,맑음,교차로 - 교차로안,승용,남,18세,상해없음,보행자,여,46세,경상
2016041400100538,2016년 4월 14일 20시,목요일,경상북도 김천시 부곡동,중상사고,0,1,0,0,차대사람 - 횡단중,안전운전불이행,건조,맑음,교차로 - 교차로안,승용,남,43세,상해없음,보행자,남,32세,중상
2016041400100539,2016년 4월 14일 20시,목요일,경상북도 경산시 하양읍,중상사고,0,1,1,0,차대사람 - 횡단중,안전운전불이행,건조,맑음,단일로 - 기타,이륜,남,18세,경상,보행자,여,78세,중상
2016041400100571,2016년 4월 14일 21시,목요일,경상북도 포항시 북구 학산동,중상사고,0,1,0,0,차대사람 - 횡단중,안전운전불이행,건조,맑음,단일로 - 기타,승용,남,46세,상해없음,보행자,남,51세,중상
2016041400100572,2016년 4월 14일 21시,목요일,경상북도 영천시 망정동,중상사고,0,1,1,0,차대차 - 측면충돌,안전운전불이행,건조,맑음,교차로 - 교차로안,승합,남,36세,상해없음,원동기,남,60세,경상
2016041400100573,2016년 4월 14일 21시,목요일,경상북도 구미시 도량동,경상사고,0,0,3,0,차대차 - 측면충돌,안전운전불이행,건조,맑음,교차로 - 교차로부근,승용,남,55세,기타불명,승용,여,37세,경상
2016041400100600,2016년 4월 14일 22시,목요일,경상북도 김천시 부곡동,경상사고,0,0,3,0,차대차 - 추돌,안전운전불이행,건조,흐림,단일로 - 기타,승용,여,53세,상해없음,승용,남,39세,경상
2016041400100628,2016년 4월 14일 23시,목요일,경상북도 경주시 성건동,경상사고,0,0,3,1,차대차 - 측면충돌,안전운전불이행,건조,맑음,교차로 - 교차로안,승용,여,32세,부상신고,승용,남,62세,경상
2016041400100629,2016년 4월 14일 23시,목요일,경상북도 포항시 북구 두호동,경상사고,0,0,2,1,차대차 - 측면충돌,안전거리미확보,건조,맑음,교차로 - 교차로안,이륜,남,27세,경상,승용,남,23세,경상
2016041500100017,2016년 4월 15일 00시,금요일,경상북도 경주시 안강읍,경상사고,0,0,1,0,차량단독 - 전도전복,안전운전불이행,건조,맑음,단일로 - 기타,승용,남,49세,경상,,,,
2016041500100018,2016년 4월 15일 00시,금요일,경상북도 안동시 운흥동,중상사고,0,1,0,0,차대차 - 측면충돌,교차로운행방법위반,습기,비,교차로 - 교차로안,승용,남,60세,상해없음,승용,남,25세,중상
2016041500100050,2016년 4월 15일 03시,금요일,경상북도 경주시 성동동,중상사고,0,1,0,0,차대사람 - 기타,안전운전불이행,건조,맑음,단일로 - 기타,화물,남,63세,상해없음,보행자,남,43세,중상
2016041500100061,2016년 4월 15일 04시,금요일,경상북도 성주군 성주읍,경상사고,0,0,1,0,차량단독 - 공작물충돌,안전운전불이행,건조,맑음,단일로 - 기타,화물,남,41세,경상,,,,
2016041500100073,2016년 4월 15일 05시,금요일,경상북도 경주시 천군동,경상사고,0,0,1,0,차량단독 - 전도전복,안전운전불이행,습기,비,단일로 - 기타,승용,남,24세,상해없음,,,,
2016041500100084,2016년 4월 15일 06시,금요일,경상북도 칠곡군 약목면,중상사고,0,1,2,0,차대차 - 측면충돌,직진우회전진행방해,건조,맑음,교차로 - 교차로안,승용,남,39세,상해없음,화물,남,68세,중상
2016041500100103,2016년 4월 15일 07시,금요일,경상북도 포항시 북구 흥해읍,경상사고,0,0,2,0,차대차 - 측면충돌,차로위반,건조,맑음,교차로 - 교차로안,승합,남,57세,상해없음,승합,남,49세,경상
2016041500100105,2016년 4월 15일 07시,금요일,경상북도 영주시 영주동,중상사고,0,1,0,0,차대차 - 정면충돌,신호위반,건조,맑음,단일로 - 기타,승합,남,38세,상해없음,이륜,남,55세,중상
2016041500100147,2016년 4월 15일 08시,금요일,경상북도 경주시 양북면,중상사고,0,3,0,0,차대차 - 측면직각충돌,안전운전불이행,건조,맑음,교차로 - 교차로안,승용,남,44세,중상,승용,남,36세,중상
2016041500100148,2016년 4월 15일 08시,금요일,경상북도 영천시 문외동,중상사고,0,1,0,0,차대사람 - 횡단중,안전운전불이행,건조,맑음,단일로 - 기타,승용,남,68세,상해없음,보행자,여,73세,중상
2016041500100149,2016년 4월 15일 08시,금요일,경상북도 포항시 남구 구룡포읍,중상사고,0,1,0,0,차대차 - 정면충돌,중앙선침범,건조,맑음,단일로 - 기타,승용,여,26세,상해없음,승용,여,69세,중상
2016041500100201,2016년 4월 15일 10시,금요일,경상북도 경주시 황오동,중상사고,0,2,1,0,차대차 - 측면직각충돌,신호위반,건조,맑음,교차로 - 교차로안,원동기,남,62세,경상,승용,여,27세,중상
2016041500100202,2016년 4월 15일 10시,금요일,경상북도 안동시 당북동,경상사고,0,0,2,0,차대차 - 추돌,안전거리미확보,건조,맑음,단일로 - 기타,승용,여,30세,상해없음,화물,남,53세,경상
2016041500100203,2016년 4월 15일 10시,금요일,경상북도 김천시 모암동,중상사고,0,1,0,0,차대차 - 측면충돌,중앙선침범,건조,맑음,단일로 - 기타,승용,남,55세,상해없음,이륜,남,52세,중상
2016041500100204,2016년 4월 15일 10시,금요일,경상북도 구미시 오태동,중상사고,0,1,0,0,차대차 - 측면충돌,직진우회전진행방해,건조,맑음,교차로 - 교차로안,화물,남,55세,기타불명,화물,남,40세,중상
2016041500100231,2016년 4월 15일 11시,금요일,경상북도 포항시 북구 죽도동,중상사고,0,1,0,0,차대사람 - 횡단중,안전운전불이행,건조,맑음,단일로 - 기타,이륜,남,66세,상해없음,보행자,여,76세,중상
2016041500100260,2016년 4월 15일 12시,금요일,경상북도 경주시 성건동,경상사고,0,0,1,0,차대차 - 정면충돌,기타,건조,맑음,단일로 - 기타,승용,여,34세,상해없음,화물,남,55세,경상
2016041500100261,2016년 4월 15일 12시,금요일,경상북도 영천시 완산동,경상사고,0,0,2,0,차대차 - 측면직각충돌,교차로운행방법위반,건조,맑음,교차로 - 교차로부근,화물,남,43세,상해없음,승용,남,65세,경상
2016041500100262,2016년 4월 15일 12시,금요일,경상북도 경산시 중방동,중상사고,0,1,0,0,차대차 - 정면충돌,안전운전불이행,건조,맑음,교차로 - 교차로안,승용,남,45세,기타불명,승용,여,43세,중상
2016041500100263,2016년 4월 15일 12시,금요일,경상북도 영덕군 영해면,경상사고,0,0,2,0,차대차 - 추돌,안전거리미확보,건조,맑음,단일로 - 기타,승용,남,18세,상해없음,승용,남,53세,경상
2016041500100296,2016년 4월 15일 13시,금요일,경상북도 포항시 북구 죽도동,부상신고사고,0,0,0,1,차대차 - 측면직각충돌,기타,건조,맑음,단일로 - 기타,이륜,남,30세,부상신고,승용,남,52세,상해없음
2016041500100297,2016년 4월 15일 13시,금요일,경상북도 포항시 남구 이동,중상사고,0,2,0,0,차대차 - 측면직각충돌,안전거리미확보,건조,맑음,단일로 - 기타,승용,여,49세,상해없음,승합,남,50세,상해없음
2016041500100329,2016년 4월 15일 14시,금요일,경상북도 경산시 옥곡동,경상사고,0,0,1,0,차대사람 - 횡단중,안전운전불이행,건조,맑음,단일로 - 기타,승용,여,40세,상해없음,보행자,여,8세,경상
2016041500100330,2016년 4월 15일 14시,금요일,경상북도 성주군 용암면,중상사고,0,3,1,0,차대차 - 측면충돌,안전운전불이행,건조,맑음,기타 - 기타,승용,남,40세,상해없음,승용,여,64세,중상
2016041500100331,2016년 4월 15일 14시,금요일,경상북도 구미시 고아읍,부상신고사고,0,0,0,1,차대차 - 측면충돌,교차로운행방법위반,건조,맑음,교차로 - 교차로안,원동기,여,57세,부상신고,승용,여,31세,상해없음
2016041500100332,2016년 4월 15일 14시,금요일,경상북도 구미시 원평동,경상사고,0,0,2,0,차대차 - 기타,직진우회전진행방해,건조,맑음,교차로 - 교차로안,화물,남,70세,경상,승용,여,34세,경상
2016041500100333,2016년 4월 15일 14시,금요일,경상북도 김천시 아포읍,중상사고,0,1,1,0,차대차 - 추돌,안전운전불이행,건조,맑음,단일로 - 기타,승용,남,31세,경상,화물,남,61세,기타불명
2016041500100370,2016년 4월 15일 15시,금요일,경상북도 영천시 완산동,경상사고,0,0,1,0,차대차 - 측면직각충돌,안전거리미확보,건조,맑음,교차로 - 교차로부근,승합,남,59세,상해없음,승용,여,48세,경상
2016041500100371,2016년 4월 15일 15시,금요일,경상북도 구미시 산동면,중상사고,0,1,0,0,차대차 - 측면충돌,안전운전불이행,건조,맑음,교차로 - 교차로안,승용,남,29세,상해없음,원동기,남,41세,중상
2016041500100419,2016년 4월 15일 16시,금요일,경상북도 문경시 모전동,경상사고,0,0,2,0,차대차 - 기타,직진우회전진행방해,건조,맑음,교차로 - 교차로안,승용,남,23세,상해없음,승용,남,63세,경상
2016041500100420,2016년 4월 15일 16시,금요일,경상북도 포항시 남구 해도동,중상사고,0,1,0,0,차대차 - 측면직각충돌,교차로운행방법위반,건조,맑음,교차로 - 교차로부근,승용,남,72세,상해없음,이륜,남,70세,중상
2016041500100462,2016년 4월 15일 17시,금요일,경상북도 영주시 휴천동,경상사고,0,0,1,0,차대사람 - 횡단중,안전운전불이행,건조,맑음,단일로 - 기타,승용,여,37세,상해없음,보행자,남,8세,경상
2016041500100463,2016년 4월 15일 17시,금요일,경상북도 경산시 진량읍,경상사고,0,0,1,0,차대차 - 측면충돌,신호위반,건조,맑음,교차로 - 교차로안,화물,남,64세,상해없음,승합,남,34세,경상
2016041500100464,2016년 4월 15일 17시,금요일,경상북도 구미시 도량동,중상사고,0,1,0,0,차대사람 - 횡단중,안전운전불이행,건조,맑음,단일로 - 기타,승용,남,54세,상해없음,보행자,남,59세,중상
2016041500100553,2016년 4월 15일 19시,금요일,경상북도 칠곡군 북삼읍,경상사고,0,0,1,0,차대차 - 측면충돌,중앙선침범,건조,맑음,단일로 - 기타,승용,남,38세,상해없음,승용,남,37세,경상
2016041500100554,2016년 4월 15일 19시,금요일,경상북도 구미시 원평동,경상사고,0,0,1,0,차대사람 - 횡단중,보행자보호의무위반,건조,맑음,교차로 - 교차로안,승용,남,29세,상해없음,보행자,여,50세,경상
2016041500100602,2016년 4월 15일 20시,금요일,경상북도 포항시 북구 흥해읍,중상사고,0,1,0,0,차대사람 - 횡단중,안전운전불이행,건조,맑음,단일로 - 기타,승용,남,59세,상해없음,보행자,여,73세,중상
2016041500100603,2016년 4월 15일 20시,금요일,경상북도 청송군 청송읍,경상사고,0,0,2,0,차량단독 - 전도전복,안전운전불이행,건조,맑음,단일로 - 기타,승용,남,29세,경상,,,,
2016041500100604,2016년 4월 15일 20시,금요일,경상북도 구미시 고아읍,중상사고,0,6,1,0,차대차 - 측면충돌,신호위반,건조,맑음,교차로 - 교차로안,승용,남,69세,경상,승용,남,52세,중상
2016041500100605,2016년 4월 15일 20시,금요일,경상북도 포항시 남구 상도동,경상사고,0,0,1,0,차대차 - 측면직각충돌,안전운전불이행,건조,맑음,단일로 - 기타,승용,남,54세,상해없음,원동기,남,43세,경상
2016041500100639,2016년 4월 15일 21시,금요일,경상북도 경주시 성동동,경상사고,0,0,2,0,차대차 - 추돌,안전운전불이행,건조,맑음,교차로 - 교차로부근,승용,남,30세,상해없음,승용,남,46세,경상
2016041500100678,2016년 4월 15일 22시,금요일,경상북도 영주시 영주동,경상사고,0,0,1,0,차대차 - 측면충돌,안전거리미확보,건조,맑음,단일로 - 기타,자전거,남,23세,상해없음,원동기,남,18세,경상
2016041500100707,2016년 4월 15일 23시,금요일,경상북도 영주시 가흥동,경상사고,0,0,2,0,차대차 - 측면충돌,교차로운행방법위반,건조,맑음,교차로 - 교차로안,승용,남,47세,상해없음,승용,남,58세,상해없음
2016041600100010,2016년 4월 16일 00시,토요일,경상북도 포항시 북구 두호동,중상사고,0,1,0,0,차대사람 - 횡단중,안전운전불이행,건조,맑음,단일로 - 횡단보도상,승용,여,22세,상해없음,보행자,남,57세,중상
2016041600100011,2016년 4월 16일 00시,토요일,경상북도 포항시 남구 대도동,경상사고,0,0,3,0,차대차 - 측면직각충돌,직진우회전진행방해,건조,맑음,교차로 - 교차로안,원동기,남,23세,경상,승용,남,63세,경상
2016041600100040,2016년 4월 16일 01시,토요일,경상북도 경주시 안강읍,중상사고,0,1,0,0,차량단독 - 전도전복,기타,건조,맑음,단일로 - 기타,이륜,남,52세,중상,,,,
2016041600100041,2016년 4월 16일 01시,토요일,경상북도 영덕군 영덕읍,중상사고,0,2,1,0,차대차 - 측면직각충돌,신호위반,건조,맑음,교차로 - 교차로안,화물,남,62세,중상,승용,남,37세,경상
2016041600100064,2016년 4월 16일 02시,토요일,경상북도 경주시 강동면,사망사고,1,0,0,0,차량단독 - 공작물충돌,안전운전불이행,건조,맑음,단일로 - 기타,승용,남,38세,사망,,,,
2016041600100065,2016년 4월 16일 02시,토요일,경상북도 상주시 함창읍,중상사고,0,1,0,0,차량단독 - 기타,안전운전불이행,건조,맑음,단일로 - 기타,화물,남,67세,중상,,,,
2016041600100100,2016년 4월 16일 05시,토요일,경상북도 경산시 백천동,부상신고사고,0,0,0,1,차량단독 - 전도전복,안전운전불이행,건조,맑음,단일로 - 기타,화물,남,23세,부상신고,,,,
2016041600100128,2016년 4월 16일 07시,토요일,경상북도 경산시 진량읍,경상사고,0,0,1,0,차대차 - 기타,중앙선침범,건조,맑음,단일로 - 기타,승용,남,58세,상해없음,승용,남,69세,상해없음
2016041600100187,2016년 4월 16일 09시,토요일,경상북도 봉화군 소천면,경상사고,0,0,1,0,차대차 - 기타,안전운전불이행,건조,맑음,단일로 - 기타,승용,남,59세,상해없음,건설기계,남,62세,경상
2016041600100213,2016년 4월 16일 10시,토요일,경상북도 영덕군 강구면,중상사고,0,1,0,0,차대차 - 정면충돌,중앙선침범,건조,맑음,단일로 - 기타,승용,남,76세,상해없음,이륜,남,61세,중상
2016041600100250,2016년 4월 16일 11시,토요일,경상북도 영덕군 영덕읍,경상사고,0,0,1,0,차대차 - 기타,안전운전불이행,건조,맑음,단일로 - 기타,이륜,남,81세,경상,건설기계,남,68세,상해없음
2016041600100251,2016년 4월 16일 11시,토요일,경상북도 예천군 예천읍,경상사고,0,0,2,0,차대차 - 추돌,안전거리미확보,건조,맑음,단일로 - 기타,승용,남,29세,상해없음,승용,남,35세,경상
2016041600100252,2016년 4월 16일 11시,토요일,경상북도 구미시 옥계동,중상사고,0,1,0,0,차대차 - 기타,안전운전불이행,건조,맑음,교차로 - 교차로안,승용,여,48세,상해없음,자전거,남,6세,중상
2016041600100280,2016년 4월 16일 12시,토요일,경상북도 영천시 임고면,경상사고,0,0,1,0,차대차 - 측면직각충돌,안전운전불이행,건조,맑음,단일로 - 기타,승용,여,54세,상해없음,자전거,남,34세,경상
2016041600100311,2016년 4월 16일 13시,토요일,경상북도 청도군 금천면,경상사고,0,0,1,0,차량단독 - 전도전복,안전운전불이행,건조,맑음,단일로 - 기타,원동기,남,55세,경상,,,,
2016041600100351,2016년 4월 16일 14시,토요일,경상북도 경산시 중산동,경상사고,0,0,2,0,차대차 - 기타,안전운전불이행,건조,맑음,단일로 - 기타,화물,남,62세,상해없음,승용,남,32세,경상
2016041600100352,2016년 4월 16일 14시,토요일,경상북도 구미시 인의동,경상사고,0,0,1,0,차대차 - 정면충돌,중앙선침범,건조,맑음,단일로 - 기타,승용,여,51세,상해없음,이륜,남,42세,경상
2016041600100386,2016년 4월 16일 15시,토요일,경상북도 구미시 선산읍,경상사고,0,0,2,0,차대차 - 추돌,안전운전불이행,건조,맑음,교차로 - 교차로부근,승용,남,52세,상해없음,화물,남,37세,경상
2016041600100418,2016년 4월 16일 16시,토요일,경상북도 칠곡군 가산면,중상사고,0,1,0,1,차량단독 - 전도전복,안전운전불이행,건조,맑음,단일로 - 기타,이륜,남,19세,부상신고,,,,
2016041600100461,2016년 4월 16일 17시,토요일,경상북도 영천시 금호읍,경상사고,0,0,1,0,차대차 - 기타,중앙선침범,습기,흐림,단일로 - 기타,승용,남,71세,상해없음,승용,남,54세,경상
2016041600100462,2016년 4월 16일 17시,토요일,경상북도 구미시 도량동,경상사고,0,0,1,0,차대차 - 측면충돌,안전운전불이행,건조,맑음,교차로 - 교차로부근,승용,남,48세,상해없음,자전거,여,71세,경상
2016041600100496,2016년 4월 16일 18시,토요일,경상북도 경주시 황성동,경상사고,0,0,1,0,차대차 - 추돌,안전운전불이행,건조,맑음,교차로 - 교차로부근,화물,남,61세,상해없음,승용,남,34세,경상
2016041600100497,2016년 4월 16일 18시,토요일,경상북도 구미시 사곡동,경상사고,0,0,1,0,차대차 - 측면충돌,안전운전불이행,기타,기타,교차로 - 교차로안,화물,남,48세,상해없음,승용,남,41세,경상
2016041600100549,2016년 4월 16일 19시,토요일,경상북도 경주시 성건동,경상사고,0,0,6,0,차대차 - 추돌,안전운전불이행,습기,비,단일로 - 교량,화물,남,18세,상해없음,승용,여,33세,경상
2016041600100550,2016년 4월 16일 19시,토요일,경상북도 영주시 가흥동,부상신고사고,0,0,0,1,차대차 - 측면충돌,신호위반,습기,비,교차로 - 교차로안,원동기,남,77세,부상신고,화물,남,56세,상해없음
2016041600100551,2016년 4월 16일 19시,토요일,경상북도 경산시 계양동,경상사고,0,0,1,0,차대차 - 기타,안전운전불이행,습기,비,교차로 - 교차로부근,승용,남,29세,상해없음,이륜,남,44세,경상
2016041600100552,2016년 4월 16일 19시,토요일,경상북도 경산시 정평동,경상사고,0,0,1,0,차대사람 - 기타,안전운전불이행,습기,비,단일로 - 기타,승용,남,48세,상해없음,보행자,남,52세,경상
2016041600100553,2016년 4월 16일 19시,토요일,경상북도 예천군 감천면,사망사고,1,0,0,0,차량단독 - 전도전복,안전운전불이행,습기,비,단일로 - 기타,이륜,남,73세,사망,,,,
2016041600100554,2016년 4월 16일 19시,토요일,경상북도 구미시 공단동,중상사고,0,1,1,0,차대차 - 정면충돌,중앙선침범,습기,비,단일로 - 기타,승용,남,51세,상해없음,승용,남,59세,중상
2016041600100610,2016년 4월 16일 20시,토요일,경상북도 경주시 보문동,중상사고,0,1,2,0,차대차 - 측면충돌,안전운전불이행,습기,비,단일로 - 기타,승용,남,61세,상해없음,승용,남,63세,중상
2016041600100611,2016년 4월 16일 20시,토요일,경상북도 안동시 남후면,경상사고,0,0,1,0,차대차 - 정면충돌,안전운전불이행,건조,맑음,단일로 - 교량,승용,남,33세,상해없음,승용,남,44세,경상
2016041600100681,2016년 4월 16일 21시,토요일,경상북도 구미시 원평동,경상사고,0,0,3,0,차대차 - 기타,안전운전불이행,습기,비,교차로 - 교차로부근,승용,남,54세,경상,승용,남,24세,경상
2016041600100682,2016년 4월 16일 21시,토요일,경상북도 포항시 남구 장기면,경상사고,0,0,1,0,차대사람 - 횡단중,안전운전불이행,습기,비,단일로 - 기타,승용,남,51세,상해없음,보행자,남,56세,경상
2016041600100748,2016년 4월 16일 22시,토요일,경상북도 상주시 가장동,중상사고,0,1,0,0,차대차 - 추돌,안전운전불이행,습기,비,교차로 - 교차로부근,화물,남,53세,상해없음,승용,여,50세,중상
2016041600100749,2016년 4월 16일 22시,토요일,경상북도 경산시 대평동,중상사고,0,3,0,0,차대차 - 기타,신호위반,습기,비,교차로 - 교차로안,승용,남,47세,중상,승용,남,32세,중상
2016041600100750,2016년 4월 16일 22시,토요일,경상북도 포항시 남구 오천읍,경상사고,0,0,1,0,차대차 - 정면충돌,직진우회전진행방해,습기,비,교차로 - 교차로안,승용,남,22세,상해없음,이륜,남,18세,경상
2016041700100029,2016년 4월 17일 00시,일요일,경상북도 칠곡군 석적읍,부상신고사고,0,0,0,1,차량단독 - 전도전복,안전운전불이행,습기,비,단일로 - 기타,승용,남,33세,부상신고,,,,
2016041700100030,2016년 4월 17일 00시,일요일,경상북도 구미시 오태동,경상사고,0,0,2,0,차대차 - 측면충돌,안전운전불이행,습기,비,교차로 - 교차로안,승용,남,25세,상해없음,승용,남,65세,경상
2016041700100031,2016년 4월 17일 00시,일요일,경상북도 구미시 진평동,중상사고,0,1,0,0,차대차 - 측면충돌,안전운전불이행,건조,맑음,교차로 - 교차로안,승용,남,26세,상해없음,이륜,남,44세,중상
2016041700100032,2016년 4월 17일 00시,일요일,경상북도 포항시 남구 오천읍,경상사고,0,0,2,0,차대차 - 추돌,안전운전불이행,습기,비,교차로 - 교차로부근,승용,남,55세,상해없음,승용,남,75세,경상
2016041700100080,2016년 4월 17일 01시,일요일,경상북도 안동시 태화동,중상사고,0,1,1,0,차대사람 - 기타,안전운전불이행,습기,비,단일로 - 기타,승용,남,51세,상해없음,보행자,남,55세,경상
2016041700100081,2016년 4월 17일 01시,일요일,경상북도 칠곡군 지천면,부상신고사고,0,0,0,1,차량단독 - 전도전복,안전운전불이행,습기,비,단일로 - 기타,승용,남,54세,부상신고,,,,
2016041700100082,2016년 4월 17일 01시,일요일,경상북도 구미시 옥계동,경상사고,0,0,1,0,차대차 - 측면충돌,안전운전불이행,습기,비,단일로 - 기타,승용,남,37세,상해없음,이륜,남,38세,경상
2016041700100083,2016년 4월 17일 01시,일요일,경상북도 포항시 남구 대송면,경상사고,0,0,1,0,차대차 - 측면충돌,신호위반,습기,비,교차로 - 교차로안,승용,남,36세,경상,특수,남,35세,상해없음
2016041700100135,2016년 4월 17일 03시,일요일,경상북도 포항시 북구 죽도동,경상사고,0,0,2,0,차대차 - 추돌,안전거리미확보,건조,맑음,단일로 - 기타,승용,남,26세,상해없음,승용,남,28세,경상
2016041700100160,2016년 4월 17일 05시,일요일,경상북도 포항시 북구 장성동,경상사고,0,0,2,0,차대차 - 측면충돌,신호위반,건조,맑음,교차로 - 교차로안,화물,남,67세,상해없음,승용,여,24세,경상
2016041700100161,2016년 4월 17일 05시,일요일,경상북도 청송군 현동면,경상사고,0,0,2,0,차량단독 - 전도전복,안전운전불이행,습기,비,단일로 - 기타,화물,남,69세,경상,,,,
2016041700100199,2016년 4월 17일 08시,일요일,경상북도 포항시 남구 해도동,중상사고,0,1,1,0,차대차 - 기타,직진우회전진행방해,건조,맑음,교차로 - 교차로안,승용,남,69세,상해없음,화물,남,63세,중상
2016041700100208,2016년 4월 17일 09시,일요일,경상북도 포항시 북구 기계면,중상사고,0,1,0,0,차대차 - 측면충돌,안전운전불이행,건조,맑음,단일로 - 기타,승용,여,73세,상해없음,자전거,남,58세,중상
2016041700100219,2016년 4월 17일 10시,일요일,경상북도 청도군 금천면,중상사고,0,1,1,0,차대차 - 측면충돌,안전운전불이행,건조,맑음,단일로 - 횡단보도상,이륜,남,79세,중상,이륜,남,31세,경상
2016041700100230,2016년 4월 17일 11시,일요일,경상북도 상주시 화동면,중상사고,0,1,1,0,차대차 - 추돌,기타,건조,맑음,단일로 - 기타,화물,남,68세,상해없음,이륜,남,80세,경상
2016041700100231,2016년 4월 17일 11시,일요일,경상북도 경산시 중방동,경상사고,0,0,2,0,차대차 - 정면충돌,안전운전불이행,건조,맑음,교차로 - 교차로안,승용,남,54세,상해없음,승용,남,64세,경상
2016041700100232,2016년 4월 17일 11시,일요일,경상북도 경산시 신교동,경상사고,0,0,1,0,차대차 - 정면충돌,불법유턴,건조,맑음,교차로 - 교차로부근,승용,남,73세,상해없음,승용,여,34세,경상
2016041700100233,2016년 4월 17일 11시,일요일,경상북도 포항시 남구 대잠동,중상사고,0,2,0,0,차대차 - 기타,안전운전불이행,건조,맑음,단일로 - 기타,이륜,남,20세,상해없음,승용,여,43세,상해없음
2016041700100251,2016년 4월 17일 12시,일요일,경상북도 예천군 예천읍,중상사고,0,2,0,0,차대사람 - 횡단중,보행자보호의무위반,건조,맑음,단일로 - 횡단보도상,승용,남,69세,상해없음,보행자,여,11세,중상
2016041700100252,2016년 4월 17일 12시,일요일,경상북도 구미시 오태동,중상사고,0,1,1,0,차대차 - 측면충돌,중앙선침범,건조,맑음,교차로 - 교차로부근,농기계,남,57세,상해없음,승용,여,49세,경상
2016041700100253,2016년 4월 17일 12시,일요일,경상북도 구미시 고아읍,경상사고,0,0,2,0,차대차 - 기타,교차로운행방법위반,건조,맑음,교차로 - 교차로안,승용,남,46세,상해없음,승용,남,63세,경상
2016041700100286,2016년 4월 17일 13시,일요일,경상북도 경주시 인왕동,경상사고,0,0,1,0,차대차 - 기타,안전운전불이행,건조,맑음,단일로 - 기타,승용,여,45세,기타불명,승용,남,26세,상해없음
2016041700100287,2016년 4월 17일 13시,일요일,경상북도 김천시 황금동,경상사고,0,0,1,0,차대차 - 측면충돌,교차로운행방법위반,건조,맑음,단일로 - 기타,승용,남,51세,상해없음,이륜,남,40세,경상
2016041700100288,2016년 4월 17일 13시,일요일,경상북도 상주시 모서면,경상사고,0,0,2,0,차대차 - 측면충돌,신호위반,건조,맑음,교차로 - 교차로안,화물,남,33세,경상,화물,남,48세,경상
2016041700100320,2016년 4월 17일 14시,일요일,경상북도 경주시 마동,중상사고,0,1,0,0,차대차 - 추돌,안전운전불이행,건조,맑음,단일로 - 기타,승용,여,39세,상해없음,승용,여,40세,중상
2016041700100321,2016년 4월 17일 14시,일요일,경상북도 포항시 북구 두호동,중상사고,0,1,0,0,차대차 - 측면충돌,차로위반,건조,맑음,단일로 - 기타,승용,남,55세,상해없음,이륜,남,33세,중상
2016041700100322,2016년 4월 17일 14시,일요일,경상북도 안동시 금곡동,중상사고,0,1,0,0,차대차 - 정면충돌,교차로운행방법위반,건조,맑음,교차로 - 교차로안,승합,남,31세,상해없음,이륜,남,74세,중상
2016041700100323,2016년 4월 17일 14시,일요일,경상북도 영천시 완산동,중상사고,0,1,0,0,차대사람 - 횡단중,보행자보호의무위반,건조,맑음,단일로 - 기타,기타불명,기타불명,기타불명,기타불명,보행자,남,62세,중상
2016041700100324,2016년 4월 17일 14시,일요일,경상북도 구미시 고아읍,중상사고,0,2,0,0,차대차 - 정면충돌,교차로운행방법위반,건조,맑음,단일로 - 기타,화물,남,59세,상해없음,승용,여,48세,중상
2016041700100325,2016년 4월 17일 14시,일요일,경상북도 구미시 원평동,중상사고,0,1,0,0,차대사람 - 횡단중,보행자보호의무위반,건조,맑음,단일로 - 기타,승용,남,30세,상해없음,보행자,남,60세,중상
2016041700100355,2016년 4월 17일 15시,일요일,경상북도 포항시 북구 죽도동,경상사고,0,0,1,0,차대사람 - 횡단중,안전운전불이행,건조,맑음,단일로 - 기타,승합,남,53세,상해없음,보행자,여,58세,경상
2016041700100356,2016년 4월 17일 15시,일요일,경상북도 영주시 하망동,경상사고,0,0,1,0,차대차 - 측면충돌,안전운전불이행,건조,맑음,교차로 - 교차로안,승용,남,63세,상해없음,화물,남,68세,상해없음
2016041700100357,2016년 4월 17일 15시,일요일,경상북도 문경시 모전동,부상신고사고,0,0,0,1,차대차 - 측면충돌,안전운전불이행,건조,맑음,교차로 - 교차로안,승용,여,41세,부상신고,승용,여,35세,상해없음
2016041700100384,2016년 4월 17일 16시,일요일,경상북도 칠곡군 석적읍,경상사고,0,0,1,0,차대사람 - 보도통행중,기타,건조,맑음,단일로 - 기타,이륜,남,20세,상해없음,보행자,남,14세,경상
2016041700100413,2016년 4월 17일 17시,일요일,경상북도 김천시 지례면,중상사고,0,2,2,0,차대차 - 정면충돌,신호위반,건조,맑음,교차로 - 교차로안,승용,남,68세,경상,승용,남,38세,경상