사고번호,사고일시,요일,시군구,사고내용,사망자수,중상자수,경상자수,부상신고자수,사고유형,법규위반,노면상태,기상상태,도로형태,가해운전자 차종,가해운전자 성별,가해운전자 연령,가해운전자 상해정도,피해운전자 차종,피해운전자 성별,피해운전자 연령,피해운전자 상해정도
2016042000100395,2016년 4월 20일 16시,수요일,경상북도 포항시 북구 장성동,경상사고,0,0,1,1,차대차 - 측면충돌,안전운전불이행,건조,맑음,교차로 - 교차로안,승용,여,37세,부상신고,승용,여,53세,경상
2016042000100396,2016년 4월 20일 16시,수요일,경상북도 영주시 휴천동,경상사고,0,0,1,0,차대차 - 측면충돌,교차로운행방법위반,건조,맑음,교차로 - 교차로안,승용,여,49세,상해없음,원동기,남,22세,경상
2016042000100397,2016년 4월 20일 16시,수요일,경상북도 구미시 공단동,중상사고,0,1,1,0,차대차 - 측면직각충돌,신호위반,건조,맑음,교차로 - 교차로안,이륜,남,56세,중상,이륜,남,43세,경상
2016042000100422,2016년 4월 20일 17시,수요일,경상북도 경주시 동천동,경상사고,0,0,1,0,차대차 - 측면충돌,안전운전불이행,건조,맑음,교차로 - 교차로부근,자전거,여,64세,경상,승용,여,46세,상해없음
2016042000100423,2016년 4월 20일 17시,수요일,경상북도 포항시 북구 흥해읍,중상사고,0,1,1,0,차대차 - 정면충돌,교차로운행방법위반,건조,흐림,교차로 - 교차로안,승용,남,36세,상해없음,승용,남,45세,경상
2016042000100424,2016년 4월 20일 17시,수요일,경상북도 안동시 옥야동,경상사고,0,0,1,0,차대차 - 기타,안전거리미확보,건조,맑음,단일로 - 기타,승용,여,64세,상해없음,승합,남,56세,상해없음
2016042000100425,2016년 4월 20일 17시,수요일,경상북도 예천군 호명면,중상사고,0,1,0,0,차대사람 - 횡단중,안전운전불이행,습기,맑음,단일로 - 기타,승용,남,34세,상해없음,보행자,남,66세,중상
2016042000100426,2016년 4월 20일 17시,수요일,경상북도 포항시 남구 오천읍,경상사고,0,0,1,0,차대사람 - 길가장자리구역통행중,안전운전불이행,건조,맑음,교차로 - 교차로부근,화물,남,69세,상해없음,보행자,여,55세,경상
2016042000100458,2016년 4월 20일 18시,수요일,경상북도 경산시 진량읍,경상사고,0,0,1,0,차대차 - 정면충돌,안전운전불이행,건조,맑음,단일로 - 기타,승용,남,24세,상해없음,이륜,남,17세,경상
2016042000100493,2016년 4월 20일 19시,수요일,경상북도 김천시 남면,중상사고,0,1,1,0,차대차 - 정면충돌,안전운전불이행,건조,맑음,교차로 - 교차로안,승합,남,49세,상해없음,승용,남,43세,경상
2016042000100494,2016년 4월 20일 19시,수요일,경상북도 영주시 영주동,경상사고,0,0,2,0,차대차 - 측면충돌,신호위반,습기,비,교차로 - 교차로안,승용,남,34세,경상,승용,남,47세,경상
2016042000100532,2016년 4월 20일 20시,수요일,경상북도 포항시 남구 송도동,부상신고사고,0,0,0,1,차대차 - 기타,안전운전불이행,건조,맑음,단일로 - 기타,자전거,남,61세,부상신고,승용,남,54세,상해없음
2016042000100567,2016년 4월 20일 21시,수요일,경상북도 영천시 문외동,경상사고,0,0,2,0,차대차 - 측면직각충돌,안전운전불이행,건조,맑음,단일로 - 기타,화물,남,34세,상해없음,승용,남,27세,경상
2016042000100568,2016년 4월 20일 21시,수요일,경상북도 경산시 조영동,경상사고,0,0,1,0,차대차 - 추돌,안전운전불이행,건조,맑음,교차로 - 교차로부근,승용,남,31세,상해없음,이륜,남,22세,경상
2016042000100602,2016년 4월 20일 22시,수요일,경상북도 경주시 배반동,경상사고,0,0,1,0,차대차 - 측면충돌,안전거리미확보,건조,맑음,단일로 - 기타,승합,남,40세,상해없음,승용,여,41세,경상
2016042000100603,2016년 4월 20일 22시,수요일,경상북도 경산시 진량읍,중상사고,0,1,0,0,차대차 - 정면충돌,중앙선침범,건조,맑음,교차로 - 교차로부근,승용,남,46세,상해없음,승용,여,42세,상해없음
2016042000100604,2016년 4월 20일 22시,수요일,경상북도 경산시 진량읍,중상사고,0,1,1,0,차대차 - 정면충돌,안전운전불이행,건조,맑음,교차로 - 교차로부근,승용,남,30세,경상,승용,여,45세,중상
2016042000100605,2016년 4월 20일 22시,수요일,경상북도 성주군 선남면,중상사고,0,1,0,0,차대사람 - 횡단중,안전운전불이행,건조,맑음,기타 - 기타,승용,남,39세,상해없음,보행자,여,76세,중상
2016042000100631,2016년 4월 20일 23시,수요일,경상북도 경산시 옥곡동,경상사고,0,0,1,0,차대차 - 기타,기타,건조,맑음,교차로 - 교차로안,이륜,남,37세,경상,화물,남,53세,상해없음
2016042000100632,2016년 4월 20일 23시,수요일,경상북도 포항시 남구 오천읍,중상사고,0,1,1,0,차대차 - 측면충돌,중앙선침범,건조,맑음,단일로 - 기타,승용,남,50세,상해없음,승용,남,35세,중상
2016042100100021,2016년 4월 21일 00시,목요일,경상북도 구미시 공단동,경상사고,0,0,1,0,차대차 - 기타,안전운전불이행,건조,맑음,단일로 - 기타,승용,남,25세,상해없음,승용,남,31세,경상
2016042100100046,2016년 4월 21일 01시,목요일,경상북도 경산시 남산면,경상사고,0,0,2,0,차대차 - 추돌,안전운전불이행,건조,맑음,단일로 - 기타,화물,남,55세,상해없음,승용,여,65세,경상
2016042100100074,2016년 4월 21일 03시,목요일,경상북도 포항시 남구 오천읍,중상사고,0,1,1,0,차대차 - 기타,직진우회전진행방해,건조,맑음,교차로 - 교차로안,승용,남,26세,상해없음,승용,남,51세,경상
2016042100100088,2016년 4월 21일 04시,목요일,경상북도 구미시 부곡동,경상사고,0,0,2,0,차대차 - 기타,안전운전불이행,습기,비,단일로 - 기타,승용,남,34세,경상,화물,남,58세,상해없음
2016042100100093,2016년 4월 21일 05시,목요일,경상북도 영주시 상망동,경상사고,0,0,1,0,차대차 - 추돌,안전운전불이행,습기,비,교차로 - 교차로안,화물,남,61세,상해없음,자전거,남,73세,경상
2016042100100106,2016년 4월 21일 06시,목요일,경상북도 경주시 서면,경상사고,0,0,1,0,차량단독 - 도로외이탈 - 추락,안전운전불이행,습기,비,단일로 - 기타,승용,남,40세,경상,,,,
2016042100100107,2016년 4월 21일 06시,목요일,경상북도 구미시 진평동,경상사고,0,0,1,0,차대차 - 기타,교차로운행방법위반,습기,비,교차로 - 교차로안,승용,여,29세,상해없음,승용,남,40세,경상
2016042100100108,2016년 4월 21일 06시,목요일,경상북도 구미시 황상동,경상사고,0,0,2,0,차대차 - 기타,안전운전불이행,습기,비,교차로 - 교차로부근,승용,남,36세,경상,건설기계,남,51세,경상
2016042100100134,2016년 4월 21일 07시,목요일,경상북도 안동시 풍산읍,중상사고,0,2,0,0,차량단독 - 기타,안전운전불이행,습기,비,단일로 - 기타,승용,남,63세,상해없음,,,,
2016042100100172,2016년 4월 21일 08시,목요일,경상북도 경주시 동천동,중상사고,0,1,0,0,차대차 - 추돌,안전운전불이행,습기,비,교차로 - 교차로부근,승용,남,51세,상해없음,승용,여,31세,중상
2016042100100173,2016년 4월 21일 08시,목요일,경상북도 영천시 봉동,경상사고,0,0,1,0,차대사람 - 횡단중,보행자보호의무위반,습기,비,교차로 - 교차로부근,승용,여,39세,상해없음,보행자,남,32세,경상
2016042100100174,2016년 4월 21일 08시,목요일,경상북도 영천시 북안면,경상사고,0,0,2,0,차대차 - 측면직각충돌,안전운전불이행,습기,비,단일로 - 기타,화물,남,61세,상해없음,화물,남,20세,경상
2016042100100175,2016년 4월 21일 08시,목요일,경상북도 경산시 하양읍,중상사고,0,1,0,0,차대차 - 측면충돌,안전운전불이행,습기,비,단일로 - 기타,승용,남,59세,상해없음,승용,남,30세,중상
2016042100100176,2016년 4월 21일 08시,목요일,경상북도 청도군 청도읍,경상사고,0,0,1,0,차량단독 - 전도전복,안전운전불이행,습기,비,단일로 - 기타,원동기,남,73세,경상,,,,
2016042100100177,2016년 4월 21일 08시,목요일,경상북도 구미시 도량동,경상사고,0,0,3,1,차대차 - 추돌,안전운전불이행,건조,맑음,단일로 - 기타,승용,여,33세,상해없음,승용,여,38세,경상
2016042100100207,2016년 4월 21일 09시,목요일,경상북도 경주시 도지동,중상사고,0,1,0,0,차량단독 - 전도전복,안전운전불이행,습기,비,단일로 - 기타,승합,남,63세,상해없음,,,,
2016042100100208,2016년 4월 21일 09시,목요일,경상북도 구미시 임은동,경상사고,0,0,1,0,차대차 - 기타,안전운전불이행,습기,비,기타 - 기타,승용,여,51세,경상,화물,남,72세,상해없음
2016042100100235,2016년 4월 21일 10시,목요일,경상북도 칠곡군 약목면,경상사고,0,0,1,1,차대차 - 정면충돌,교차로운행방법위반,습기,맑음,교차로 - 교차로안,승용,남,22세,부상신고,승용,남,45세,경상
2016042100100258,2016년 4월 21일 11시,목요일,경상북도 구미시 남통동,중상사고,0,3,1,0,차대차 - 측면충돌,중앙선침범,습기,비,단일로 - 기타,승용,여,54세,중상,승용,남,32세,중상
2016042100100259,2016년 4월 21일 11시,목요일,경상북도 포항시 남구 괴동동,경상사고,0,0,1,0,차대차 - 기타,차로위반,건조,맑음,단일로 - 기타,승용,남,58세,상해없음,화물,남,41세,경상
2016042100100260,2016년 4월 21일 11시,목요일,경상북도 김천시 봉산면,부상신고사고,0,0,0,1,차량단독 - 공작물충돌,안전운전불이행,건조,맑음,단일로 - 기타,승용,여,20세,상해없음,,,,
2016042100100279,2016년 4월 21일 12시,목요일,경상북도 경주시 보문동,경상사고,0,0,2,0,차대차 - 추돌,안전거리미확보,습기,비,단일로 - 기타,승용,남,30세,상해없음,승용,여,65세,경상
2016042100100280,2016년 4월 21일 12시,목요일,경상북도 경주시 강동면,중상사고,0,1,0,0,차량단독 - 전도전복,안전운전불이행,습기,비,단일로 - 기타,승용,남,36세,중상,,,,
2016042100100281,2016년 4월 21일 12시,목요일,경상북도 영덕군 영해면,중상사고,0,1,0,0,차대차 - 측면충돌,중앙선침범,습기,비,단일로 - 기타,화물,남,68세,중상,승용,남,52세,상해없음
2016042100100307,2016년 4월 21일 13시,목요일,경상북도 경주시 성동동,중상사고,0,1,0,0,차대사람 - 횡단중,보행자보호의무위반,습기,비,단일로 - 횡단보도상,승용,남,66세,상해없음,보행자,여,73세,중상
2016042100100308,2016년 4월 21일 13시,목요일,경상북도 경주시 양남면,중상사고,0,1,0,0,차대차 - 기타,중앙선침범,습기,비,단일로 - 기타,승용,남,49세,상해없음,승용,남,34세,중상
2016042100100309,2016년 4월 21일 13시,목요일,경상북도 칠곡군 왜관읍,경상사고,0,0,1,0,차대차 - 정면충돌,교차로운행방법위반,건조,맑음,교차로 - 교차로안,승용,남,53세,상해없음,승용,남,42세,경상
2016042100100333,2016년 4월 21일 14시,목요일,경상북도 상주시 화남면,경상사고,0,0,1,0,차대차 - 측면직각충돌,교차로운행방법위반,습기,비,교차로 - 교차로안,승용,여,49세,경상,화물,남,43세,상해없음
2016042100100334,2016년 4월 21일 14시,목요일,경상북도 구미시 인의동,경상사고,0,0,1,0,차대차 - 측면충돌,안전운전불이행,건조,맑음,교차로 - 교차로안,승용,남,55세,상해없음,이륜,남,32세,경상
2016042100100335,2016년 4월 21일 14시,목요일,경상북도 포항시 남구 송내동,경상사고,0,0,5,0,차대차 - 추돌,안전운전불이행,습기,비,단일로 - 교량,승용,남,66세,상해없음,승용,여,41세,경상
2016042100100363,2016년 4월 21일 15시,목요일,경상북도 경주시 강동면,경상사고,0,0,1,0,차대차 - 기타,안전운전불이행,습기,비,단일로 - 기타,화물,남,52세,상해없음,승합,여,37세,경상
2016042100100364,2016년 4월 21일 15시,목요일,경상북도 영천시 오미동,경상사고,0,0,2,0,차대차 - 추돌,안전운전불이행,습기,흐림,교차로 - 교차로부근,승용,남,41세,상해없음,화물,남,54세,경상
2016042100100395,2016년 4월 21일 16시,목요일,경상북도 포항시 북구 상원동,중상사고,0,1,1,0,차대차 - 측면충돌,안전운전불이행,건조,맑음,단일로 - 기타,승용,남,57세,상해없음,승용,남,23세,경상
2016042100100396,2016년 4월 21일 16시,목요일,경상북도 상주시 화개동,경상사고,0,0,1,0,차량단독 - 전도전복,안전운전불이행,건조,맑음,단일로 - 기타,건설기계,남,51세,경상,,,,
2016042100100428,2016년 4월 21일 17시,목요일,경상북도 경산시 하양읍,경상사고,0,0,1,0,차대사람 - 기타,안전운전불이행,건조,맑음,교차로 - 교차로안,승합,남,53세,상해없음,보행자,남,14세,경상
2016042100100481,2016년 4월 21일 19시,목요일,경상북도 포항시 북구 흥해읍,중상사고,0,1,1,0,차대차 - 추돌,안전운전불이행,건조,맑음,교차로 - 교차로부근,승용,남,43세,상해없음,승용,여,42세,경상
2016042100100517,2016년 4월 21일 20시,목요일,경상북도 경주시 성건동,경상사고,0,0,1,0,차대차 - 추돌,안전운전불이행,건조,맑음,단일로 - 기타,승용,여,25세,상해없음,승용,남,48세,경상
2016042100100518,2016년 4월 21일 20시,목요일,경상북도 경주시 사정동,경상사고,0,0,2,0,차대차 - 측면충돌,안전운전불이행,건조,맑음,교차로 - 교차로안,승용,남,43세,상해없음,승용,여,46세,경상
2016042100100519,2016년 4월 21일 20시,목요일,경상북도 울진군 기성면,부상신고사고,0,0,0,1,차량단독 - 전도전복,안전운전불이행,건조,맑음,단일로 - 기타,이륜,남,44세,부상신고,,,,
2016042100100546,2016년 4월 21일 21시,목요일,경상북도 안동시 운흥동,중상사고,0,1,0,0,차대사람 - 보도통행중,신호위반,건조,맑음,교차로 - 교차로부근,승용,남,63세,상해없음,보행자,여,81세,중상
2016042100100547,2016년 4월 21일 21시,목요일,경상북도 성주군 용암면,경상사고,0,0,1,0,차대차 - 추돌,안전운전불이행,건조,맑음,단일로 - 기타,승용,남,40세,상해없음,자전거,남,36세,경상
2016042100100548,2016년 4월 21일 21시,목요일,경상북도 구미시 송정동,경상사고,0,0,2,0,차대차 - 측면충돌,교차로운행방법위반,건조,맑음,교차로 - 교차로부근,승용,여,41세,상해없음,승용,여,28세,경상
2016042100100606,2016년 4월 21일 23시,목요일,경상북도 포항시 남구 오천읍,중상사고,0,1,0,0,차량단독 - 주/정차차량 충돌,기타,건조,맑음,단일로 - 기타,승용,남,30세,중상,,,,
2016042200100018,2016년 4월 22일 00시,금요일,경상북도 경산시 조영동,경상사고,0,0,1,0,차대사람 - 기타,안전운전불이행,건조,맑음,단일로 - 기타,승용,남,24세,상해없음,보행자,여,23세,경상
2016042200100019,2016년 4월 22일 00시,금요일,경상북도 경산시 자인면,부상신고사고,0,0,0,1,차대차 - 추돌,안전운전불이행,건조,맑음,단일로 - 기타,승용,남,41세,부상신고,화물,남,55세,기타불명
2016042200100034,2016년 4월 22일 01시,금요일,경상북도 칠곡군 석적읍,경상사고,0,0,1,1,차대차 - 측면직각충돌,교차로운행방법위반,건조,맑음,교차로 - 교차로안,승용,여,25세,부상신고,승용,남,25세,경상
2016042200100035,2016년 4월 22일 01시,금요일,경상북도 경산시 하양읍,중상사고,0,1,0,0,차대사람 - 기타,안전운전불이행,건조,맑음,단일로 - 기타,승용,남,23세,상해없음,보행자,남,20세,중상
2016042200100036,2016년 4월 22일 01시,금요일,경상북도 구미시 송정동,부상신고사고,0,0,0,1,차대차 - 측면충돌,안전운전불이행,건조,맑음,단일로 - 기타,승용,남,57세,부상신고,화물,남,53세,상해없음
2016042200100046,2016년 4월 22일 02시,금요일,경상북도 고령군 다산면,경상사고,0,0,2,0,차대차 - 측면직각충돌,중앙선침범,건조,맑음,단일로 - 기타,승용,남,33세,경상,승용,남,24세,경상
2016042200100061,2016년 4월 22일 05시,금요일,경상북도 포항시 남구 대도동,중상사고,0,1,0,0,차량단독 - 전도전복,안전운전불이행,건조,맑음,단일로 - 기타,승용,남,32세,중상,,,,
2016042200100074,2016년 4월 22일 06시,금요일,경상북도 상주시 낙양동,경상사고,0,0,1,0,차대차 - 측면충돌,안전운전불이행,건조,맑음,단일로 - 기타,승용,여,48세,상해없음,화물,남,62세,경상
2016042200100100,2016년 4월 22일 07시,금요일,경상북도 경주시 천북면,중상사고,0,8,5,0,차대차 - 기타,안전운전불이행,건조,맑음,단일로 - 기타,승합,남,59세,경상,화물,남,51세,경상
2016042200100101,2016년 4월 22일 07시,금요일,경상북도 칠곡군 약목면,경상사고,0,0,1,0,차대차 - 측면충돌,안전운전불이행,습기,안개,단일로 - 기타,화물,남,64세,상해없음,승용,남,26세,경상
2016042200100102,2016년 4월 22일 07시,금요일,경상북도 포항시 남구 동해면,경상사고,0,0,1,0,차량단독 - 전도전복,안전운전불이행,건조,맑음,단일로 - 기타,승용,여,26세,경상,,,,
2016042200100145,2016년 4월 22일 08시,금요일,경상북도 구미시 봉곡동,중상사고,0,1,0,0,차대사람 - 횡단중,안전운전불이행,건조,맑음,단일로 - 기타,화물,남,32세,상해없음,보행자,여,26세,중상
2016042200100146,2016년 4월 22일 08시,금요일,경상북도 포항시 남구 호동,중상사고,0,1,1,0,차대차 - 기타,안전운전불이행,건조,맑음,교차로 - 교차로안,승용,남,44세,경상,승용,남,32세,중상
2016042200100179,2016년 4월 22일 09시,금요일,경상북도 포항시 북구 장성동,경상사고,0,0,1,0,차대사람 - 횡단중,보행자보호의무위반,건조,맑음,단일로 - 횡단보도상,승용,남,36세,상해없음,보행자,여,50세,경상
2016042200100180,2016년 4월 22일 09시,금요일,경상북도 포항시 북구 기계면,중상사고,0,1,0,0,차대차 - 측면충돌,안전운전불이행,건조,맑음,단일로 - 기타,이륜,남,82세,상해없음,화물,남,70세,상해없음
2016042200100181,2016년 4월 22일 09시,금요일,경상북도 구미시 고아읍,부상신고사고,0,0,0,1,차량단독 - 전도전복,안전운전불이행,건조,맑음,기타 - 기타,승용,여,46세,부상신고,,,,
2016042200100182,2016년 4월 22일 09시,금요일,경상북도 구미시 해평면,중상사고,0,1,0,0,차대차 - 측면충돌,안전운전불이행,건조,맑음,교차로 - 교차로부근,승용,남,49세,상해없음,이륜,남,55세,상해없음
2016042200100211,2016년 4월 22일 10시,금요일,경상북도 문경시 점촌동,중상사고,0,1,0,0,차대차 - 정면충돌,안전운전불이행,건조,맑음,교차로 - 교차로부근,화물,남,59세,상해없음,승용,여,27세,중상
2016042200100266,2016년 4월 22일 12시,금요일,경상북도 성주군 성주읍,중상사고,0,2,1,0,차대차 - 추돌,안전운전불이행,건조,맑음,교차로 - 교차로부근,승용,남,31세,상해없음,승용,남,48세,중상
2016042200100294,2016년 4월 22일 13시,금요일,경상북도 경주시 성건동,경상사고,0,0,1,0,차대사람 - 횡단중,보행자보호의무위반,건조,맑음,교차로 - 교차로부근,원동기,남,16세,상해없음,보행자,여,79세,경상
2016042200100295,2016년 4월 22일 13시,금요일,경상북도 의성군 다인면,중상사고,0,1,0,0,차대차 - 측면직각충돌,안전운전불이행,건조,맑음,교차로 - 교차로부근,건설기계,남,35세,상해없음,이륜,남,78세,중상
2016042200100319,2016년 4월 22일 14시,금요일,경상북도 포항시 북구 기계면,중상사고,0,1,1,0,차대차 - 측면충돌,신호위반,건조,맑음,교차로 - 교차로안,화물,남,71세,상해없음,승용,남,34세,경상
2016042200100320,2016년 4월 22일 14시,금요일,경상북도 김천시 아포읍,경상사고,0,0,1,0,차량단독 - 전도전복,안전운전불이행,건조,맑음,단일로 - 기타,승용,남,18세,상해없음,,,,
2016042200100358,2016년 4월 22일 15시,금요일,경상북도 김천시 용두동,경상사고,0,0,1,0,차대사람 - 차도통행중,안전운전불이행,건조,맑음,단일로 - 기타,이륜,여,68세,상해없음,보행자,여,84세,경상
2016042200100360,2016년 4월 22일 15시,금요일,경상북도 구미시 도량동,경상사고,0,0,1,0,차대차 - 측면충돌,안전운전불이행,건조,맑음,교차로 - 교차로안,승용,여,41세,상해없음,자전거,남,7세,경상
2016042200100405,2016년 4월 22일 16시,금요일,경상북도 안동시 안흥동,경상사고,0,0,1,0,차대차 - 정면충돌,안전운전불이행,건조,맑음,단일로 - 기타,승용,남,72세,상해없음,승합,남,55세,상해없음
2016042200100406,2016년 4월 22일 16시,금요일,경상북도 안동시 임하면,중상사고,0,1,0,0,차대차 - 정면충돌,중앙선침범,건조,맑음,단일로 - 기타,원동기,남,79세,중상,승용,여,40세,상해없음
2016042200100407,2016년 4월 22일 16시,금요일,경상북도 문경시 모전동,경상사고,0,0,4,0,차대차 - 추돌,안전운전불이행,건조,맑음,교차로 - 교차로부근,승용,여,24세,상해없음,화물,남,62세,경상
2016042200100408,2016년 4월 22일 16시,금요일,경상북도 고령군 다산면,경상사고,0,0,1,0,차대차 - 추돌,안전운전불이행,건조,맑음,단일로 - 기타,승용,남,41세,상해없음,화물,남,62세,경상
2016042200100452,2016년 4월 22일 17시,금요일,경상북도 경주시 성건동,경상사고,0,0,1,1,차대차 - 추돌,안전거리미확보,건조,맑음,단일로 - 기타,승용,남,26세,부상신고,승용,남,52세,상해없음
2016042200100453,2016년 4월 22일 17시,금요일,경상북도 경주시 외동읍,경상사고,0,0,1,0,차대차 - 추돌,안전거리미확보,건조,맑음,교차로 - 교차로부근,화물,남,51세,상해없음,승용,남,63세,경상
2016042200100454,2016년 4월 22일 17시,금요일,경상북도 문경시 신기동,중상사고,0,1,0,0,차대차 - 추돌,안전운전불이행,건조,맑음,교차로 - 교차로부근,승용,남,47세,상해없음,승용,남,65세,중상
2016042200100455,2016년 4월 22일 17시,금요일,경상북도 포항시 남구 지곡동,경상사고,0,0,2,0,차대차 - 측면충돌,안전운전불이행,건조,맑음,교차로 - 교차로부근,승용,남,63세,경상,승용,남,20세,경상
2016042200100491,2016년 4월 22일 18시,금요일,경상북도 경주시 용강동,경상사고,0,0,2,0,차대차 - 추돌,안전운전불이행,건조,맑음,단일로 - 기타,승용,남,64세,상해없음,승용,남,52세,경상
2016042200100492,2016년 4월 22일 18시,금요일,경상북도 안동시 태화동,경상사고,0,0,1,0,차대차 - 정면충돌,안전운전불이행,건조,맑음,교차로 - 교차로부근,화물,남,36세,상해없음,승용,여,48세,경상
2016042200100493,2016년 4월 22일 18시,금요일,경상북도 칠곡군 왜관읍,부상신고사고,0,0,0,1,차대차 - 추돌,안전거리미확보,건조,맑음,단일로 - 기타,이륜,남,29세,부상신고,승용,여,42세,상해없음
2016042200100494,2016년 4월 22일 18시,금요일,경상북도 영천시 고경면,경상사고,0,0,1,0,차대차 - 측면직각충돌,안전거리미확보,건조,맑음,단일로 - 기타,승용,남,63세,상해없음,승용,남,29세,경상
2016042200100495,2016년 4월 22일 18시,금요일,경상북도 영양군 일월면,중상사고,0,1,0,0,차량단독 - 전도전복,안전운전불이행,건조,맑음,단일로 - 기타,화물,남,51세,중상,,,,
2016042200100496,2016년 4월 22일 18시,금요일,경상북도 포항시 남구 오천읍,중상사고,0,1,0,0,차대차 - 추돌,안전운전불이행,건조,맑음,단일로 - 기타,이륜,남,41세,중상,승용,남,41세,상해없음
2016042200100538,2016년 4월 22일 19시,금요일,경상북도 포항시 북구 학잠동,부상신고사고,0,0,0,1,차대사람 - 보도통행중,안전운전불이행,건조,맑음,단일로 - 기타,자전거,남,17세,상해없음,보행자,여,68세,부상신고
2016042200100539,2016년 4월 22일 19시,금요일,경상북도 상주시 공검면,중상사고,0,1,0,0,차대차 - 추돌,안전운전불이행,건조,맑음,단일로 - 기타,건설기계,남,42세,상해없음,농기계,남,66세,중상
2016042200100540,2016년 4월 22일 19시,금요일,경상북도 구미시 도량동,중상사고,0,1,0,0,차대차 - 측면직각충돌,안전운전불이행,건조,맑음,단일로 - 기타,승용,남,74세,상해없음,이륜,남,63세,중상
2016042200100574,2016년 4월 22일 20시,금요일,경상북도 영덕군 영덕읍,경상사고,0,0,1,0,차대차 - 측면직각충돌,교차로운행방법위반,건조,맑음,교차로 - 교차로안,승용,남,42세,상해없음,승용,남,31세,경상
2016042200100575,2016년 4월 22일 20시,금요일,경상북도 포항시 남구 청림동,경상사고,0,0,1,0,차대차 - 기타,안전운전불이행,건조,맑음,교차로 - 교차로부근,승용,남,51세,상해없음,승용,남,69세,경상
2016042200100619,2016년 4월 22일 21시,금요일,경상북도 영주시 하망동,중상사고,0,1,0,0,차대차 - 정면충돌,중앙선침범,건조,맑음,단일로 - 기타,승용,남,59세,상해없음,원동기,남,38세,중상
2016042200100620,2016년 4월 22일 21시,금요일,경상북도 경산시 하양읍,사망사고,1,1,0,0,차대차 - 기타,안전운전불이행,건조,맑음,단일로 - 기타,이륜,남,24세,중상,승용,남,29세,상해없음
2016042200100650,2016년 4월 22일 22시,금요일,경상북도 성주군 성주읍,중상사고,0,1,0,0,차대사람 - 횡단중,안전운전불이행,건조,맑음,기타 - 기타,승용,남,49세,상해없음,보행자,남,58세,중상
2016042300100086,2016년 4월 23일 04시,토요일,경상북도 포항시 북구 두호동,경상사고,0,0,1,0,차량단독 - 전도전복,안전운전불이행,건조,맑음,단일로 - 기타,승용,여,36세,경상,,,,
2016042300100087,2016년 4월 23일 04시,토요일,경상북도 칠곡군 동명면,부상신고사고,0,0,0,1,차량단독 - 전도전복,안전운전불이행,건조,맑음,단일로 - 기타,승합,남,47세,부상신고,,,,
2016042300100088,2016년 4월 23일 04시,토요일,경상북도 구미시 사곡동,경상사고,0,0,1,0,차대차 - 정면충돌,안전운전불이행,건조,맑음,단일로 - 기타,이륜,남,18세,상해없음,이륜,여,45세,경상
2016042300100100,2016년 4월 23일 05시,토요일,경상북도 상주시 복룡동,경상사고,0,0,1,0,차대차 - 추돌,안전운전불이행,건조,맑음,단일로 - 기타,원동기,남,17세,경상,승용,남,55세,상해없음
2016042300100101,2016년 4월 23일 05시,토요일,경상북도 구미시 형곡동,경상사고,0,0,1,0,차대차 - 정면충돌,안전거리미확보,건조,맑음,단일로 - 기타,승용,남,29세,기타불명,승용,남,34세,경상
2016042300100120,2016년 4월 23일 06시,토요일,경상북도 상주시 낙동면,중상사고,0,5,0,0,차대차 - 정면충돌,교차로운행방법위반,건조,맑음,교차로 - 교차로안,특수,남,43세,상해없음,화물,남,59세,중상
2016042300100133,2016년 4월 23일 07시,토요일,경상북도 경주시 내남면,경상사고,0,0,2,0,차량단독 - 전도전복,안전운전불이행,건조,맑음,단일로 - 기타,화물,남,32세,경상,,,,
2016042300100134,2016년 4월 23일 07시,토요일,경상북도 영천시 금호읍,경상사고,0,0,1,0,차대사람 - 길가장자리구역통행중,안전운전불이행,건조,맑음,단일로 - 기타,승용,여,67세,상해없음,보행자,여,47세,경상
2016042300100135,2016년 4월 23일 07시,토요일,경상북도 구미시 신평동,부상신고사고,0,0,0,1,차대차 - 측면충돌,안전운전불이행,건조,맑음,단일로 - 기타,화물,남,38세,부상신고,승용,남,27세,상해없음
2016042300100153,2016년 4월 23일 08시,토요일,경상북도 포항시 북구 환호동,경상사고,0,0,2,0,차대차 - 정면충돌,안전거리미확보,건조,맑음,교차로 - 교차로부근,승용,남,58세,상해없음,승용,남,61세,경상
2016042300100179,2016년 4월 23일 09시,토요일,경상북도 칠곡군 가산면,중상사고,0,1,0,0,차대차 - 정면충돌,신호위반,건조,맑음,교차로 - 교차로안,특수,남,56세,상해없음,승용,남,61세,중상
2016042300100180,2016년 4월 23일 09시,토요일,경상북도 고령군 다산면,중상사고,0,1,0,0,차대차 - 측면직각충돌,신호위반,건조,맑음,교차로 - 교차로안,화물,남,59세,상해없음,원동기,남,79세,중상
2016042300100181,2016년 4월 23일 09시,토요일,경상북도 구미시 인의동,중상사고,0,1,0,0,차대차 - 측면충돌,안전운전불이행,건조,맑음,단일로 - 기타,자전거,남,12세,상해없음,자전거,남,54세,중상
2016042300100182,2016년 4월 23일 09시,토요일,경상북도 구미시 황상동,경상사고,0,0,1,0,차대차 - 측면충돌,안전운전불이행,건조,맑음,교차로 - 교차로안,승용,남,49세,상해없음,자전거,남,13세,경상