사고번호,사고일시,요일,시군구,사고내용,사망자수,중상자수,경상자수,부상신고자수,사고유형,법규위반,노면상태,기상상태,도로형태,가해운전자 차종,가해운전자 성별,가해운전자 연령,가해운전자 상해정도,피해운전자 차종,피해운전자 성별,피해운전자 연령,피해운전자 상해정도
2016042300100208,2016년 4월 23일 10시,토요일,경상북도 영주시 순흥면,경상사고,0,0,1,0,차대차 - 측면충돌,직진우회전진행방해,건조,맑음,교차로 - 교차로안,승용,여,49세,상해없음,승용,남,72세,경상
2016042300100209,2016년 4월 23일 10시,토요일,경상북도 영주시 하망동,경상사고,0,0,1,0,차대차 - 추돌,안전운전불이행,건조,맑음,기타 - 기타,화물,남,33세,상해없음,승용,여,47세,경상
2016042300100211,2016년 4월 23일 10시,토요일,경상북도 경산시 압량면,중상사고,0,1,0,0,차대차 - 정면충돌,교차로운행방법위반,건조,맑음,교차로 - 교차로안,승용,남,65세,상해없음,승용,여,26세,중상
2016042300100212,2016년 4월 23일 10시,토요일,경상북도 구미시 시미동,경상사고,0,0,3,0,차대차 - 측면충돌,안전운전불이행,건조,맑음,교차로 - 교차로부근,승용,여,35세,상해없음,승용,남,28세,경상
2016042300100240,2016년 4월 23일 11시,토요일,경상북도 안동시 송현동,경상사고,0,0,1,0,차대차 - 정면충돌,안전운전불이행,건조,맑음,교차로 - 교차로부근,자전거,여,41세,경상,승합,남,44세,상해없음
2016042300100279,2016년 4월 23일 12시,토요일,경상북도 김천시 신음동,경상사고,0,0,1,0,차대사람 - 보도통행중,보행자보호의무위반,건조,맑음,단일로 - 기타,승용,여,31세,기타불명,보행자,남,12세,경상
2016042300100280,2016년 4월 23일 12시,토요일,경상북도 의성군 단밀면,경상사고,0,0,2,0,차량단독 - 전도전복,안전운전불이행,건조,맑음,교차로 - 교차로부근,화물,남,32세,경상,,,,
2016042300100281,2016년 4월 23일 12시,토요일,경상북도 영주시 봉현면,중상사고,0,2,0,0,차대차 - 측면충돌,안전운전불이행,건조,맑음,단일로 - 기타,화물,남,41세,상해없음,원동기,남,66세,중상
2016042300100282,2016년 4월 23일 12시,토요일,경상북도 경산시 진량읍,경상사고,0,0,1,0,차대차 - 측면충돌,중앙선침범,건조,맑음,단일로 - 기타,승용,여,55세,상해없음,화물,남,37세,경상
2016042300100318,2016년 4월 23일 13시,토요일,경상북도 성주군 성주읍,중상사고,0,1,0,0,차대차 - 정면충돌,중앙선침범,건조,맑음,교차로 - 교차로부근,이륜,남,80세,상해없음,이륜,여,83세,중상
2016042300100359,2016년 4월 23일 14시,토요일,경상북도 안동시 태화동,경상사고,0,0,1,0,차대차 - 추돌,안전운전불이행,건조,맑음,단일로 - 기타,승용,남,64세,상해없음,승용,여,42세,경상
2016042300100360,2016년 4월 23일 14시,토요일,경상북도 포항시 남구 호미곶면,중상사고,0,1,0,0,차대차 - 기타,기타,건조,맑음,단일로 - 기타,화물,남,68세,상해없음,이륜,남,51세,중상
2016042300100391,2016년 4월 23일 15시,토요일,경상북도 포항시 북구 우현동,경상사고,0,0,1,0,차량단독 - 전도전복,안전운전불이행,건조,맑음,단일로 - 기타,승용,여,44세,경상,,,,
2016042300100392,2016년 4월 23일 15시,토요일,경상북도 구미시 고아읍,중상사고,0,2,1,0,차대차 - 추돌,안전운전불이행,습기,맑음,단일로 - 교량,승합,남,55세,상해없음,화물,남,67세,경상
2016042300100431,2016년 4월 23일 16시,토요일,경상북도 상주시 냉림동,경상사고,0,0,1,0,차대차 - 측면직각충돌,교차로운행방법위반,건조,맑음,교차로 - 교차로안,승용,남,54세,상해없음,자전거,남,10세,경상
2016042300100466,2016년 4월 23일 17시,토요일,경상북도 안동시 삼산동,경상사고,0,0,1,0,차대사람 - 횡단중,안전운전불이행,건조,맑음,단일로 - 기타,승용,여,59세,상해없음,보행자,여,18세,경상
2016042300100467,2016년 4월 23일 17시,토요일,경상북도 안동시 와룡면,경상사고,0,0,1,0,차량단독 - 전도전복,안전운전불이행,건조,맑음,단일로 - 기타,승용,남,49세,경상,,,,
2016042300100468,2016년 4월 23일 17시,토요일,경상북도 문경시 점촌동,경상사고,0,0,2,0,차대차 - 기타,안전운전불이행,건조,맑음,단일로 - 기타,승용,남,31세,상해없음,승용,남,66세,경상
2016042300100469,2016년 4월 23일 17시,토요일,경상북도 문경시 호계면,경상사고,0,0,1,0,차대차 - 정면충돌,중앙선침범,건조,맑음,교차로 - 교차로부근,원동기,남,58세,경상,화물,남,30세,상해없음
2016042300100470,2016년 4월 23일 17시,토요일,경상북도 구미시 원평동,부상신고사고,0,0,0,1,차대차 - 측면충돌,안전운전불이행,건조,맑음,교차로 - 교차로안,이륜,남,23세,부상신고,승용,여,42세,상해없음
2016042300100471,2016년 4월 23일 17시,토요일,경상북도 포항시 남구 인덕동,경상사고,0,0,3,0,차대차 - 기타,신호위반,건조,맑음,교차로 - 교차로안,승용,여,60세,상해없음,승용,남,21세,경상
2016042300100493,2016년 4월 23일 18시,토요일,경상북도 경주시 건천읍,중상사고,0,1,0,0,차대사람 - 횡단중,안전운전불이행,건조,맑음,단일로 - 기타,승용,남,36세,상해없음,보행자,여,67세,중상
2016042300100494,2016년 4월 23일 18시,토요일,경상북도 포항시 북구 죽도동,경상사고,0,0,1,0,차대차 - 정면충돌,안전운전불이행,건조,맑음,단일로 - 기타,자전거,남,67세,경상,승용,여,52세,상해없음
2016042300100495,2016년 4월 23일 18시,토요일,경상북도 울릉군 서면,부상신고사고,0,0,0,1,차대차 - 정면충돌,중앙선침범,건조,맑음,단일로 - 기타,원동기,남,17세,부상신고,승용,남,50세,상해없음
2016042300100570,2016년 4월 23일 20시,토요일,경상북도 경주시 성건동,경상사고,0,0,1,0,차대차 - 추돌,안전운전불이행,건조,맑음,단일로 - 기타,기타불명,기타불명,기타불명,기타불명,이륜,남,17세,경상
2016042300100571,2016년 4월 23일 20시,토요일,경상북도 포항시 북구 장성동,경상사고,0,0,2,0,차대차 - 측면충돌,직진우회전진행방해,건조,맑음,교차로 - 교차로안,승용,여,55세,상해없음,승용,남,46세,경상
2016042300100572,2016년 4월 23일 20시,토요일,경상북도 안동시 옥동,중상사고,0,1,0,0,차대차 - 추돌,안전운전불이행,건조,맑음,단일로 - 기타,승용,남,41세,상해없음,이륜,남,44세,중상
2016042300100602,2016년 4월 23일 21시,토요일,경상북도 구미시 진평동,경상사고,0,0,1,0,차대사람 - 횡단중,교차로운행방법위반,건조,맑음,교차로 - 교차로안,승용,남,28세,상해없음,보행자,남,21세,경상
2016042300100624,2016년 4월 23일 22시,토요일,경상북도 포항시 북구 송라면,경상사고,0,0,2,0,차대차 - 추돌,안전운전불이행,건조,맑음,교차로 - 교차로부근,승합,남,65세,상해없음,승용,남,50세,경상
2016042300100625,2016년 4월 23일 22시,토요일,경상북도 구미시 진평동,중상사고,0,1,0,0,차대차 - 측면직각충돌,중앙선침범,건조,맑음,단일로 - 기타,승용,남,24세,상해없음,이륜,남,28세,중상
2016042300100626,2016년 4월 23일 22시,토요일,경상북도 구미시 형곡동,중상사고,0,1,0,0,차대사람 - 횡단중,안전운전불이행,건조,맑음,단일로 - 기타,승용,남,59세,상해없음,보행자,남,44세,중상
2016042300100642,2016년 4월 23일 23시,토요일,경상북도 경주시 감포읍,경상사고,0,0,8,0,차대차 - 추돌,안전운전불이행,건조,맑음,단일로 - 기타,승용,남,30세,상해없음,승용,남,57세,경상
2016042300100643,2016년 4월 23일 23시,토요일,경상북도 안동시 송현동,경상사고,0,0,1,0,차대차 - 정면충돌,안전운전불이행,건조,맑음,단일로 - 기타,이륜,남,23세,경상,승용,여,46세,상해없음
2016042300100644,2016년 4월 23일 23시,토요일,경상북도 구미시 신평동,중상사고,0,1,0,0,차대차 - 기타,중앙선침범,건조,맑음,교차로 - 교차로부근,승용,남,25세,상해없음,이륜,남,33세,중상
2016042400100033,2016년 4월 24일 01시,일요일,경상북도 경산시 조영동,부상신고사고,0,0,0,1,차대사람 - 차도통행중,안전운전불이행,건조,맑음,단일로 - 기타,승용,남,20세,상해없음,보행자,남,26세,부상신고
2016042400100034,2016년 4월 24일 01시,일요일,경상북도 경산시 진량읍,경상사고,0,0,4,0,차대차 - 기타,신호위반,건조,맑음,교차로 - 교차로안,승용,남,55세,상해없음,승용,남,52세,경상
2016042400100049,2016년 4월 24일 02시,일요일,경상북도 안동시 풍산읍,중상사고,0,1,0,0,차량단독 - 전도전복,안전운전불이행,건조,맑음,단일로 - 기타,승용,여,53세,중상,,,,
2016042400100111,2016년 4월 24일 07시,일요일,경상북도 고령군 다산면,경상사고,0,0,1,0,차대차 - 측면직각충돌,안전운전불이행,건조,맑음,단일로 - 기타,승용,남,60세,상해없음,승용,여,44세,경상
2016042400100128,2016년 4월 24일 08시,일요일,경상북도 포항시 북구 양덕동,경상사고,0,0,1,0,차대차 - 추돌,안전거리미확보,건조,맑음,단일로 - 기타,화물,남,54세,상해없음,승용,남,61세,경상
2016042400100129,2016년 4월 24일 08시,일요일,경상북도 상주시 냉림동,중상사고,0,2,0,0,차대차 - 정면충돌,안전운전불이행,건조,맑음,단일로 - 기타,자전거,남,67세,중상,자전거,여,58세,중상
2016042400100151,2016년 4월 24일 09시,일요일,경상북도 경주시 황성동,중상사고,0,2,1,0,차대차 - 정면충돌,신호위반,건조,맑음,교차로 - 교차로안,승용,여,52세,중상,승용,남,60세,경상
2016042400100152,2016년 4월 24일 09시,일요일,경상북도 예천군 예천읍,중상사고,0,1,0,0,차대차 - 측면직각충돌,안전운전불이행,건조,맑음,단일로 - 기타,승용,남,51세,상해없음,자전거,여,75세,중상
2016042400100183,2016년 4월 24일 11시,일요일,경상북도 경주시 강동면,중상사고,0,1,3,0,차대차 - 측면충돌,안전운전불이행,건조,맑음,단일로 - 기타,승용,여,36세,상해없음,승용,남,51세,경상
2016042400100237,2016년 4월 24일 13시,일요일,경상북도 포항시 북구 죽도동,중상사고,0,1,0,0,차량단독 - 기타,안전운전불이행,건조,맑음,단일로 - 기타,승합,남,59세,상해없음,,,,
2016042400100238,2016년 4월 24일 13시,일요일,경상북도 영덕군 영덕읍,경상사고,0,0,1,0,차대사람 - 길가장자리구역통행중,안전운전불이행,건조,맑음,교차로 - 교차로부근,화물,남,50세,기타불명,보행자,여,60세,경상
2016042400100268,2016년 4월 24일 14시,일요일,경상북도 경주시 배반동,경상사고,0,0,2,0,차대차 - 측면충돌,신호위반,건조,맑음,교차로 - 교차로안,승용,여,43세,상해없음,승용,남,28세,경상
2016042400100269,2016년 4월 24일 14시,일요일,경상북도 영천시 화북면,중상사고,0,1,4,0,차대차 - 측면직각충돌,안전운전불이행,건조,맑음,단일로 - 기타,승용,남,60세,중상,승용,여,38세,경상
2016042400100270,2016년 4월 24일 14시,일요일,경상북도 경산시 백천동,중상사고,0,1,0,0,차대사람 - 횡단중,보행자보호의무위반,건조,맑음,단일로 - 기타,승용,남,47세,상해없음,보행자,남,7세,중상
2016042400100312,2016년 4월 24일 15시,일요일,경상북도 포항시 북구 신흥동,중상사고,0,1,0,0,차대사람 - 횡단중,안전운전불이행,건조,맑음,단일로 - 기타,승용,남,60세,상해없음,보행자,여,43세,중상
2016042400100380,2016년 4월 24일 17시,일요일,경상북도 영천시 임고면,중상사고,0,1,2,0,차대차 - 측면충돌,교차로운행방법위반,건조,맑음,교차로 - 교차로안,승용,남,46세,경상,승용,여,58세,경상
2016042400100381,2016년 4월 24일 17시,일요일,경상북도 포항시 남구 대송면,경상사고,0,0,1,0,차대차 - 측면직각충돌,안전운전불이행,건조,맑음,교차로 - 교차로부근,원동기,남,53세,경상,승용,남,55세,상해없음
2016042400100415,2016년 4월 24일 18시,일요일,경상북도 안동시 태화동,중상사고,0,2,0,0,차대차 - 측면충돌,안전운전불이행,건조,맑음,단일로 - 기타,이륜,남,21세,중상,이륜,남,18세,중상
2016042400100416,2016년 4월 24일 18시,일요일,경상북도 안동시 서후면,부상신고사고,0,0,0,2,차대사람 - 길가장자리구역통행중,안전운전불이행,건조,맑음,단일로 - 기타,승용,남,62세,상해없음,보행자,여,19세,부상신고
2016042400100417,2016년 4월 24일 18시,일요일,경상북도 문경시 산북면,경상사고,0,0,1,0,차대차 - 추돌,안전운전불이행,건조,맑음,단일로 - 기타,승용,남,66세,상해없음,이륜,남,40세,경상
2016042400100418,2016년 4월 24일 18시,일요일,경상북도 칠곡군 지천면,경상사고,0,0,3,0,차대차 - 측면직각충돌,안전운전불이행,건조,맑음,단일로 - 기타,승용,남,53세,상해없음,승용,남,31세,경상
2016042400100442,2016년 4월 24일 19시,일요일,경상북도 경주시 황성동,사망사고,1,0,0,0,차대차 - 추돌,안전운전불이행,건조,맑음,교차로 - 교차로부근,승용,남,48세,상해없음,자전거,남,71세,사망
2016042400100443,2016년 4월 24일 19시,일요일,경상북도 성주군 선남면,경상사고,0,0,1,0,차대차 - 측면직각충돌,안전운전불이행,건조,맑음,단일로 - 기타,승용,남,59세,상해없음,승용,여,54세,경상
2016042400100444,2016년 4월 24일 19시,일요일,경상북도 구미시 공단동,경상사고,0,0,1,0,차대차 - 기타,교차로운행방법위반,건조,맑음,교차로 - 교차로부근,승합,남,64세,상해없음,자전거,남,41세,경상
2016042400100473,2016년 4월 24일 20시,일요일,경상북도 경주시 건천읍,경상사고,0,0,2,0,차대사람 - 횡단중,안전운전불이행,건조,맑음,단일로 - 기타,승용,남,61세,상해없음,보행자,남,4세,경상
2016042400100474,2016년 4월 24일 20시,일요일,경상북도 영천시 화남면,경상사고,0,0,1,0,차량단독 - 전도전복,안전운전불이행,건조,맑음,단일로 - 기타,화물,남,60세,경상,,,,
2016042400100475,2016년 4월 24일 20시,일요일,경상북도 구미시 송정동,중상사고,0,1,2,0,차대차 - 정면충돌,교차로운행방법위반,건조,맑음,교차로 - 교차로안,승용,여,46세,상해없음,승용,남,53세,중상
2016042400100503,2016년 4월 24일 21시,일요일,경상북도 경주시 성건동,경상사고,0,0,1,0,차대차 - 측면직각충돌,안전운전불이행,건조,맑음,단일로 - 기타,승용,남,28세,상해없음,원동기,남,19세,경상
2016042400100504,2016년 4월 24일 21시,일요일,경상북도 안동시 송현동,중상사고,0,1,0,0,차대사람 - 기타,안전운전불이행,건조,맑음,단일로 - 기타,기타불명,기타불명,기타불명,기타불명,보행자,남,60세,중상
2016042400100505,2016년 4월 24일 21시,일요일,경상북도 울진군 후포면,경상사고,0,0,2,0,차대차 - 추돌,안전운전불이행,건조,맑음,교차로 - 교차로안,승용,여,51세,상해없음,승용,남,39세,경상
2016042400100527,2016년 4월 24일 22시,일요일,경상북도 구미시 봉곡동,경상사고,0,0,2,0,차대차 - 측면충돌,신호위반,건조,맑음,교차로 - 교차로안,승용,남,28세,상해없음,승용,남,22세,경상
2016042400100545,2016년 4월 24일 23시,일요일,경상북도 영주시 가흥동,중상사고,0,1,0,0,차대사람 - 차도통행중,안전운전불이행,건조,맑음,단일로 - 기타,승용,여,44세,상해없음,보행자,여,75세,중상
2016042500100005,2016년 4월 25일 00시,월요일,경상북도 안동시 정하동,경상사고,0,0,3,0,차대차 - 측면충돌,교차로운행방법위반,건조,맑음,교차로 - 교차로안,승용,여,61세,경상,승용,남,25세,경상
2016042500100025,2016년 4월 25일 01시,월요일,경상북도 칠곡군 석적읍,부상신고사고,0,0,0,1,차량단독 - 전도전복,안전운전불이행,건조,맑음,단일로 - 기타,승용,남,47세,부상신고,,,,
2016042500100036,2016년 4월 25일 03시,월요일,경상북도 구미시 공단동,경상사고,0,0,2,0,차대차 - 측면직각충돌,직진우회전진행방해,건조,맑음,교차로 - 교차로안,승용,남,25세,상해없음,승용,여,29세,경상
2016042500100049,2016년 4월 25일 05시,월요일,경상북도 경주시 진현동,중상사고,0,2,0,0,차대차 - 정면충돌,신호위반,습기,안개,교차로 - 교차로안,승용,여,66세,중상,승합,여,57세,중상
2016042500100086,2016년 4월 25일 07시,월요일,경상북도 안동시 송현동,경상사고,0,0,1,0,차대차 - 추돌,안전거리미확보,건조,맑음,교차로 - 교차로안,승용,여,52세,상해없음,승용,여,46세,경상
2016042500100087,2016년 4월 25일 07시,월요일,경상북도 구미시 선기동,중상사고,0,1,0,0,차량단독 - 전도전복,안전운전불이행,건조,맑음,단일로 - 기타,화물,여,66세,중상,,,,
2016042500100127,2016년 4월 25일 08시,월요일,경상북도 영천시 봉동,경상사고,0,0,1,0,차대차 - 측면충돌,신호위반,건조,맑음,교차로 - 교차로안,승용,남,63세,상해없음,승용,남,36세,경상
2016042500100128,2016년 4월 25일 08시,월요일,경상북도 문경시 점촌동,경상사고,0,0,1,0,차량단독 - 전도전복,안전운전불이행,건조,맑음,교차로 - 교차로안,이륜,여,37세,경상,,,,
2016042500100129,2016년 4월 25일 08시,월요일,경상북도 구미시 공단동,경상사고,0,0,1,0,차대차 - 추돌,안전운전불이행,건조,맑음,기타 - 기타,승용,남,25세,상해없음,승용,여,42세,경상
2016042500100157,2016년 4월 25일 09시,월요일,경상북도 포항시 북구 학산동,경상사고,0,0,1,0,차대차 - 정면충돌,신호위반,건조,맑음,교차로 - 교차로안,승용,남,20세,상해없음,승용,남,65세,경상
2016042500100158,2016년 4월 25일 09시,월요일,경상북도 안동시 풍산읍,경상사고,0,0,1,0,차대차 - 측면직각충돌,신호위반,건조,맑음,교차로 - 교차로안,승합,남,48세,상해없음,화물,남,75세,경상
2016042500100159,2016년 4월 25일 09시,월요일,경상북도 김천시 신음동,경상사고,0,0,1,0,차대차 - 추돌,안전운전불이행,건조,맑음,단일로 - 기타,승합,남,69세,상해없음,승용,여,29세,경상
2016042500100160,2016년 4월 25일 09시,월요일,경상북도 경산시 삼남동,경상사고,0,0,2,0,차대차 - 기타,중앙선침범,건조,맑음,교차로 - 교차로안,승용,여,38세,경상,화물,남,41세,경상
2016042500100161,2016년 4월 25일 09시,월요일,경상북도 포항시 남구 해도동,경상사고,0,0,1,0,차량단독 - 기타,안전운전불이행,건조,맑음,단일로 - 기타,승용,남,49세,상해없음,,,,
2016042500100200,2016년 4월 25일 10시,월요일,경상북도 경주시 율동,부상신고사고,0,0,0,1,차량단독 - 전도전복,안전운전불이행,건조,맑음,단일로 - 기타,승용,여,47세,부상신고,,,,
2016042500100230,2016년 4월 25일 11시,월요일,경상북도 포항시 북구 장성동,경상사고,0,0,3,0,차대차 - 측면충돌,안전운전불이행,건조,맑음,교차로 - 교차로안,승용,여,52세,경상,화물,남,48세,경상
2016042500100231,2016년 4월 25일 11시,월요일,경상북도 김천시 남산동,경상사고,0,0,1,0,차대차 - 측면충돌,안전운전불이행,건조,맑음,단일로 - 기타,승용,여,37세,상해없음,자전거,남,86세,경상
2016042500100232,2016년 4월 25일 11시,월요일,경상북도 영천시 화룡동,중상사고,0,1,0,0,차대차 - 추돌,안전운전불이행,건조,맑음,교차로 - 교차로부근,승용,남,75세,상해없음,승용,여,69세,중상
2016042500100233,2016년 4월 25일 11시,월요일,경상북도 구미시 형곡동,중상사고,0,1,0,0,차대차 - 추돌,안전운전불이행,건조,맑음,교차로 - 교차로부근,승용,여,52세,기타불명,승용,여,42세,상해없음
2016042500100271,2016년 4월 25일 12시,월요일,경상북도 영천시 조교동,중상사고,0,1,0,0,차대차 - 측면충돌,안전운전불이행,건조,맑음,교차로 - 교차로부근,승용,남,83세,상해없음,자전거,남,41세,중상
2016042500100272,2016년 4월 25일 12시,월요일,경상북도 구미시 인의동,경상사고,0,0,1,0,차대차 - 측면직각충돌,안전운전불이행,건조,맑음,단일로 - 기타,승합,남,45세,상해없음,자전거,여,41세,경상
2016042500100311,2016년 4월 25일 13시,월요일,경상북도 영주시 영주동,부상신고사고,0,0,0,1,차대차 - 정면충돌,안전운전불이행,건조,맑음,교차로 - 교차로안,이륜,남,77세,상해없음,자전거,남,56세,부상신고
2016042500100344,2016년 4월 25일 14시,월요일,경상북도 경주시 건천읍,중상사고,0,3,1,0,차대차 - 추돌,안전운전불이행,건조,맑음,단일로 - 기타,화물,남,43세,상해없음,승용,여,43세,중상
2016042500100345,2016년 4월 25일 14시,월요일,경상북도 안동시 옥동,중상사고,0,1,0,0,차대차 - 정면충돌,신호위반,건조,맑음,교차로 - 교차로안,화물,남,26세,상해없음,승용,남,31세,중상
2016042500100346,2016년 4월 25일 14시,월요일,경상북도 김천시 성내동,중상사고,0,1,0,0,차대사람 - 횡단중,보행자보호의무위반,건조,맑음,단일로 - 기타,건설기계,남,58세,상해없음,보행자,남,5세,중상
2016042500100347,2016년 4월 25일 14시,월요일,경상북도 문경시 점촌동,경상사고,0,0,1,0,차대사람 - 횡단중,안전운전불이행,건조,맑음,교차로 - 교차로부근,이륜,남,78세,기타불명,보행자,여,77세,경상
2016042500100348,2016년 4월 25일 14시,월요일,경상북도 영양군 입암면,경상사고,0,0,2,0,차량단독 - 전도전복,안전운전불이행,건조,맑음,단일로 - 기타,승용,남,65세,경상,,,,
2016042500100349,2016년 4월 25일 14시,월요일,경상북도 포항시 남구 오천읍,경상사고,0,0,1,0,차대차 - 측면직각충돌,직진우회전진행방해,건조,맑음,교차로 - 교차로안,화물,남,64세,상해없음,승용,여,28세,경상
2016042500100382,2016년 4월 25일 15시,월요일,경상북도 영덕군 영해면,경상사고,0,0,1,0,차대차 - 측면직각충돌,안전거리미확보,건조,맑음,단일로 - 기타,승용,남,79세,상해없음,화물,여,44세,경상
2016042500100426,2016년 4월 25일 16시,월요일,경상북도 경주시 외동읍,경상사고,0,0,1,0,차대차 - 기타,안전운전불이행,건조,맑음,단일로 - 기타,화물,남,53세,상해없음,승용,남,29세,기타불명
2016042500100427,2016년 4월 25일 16시,월요일,경상북도 경주시 성건동,중상사고,0,1,0,0,차대차 - 측면충돌,안전운전불이행,건조,맑음,교차로 - 교차로안,이륜,여,62세,중상,승용,남,49세,상해없음
2016042500100428,2016년 4월 25일 16시,월요일,경상북도 영천시 성내동,경상사고,0,0,2,1,차대차 - 추돌,안전거리미확보,건조,맑음,교차로 - 교차로안,승용,여,46세,상해없음,승용,여,31세,경상
2016042500100466,2016년 4월 25일 17시,월요일,경상북도 경주시 현곡면,경상사고,0,0,1,0,차대차 - 추돌,안전운전불이행,건조,맑음,교차로 - 교차로부근,승용,남,59세,상해없음,승용,여,36세,경상
2016042500100505,2016년 4월 25일 18시,월요일,경상북도 안동시 용상동,부상신고사고,0,0,0,1,차대차 - 기타,안전운전불이행,건조,맑음,단일로 - 기타,승용,남,52세,상해없음,자전거,여,59세,부상신고
2016042500100506,2016년 4월 25일 18시,월요일,경상북도 예천군 풍양면,중상사고,0,1,0,0,차대차 - 측면직각충돌,안전운전불이행,건조,맑음,교차로 - 교차로부근,승용,남,37세,상해없음,이륜,남,80세,중상
2016042500100507,2016년 4월 25일 18시,월요일,경상북도 구미시 옥계동,경상사고,0,0,1,0,차대사람 - 횡단중,안전운전불이행,건조,맑음,교차로 - 교차로안,화물,여,52세,상해없음,보행자,여,27세,경상
2016042500100537,2016년 4월 25일 19시,월요일,경상북도 칠곡군 왜관읍,경상사고,0,0,1,0,차대차 - 기타,직진우회전진행방해,건조,맑음,교차로 - 교차로부근,승용,남,52세,상해없음,승용,남,52세,경상
2016042500100538,2016년 4월 25일 19시,월요일,경상북도 구미시 송정동,부상신고사고,0,0,0,1,차대사람 - 횡단중,안전운전불이행,건조,맑음,기타 - 기타,자전거,기타불명,기타불명,기타불명,보행자,남,58세,부상신고
2016042500100578,2016년 4월 25일 20시,월요일,경상북도 문경시 가은읍,사망사고,1,0,0,0,차량단독 - 전도전복,안전운전불이행,건조,맑음,단일로 - 기타,원동기,남,72세,사망,,,,
2016042500100579,2016년 4월 25일 20시,월요일,경상북도 경산시 삼북동,중상사고,0,1,0,0,차대사람 - 횡단중,보행자보호의무위반,건조,맑음,단일로 - 기타,승용,남,74세,상해없음,보행자,여,80세,중상
2016042500100580,2016년 4월 25일 20시,월요일,경상북도 포항시 남구 송도동,중상사고,0,2,0,0,차대차 - 측면직각충돌,안전운전불이행,건조,맑음,단일로 - 기타,승용,남,26세,상해없음,승용,남,57세,중상
2016042500100613,2016년 4월 25일 21시,월요일,경상북도 포항시 북구 대흥동,경상사고,0,0,2,0,차대차 - 추돌,안전운전불이행,건조,맑음,단일로 - 횡단보도부근,승용,여,46세,상해없음,승용,남,58세,경상
2016042500100614,2016년 4월 25일 21시,월요일,경상북도 김천시 지좌동,경상사고,0,0,2,0,차대차 - 추돌,안전운전불이행,건조,맑음,단일로 - 기타,승용,남,54세,상해없음,승용,남,49세,경상
2016042500100615,2016년 4월 25일 21시,월요일,경상북도 칠곡군 왜관읍,중상사고,0,1,0,0,차대차 - 측면직각충돌,직진우회전진행방해,건조,맑음,교차로 - 교차로안,승용,남,30세,상해없음,자전거,여,46세,중상
2016042500100616,2016년 4월 25일 21시,월요일,경상북도 경산시 옥곡동,경상사고,0,0,2,0,차대차 - 기타,교차로운행방법위반,건조,맑음,교차로 - 교차로안,승용,여,25세,경상,승용,남,41세,경상
2016042500100617,2016년 4월 25일 21시,월요일,경상북도 구미시 진평동,경상사고,0,0,1,0,차대차 - 측면충돌,안전운전불이행,건조,맑음,교차로 - 교차로안,승용,남,32세,기타불명,자전거,남,14세,경상
2016042600100043,2016년 4월 26일 04시,화요일,경상북도 문경시 산양면,사망사고,1,0,0,0,차대사람 - 보도통행중,보행자보호의무위반,건조,맑음,교차로 - 교차로부근,화물,남,46세,상해없음,보행자,남,52세,사망
2016042600100055,2016년 4월 26일 06시,화요일,경상북도 칠곡군 북삼읍,경상사고,0,0,2,1,차대차 - 측면충돌,직진우회전진행방해,건조,맑음,교차로 - 교차로안,승용,남,34세,부상신고,승용,남,45세,경상
2016042600100056,2016년 4월 26일 06시,화요일,경상북도 경산시 진량읍,경상사고,0,0,1,0,차대차 - 기타,안전운전불이행,건조,맑음,단일로 - 기타,승용,남,22세,상해없음,승용,여,50세,경상
2016042600100078,2016년 4월 26일 07시,화요일,경상북도 경주시 감포읍,중상사고,0,1,0,0,차대차 - 측면충돌,기타,건조,맑음,단일로 - 기타,화물,남,56세,상해없음,이륜,남,56세,중상
2016042600100079,2016년 4월 26일 07시,화요일,경상북도 경주시 양남면,경상사고,0,0,3,0,차량단독 - 전도전복,안전운전불이행,건조,맑음,단일로 - 기타,승용,남,28세,상해없음,,,,
2016042600100080,2016년 4월 26일 07시,화요일,경상북도 성주군 성주읍,중상사고,0,1,0,0,차대차 - 측면직각충돌,안전운전불이행,건조,맑음,단일로 - 기타,승합,남,36세,상해없음,자전거,남,66세,중상
2016042600100081,2016년 4월 26일 07시,화요일,경상북도 군위군 효령면,중상사고,0,1,1,0,차대차 - 기타,중앙선침범,건조,맑음,단일로 - 기타,화물,남,60세,경상,화물,남,49세,중상
2016042600100174,2016년 4월 26일 09시,화요일,경상북도 의성군 구천면,중상사고,0,1,0,0,차대차 - 측면직각충돌,안전운전불이행,건조,맑음,단일로 - 기타,화물,남,53세,상해없음,농기계,남,73세,중상
2016042600100175,2016년 4월 26일 09시,화요일,경상북도 칠곡군 석적읍,경상사고,0,0,1,0,차대차 - 측면충돌,중앙선침범,건조,맑음,단일로 - 기타,건설기계,남,60세,상해없음,화물,남,36세,경상
2016042600100176,2016년 4월 26일 09시,화요일,경상북도 문경시 영순면,중상사고,0,1,1,0,차대차 - 기타,안전운전불이행,건조,맑음,교차로 - 교차로안,화물,남,68세,중상,건설기계,남,60세,경상
2016042600100203,2016년 4월 26일 10시,화요일,경상북도 안동시 풍산읍,경상사고,0,0,1,0,차대차 - 측면직각충돌,과속,건조,맑음,단일로 - 기타,승용,남,36세,경상,건설기계,남,64세,상해없음