사고번호,사고일시,요일,시군구,사고내용,사망자수,중상자수,경상자수,부상신고자수,사고유형,법규위반,노면상태,기상상태,도로형태,가해운전자 차종,가해운전자 성별,가해운전자 연령,가해운전자 상해정도,피해운전자 차종,피해운전자 성별,피해운전자 연령,피해운전자 상해정도
2016050100100319,2016년 5월 1일 15시,일요일,경상북도 경주시 외동읍,중상사고,0,1,0,0,차대차 - 정면충돌,안전운전불이행,건조,맑음,단일로 - 기타,승용,남,53세,상해없음,승용,남,46세,중상
2016050100100320,2016년 5월 1일 15시,일요일,경상북도 경산시 계양동,중상사고,0,1,1,0,차대차 - 기타,안전운전불이행,건조,맑음,단일로 - 기타,승용,여,44세,상해없음,승용,여,51세,경상
2016050100100321,2016년 5월 1일 15시,일요일,경상북도 경산시 진량읍,경상사고,0,0,1,0,차량단독 - 전도전복,안전운전불이행,건조,맑음,단일로 - 기타,이륜,남,48세,경상,,,,
2016050100100322,2016년 5월 1일 15시,일요일,경상북도 성주군 용암면,중상사고,0,1,2,0,차대차 - 정면충돌,직진우회전진행방해,건조,맑음,교차로 - 교차로안,승용,남,39세,경상,화물,여,63세,중상
2016050100100323,2016년 5월 1일 15시,일요일,경상북도 구미시 황상동,경상사고,0,0,1,0,차대차 - 측면충돌,안전운전불이행,건조,맑음,교차로 - 교차로안,자전거,남,12세,경상,승용,남,53세,상해없음
2016050100100324,2016년 5월 1일 15시,일요일,경상북도 구미시 송정동,경상사고,0,0,1,0,차대차 - 기타,안전운전불이행,건조,맑음,교차로 - 교차로안,승용,남,74세,상해없음,승합,남,48세,상해없음
2016050100100325,2016년 5월 1일 15시,일요일,경상북도 포항시 남구 이동,중상사고,0,1,0,0,차대차 - 측면충돌,안전운전불이행,건조,맑음,단일로 - 기타,승용,여,45세,상해없음,원동기,남,57세,중상
2016050100100326,2016년 5월 1일 15시,일요일,경상북도 상주시 낙동면,경상사고,0,0,6,0,차대차 - 추돌,안전운전불이행,건조,맑음,단일로 - 기타,화물,남,40세,상해없음,승용,남,45세,상해없음
2016050100100354,2016년 5월 1일 16시,일요일,경상북도 경주시 현곡면,중상사고,0,1,0,0,차량단독 - 전도전복,안전운전불이행,건조,맑음,단일로 - 기타,이륜,여,37세,중상,,,,
2016050100100355,2016년 5월 1일 16시,일요일,경상북도 포항시 북구 양덕동,경상사고,0,0,1,0,차대사람 - 횡단중,안전운전불이행,건조,맑음,단일로 - 기타,이륜,남,19세,상해없음,보행자,남,13세,경상
2016050100100356,2016년 5월 1일 16시,일요일,경상북도 예천군 용궁면,경상사고,0,0,3,0,차대차 - 측면직각충돌,안전운전불이행,건조,맑음,단일로 - 기타,승용,남,53세,상해없음,승용,남,56세,경상
2016050100100357,2016년 5월 1일 16시,일요일,경상북도 예천군 감천면,중상사고,0,1,0,0,차대차 - 측면직각충돌,직진우회전진행방해,건조,맑음,교차로 - 교차로안,원동기,남,63세,중상,승용,남,42세,상해없음
2016050100100396,2016년 5월 1일 17시,일요일,경상북도 성주군 대가면,경상사고,0,0,5,0,차대차 - 측면충돌,안전운전불이행,건조,맑음,기타 - 기타,화물,남,38세,상해없음,승용,여,41세,경상
2016050100100427,2016년 5월 1일 18시,일요일,경상북도 영주시 하망동,중상사고,0,1,0,0,차대사람 - 횡단중,안전운전불이행,건조,맑음,단일로 - 기타,원동기,남,39세,상해없음,보행자,여,78세,중상
2016050100100428,2016년 5월 1일 18시,일요일,경상북도 칠곡군 동명면,중상사고,0,1,0,0,차대차 - 정면충돌,신호위반,건조,흐림,교차로 - 교차로안,승용,남,42세,상해없음,승용,남,55세,중상
2016050100100429,2016년 5월 1일 18시,일요일,경상북도 칠곡군 동명면,중상사고,0,1,1,0,차대차 - 측면충돌,안전운전불이행,건조,맑음,단일로 - 기타,승용,남,26세,중상,승용,남,54세,경상
2016050100100430,2016년 5월 1일 18시,일요일,경상북도 포항시 남구 대도동,중상사고,0,1,1,0,차대차 - 기타,안전운전불이행,건조,맑음,단일로 - 기타,승용,남,65세,경상,승용,남,55세,중상
2016050100100446,2016년 5월 1일 19시,일요일,경상북도 상주시 남성동,중상사고,0,1,0,0,차대차 - 측면직각충돌,차로위반,건조,맑음,단일로 - 기타,승용,남,65세,상해없음,원동기,남,50세,중상
2016050100100447,2016년 5월 1일 19시,일요일,경상북도 영주시 문정동,경상사고,0,0,1,0,차대차 - 측면충돌,신호위반,건조,맑음,교차로 - 교차로안,화물,남,49세,상해없음,승용,남,45세,경상
2016050100100484,2016년 5월 1일 20시,일요일,경상북도 경산시 압량면,중상사고,0,1,2,0,차대차 - 기타,신호위반,건조,맑음,교차로 - 교차로안,이륜,남,15세,경상,이륜,남,21세,경상
2016050100100532,2016년 5월 1일 22시,일요일,경상북도 김천시 평화동,중상사고,0,3,2,0,차대차 - 측면충돌,교차로운행방법위반,건조,맑음,교차로 - 교차로안,승용,남,26세,상해없음,승용,남,59세,경상
2016050100100555,2016년 5월 1일 23시,일요일,경상북도 영주시 가흥동,경상사고,0,0,1,0,차대차 - 측면충돌,안전운전불이행,건조,맑음,교차로 - 교차로안,승용,남,22세,상해없음,승용,여,46세,경상
2016050200100004,2016년 5월 2일 00시,월요일,경상북도 포항시 남구 대잠동,중상사고,0,1,2,0,차대차 - 측면충돌,직진우회전진행방해,건조,맑음,교차로 - 교차로안,승용,남,47세,상해없음,승용,여,57세,경상
2016050200100021,2016년 5월 2일 03시,월요일,경상북도 경주시 강동면,중상사고,0,1,0,0,차량단독 - 전도전복,기타,건조,맑음,단일로 - 기타,승용,여,48세,중상,,,,
2016050200100026,2016년 5월 2일 04시,월요일,경상북도 칠곡군 석적읍,부상신고사고,0,0,0,1,차대차 - 정면충돌,안전운전불이행,건조,맑음,단일로 - 기타,승용,남,45세,부상신고,건설기계,남,34세,기타불명
2016050200100036,2016년 5월 2일 05시,월요일,경상북도 의성군 안계면,경상사고,0,0,1,0,차량단독 - 전도전복,안전운전불이행,건조,맑음,교차로 - 교차로부근,승용,여,74세,경상,,,,
2016050200100051,2016년 5월 2일 06시,월요일,경상북도 경산시 중방동,경상사고,0,0,2,0,차대차 - 기타,신호위반,건조,맑음,교차로 - 교차로안,승용,남,31세,상해없음,승합,남,56세,경상
2016050200100068,2016년 5월 2일 07시,월요일,경상북도 경주시 성건동,경상사고,0,0,1,0,차대차 - 측면충돌,안전운전불이행,건조,맑음,교차로 - 교차로부근,화물,남,54세,상해없음,승용,남,78세,경상
2016050200100069,2016년 5월 2일 07시,월요일,경상북도 포항시 북구 양덕동,경상사고,0,0,9,0,차대차 - 측면충돌,안전거리미확보,건조,맑음,단일로 - 기타,승용,여,43세,경상,승용,여,59세,경상
2016050200100070,2016년 5월 2일 07시,월요일,경상북도 영주시 영주동,중상사고,0,1,0,0,차대차 - 측면충돌,안전운전불이행,건조,맑음,교차로 - 교차로안,이륜,여,55세,중상,승용,여,58세,상해없음
2016050200100071,2016년 5월 2일 07시,월요일,경상북도 군위군 소보면,중상사고,0,1,0,0,차대차 - 기타,안전운전불이행,건조,맑음,교차로 - 교차로부근,승용,여,62세,상해없음,자전거,남,77세,중상
2016050200100072,2016년 5월 2일 07시,월요일,경상북도 포항시 남구 동해면,부상신고사고,0,0,0,1,차대차 - 기타,직진우회전진행방해,건조,맑음,교차로 - 교차로안,승합,남,57세,상해없음,화물,남,73세,부상신고
2016050200100073,2016년 5월 2일 07시,월요일,경상북도 포항시 남구 송내동,경상사고,0,0,3,0,차대차 - 추돌,안전운전불이행,건조,맑음,교차로 - 교차로부근,승용,남,27세,경상,승용,남,30세,경상
2016050200100114,2016년 5월 2일 08시,월요일,경상북도 안동시 옥동,경상사고,0,0,1,0,차대차 - 추돌,안전운전불이행,건조,맑음,단일로 - 기타,승용,여,42세,상해없음,승용,남,49세,경상
2016050200100115,2016년 5월 2일 08시,월요일,경상북도 상주시 화서면,중상사고,0,1,0,0,차대차 - 정면충돌,중앙선침범,건조,맑음,단일로 - 기타,화물,남,55세,상해없음,승용,남,29세,중상
2016050200100116,2016년 5월 2일 08시,월요일,경상북도 칠곡군 기산면,경상사고,0,0,1,1,차대차 - 정면충돌,교차로운행방법위반,건조,맑음,교차로 - 교차로안,승용,여,39세,부상신고,승합,남,50세,경상
2016050200100117,2016년 5월 2일 08시,월요일,경상북도 성주군 초전면,경상사고,0,0,1,0,차대차 - 정면충돌,직진우회전진행방해,건조,맑음,교차로 - 교차로안,화물,남,74세,상해없음,승용,여,57세,경상
2016050200100149,2016년 5월 2일 09시,월요일,경상북도 영천시 완산동,경상사고,0,0,1,0,차대차 - 측면직각충돌,안전운전불이행,건조,맑음,단일로 - 기타,화물,남,73세,상해없음,원동기,남,90세 이상,경상
2016050200100150,2016년 5월 2일 09시,월요일,경상북도 문경시 마성면,경상사고,0,0,1,0,차대차 - 기타,중앙선침범,건조,맑음,단일로 - 기타,승용,여,45세,상해없음,승용,여,52세,경상
2016050200100151,2016년 5월 2일 09시,월요일,경상북도 영덕군 영덕읍,중상사고,0,1,0,0,차대차 - 측면충돌,교차로운행방법위반,건조,맑음,교차로 - 교차로안,승용,여,59세,상해없음,이륜,남,80세,중상
2016050200100152,2016년 5월 2일 09시,월요일,경상북도 고령군 다산면,경상사고,0,0,1,0,차대차 - 측면직각충돌,직진우회전진행방해,건조,맑음,교차로 - 교차로안,원동기,남,80세,경상,화물,남,27세,상해없음
2016050200100153,2016년 5월 2일 09시,월요일,경상북도 구미시 봉곡동,중상사고,0,1,0,0,차대차 - 측면충돌,안전운전불이행,건조,맑음,단일로 - 기타,승합,남,52세,상해없음,자전거,여,61세,중상
2016050200100154,2016년 5월 2일 09시,월요일,경상북도 포항시 남구 해도동,경상사고,0,0,1,0,차대차 - 측면충돌,교차로운행방법위반,건조,맑음,교차로 - 교차로안,화물,남,61세,상해없음,화물,남,55세,경상
2016050200100186,2016년 5월 2일 10시,월요일,경상북도 안동시 목성동,경상사고,0,0,1,0,차대차 - 측면직각충돌,안전운전불이행,건조,맑음,단일로 - 기타,승용,남,63세,상해없음,자전거,남,51세,경상
2016050200100207,2016년 5월 2일 11시,월요일,경상북도 영주시 풍기읍,중상사고,0,1,0,0,차대사람 - 횡단중,안전운전불이행,건조,맑음,단일로 - 기타,원동기,남,84세,상해없음,보행자,여,82세,중상
2016050200100208,2016년 5월 2일 11시,월요일,경상북도 영주시 풍기읍,경상사고,0,0,1,0,차대차 - 측면충돌,안전운전불이행,습기,비,단일로 - 기타,승용,남,21세,상해없음,승용,남,19세,경상
2016050200100209,2016년 5월 2일 11시,월요일,경상북도 경산시 중산동,중상사고,0,1,1,0,차대차 - 추돌,차로위반,건조,맑음,단일로 - 기타,특수,남,59세,상해없음,승용,남,24세,중상
2016050200100210,2016년 5월 2일 11시,월요일,경상북도 경산시 와촌면,경상사고,0,0,1,0,차대사람 - 기타,안전운전불이행,건조,맑음,단일로 - 기타,승용,남,60세,상해없음,보행자,여,65세,경상
2016050200100232,2016년 5월 2일 12시,월요일,경상북도 경주시 배반동,중상사고,0,1,0,0,차대차 - 추돌,안전운전불이행,건조,맑음,교차로 - 교차로부근,화물,남,47세,중상,건설기계,남,57세,상해없음
2016050200100233,2016년 5월 2일 12시,월요일,경상북도 영천시 망정동,경상사고,0,0,1,0,차대차 - 기타,안전운전불이행,건조,맑음,단일로 - 기타,승용,남,47세,기타불명,승용,여,37세,경상
2016050200100269,2016년 5월 2일 13시,월요일,경상북도 포항시 북구 죽도동,경상사고,0,0,1,0,차대사람 - 횡단중,안전운전불이행,건조,맑음,단일로 - 기타,승용,남,42세,상해없음,보행자,여,7세,경상
2016050200100308,2016년 5월 2일 14시,월요일,경상북도 포항시 북구 용흥동,경상사고,0,0,2,0,차대차 - 측면충돌,차로위반,건조,맑음,단일로 - 기타,승용,남,69세,상해없음,승용,남,23세,상해없음
2016050200100309,2016년 5월 2일 14시,월요일,경상북도 포항시 북구 두호동,경상사고,0,0,1,0,차대차 - 측면충돌,안전거리미확보,건조,맑음,교차로 - 교차로부근,승용,남,70세,상해없음,승용,여,44세,경상
2016050200100310,2016년 5월 2일 14시,월요일,경상북도 영천시 화남면,경상사고,0,0,1,0,차대차 - 정면충돌,중앙선침범,건조,맑음,단일로 - 기타,승용,남,59세,상해없음,화물,남,64세,경상
2016050200100311,2016년 5월 2일 14시,월요일,경상북도 영천시 화산면,중상사고,0,1,0,0,차대차 - 정면충돌,안전운전불이행,건조,맑음,단일로 - 기타,원동기,여,49세,중상,승용,여,43세,상해없음
2016050200100358,2016년 5월 2일 15시,월요일,경상북도 경주시 성건동,경상사고,0,0,1,0,차대차 - 기타,안전운전불이행,건조,맑음,교차로 - 교차로안,승용,남,60세,상해없음,원동기,남,39세,경상
2016050200100403,2016년 5월 2일 16시,월요일,경상북도 포항시 북구 죽도동,경상사고,0,0,1,0,차대차 - 측면직각충돌,신호위반,건조,맑음,교차로 - 교차로안,승합,남,33세,상해없음,화물,남,29세,경상
2016050200100404,2016년 5월 2일 16시,월요일,경상북도 안동시 운흥동,중상사고,0,1,0,0,차대사람 - 횡단중,안전운전불이행,건조,맑음,교차로 - 교차로안,화물,남,67세,상해없음,보행자,여,21세,중상
2016050200100405,2016년 5월 2일 16시,월요일,경상북도 상주시 냉림동,경상사고,0,0,1,0,차대차 - 측면직각충돌,교차로운행방법위반,건조,맑음,교차로 - 교차로안,승용,남,62세,상해없음,승용,남,61세,경상
2016050200100406,2016년 5월 2일 16시,월요일,경상북도 영주시 부석면,경상사고,0,0,1,0,차대차 - 측면충돌,안전운전불이행,건조,맑음,단일로 - 기타,화물,남,36세,상해없음,화물,남,61세,경상
2016050200100407,2016년 5월 2일 16시,월요일,경상북도 포항시 남구 대도동,경상사고,0,0,1,0,차대차 - 기타,안전운전불이행,건조,맑음,단일로 - 기타,이륜,남,18세,경상,승용,여,37세,상해없음
2016050200100455,2016년 5월 2일 17시,월요일,경상북도 경주시 성건동,부상신고사고,0,0,0,1,차대차 - 추돌,안전운전불이행,건조,맑음,단일로 - 기타,이륜,남,16세,부상신고,승용,남,63세,상해없음
2016050200100456,2016년 5월 2일 17시,월요일,경상북도 경주시 동천동,부상신고사고,0,0,0,1,차량단독 - 전도전복,안전운전불이행,건조,맑음,교차로 - 교차로안,이륜,남,71세,부상신고,,,,
2016050200100457,2016년 5월 2일 17시,월요일,경상북도 영주시 가흥동,사망사고,1,0,0,0,차대사람 - 횡단중,안전운전불이행,건조,맑음,단일로 - 기타,승용,여,53세,상해없음,보행자,여,6세,사망
2016050200100458,2016년 5월 2일 17시,월요일,경상북도 칠곡군 석적읍,경상사고,0,0,1,0,차대차 - 추돌,안전거리미확보,건조,맑음,단일로 - 기타,승용,남,41세,상해없음,승용,남,35세,경상
2016050200100459,2016년 5월 2일 17시,월요일,경상북도 예천군 효자면,경상사고,0,0,1,0,차량단독 - 전도전복,안전운전불이행,습기,흐림,단일로 - 기타,건설기계,남,44세,경상,,,,
2016050200100498,2016년 5월 2일 18시,월요일,경상북도 안동시 안막동,경상사고,0,0,1,0,차대차 - 측면충돌,안전운전불이행,건조,맑음,단일로 - 기타,농기계,남,81세,경상,승용,남,19세,상해없음
2016050200100499,2016년 5월 2일 18시,월요일,경상북도 영주시 풍기읍,중상사고,0,1,0,0,차대차 - 측면충돌,안전운전불이행,건조,맑음,교차로 - 교차로안,승용,남,59세,상해없음,자전거,여,70세,중상
2016050200100596,2016년 5월 2일 20시,월요일,경상북도 경주시 서부동,중상사고,0,1,0,0,차대사람 - 횡단중,안전운전불이행,건조,맑음,단일로 - 횡단보도상,승용,남,56세,상해없음,보행자,남,66세,중상
2016050200100597,2016년 5월 2일 20시,월요일,경상북도 포항시 북구 흥해읍,경상사고,0,0,2,0,차대차 - 추돌,안전운전불이행,건조,맑음,단일로 - 기타,화물,남,52세,상해없음,승용,남,43세,경상
2016050200100598,2016년 5월 2일 20시,월요일,경상북도 경산시 대동,경상사고,0,0,1,0,차대차 - 측면충돌,안전운전불이행,건조,맑음,교차로 - 교차로부근,승용,남,20세,상해없음,승용,남,55세,경상
2016050200100599,2016년 5월 2일 20시,월요일,경상북도 구미시 지산동,중상사고,0,1,2,0,차대차 - 추돌,안전운전불이행,건조,맑음,기타 - 기타,승합,남,58세,상해없음,승용,여,44세,중상
2016050200100644,2016년 5월 2일 21시,월요일,경상북도 김천시 삼락동,경상사고,0,0,1,0,차대사람 - 길가장자리구역통행중,안전운전불이행,습기,비,교차로 - 교차로안,화물,남,61세,상해없음,보행자,남,34세,경상
2016050200100731,2016년 5월 2일 23시,월요일,경상북도 경산시 정평동,중상사고,0,1,0,0,차대사람 - 기타,과속,건조,맑음,단일로 - 기타,승용,남,19세,상해없음,보행자,남,18세,중상
2016050300100023,2016년 5월 3일 00시,화요일,경상북도 경주시 외동읍,경상사고,0,0,1,0,차대사람 - 횡단중,안전운전불이행,건조,흐림,단일로 - 기타,기타불명,기타불명,기타불명,기타불명,보행자,여,23세,경상
2016050300100024,2016년 5월 3일 00시,화요일,경상북도 포항시 남구 상도동,경상사고,0,0,1,0,차대차 - 측면충돌,안전운전불이행,건조,흐림,교차로 - 교차로안,승용,남,54세,상해없음,승용,남,66세,경상
2016050300100049,2016년 5월 3일 01시,화요일,경상북도 포항시 북구 청하면,중상사고,0,2,1,0,차량단독 - 전도전복,안전운전불이행,건조,맑음,교차로 - 교차로안,화물,여,57세,중상,,,,
2016050300100064,2016년 5월 3일 02시,화요일,경상북도 포항시 남구 동해면,경상사고,0,0,1,0,차량단독 - 전도전복,안전운전불이행,건조,맑음,단일로 - 기타,승용,남,27세,경상,,,,
2016050300100104,2016년 5월 3일 06시,화요일,경상북도 포항시 남구 해도동,중상사고,0,1,0,0,차대차 - 기타,안전거리미확보,건조,맑음,교차로 - 교차로부근,승용,남,64세,상해없음,이륜,남,24세,중상
2016050300100126,2016년 5월 3일 07시,화요일,경상북도 칠곡군 왜관읍,중상사고,0,1,0,1,차대차 - 추돌,안전운전불이행,습기,비,단일로 - 기타,승용,남,31세,부상신고,승용,남,31세,중상
2016050300100127,2016년 5월 3일 07시,화요일,경상북도 울진군 평해읍,경상사고,0,0,1,0,차대차 - 추돌,안전운전불이행,습기,비,교차로 - 교차로부근,화물,남,58세,상해없음,승용,여,63세,경상
2016050300100159,2016년 5월 3일 08시,화요일,경상북도 포항시 북구 두호동,경상사고,0,0,1,0,차대차 - 정면충돌,차로위반,습기,비,단일로 - 기타,승용,남,57세,상해없음,승용,여,21세,경상
2016050300100160,2016년 5월 3일 08시,화요일,경상북도 칠곡군 석적읍,경상사고,0,0,2,1,차대차 - 측면충돌,안전운전불이행,습기,비,교차로 - 교차로안,승용,남,56세,부상신고,승용,남,38세,경상
2016050300100161,2016년 5월 3일 08시,화요일,경상북도 영천시 문내동,중상사고,0,1,0,0,차대차 - 정면충돌,교차로운행방법위반,습기,비,교차로 - 교차로부근,승용,여,24세,상해없음,원동기,남,50세,중상
2016050300100216,2016년 5월 3일 09시,화요일,경상북도 의성군 안계면,중상사고,0,1,0,0,차대사람 - 길가장자리구역통행중,안전운전불이행,건조,맑음,단일로 - 기타,승용,여,49세,상해없음,보행자,여,59세,중상
2016050300100217,2016년 5월 3일 09시,화요일,경상북도 칠곡군 왜관읍,경상사고,0,0,1,0,차대차 - 기타,안전거리미확보,습기,비,교차로 - 교차로안,승용,여,49세,상해없음,이륜,남,72세,경상
2016050300100218,2016년 5월 3일 09시,화요일,경상북도 울진군 죽변면,중상사고,0,1,1,0,차대차 - 측면직각충돌,교차로운행방법위반,습기,비,교차로 - 교차로안,승용,여,62세,경상,승용,남,59세,중상
2016050300100219,2016년 5월 3일 09시,화요일,경상북도 구미시 옥계동,경상사고,0,0,1,0,차대차 - 정면충돌,안전운전불이행,습기,비,단일로 - 기타,승용,남,37세,상해없음,승용,남,35세,경상
2016050300100281,2016년 5월 3일 11시,화요일,경상북도 김천시 남면,중상사고,0,1,0,0,차대사람 - 횡단중,안전운전불이행,습기,비,단일로 - 기타,승합,남,35세,상해없음,보행자,남,64세,중상
2016050300100282,2016년 5월 3일 11시,화요일,경상북도 영주시 문정동,중상사고,0,1,0,0,차대차 - 측면충돌,안전운전불이행,습기,비,교차로 - 교차로안,화물,남,56세,상해없음,승용,여,54세,중상
2016050300100304,2016년 5월 3일 12시,화요일,경상북도 안동시 명륜동,중상사고,0,1,1,0,차대차 - 정면충돌,중앙선침범,습기,비,단일로 - 기타,화물,남,25세,상해없음,승용,남,51세,중상
2016050300100305,2016년 5월 3일 12시,화요일,경상북도 구미시 고아읍,경상사고,0,0,1,1,차대차 - 추돌,안전운전불이행,건조,맑음,단일로 - 기타,화물,여,53세,부상신고,승합,남,54세,경상
2016050300100340,2016년 5월 3일 13시,화요일,경상북도 영천시 임고면,경상사고,0,0,1,0,차대차 - 측면직각충돌,안전운전불이행,건조,맑음,단일로 - 기타,승합,남,61세,상해없음,화물,남,40세,경상
2016050300100374,2016년 5월 3일 14시,화요일,경상북도 경주시 황성동,중상사고,0,1,0,0,차대차 - 측면충돌,중앙선침범,건조,맑음,단일로 - 기타,승용,여,40세,상해없음,원동기,남,21세,중상
2016050300100375,2016년 5월 3일 14시,화요일,경상북도 의성군 단북면,중상사고,0,1,0,0,차량단독 - 전도전복,안전운전불이행,건조,맑음,단일로 - 기타,이륜,남,63세,중상,,,,
2016050300100376,2016년 5월 3일 14시,화요일,경상북도 경산시 하양읍,경상사고,0,0,1,0,차대사람 - 횡단중,안전운전불이행,건조,맑음,교차로 - 교차로안,화물,여,48세,상해없음,보행자,남,42세,경상
2016050300100400,2016년 5월 3일 15시,화요일,경상북도 상주시 낙양동,중상사고,0,1,0,0,차대차 - 추돌,안전운전불이행,습기,비,교차로 - 교차로부근,승용,여,63세,상해없음,이륜,남,75세,중상
2016050300100437,2016년 5월 3일 16시,화요일,경상북도 경산시 진량읍,중상사고,0,1,0,0,차대차 - 측면직각충돌,안전거리미확보,건조,맑음,단일로 - 기타,승용,남,67세,상해없음,승용,남,22세,중상
2016050300100438,2016년 5월 3일 16시,화요일,경상북도 경산시 남천면,경상사고,0,0,1,0,차대차 - 정면충돌,안전운전불이행,건조,맑음,단일로 - 기타,승용,남,69세,상해없음,승용,남,33세,경상
2016050300100439,2016년 5월 3일 16시,화요일,경상북도 구미시 황상동,중상사고,0,1,2,0,차대사람 - 기타,기타,건조,맑음,단일로 - 기타,승용,여,56세,상해없음,보행자,여,34세,경상
2016050300100469,2016년 5월 3일 17시,화요일,경상북도 구미시 공단동,경상사고,0,0,4,0,차대차 - 기타,직진우회전진행방해,건조,맑음,교차로 - 교차로부근,승용,여,31세,상해없음,승용,남,29세,경상
2016050300100503,2016년 5월 3일 18시,화요일,경상북도 구미시 상모동,중상사고,0,1,0,0,차대차 - 정면충돌,교차로운행방법위반,습기,비,교차로 - 교차로안,승용,남,64세,기타불명,이륜,남,36세,중상
2016050300100540,2016년 5월 3일 19시,화요일,경상북도 포항시 북구 죽도동,경상사고,0,0,1,0,차대차 - 추돌,안전운전불이행,습기,비,단일로 - 기타,승용,남,57세,상해없음,승용,남,49세,경상
2016050300100541,2016년 5월 3일 19시,화요일,경상북도 경산시 진량읍,경상사고,0,0,1,0,차대차 - 정면충돌,기타,건조,맑음,교차로 - 교차로안,승용,남,47세,상해없음,원동기,남,25세,경상
2016050300100588,2016년 5월 3일 20시,화요일,경상북도 경주시 용강동,경상사고,0,0,1,0,차량단독 - 기타,안전운전불이행,건조,맑음,교차로 - 교차로부근,승용,여,59세,상해없음,,,,
2016050300100589,2016년 5월 3일 20시,화요일,경상북도 안동시 태화동,경상사고,0,0,1,0,차대차 - 정면충돌,안전운전불이행,건조,맑음,단일로 - 기타,화물,남,44세,기타불명,승용,여,37세,기타불명
2016050300100591,2016년 5월 3일 20시,화요일,경상북도 영천시 교촌동,중상사고,0,1,0,0,차대사람 - 횡단중,안전운전불이행,습기,비,기타 - 기타,승용,남,50세,상해없음,보행자,여,46세,중상
2016050300100592,2016년 5월 3일 20시,화요일,경상북도 구미시 봉곡동,중상사고,0,1,0,0,차대차 - 측면직각충돌,교차로운행방법위반,습기,비,교차로 - 교차로안,승용,남,53세,상해없음,이륜,남,43세,중상
2016050300100593,2016년 5월 3일 20시,화요일,경상북도 구미시 인의동,경상사고,0,0,1,0,차대차 - 기타,안전운전불이행,습기,비,단일로 - 기타,자전거,남,77세,경상,승용,여,52세,상해없음
2016050300100678,2016년 5월 3일 22시,화요일,경상북도 포항시 남구 오천읍,경상사고,0,0,2,0,차대차 - 측면충돌,안전운전불이행,건조,맑음,교차로 - 교차로안,승용,남,62세,상해없음,승용,남,22세,경상
2016050300100707,2016년 5월 3일 23시,화요일,경상북도 경주시 황성동,중상사고,0,1,0,0,차대차 - 정면충돌,안전운전불이행,건조,맑음,교차로 - 교차로안,승용,여,25세,상해없음,승용,남,19세,중상
2016050300100708,2016년 5월 3일 23시,화요일,경상북도 포항시 남구 연일읍,경상사고,0,0,2,0,차량단독 - 전도전복,안전운전불이행,건조,맑음,교차로 - 교차로안,이륜,남,15세,경상,,,,
2016050400100015,2016년 5월 4일 00시,수요일,경상북도 김천시 지좌동,경상사고,0,0,1,0,차대차 - 기타,안전운전불이행,건조,맑음,단일로 - 기타,승용,남,45세,상해없음,승용,여,44세,경상
2016050400100016,2016년 5월 4일 00시,수요일,경상북도 김천시 지좌동,경상사고,0,0,1,0,차대차 - 추돌,안전거리미확보,건조,맑음,단일로 - 기타,승용,남,36세,상해없음,승용,남,40세,경상
2016050400100044,2016년 5월 4일 03시,수요일,경상북도 구미시 황상동,중상사고,0,1,2,0,차대차 - 추돌,안전운전불이행,기타,기타,단일로 - 기타,승용,남,47세,상해없음,승용,남,54세,경상
2016050400100054,2016년 5월 4일 05시,수요일,경상북도 칠곡군 왜관읍,경상사고,0,0,1,0,차대차 - 추돌,교차로운행방법위반,건조,맑음,교차로 - 교차로안,화물,남,44세,상해없음,승용,여,45세,경상
2016050400100065,2016년 5월 4일 06시,수요일,경상북도 구미시 선산읍,중상사고,0,1,1,0,차대차 - 측면충돌,교차로운행방법위반,건조,맑음,교차로 - 교차로안,화물,여,58세,상해없음,화물,남,57세,경상
2016050400100066,2016년 5월 4일 06시,수요일,경상북도 구미시 진평동,경상사고,0,0,1,0,차대차 - 측면충돌,안전운전불이행,건조,맑음,단일로 - 기타,승용,남,27세,상해없음,승용,남,32세,경상
2016050400100086,2016년 5월 4일 07시,수요일,경상북도 경주시 용강동,중상사고,0,1,0,0,차대차 - 기타,안전운전불이행,건조,맑음,단일로 - 기타,자전거,여,77세,중상,자전거,여,35세,기타불명
2016050400100087,2016년 5월 4일 07시,수요일,경상북도 영주시 휴천동,경상사고,0,0,3,0,차대차 - 추돌,안전운전불이행,건조,맑음,단일로 - 기타,승용,남,58세,상해없음,승용,남,66세,상해없음
2016050400100130,2016년 5월 4일 08시,수요일,경상북도 김천시 농소면,중상사고,0,1,0,0,차대차 - 측면충돌,교차로운행방법위반,건조,맑음,교차로 - 교차로안,화물,남,43세,상해없음,이륜,남,84세,중상
2016050400100131,2016년 5월 4일 08시,수요일,경상북도 상주시 무양동,경상사고,0,0,1,0,차대차 - 측면직각충돌,교차로운행방법위반,건조,흐림,교차로 - 교차로안,승용,여,44세,상해없음,자전거,남,12세,경상
2016050400100132,2016년 5월 4일 08시,수요일,경상북도 경산시 정평동,경상사고,0,0,1,0,차대차 - 측면충돌,안전운전불이행,건조,맑음,교차로 - 교차로부근,승용,남,36세,경상,승용,여,52세,상해없음
2016050400100133,2016년 5월 4일 08시,수요일,경상북도 포항시 남구 대잠동,경상사고,0,0,1,0,차대차 - 측면충돌,안전운전불이행,건조,맑음,교차로 - 교차로부근,승용,남,65세,상해없음,승용,여,38세,경상