사고번호,사고일시,요일,시군구,사고내용,사망자수,중상자수,경상자수,부상신고자수,사고유형,법규위반,노면상태,기상상태,도로형태,가해운전자 차종,가해운전자 성별,가해운전자 연령,가해운전자 상해정도,피해운전자 차종,피해운전자 성별,피해운전자 연령,피해운전자 상해정도
2016050600100561,2016년 5월 6일 21시,금요일,경상북도 경산시 진량읍,경상사고,0,0,1,0,차대차 - 추돌,안전운전불이행,건조,맑음,단일로 - 기타,승용,남,52세,상해없음,농기계,남,53세,경상
2016050600100584,2016년 5월 6일 22시,금요일,경상북도 문경시 가은읍,경상사고,0,0,1,0,차량단독 - 전도전복,안전운전불이행,건조,맑음,교차로 - 교차로부근,승용,남,58세,경상,,,,
2016050600100612,2016년 5월 6일 23시,금요일,경상북도 포항시 남구 대도동,경상사고,0,0,2,0,차대차 - 기타,직진우회전진행방해,건조,맑음,교차로 - 교차로안,이륜,남,35세,경상,승용,남,35세,경상
2016050700100034,2016년 5월 7일 01시,토요일,경상북도 포항시 남구 상도동,경상사고,0,0,1,0,차대차 - 추돌,안전운전불이행,건조,맑음,교차로 - 교차로안,승용,남,59세,상해없음,승용,남,58세,경상
2016050700100049,2016년 5월 7일 02시,토요일,경상북도 경산시 사정동,경상사고,0,0,5,0,차대차 - 측면충돌,안전운전불이행,건조,맑음,단일로 - 기타,승용,남,21세,상해없음,승용,남,38세,경상
2016050700100094,2016년 5월 7일 06시,토요일,경상북도 영주시 이산면,중상사고,0,1,0,0,차량단독 - 전도전복,안전운전불이행,건조,맑음,단일로 - 기타,승합,남,43세,상해없음,,,,
2016050700100112,2016년 5월 7일 07시,토요일,경상북도 칠곡군 약목면,경상사고,0,0,3,0,차대차 - 정면충돌,중앙선침범,건조,맑음,교차로 - 교차로부근,승용,남,75세,경상,승용,여,47세,경상
2016050700100113,2016년 5월 7일 07시,토요일,경상북도 포항시 남구 괴동동,중상사고,0,1,2,0,차대차 - 추돌,안전운전불이행,건조,맑음,단일로 - 기타,승용,남,28세,상해없음,승용,남,26세,중상
2016050700100114,2016년 5월 7일 07시,토요일,경상북도 포항시 남구 동해면,부상신고사고,0,0,0,1,차대사람 - 기타,안전운전불이행,건조,맑음,단일로 - 기타,승용,남,31세,상해없음,보행자,남,77세,부상신고
2016050700100154,2016년 5월 7일 09시,토요일,경상북도 포항시 북구 흥해읍,경상사고,0,0,1,0,차대사람 - 차도통행중,안전운전불이행,건조,맑음,단일로 - 기타,승용,남,83세,상해없음,보행자,남,51세,경상
2016050700100155,2016년 5월 7일 09시,토요일,경상북도 김천시 남산동,경상사고,0,0,1,0,차대차 - 측면충돌,안전운전불이행,건조,맑음,교차로 - 교차로안,자전거,남,52세,경상,승용,남,50세,상해없음
2016050700100179,2016년 5월 7일 10시,토요일,경상북도 안동시 옥야동,중상사고,0,2,0,0,차대차 - 정면충돌,직진우회전진행방해,건조,맑음,교차로 - 교차로안,원동기,남,76세,중상,자전거,남,9세,중상
2016050700100180,2016년 5월 7일 10시,토요일,경상북도 영주시 하망동,경상사고,0,0,1,0,차대차 - 측면충돌,안전운전불이행,건조,맑음,단일로 - 기타,승용,여,26세,상해없음,자전거,남,74세,경상
2016050700100181,2016년 5월 7일 10시,토요일,경상북도 봉화군 봉화읍,경상사고,0,0,1,0,차대사람 - 길가장자리구역통행중,안전운전불이행,건조,맑음,단일로 - 기타,화물,남,51세,상해없음,보행자,남,67세,경상
2016050700100182,2016년 5월 7일 10시,토요일,경상북도 청송군 안덕면,중상사고,0,1,0,0,차대차 - 측면직각충돌,교차로운행방법위반,건조,맑음,교차로 - 교차로안,원동기,남,81세,중상,승용,남,38세,상해없음
2016050700100210,2016년 5월 7일 11시,토요일,경상북도 포항시 북구 두호동,경상사고,0,0,1,0,차대차 - 정면충돌,중앙선침범,건조,맑음,단일로 - 기타,승용,남,51세,상해없음,승용,남,63세,경상
2016050700100211,2016년 5월 7일 11시,토요일,경상북도 구미시 도량동,중상사고,0,1,0,0,차대차 - 측면직각충돌,안전운전불이행,건조,맑음,교차로 - 교차로안,승용,남,21세,상해없음,화물,남,50세,중상
2016050700100249,2016년 5월 7일 12시,토요일,경상북도 경주시 외동읍,중상사고,0,3,5,0,차대차 - 추돌,안전운전불이행,건조,맑음,단일로 - 기타,승용,남,51세,중상,승용,남,31세,중상
2016050700100250,2016년 5월 7일 12시,토요일,경상북도 포항시 북구 죽도동,경상사고,0,0,5,0,차대차 - 추돌,안전운전불이행,건조,맑음,단일로 - 기타,승합,남,54세,상해없음,화물,남,61세,경상
2016050700100251,2016년 5월 7일 12시,토요일,경상북도 영주시 상망동,경상사고,0,0,2,0,차대차 - 추돌,안전운전불이행,건조,맑음,단일로 - 기타,승용,남,81세,상해없음,승용,여,26세,경상
2016050700100252,2016년 5월 7일 12시,토요일,경상북도 칠곡군 약목면,경상사고,0,0,2,0,차대차 - 기타,안전운전불이행,건조,맑음,교차로 - 교차로부근,승용,남,51세,상해없음,승용,남,34세,경상
2016050700100253,2016년 5월 7일 12시,토요일,경상북도 영덕군 영덕읍,경상사고,0,0,1,0,차대차 - 측면충돌,안전운전불이행,건조,맑음,단일로 - 기타,화물,남,78세,상해없음,승용,남,31세,경상
2016050700100284,2016년 5월 7일 13시,토요일,경상북도 경주시 현곡면,중상사고,0,1,0,0,차대차 - 측면직각충돌,안전운전불이행,건조,맑음,교차로 - 교차로안,승용,남,49세,상해없음,이륜,남,46세,중상
2016050700100285,2016년 5월 7일 13시,토요일,경상북도 경주시 사정동,경상사고,0,0,2,0,차대차 - 측면직각충돌,안전운전불이행,건조,맑음,단일로 - 기타,승용,남,61세,상해없음,승용,여,27세,경상
2016050700100286,2016년 5월 7일 13시,토요일,경상북도 포항시 북구 죽도동,중상사고,0,2,1,0,차대차 - 정면충돌,신호위반,건조,맑음,교차로 - 교차로안,승용,남,28세,상해없음,승용,여,53세,중상
2016050700100287,2016년 5월 7일 13시,토요일,경상북도 포항시 북구 대흥동,경상사고,0,0,1,0,차대차 - 측면직각충돌,안전운전불이행,건조,맑음,단일로 - 기타,승용,남,22세,상해없음,자전거,남,72세,경상
2016050700100288,2016년 5월 7일 13시,토요일,경상북도 안동시 풍산읍,중상사고,0,1,0,0,차량단독 - 전도전복,안전운전불이행,건조,맑음,단일로 - 기타,이륜,남,34세,중상,,,,
2016050700100289,2016년 5월 7일 13시,토요일,경상북도 칠곡군 왜관읍,경상사고,0,0,1,0,차대차 - 기타,안전운전불이행,건조,맑음,교차로 - 교차로안,승합,남,34세,상해없음,이륜,여,24세,경상
2016050700100290,2016년 5월 7일 13시,토요일,경상북도 칠곡군 동명면,중상사고,0,1,0,0,차대차 - 기타,안전운전불이행,건조,맑음,단일로 - 기타,화물,남,53세,상해없음,승용,여,62세,중상
2016050700100291,2016년 5월 7일 13시,토요일,경상북도 문경시 모전동,중상사고,0,1,0,0,차대차 - 측면충돌,안전운전불이행,건조,맑음,교차로 - 교차로안,이륜,여,70세,중상,승용,남,25세,상해없음
2016050700100333,2016년 5월 7일 14시,토요일,경상북도 성주군 대가면,중상사고,0,1,0,0,차량단독 - 도로외이탈 - 기타,안전운전불이행,건조,맑음,단일로 - 기타,승용,여,57세,중상,,,,
2016050700100376,2016년 5월 7일 15시,토요일,경상북도 경주시 안강읍,경상사고,0,0,1,0,차대차 - 측면충돌,안전운전불이행,건조,맑음,교차로 - 교차로안,승용,남,70세,상해없음,승용,남,81세,경상
2016050700100416,2016년 5월 7일 16시,토요일,경상북도 포항시 북구 죽도동,경상사고,0,0,1,0,차대차 - 측면충돌,안전운전불이행,건조,맑음,교차로 - 교차로안,승용,남,18세,상해없음,승용,남,67세,상해없음
2016050700100417,2016년 5월 7일 16시,토요일,경상북도 영주시 영주동,경상사고,0,0,2,1,차대차 - 측면충돌,안전운전불이행,건조,맑음,교차로 - 교차로안,승용,남,42세,상해없음,승용,남,34세,경상
2016050700100418,2016년 5월 7일 16시,토요일,경상북도 영천시 금호읍,경상사고,0,0,2,0,차대차 - 추돌,안전운전불이행,건조,맑음,단일로 - 기타,승용,남,75세,경상,승용,여,60세,상해없음
2016050700100419,2016년 5월 7일 16시,토요일,경상북도 영천시 청통면,중상사고,0,1,0,0,차대사람 - 횡단중,과속,건조,맑음,단일로 - 기타,승용,남,33세,상해없음,보행자,여,48세,중상
2016050700100420,2016년 5월 7일 16시,토요일,경상북도 청송군 진보면,경상사고,0,0,1,0,차대차 - 추돌,안전거리미확보,건조,맑음,교차로 - 교차로안,화물,남,72세,상해없음,승용,여,48세,경상
2016050700100466,2016년 5월 7일 17시,토요일,경상북도 칠곡군 왜관읍,경상사고,0,0,1,0,차량단독 - 전도전복,안전운전불이행,건조,맑음,단일로 - 기타,원동기,남,44세,경상,,,,
2016050700100467,2016년 5월 7일 17시,토요일,경상북도 경산시 자인면,경상사고,0,0,1,0,차대사람 - 기타,기타,건조,맑음,교차로 - 교차로부근,승용,남,40세,상해없음,보행자,남,64세,경상
2016050700100468,2016년 5월 7일 17시,토요일,경상북도 울릉군 울릉읍,경상사고,0,0,1,0,차대차 - 정면충돌,안전운전불이행,건조,맑음,단일로 - 기타,승합,남,41세,상해없음,승합,남,32세,상해없음
2016050700100469,2016년 5월 7일 17시,토요일,경상북도 울릉군 울릉읍,경상사고,0,0,1,0,차대차 - 정면충돌,안전운전불이행,건조,맑음,단일로 - 기타,승합,남,41세,상해없음,승합,남,32세,상해없음
2016050700100470,2016년 5월 7일 17시,토요일,경상북도 구미시 광평동,경상사고,0,0,2,1,차대차 - 기타,중앙선침범,건조,맑음,단일로 - 기타,승용,남,48세,부상신고,승용,남,40세,상해없음
2016050700100500,2016년 5월 7일 18시,토요일,경상북도 영천시 조교동,중상사고,0,1,0,0,차대차 - 추돌,안전운전불이행,건조,맑음,교차로 - 교차로부근,승용,여,58세,기타불명,원동기,남,16세,중상
2016050700100501,2016년 5월 7일 18시,토요일,경상북도 경산시 진량읍,경상사고,0,0,1,0,차대차 - 기타,교차로운행방법위반,건조,맑음,교차로 - 교차로안,승용,남,18세,상해없음,이륜,남,37세,경상
2016050700100502,2016년 5월 7일 18시,토요일,경상북도 봉화군 봉화읍,부상신고사고,0,0,0,1,차대차 - 기타,교차로운행방법위반,건조,맑음,교차로 - 교차로안,이륜,남,76세,부상신고,승용,여,51세,상해없음
2016050700100536,2016년 5월 7일 19시,토요일,경상북도 경산시 하양읍,경상사고,0,0,1,0,차대차 - 기타,안전운전불이행,건조,맑음,교차로 - 교차로안,화물,남,74세,상해없음,승합,남,56세,상해없음
2016050700100563,2016년 5월 7일 20시,토요일,경상북도 경산시 중방동,경상사고,0,0,1,0,차대차 - 기타,안전거리미확보,습기,맑음,단일로 - 기타,원동기,남,18세,경상,승용,남,59세,상해없음
2016050700100597,2016년 5월 7일 21시,토요일,경상북도 경주시 황성동,경상사고,0,0,1,0,차대차 - 측면충돌,중앙선침범,건조,맑음,단일로 - 기타,승용,여,31세,상해없음,이륜,남,49세,경상
2016050700100598,2016년 5월 7일 21시,토요일,경상북도 경주시 외동읍,경상사고,0,0,3,0,차대차 - 측면직각충돌,안전운전불이행,건조,맑음,단일로 - 기타,승용,남,42세,상해없음,승용,남,32세,상해없음
2016050700100599,2016년 5월 7일 21시,토요일,경상북도 의성군 의성읍,중상사고,0,2,1,0,차대차 - 측면충돌,안전운전불이행,건조,맑음,교차로 - 교차로안,승용,여,56세,경상,승용,남,35세,중상
2016050700100600,2016년 5월 7일 21시,토요일,경상북도 칠곡군 왜관읍,중상사고,0,1,0,0,차대사람 - 기타,안전운전불이행,건조,맑음,단일로 - 기타,승용,여,42세,상해없음,보행자,여,57세,중상
2016050700100601,2016년 5월 7일 21시,토요일,경상북도 울진군 후포면,중상사고,0,1,0,0,차대사람 - 길가장자리구역통행중,중앙선침범,건조,맑음,단일로 - 기타,승용,남,47세,상해없음,보행자,여,39세,중상
2016050700100629,2016년 5월 7일 22시,토요일,경상북도 포항시 남구 송도동,경상사고,0,0,2,0,차대차 - 기타,신호위반,건조,맑음,교차로 - 교차로안,승용,남,49세,상해없음,승용,남,36세,경상
2016050800100012,2016년 5월 8일 00시,일요일,경상북도 포항시 북구 양덕동,경상사고,0,0,2,0,차대차 - 측면충돌,안전운전불이행,건조,맑음,교차로 - 교차로부근,승용,남,52세,상해없음,승용,여,62세,상해없음
2016050800100045,2016년 5월 8일 02시,일요일,경상북도 포항시 북구 창포동,경상사고,0,0,1,0,차대차 - 정면충돌,안전거리미확보,건조,맑음,단일로 - 기타,승용,남,35세,상해없음,승용,남,51세,경상
2016050800100053,2016년 5월 8일 03시,일요일,경상북도 경주시 황오동,경상사고,0,0,1,0,차량단독 - 기타,안전운전불이행,건조,맑음,교차로 - 교차로부근,승용,남,61세,상해없음,,,,
2016050800100079,2016년 5월 8일 06시,일요일,경상북도 상주시 외서면,중상사고,0,1,0,0,차대차 - 측면직각충돌,교차로운행방법위반,건조,맑음,교차로 - 교차로안,승용,남,55세,상해없음,원동기,남,73세,중상
2016050800100095,2016년 5월 8일 07시,일요일,경상북도 칠곡군 왜관읍,경상사고,0,0,1,1,차대차 - 정면충돌,안전운전불이행,건조,맑음,단일로 - 기타,승용,여,62세,부상신고,승용,남,47세,경상
2016050800100108,2016년 5월 8일 08시,일요일,경상북도 김천시 평화동,중상사고,0,1,0,0,차대차 - 측면충돌,교차로운행방법위반,건조,맑음,교차로 - 교차로안,승용,남,24세,상해없음,승용,남,48세,중상
2016050800100109,2016년 5월 8일 08시,일요일,경상북도 영천시 임고면,경상사고,0,0,1,0,차대차 - 측면직각충돌,안전운전불이행,건조,맑음,단일로 - 기타,승용,남,26세,상해없음,승용,남,31세,경상
2016050800100127,2016년 5월 8일 09시,일요일,경상북도 칠곡군 기산면,경상사고,0,0,2,0,차대차 - 정면충돌,안전운전불이행,건조,맑음,교차로 - 교차로안,승용,남,59세,상해없음,이륜,남,85세,경상
2016050800100148,2016년 5월 8일 10시,일요일,경상북도 상주시 공성면,중상사고,0,1,0,0,차대차 - 기타,안전운전불이행,건조,맑음,단일로 - 기타,화물,남,57세,상해없음,자전거,여,78세,중상
2016050800100149,2016년 5월 8일 10시,일요일,경상북도 문경시 점촌동,중상사고,0,1,0,0,차대사람 - 기타,안전운전불이행,건조,맑음,단일로 - 기타,승용,남,28세,상해없음,보행자,여,23세,중상
2016050800100178,2016년 5월 8일 11시,일요일,경상북도 포항시 북구 양덕동,경상사고,0,0,1,0,차대차 - 정면충돌,안전운전불이행,건조,맑음,단일로 - 기타,승용,여,50세,상해없음,원동기,남,31세,경상
2016050800100179,2016년 5월 8일 11시,일요일,경상북도 포항시 북구 우현동,경상사고,0,0,5,0,차대차 - 정면충돌,안전거리미확보,건조,맑음,단일로 - 기타,승용,여,32세,경상,승용,여,54세,상해없음
2016050800100202,2016년 5월 8일 12시,일요일,경상북도 포항시 북구 흥해읍,부상신고사고,0,0,0,1,차대차 - 측면직각충돌,교차로운행방법위반,건조,맑음,교차로 - 교차로안,이륜,남,68세,부상신고,승용,남,34세,상해없음
2016050800100203,2016년 5월 8일 12시,일요일,경상북도 영천시 청통면,경상사고,0,0,1,1,차대차 - 측면직각충돌,교차로운행방법위반,건조,맑음,교차로 - 교차로안,승용,남,21세,상해없음,승용,남,45세,경상
2016050800100204,2016년 5월 8일 12시,일요일,경상북도 포항시 남구 상도동,경상사고,0,0,2,0,차대차 - 기타,교차로운행방법위반,건조,맑음,교차로 - 교차로안,승용,여,26세,경상,승용,여,52세,경상
2016050800100205,2016년 5월 8일 12시,일요일,경상북도 구미시 선산읍,경상사고,0,0,3,0,차대차 - 추돌,안전운전불이행,건조,맑음,단일로 - 기타,화물,남,62세,상해없음,승용,남,28세,경상
2016050800100248,2016년 5월 8일 13시,일요일,경상북도 포항시 북구 흥해읍,경상사고,0,0,1,0,차대차 - 측면충돌,안전운전불이행,건조,맑음,단일로 - 기타,승합,남,61세,상해없음,승용,남,33세,경상
2016050800100249,2016년 5월 8일 13시,일요일,경상북도 안동시 성곡동,경상사고,0,0,1,0,차대사람 - 횡단중,안전운전불이행,건조,맑음,기타 - 기타,승용,남,58세,상해없음,보행자,남,68세,경상
2016050800100250,2016년 5월 8일 13시,일요일,경상북도 상주시 함창읍,경상사고,0,0,2,0,차량단독 - 전도전복,안전운전불이행,건조,맑음,단일로 - 교량,승용,여,35세,상해없음,,,,
2016050800100251,2016년 5월 8일 13시,일요일,경상북도 상주시 인평동,경상사고,0,0,1,0,차대차 - 측면직각충돌,교차로운행방법위반,건조,맑음,단일로 - 기타,농기계,남,57세,상해없음,승용,여,64세,경상
2016050800100252,2016년 5월 8일 13시,일요일,경상북도 구미시 옥계동,사망사고,1,1,0,0,차량단독 - 전도전복,안전운전불이행,건조,맑음,단일로 - 기타,원동기,남,63세,중상,,,,
2016050800100253,2016년 5월 8일 13시,일요일,경상북도 구미시 진평동,경상사고,0,0,1,1,차대차 - 측면충돌,교차로운행방법위반,건조,맑음,교차로 - 교차로안,화물,남,22세,부상신고,승용,남,40세,경상
2016050800100295,2016년 5월 8일 14시,일요일,경상북도 고령군 다산면,중상사고,0,1,0,0,차량단독 - 공작물충돌,안전운전불이행,건조,맑음,단일로 - 기타,승합,남,58세,중상,,,,
2016050800100296,2016년 5월 8일 14시,일요일,경상북도 구미시 원평동,경상사고,0,0,3,0,차대차 - 기타,교차로운행방법위반,건조,맑음,교차로 - 교차로안,승용,남,27세,상해없음,승용,남,56세,경상
2016050800100327,2016년 5월 8일 15시,일요일,경상북도 경주시 강동면,중상사고,0,1,0,1,차대차 - 추돌,안전운전불이행,건조,맑음,단일로 - 기타,승용,남,23세,부상신고,특수,여,46세,상해없음
2016050800100328,2016년 5월 8일 15시,일요일,경상북도 포항시 북구 덕산동,중상사고,0,1,0,0,차대차 - 측면충돌,교차로운행방법위반,건조,맑음,교차로 - 교차로안,승용,남,62세,상해없음,이륜,남,70세,중상
2016050800100329,2016년 5월 8일 15시,일요일,경상북도 칠곡군 지천면,경상사고,0,0,1,0,차대차 - 추돌,안전운전불이행,건조,맑음,단일로 - 기타,승용,남,33세,상해없음,승용,남,23세,상해없음
2016050800100330,2016년 5월 8일 15시,일요일,경상북도 봉화군 춘양면,경상사고,0,0,1,1,차대차 - 측면직각충돌,교차로운행방법위반,건조,맑음,교차로 - 교차로안,화물,남,49세,부상신고,화물,남,59세,경상
2016050800100331,2016년 5월 8일 15시,일요일,경상북도 청도군 청도읍,중상사고,0,1,1,0,차대차 - 정면충돌,기타,건조,맑음,교차로 - 교차로안,승용,남,28세,상해없음,원동기,남,68세,경상
2016050800100363,2016년 5월 8일 16시,일요일,경상북도 안동시 용상동,중상사고,0,1,3,0,차대차 - 측면충돌,안전거리미확보,건조,맑음,단일로 - 기타,승용,남,20세,상해없음,승합,남,43세,상해없음
2016050800100364,2016년 5월 8일 16시,일요일,경상북도 상주시 낙동면,경상사고,0,0,1,0,차대사람 - 횡단중,안전운전불이행,건조,맑음,단일로 - 기타,승용,남,55세,상해없음,보행자,여,5세,경상
2016050800100365,2016년 5월 8일 16시,일요일,경상북도 봉화군 소천면,중상사고,0,1,3,0,차대차 - 정면충돌,중앙선침범,습기,맑음,단일로 - 기타,승용,남,69세,경상,승용,남,55세,경상
2016050800100366,2016년 5월 8일 16시,일요일,경상북도 상주시 낙동면,중상사고,0,2,2,0,차대차 - 추돌,안전운전불이행,건조,맑음,단일로 - 기타,승용,남,40세,중상,승용,남,58세,상해없음
2016050800100400,2016년 5월 8일 17시,일요일,경상북도 경주시 안강읍,중상사고,0,1,0,0,차대차 - 측면충돌,안전운전불이행,건조,맑음,교차로 - 교차로부근,자전거,남,75세,중상,승용,여,49세,상해없음
2016050800100401,2016년 5월 8일 17시,일요일,경상북도 안동시 임하면,중상사고,0,1,1,0,차대차 - 정면충돌,중앙선침범,건조,맑음,단일로 - 기타,승용,여,58세,상해없음,승용,남,40세,중상
2016050800100402,2016년 5월 8일 17시,일요일,경상북도 포항시 남구 대잠동,경상사고,0,0,2,0,차대차 - 측면충돌,교차로운행방법위반,건조,맑음,교차로 - 교차로안,승용,여,41세,경상,승용,남,40세,경상
2016050800100426,2016년 5월 8일 18시,일요일,경상북도 경주시 성건동,경상사고,0,0,1,0,차대차 - 측면충돌,안전운전불이행,건조,맑음,단일로 - 기타,원동기,남,19세,경상,승용,남,34세,상해없음
2016050800100427,2016년 5월 8일 18시,일요일,경상북도 경주시 현곡면,경상사고,0,0,2,0,차대차 - 기타,중앙선침범,건조,맑음,단일로 - 기타,승용,남,39세,상해없음,승용,남,33세,경상
2016050800100452,2016년 5월 8일 19시,일요일,경상북도 의성군 금성면,경상사고,0,0,1,0,차대차 - 측면충돌,안전운전불이행,건조,맑음,단일로 - 기타,이륜,남,32세,경상,승용,남,67세,상해없음
2016050800100453,2016년 5월 8일 19시,일요일,경상북도 영주시 가흥동,부상신고사고,0,0,0,1,차대차 - 기타,신호위반,건조,맑음,교차로 - 교차로안,원동기,남,20세,부상신고,승용,여,41세,상해없음
2016050800100543,2016년 5월 8일 22시,일요일,경상북도 경주시 충효동,중상사고,0,1,1,0,차대차 - 측면직각충돌,안전운전불이행,건조,맑음,교차로 - 교차로안,승용,여,31세,경상,승용,남,51세,상해없음
2016050900100031,2016년 5월 9일 05시,월요일,경상북도 예천군 개포면,중상사고,0,1,0,0,차대차 - 정면충돌,안전운전불이행,건조,맑음,단일로 - 기타,화물,남,65세,상해없음,이륜,여,74세,중상
2016050900100058,2016년 5월 9일 07시,월요일,경상북도 영주시 문정동,중상사고,0,3,4,0,차대차 - 정면충돌,안전운전불이행,건조,맑음,교차로 - 교차로부근,화물,남,44세,상해없음,화물,남,46세,중상
2016050900100092,2016년 5월 9일 08시,월요일,경상북도 경주시 광명동,경상사고,0,0,1,0,차대차 - 추돌,안전운전불이행,건조,맑음,단일로 - 기타,승용,여,40세,경상,건설기계,남,55세,상해없음
2016050900100093,2016년 5월 9일 08시,월요일,경상북도 포항시 북구 우현동,중상사고,0,1,0,0,차대차 - 측면충돌,교차로운행방법위반,건조,맑음,교차로 - 교차로안,화물,남,75세,상해없음,승용,남,31세,중상
2016050900100094,2016년 5월 9일 08시,월요일,경상북도 안동시 와룡면,중상사고,0,1,0,0,차대차 - 측면직각충돌,안전운전불이행,습기,안개,교차로 - 교차로안,화물,남,67세,상해없음,농기계,남,84세,중상
2016050900100127,2016년 5월 9일 09시,월요일,경상북도 경주시 성건동,경상사고,0,0,1,0,차대차 - 측면충돌,신호위반,건조,맑음,교차로 - 교차로안,승용,남,75세,상해없음,승용,남,57세,경상
2016050900100128,2016년 5월 9일 09시,월요일,경상북도 영주시 휴천동,중상사고,0,1,1,0,차대차 - 측면충돌,직진우회전진행방해,건조,맑음,교차로 - 교차로안,승용,여,45세,경상,승용,남,50세,중상
2016050900100129,2016년 5월 9일 09시,월요일,경상북도 문경시 호계면,중상사고,0,1,1,0,차대차 - 측면직각충돌,중앙선침범,건조,흐림,단일로 - 기타,승용,남,46세,경상,화물,남,67세,중상
2016050900100156,2016년 5월 9일 10시,월요일,경상북도 안동시 옥야동,경상사고,0,0,1,0,차대차 - 추돌,안전운전불이행,건조,맑음,단일로 - 기타,승용,남,53세,상해없음,승용,남,63세,경상
2016050900100157,2016년 5월 9일 10시,월요일,경상북도 의성군 금성면,경상사고,0,0,1,0,차대차 - 측면충돌,안전운전불이행,건조,맑음,단일로 - 기타,화물,남,47세,상해없음,승용,남,73세,경상
2016050900100186,2016년 5월 9일 11시,월요일,경상북도 포항시 북구 죽도동,중상사고,0,1,0,0,차대차 - 측면직각충돌,교차로운행방법위반,건조,맑음,교차로 - 교차로안,승용,남,33세,상해없음,이륜,남,66세,중상
2016050900100187,2016년 5월 9일 11시,월요일,경상북도 칠곡군 동명면,경상사고,0,0,1,0,차대차 - 측면직각충돌,교차로운행방법위반,건조,맑음,교차로 - 교차로안,승용,남,60세,상해없음,자전거,여,36세,경상
2016050900100188,2016년 5월 9일 11시,월요일,경상북도 문경시 점촌동,부상신고사고,0,0,0,1,차대차 - 측면충돌,안전운전불이행,건조,맑음,교차로 - 교차로안,승용,남,50세,상해없음,원동기,남,83세,부상신고
2016050900100189,2016년 5월 9일 11시,월요일,경상북도 구미시 원평동,경상사고,0,0,1,0,차대차 - 측면충돌,직진우회전진행방해,건조,맑음,교차로 - 교차로안,승용,남,58세,상해없음,승용,여,59세,경상
2016050900100219,2016년 5월 9일 12시,월요일,경상북도 안동시 송현동,경상사고,0,0,1,0,차대차 - 측면직각충돌,안전운전불이행,건조,맑음,단일로 - 기타,자전거,여,27세,경상,승용,남,44세,상해없음
2016050900100220,2016년 5월 9일 12시,월요일,경상북도 상주시 모서면,중상사고,0,1,0,0,차대차 - 측면직각충돌,교차로운행방법위반,건조,맑음,교차로 - 교차로안,승용,남,67세,상해없음,농기계,남,74세,중상
2016050900100222,2016년 5월 9일 12시,월요일,경상북도 청도군 화양읍,중상사고,0,1,0,0,차대차 - 추돌,안전거리미확보,건조,맑음,단일로 - 기타,농기계,남,71세,중상,승용,남,50세,상해없음
2016050900100259,2016년 5월 9일 13시,월요일,경상북도 칠곡군 왜관읍,사망사고,1,0,0,0,차대차 - 측면직각충돌,교차로운행방법위반,건조,맑음,교차로 - 교차로안,화물,남,27세,상해없음,이륜,남,80세,사망
2016050900100260,2016년 5월 9일 13시,월요일,경상북도 경산시 남산면,사망사고,1,0,0,0,차대사람 - 횡단중,안전운전불이행,건조,맑음,교차로 - 교차로안,화물,남,34세,상해없음,보행자,여,83세,사망
2016050900100261,2016년 5월 9일 13시,월요일,경상북도 성주군 월항면,경상사고,0,0,1,0,차대차 - 측면직각충돌,안전운전불이행,건조,맑음,교차로 - 교차로안,승용,여,56세,상해없음,승용,여,47세,경상
2016050900100292,2016년 5월 9일 14시,월요일,경상북도 의성군 의성읍,경상사고,0,0,1,0,차대차 - 측면충돌,불법유턴,건조,맑음,단일로 - 기타,승용,여,59세,상해없음,화물,남,23세,상해없음
2016050900100293,2016년 5월 9일 14시,월요일,경상북도 칠곡군 지천면,부상신고사고,0,0,0,1,차량단독 - 전도전복,안전운전불이행,건조,맑음,교차로 - 교차로부근,승합,남,68세,부상신고,,,,
2016050900100294,2016년 5월 9일 14시,월요일,경상북도 봉화군 봉화읍,경상사고,0,0,1,0,차대차 - 추돌,안전운전불이행,건조,맑음,단일로 - 교량,건설기계,남,39세,상해없음,승용,여,40세,경상
2016050900100295,2016년 5월 9일 14시,월요일,경상북도 성주군 성주읍,중상사고,0,2,0,0,차대차 - 측면충돌,안전운전불이행,건조,맑음,기타 - 기타,화물,남,49세,상해없음,이륜,남,78세,중상
2016050900100297,2016년 5월 9일 14시,월요일,경상북도 청송군 진보면,경상사고,0,0,1,0,차량단독 - 전도전복,안전운전불이행,건조,맑음,단일로 - 기타,화물,남,40세,경상,,,,
2016050900100330,2016년 5월 9일 15시,월요일,경상북도 칠곡군 석적읍,부상신고사고,0,0,0,1,차량단독 - 전도전복,안전운전불이행,건조,맑음,단일로 - 기타,화물,남,62세,부상신고,,,,
2016050900100331,2016년 5월 9일 15시,월요일,경상북도 구미시 원평동,부상신고사고,0,0,0,1,차대사람 - 횡단중,안전운전불이행,건조,맑음,교차로 - 교차로안,승용,남,62세,상해없음,보행자,남,7세,부상신고
2016050900100370,2016년 5월 9일 16시,월요일,경상북도 포항시 북구 신광면,중상사고,0,1,0,0,차대차 - 기타,안전운전불이행,건조,맑음,단일로 - 기타,기타불명,기타불명,기타불명,기타불명,자전거,남,75세,중상
2016050900100371,2016년 5월 9일 16시,월요일,경상북도 포항시 남구 대잠동,경상사고,0,0,1,0,차대차 - 기타,교차로운행방법위반,건조,맑음,교차로 - 교차로안,승용,남,46세,상해없음,승용,남,52세,경상
2016050900100402,2016년 5월 9일 17시,월요일,경상북도 경산시 압량면,중상사고,0,1,0,0,차대차 - 기타,안전운전불이행,건조,맑음,교차로 - 교차로안,자전거,남,44세,중상,승용,남,32세,상해없음