사고번호,사고일시,요일,시군구,사고내용,사망자수,중상자수,경상자수,부상신고자수,사고유형,법규위반,노면상태,기상상태,도로형태,가해운전자 차종,가해운전자 성별,가해운전자 연령,가해운전자 상해정도,피해운전자 차종,피해운전자 성별,피해운전자 연령,피해운전자 상해정도
2016050900100425,2016년 5월 9일 18시,월요일,경상북도 칠곡군 가산면,중상사고,0,1,5,0,차대차 - 측면충돌,안전운전불이행,건조,맑음,단일로 - 기타,승용,여,60세,상해없음,승용,남,42세,경상
2016050900100426,2016년 5월 9일 18시,월요일,경상북도 경산시 임당동,경상사고,0,0,1,0,차대사람 - 차도통행중,안전운전불이행,건조,맑음,단일로 - 기타,승용,남,29세,상해없음,보행자,남,19세,경상
2016050900100427,2016년 5월 9일 18시,월요일,경상북도 구미시 도개면,중상사고,0,1,1,0,차대차 - 정면충돌,안전거리미확보,건조,맑음,단일로 - 기타,승용,여,45세,중상,화물,남,53세,경상
2016050900100459,2016년 5월 9일 19시,월요일,경상북도 경산시 진량읍,경상사고,0,0,1,0,차대차 - 정면충돌,안전운전불이행,건조,맑음,기타 - 기타,승용,남,28세,상해없음,승용,남,41세,경상
2016050900100460,2016년 5월 9일 19시,월요일,경상북도 포항시 남구 오천읍,경상사고,0,0,1,0,차대차 - 기타,안전운전불이행,건조,맑음,단일로 - 기타,승합,남,58세,상해없음,승용,여,47세,경상
2016050900100485,2016년 5월 9일 20시,월요일,경상북도 경산시 진량읍,경상사고,0,0,2,0,차대차 - 추돌,안전운전불이행,건조,맑음,교차로 - 교차로부근,승용,남,54세,상해없음,승용,남,42세,상해없음
2016050900100486,2016년 5월 9일 20시,월요일,경상북도 구미시 사곡동,경상사고,0,0,1,0,차대차 - 측면충돌,안전운전불이행,건조,맑음,교차로 - 교차로안,승용,남,57세,상해없음,자전거,남,15세,경상
2016050900100487,2016년 5월 9일 20시,월요일,경상북도 구미시 상모동,중상사고,0,1,0,0,차대사람 - 횡단중,보행자보호의무위반,건조,맑음,단일로 - 기타,승합,남,63세,상해없음,보행자,여,2세,중상
2016050900100488,2016년 5월 9일 20시,월요일,경상북도 포항시 남구 오천읍,중상사고,0,1,0,0,차대사람 - 횡단중,안전운전불이행,건조,맑음,단일로 - 기타,승용,남,46세,상해없음,보행자,여,7세,중상
2016050900100519,2016년 5월 9일 21시,월요일,경상북도 경주시 안강읍,중상사고,0,1,0,0,차대차 - 추돌,안전운전불이행,건조,맑음,단일로 - 기타,승용,여,46세,상해없음,승합,남,51세,상해없음
2016050900100520,2016년 5월 9일 21시,월요일,경상북도 김천시 대항면,중상사고,0,1,0,0,차대차 - 측면충돌,교차로운행방법위반,건조,맑음,교차로 - 교차로안,승용,남,34세,기타불명,승합,여,33세,중상
2016050900100521,2016년 5월 9일 21시,월요일,경상북도 영주시 가흥동,경상사고,0,0,1,0,차대사람 - 횡단중,안전운전불이행,건조,맑음,단일로 - 기타,승용,여,43세,상해없음,보행자,남,39세,경상
2016050900100522,2016년 5월 9일 21시,월요일,경상북도 칠곡군 석적읍,중상사고,0,2,0,0,차대차 - 측면충돌,교차로운행방법위반,건조,맑음,교차로 - 교차로안,승용,남,30세,상해없음,승용,여,23세,중상
2016050900100575,2016년 5월 9일 23시,월요일,경상북도 구미시 고아읍,중상사고,0,1,0,0,차대차 - 추돌,안전거리미확보,건조,맑음,단일로 - 기타,승용,남,31세,상해없음,건설기계,남,53세,중상
2016051000100006,2016년 5월 10일 00시,화요일,경상북도 경산시 갑제동,경상사고,0,0,2,0,차대차 - 기타,교차로운행방법위반,건조,맑음,교차로 - 교차로안,승용,남,58세,상해없음,자전거,남,19세,경상
2016051000100007,2016년 5월 10일 00시,화요일,경상북도 포항시 남구 오천읍,사망사고,1,0,0,0,차대사람 - 횡단중,안전운전불이행,건조,맑음,단일로 - 기타,승용,남,47세,상해없음,보행자,여,60세,사망
2016051000100073,2016년 5월 10일 06시,화요일,경상북도 포항시 북구 죽도동,경상사고,0,0,2,0,차대차 - 측면충돌,직진우회전진행방해,습기,비,교차로 - 교차로안,승용,남,54세,상해없음,승용,남,26세,경상
2016051000100074,2016년 5월 10일 06시,화요일,경상북도 영주시 하망동,경상사고,0,0,1,0,차대차 - 측면충돌,안전운전불이행,건조,맑음,교차로 - 교차로안,승용,남,59세,상해없음,화물,남,62세,경상
2016051000100094,2016년 5월 10일 07시,화요일,경상북도 경주시 안강읍,중상사고,0,1,2,1,차대차 - 측면충돌,중앙선침범,습기,비,단일로 - 횡단보도상,화물,남,22세,부상신고,승용,남,36세,경상
2016051000100095,2016년 5월 10일 07시,화요일,경상북도 성주군 선남면,경상사고,0,0,1,0,차대차 - 추돌,안전운전불이행,습기,비,교차로 - 교차로부근,승용,남,37세,상해없음,승용,남,40세,경상
2016051000100130,2016년 5월 10일 08시,화요일,경상북도 구미시 고아읍,중상사고,0,1,0,0,차대사람 - 기타,안전운전불이행,습기,비,교차로 - 교차로부근,화물,남,47세,상해없음,보행자,여,71세,중상
2016051000100131,2016년 5월 10일 08시,화요일,경상북도 영주시 장수면,경상사고,0,0,1,0,차대차 - 추돌,안전운전불이행,습기,비,단일로 - 기타,승용,여,34세,상해없음,승용,남,53세,경상
2016051000100214,2016년 5월 10일 10시,화요일,경상북도 영천시 대창면,중상사고,0,1,0,0,차대사람 - 횡단중,안전운전불이행,습기,비,단일로 - 기타,화물,남,42세,상해없음,보행자,여,74세,중상
2016051000100215,2016년 5월 10일 10시,화요일,경상북도 영천시 완산동,중상사고,0,1,0,0,차대차 - 추돌,안전운전불이행,습기,비,단일로 - 기타,승용,여,60세,상해없음,승용,남,62세,중상
2016051000100216,2016년 5월 10일 10시,화요일,경상북도 경산시 와촌면,중상사고,0,2,1,0,차대차 - 기타,중앙선침범,습기,비,단일로 - 기타,승용,여,54세,중상,승용,남,37세,경상
2016051000100217,2016년 5월 10일 10시,화요일,경상북도 경산시 중방동,경상사고,0,0,1,0,차대차 - 측면직각충돌,안전운전불이행,습기,비,교차로 - 교차로안,승용,남,71세,상해없음,승용,남,61세,경상
2016051000100237,2016년 5월 10일 11시,화요일,경상북도 안동시 태화동,경상사고,0,0,1,0,차대차 - 측면직각충돌,안전운전불이행,건조,맑음,교차로 - 교차로안,승용,여,45세,경상,건설기계,남,44세,기타불명
2016051000100238,2016년 5월 10일 11시,화요일,경상북도 영주시 영주동,경상사고,0,0,1,0,차대사람 - 횡단중,보행자보호의무위반,습기,비,단일로 - 기타,승용,남,64세,상해없음,보행자,남,64세,경상
2016051000100239,2016년 5월 10일 11시,화요일,경상북도 영덕군 영덕읍,경상사고,0,0,1,0,차대차 - 정면충돌,안전운전불이행,습기,비,기타 - 기타,승용,남,57세,상해없음,승용,여,55세,경상
2016051000100270,2016년 5월 10일 12시,화요일,경상북도 경주시 동부동,경상사고,0,0,1,0,차대사람 - 횡단중,안전운전불이행,습기,비,단일로 - 기타,승용,남,33세,상해없음,보행자,여,51세,경상
2016051000100271,2016년 5월 10일 12시,화요일,경상북도 경주시 안강읍,경상사고,0,0,1,0,차대차 - 측면충돌,안전운전불이행,건조,맑음,단일로 - 기타,승용,남,45세,상해없음,화물,남,47세,상해없음
2016051000100272,2016년 5월 10일 12시,화요일,경상북도 안동시 옥동,경상사고,0,0,1,0,차대사람 - 횡단중,안전운전불이행,습기,비,교차로 - 교차로안,화물,남,21세,상해없음,보행자,여,82세,경상
2016051000100303,2016년 5월 10일 13시,화요일,경상북도 경산시 중산동,부상신고사고,0,0,0,1,차대차 - 정면충돌,교차로운행방법위반,습기,비,교차로 - 교차로안,승용,여,67세,상해없음,이륜,남,65세,부상신고
2016051000100333,2016년 5월 10일 14시,화요일,경상북도 김천시 양천동,사망사고,1,0,0,0,차량단독 - 전도전복,안전운전불이행,습기,비,단일로 - 기타,화물,남,60세,사망,,,,
2016051000100334,2016년 5월 10일 14시,화요일,경상북도 구미시 인의동,경상사고,0,0,1,0,차대차 - 측면충돌,중앙선침범,습기,비,단일로 - 기타,화물,여,52세,상해없음,원동기,남,19세,경상
2016051000100335,2016년 5월 10일 14시,화요일,경상북도 구미시 임수동,경상사고,0,0,1,0,차대차 - 기타,안전운전불이행,습기,비,기타 - 기타,승용,여,63세,상해없음,승용,여,30세,경상
2016051000100336,2016년 5월 10일 14시,화요일,경상북도 구미시 고아읍,경상사고,0,0,2,0,차대차 - 추돌,안전운전불이행,습기,비,교차로 - 교차로부근,화물,남,61세,상해없음,승용,여,51세,경상
2016051000100362,2016년 5월 10일 15시,화요일,경상북도 영천시 과전동,경상사고,0,0,2,0,차대사람 - 횡단중,안전운전불이행,습기,비,교차로 - 교차로부근,원동기,남,61세,경상,보행자,남,7세,경상
2016051000100363,2016년 5월 10일 15시,화요일,경상북도 포항시 남구 대도동,경상사고,0,0,1,0,차대차 - 측면직각충돌,안전운전불이행,습기,비,교차로 - 교차로안,승용,여,25세,상해없음,자전거,여,10세,경상
2016051000100394,2016년 5월 10일 16시,화요일,경상북도 안동시 풍산읍,경상사고,0,0,1,0,차대사람 - 길가장자리구역통행중,안전운전불이행,기타,비,단일로 - 기타,승용,남,52세,상해없음,보행자,여,84세,경상
2016051000100395,2016년 5월 10일 16시,화요일,경상북도 상주시 무양동,경상사고,0,0,1,0,차대차 - 기타,안전운전불이행,습기,비,단일로 - 기타,승용,남,57세,상해없음,자전거,남,12세,경상
2016051000100427,2016년 5월 10일 17시,화요일,경상북도 안동시 평화동,중상사고,0,1,0,0,차대차 - 기타,안전운전불이행,건조,맑음,교차로 - 교차로안,승용,남,58세,상해없음,승합,여,60세,상해없음
2016051000100428,2016년 5월 10일 17시,화요일,경상북도 영주시 휴천동,중상사고,0,1,0,0,차대차 - 측면충돌,중앙선침범,습기,비,단일로 - 기타,승용,여,20세,상해없음,원동기,남,38세,중상
2016051000100429,2016년 5월 10일 17시,화요일,경상북도 경산시 임당동,중상사고,0,1,0,0,차대사람 - 횡단중,불법유턴,습기,비,단일로 - 기타,화물,남,36세,상해없음,보행자,여,86세,중상
2016051000100453,2016년 5월 10일 18시,화요일,경상북도 경주시 용강동,경상사고,0,0,1,0,차대차 - 추돌,안전운전불이행,습기,비,교차로 - 교차로부근,승용,남,33세,기타불명,승용,여,45세,경상
2016051000100454,2016년 5월 10일 18시,화요일,경상북도 김천시 신음동,경상사고,0,0,2,0,차대차 - 정면충돌,안전운전불이행,건조,맑음,단일로 - 기타,승용,남,47세,상해없음,승용,여,59세,경상
2016051000100455,2016년 5월 10일 18시,화요일,경상북도 영천시 망정동,부상신고사고,0,0,0,1,차량단독 - 주/정차차량 충돌,안전운전불이행,습기,비,단일로 - 기타,승용,여,33세,상해없음,,,,
2016051000100456,2016년 5월 10일 18시,화요일,경상북도 경산시 서상동,경상사고,0,0,1,0,차대차 - 정면충돌,안전운전불이행,건조,맑음,교차로 - 교차로안,승용,남,63세,상해없음,이륜,남,19세,경상
2016051000100492,2016년 5월 10일 19시,화요일,경상북도 포항시 북구 용흥동,경상사고,0,0,1,0,차대사람 - 횡단중,안전운전불이행,습기,비,단일로 - 횡단보도부근,승용,여,35세,상해없음,보행자,여,59세,경상
2016051000100493,2016년 5월 10일 19시,화요일,경상북도 안동시 태화동,중상사고,0,1,1,0,차대차 - 측면직각충돌,신호위반,건조,맑음,교차로 - 교차로안,승용,남,66세,상해없음,승용,남,23세,경상
2016051000100494,2016년 5월 10일 19시,화요일,경상북도 구미시 상모동,경상사고,0,0,1,1,차대차 - 기타,신호위반,습기,비,교차로 - 교차로안,이륜,남,45세,부상신고,승용,남,39세,경상
2016051000100531,2016년 5월 10일 20시,화요일,경상북도 경주시 동천동,경상사고,0,0,2,0,차대차 - 정면충돌,안전운전불이행,습기,비,교차로 - 교차로안,승용,남,46세,경상,승용,남,48세,경상
2016051000100533,2016년 5월 10일 20시,화요일,경상북도 포항시 북구 용흥동,경상사고,0,0,3,0,차대차 - 정면충돌,신호위반,습기,비,교차로 - 교차로안,승용,여,65세,상해없음,승용,여,38세,경상
2016051000100534,2016년 5월 10일 20시,화요일,경상북도 포항시 북구 장성동,중상사고,0,2,1,0,차대차 - 정면충돌,신호위반,습기,비,교차로 - 교차로안,승용,여,49세,경상,승용,남,60세,중상
2016051000100535,2016년 5월 10일 20시,화요일,경상북도 칠곡군 동명면,경상사고,0,0,1,0,차대차 - 정면충돌,중앙선침범,건조,맑음,단일로 - 기타,승용,남,55세,상해없음,승용,남,32세,경상
2016051000100536,2016년 5월 10일 20시,화요일,경상북도 청도군 청도읍,경상사고,0,0,1,0,차량단독 - 주/정차차량 충돌,안전운전불이행,습기,비,교차로 - 교차로부근,승용,여,61세,경상,,,,
2016051000100537,2016년 5월 10일 20시,화요일,경상북도 포항시 남구 해도동,중상사고,0,2,4,0,차대차 - 측면직각충돌,중앙선침범,습기,비,단일로 - 기타,승용,여,48세,상해없음,승용,남,58세,경상
2016051000100538,2016년 5월 10일 20시,화요일,경상북도 포항시 남구 상도동,경상사고,0,0,3,0,차대차 - 측면직각충돌,안전운전불이행,습기,비,단일로 - 기타,승용,여,40세,경상,승용,남,43세,상해없음
2016051000100574,2016년 5월 10일 21시,화요일,경상북도 상주시 무양동,경상사고,0,0,3,0,차대차 - 측면직각충돌,중앙선침범,습기,흐림,교차로 - 교차로안,화물,남,45세,상해없음,승용,남,40세,경상
2016051000100575,2016년 5월 10일 21시,화요일,경상북도 구미시 구평동,경상사고,0,0,1,0,차대차 - 기타,안전운전불이행,습기,비,교차로 - 교차로안,승용,남,41세,상해없음,승용,여,63세,경상
2016051000100609,2016년 5월 10일 22시,화요일,경상북도 포항시 북구 용흥동,사망사고,1,0,0,0,차대사람 - 횡단중,안전운전불이행,습기,비,단일로 - 기타,승용,남,24세,상해없음,보행자,여,80세,사망
2016051000100610,2016년 5월 10일 22시,화요일,경상북도 경산시 진량읍,중상사고,0,1,0,0,차대사람 - 횡단중,보행자보호의무위반,습기,비,단일로 - 기타,승용,남,38세,상해없음,보행자,여,21세,중상
2016051000100611,2016년 5월 10일 22시,화요일,경상북도 구미시 공단동,경상사고,0,0,1,0,차대차 - 추돌,안전운전불이행,습기,비,교차로 - 교차로부근,화물,남,25세,상해없음,승용,여,28세,경상
2016051000100612,2016년 5월 10일 22시,화요일,경상북도 포항시 남구 대잠동,중상사고,0,1,0,0,차대차 - 측면직각충돌,직진우회전진행방해,습기,비,교차로 - 교차로안,승용,남,37세,상해없음,원동기,남,35세,중상
2016051000100635,2016년 5월 10일 23시,화요일,경상북도 구미시 송정동,경상사고,0,0,1,0,차대차 - 측면직각충돌,안전운전불이행,습기,흐림,교차로 - 교차로안,승용,남,34세,상해없음,승용,남,61세,경상
2016051000100636,2016년 5월 10일 23시,화요일,경상북도 청도군 청도읍,경상사고,0,0,4,0,차대차 - 측면충돌,안전운전불이행,건조,맑음,단일로 - 기타,승용,남,31세,상해없음,화물,남,38세,경상
2016051100100005,2016년 5월 11일 00시,수요일,경상북도 포항시 남구 효자동,중상사고,0,1,1,0,차대차 - 추돌,안전운전불이행,습기,비,교차로 - 교차로부근,승용,여,61세,상해없음,승용,남,39세,중상
2016051100100006,2016년 5월 11일 00시,수요일,경상북도 경산시 진량읍,경상사고,0,0,1,0,차량단독 - 공작물충돌,안전운전불이행,습기,비,단일로 - 기타,승용,남,48세,상해없음,,,,
2016051100100016,2016년 5월 11일 01시,수요일,경상북도 경주시 황성동,중상사고,0,1,0,0,차량단독 - 전도전복,안전운전불이행,습기,비,교차로 - 교차로안,이륜,남,16세,상해없음,,,,
2016051100100017,2016년 5월 11일 01시,수요일,경상북도 김천시 평화동,경상사고,0,0,1,0,차대사람 - 기타,안전운전불이행,건조,맑음,단일로 - 기타,승용,남,48세,상해없음,보행자,남,26세,경상
2016051100100029,2016년 5월 11일 02시,수요일,경상북도 포항시 북구 용흥동,경상사고,0,0,1,0,차량단독 - 전도전복,안전운전불이행,건조,맑음,단일로 - 기타,승용,남,23세,경상,,,,
2016051100100030,2016년 5월 11일 02시,수요일,경상북도 포항시 북구 장성동,경상사고,0,0,3,0,차대차 - 정면충돌,안전운전불이행,습기,흐림,기타 - 기타,승용,남,22세,상해없음,승용,남,32세,경상
2016051100100031,2016년 5월 11일 02시,수요일,경상북도 경산시 압량면,중상사고,0,1,0,0,차대사람 - 횡단중,안전운전불이행,건조,맑음,단일로 - 기타,승용,남,20세,상해없음,보행자,여,48세,중상
2016051100100088,2016년 5월 11일 07시,수요일,경상북도 칠곡군 왜관읍,경상사고,0,0,2,0,차대사람 - 기타,기타,습기,흐림,단일로 - 기타,승용,남,30세,상해없음,보행자,여,64세,경상
2016051100100113,2016년 5월 11일 08시,수요일,경상북도 김천시 어모면,중상사고,0,1,0,0,차대차 - 추돌,안전운전불이행,건조,맑음,단일로 - 기타,승용,여,62세,상해없음,이륜,남,58세,중상
2016051100100114,2016년 5월 11일 08시,수요일,경상북도 영천시 망정동,경상사고,0,0,1,0,차대차 - 측면충돌,교차로운행방법위반,건조,맑음,교차로 - 교차로부근,승용,여,71세,상해없음,승용,여,41세,경상
2016051100100115,2016년 5월 11일 08시,수요일,경상북도 구미시 진평동,경상사고,0,0,2,0,차대차 - 측면충돌,교차로운행방법위반,건조,맑음,교차로 - 교차로안,승용,여,28세,상해없음,승용,여,28세,경상
2016051100100116,2016년 5월 11일 08시,수요일,경상북도 포항시 남구 오천읍,경상사고,0,0,1,0,차대차 - 측면충돌,안전운전불이행,습기,비,교차로 - 교차로안,승용,남,71세,상해없음,승용,여,22세,경상
2016051100100117,2016년 5월 11일 08시,수요일,경상북도 포항시 남구 송내동,경상사고,0,0,2,0,차대차 - 추돌,안전운전불이행,습기,흐림,단일로 - 교량,화물,남,62세,상해없음,승용,여,42세,경상
2016051100100163,2016년 5월 11일 09시,수요일,경상북도 안동시 송현동,경상사고,0,0,3,0,차대차 - 정면충돌,중앙선침범,건조,맑음,단일로 - 기타,승용,남,76세,경상,승용,남,51세,경상
2016051100100164,2016년 5월 11일 09시,수요일,경상북도 상주시 냉림동,경상사고,0,0,1,0,차대차 - 측면직각충돌,교차로운행방법위반,건조,맑음,교차로 - 교차로안,승용,여,41세,상해없음,승용,남,56세,경상
2016051100100165,2016년 5월 11일 09시,수요일,경상북도 영주시 영주동,중상사고,0,1,0,0,차대사람 - 횡단중,안전운전불이행,건조,맑음,단일로 - 기타,화물,남,63세,상해없음,보행자,여,62세,중상
2016051100100166,2016년 5월 11일 09시,수요일,경상북도 칠곡군 왜관읍,중상사고,0,2,1,0,차량단독 - 전도전복,안전운전불이행,건조,맑음,기타 - 기타,승용,여,73세,경상,,,,
2016051100100167,2016년 5월 11일 09시,수요일,경상북도 경산시 중방동,경상사고,0,0,1,0,차대차 - 기타,중앙선침범,건조,맑음,단일로 - 기타,이륜,남,71세,경상,승용,남,62세,상해없음
2016051100100168,2016년 5월 11일 09시,수요일,경상북도 구미시 진평동,경상사고,0,0,1,0,차대차 - 측면충돌,안전운전불이행,건조,맑음,교차로 - 교차로안,이륜,남,26세,상해없음,승용,여,34세,경상
2016051100100196,2016년 5월 11일 10시,수요일,경상북도 경주시 외동읍,경상사고,0,0,1,0,차대차 - 정면충돌,안전운전불이행,건조,맑음,교차로 - 교차로안,승용,남,54세,상해없음,승용,남,34세,경상
2016051100100197,2016년 5월 11일 10시,수요일,경상북도 안동시 풍천면,경상사고,0,0,1,0,차대차 - 정면충돌,안전운전불이행,건조,맑음,단일로 - 기타,승용,남,79세,상해없음,승용,남,57세,경상
2016051100100198,2016년 5월 11일 10시,수요일,경상북도 안동시 서후면,경상사고,0,0,1,0,차량단독 - 기타,기타,건조,맑음,단일로 - 기타,승합,남,39세,상해없음,,,,
2016051100100199,2016년 5월 11일 10시,수요일,경상북도 의성군 봉양면,경상사고,0,0,1,0,차대차 - 측면충돌,안전운전불이행,건조,맑음,교차로 - 교차로안,승용,여,61세,상해없음,이륜,남,82세,경상
2016051100100200,2016년 5월 11일 10시,수요일,경상북도 경주시 내남면,중상사고,0,3,4,0,차대차 - 추돌,안전운전불이행,건조,맑음,단일로 - 기타,건설기계,남,62세,상해없음,승합,남,35세,중상
2016051100100225,2016년 5월 11일 11시,수요일,경상북도 안동시 풍산읍,중상사고,0,1,0,0,차대차 - 정면충돌,안전거리미확보,건조,맑음,단일로 - 기타,화물,남,58세,상해없음,화물,남,73세,중상
2016051100100289,2016년 5월 11일 13시,수요일,경상북도 영천시 금노동,경상사고,0,0,1,0,차대사람 - 횡단중,보행자보호의무위반,건조,맑음,단일로 - 횡단보도상,승용,남,51세,상해없음,보행자,여,72세,경상
2016051100100290,2016년 5월 11일 13시,수요일,경상북도 경산시 정평동,경상사고,0,0,1,0,차대사람 - 횡단중,안전운전불이행,건조,맑음,단일로 - 기타,승용,남,75세,상해없음,보행자,남,6세,경상
2016051100100291,2016년 5월 11일 13시,수요일,경상북도 예천군 예천읍,중상사고,0,1,0,0,차대차 - 측면직각충돌,직진우회전진행방해,건조,맑음,교차로 - 교차로안,승용,남,58세,상해없음,이륜,남,60세,중상
2016051100100350,2016년 5월 11일 15시,수요일,경상북도 영천시 완산동,경상사고,0,0,1,0,차대차 - 추돌,안전운전불이행,건조,맑음,교차로 - 교차로부근,승용,여,29세,상해없음,승용,여,48세,경상
2016051100100351,2016년 5월 11일 15시,수요일,경상북도 문경시 모전동,경상사고,0,0,2,0,차대차 - 기타,안전운전불이행,건조,맑음,단일로 - 기타,승용,남,64세,경상,승용,남,40세,경상
2016051100100396,2016년 5월 11일 16시,수요일,경상북도 안동시 금곡동,경상사고,0,0,1,0,차대차 - 정면충돌,불법유턴,건조,맑음,교차로 - 교차로부근,승용,남,55세,상해없음,승용,남,53세,경상
2016051100100397,2016년 5월 11일 16시,수요일,경상북도 영주시 풍기읍,경상사고,0,0,1,0,차대차 - 측면충돌,신호위반,건조,맑음,교차로 - 교차로안,원동기,남,83세,경상,화물,남,43세,상해없음
2016051100100398,2016년 5월 11일 16시,수요일,경상북도 칠곡군 왜관읍,경상사고,0,0,1,0,차대차 - 추돌,안전거리미확보,건조,맑음,단일로 - 기타,승용,남,39세,상해없음,승용,남,45세,경상
2016051100100399,2016년 5월 11일 16시,수요일,경상북도 청송군 현동면,중상사고,0,2,1,0,차대차 - 측면직각충돌,안전운전불이행,건조,맑음,단일로 - 기타,화물,남,62세,중상,승용,여,40세,경상
2016051100100441,2016년 5월 11일 17시,수요일,경상북도 봉화군 춘양면,중상사고,0,1,1,0,차대차 - 측면직각충돌,중앙선침범,건조,맑음,단일로 - 기타,이륜,남,48세,중상,이륜,남,71세,경상
2016051100100442,2016년 5월 11일 17시,수요일,경상북도 포항시 남구 상도동,경상사고,0,0,1,0,차대차 - 측면충돌,교차로운행방법위반,건조,맑음,교차로 - 교차로안,승용,남,62세,상해없음,자전거,남,82세,경상
2016051100100487,2016년 5월 11일 18시,수요일,경상북도 안동시 당북동,경상사고,0,0,2,0,차대차 - 정면충돌,안전운전불이행,건조,맑음,단일로 - 기타,승용,여,55세,상해없음,승용,여,40세,경상
2016051100100488,2016년 5월 11일 18시,수요일,경상북도 김천시 감천면,중상사고,0,1,0,0,차대사람 - 길가장자리구역통행중,안전운전불이행,건조,맑음,기타 - 기타,승합,여,55세,상해없음,보행자,여,58세,중상
2016051100100489,2016년 5월 11일 18시,수요일,경상북도 상주시 중동면,중상사고,0,1,0,0,차대차 - 추돌,기타,건조,맑음,교차로 - 교차로안,승용,남,20세,상해없음,농기계,남,61세,중상
2016051100100521,2016년 5월 11일 19시,수요일,경상북도 상주시 낙양동,경상사고,0,0,1,0,차대차 - 측면충돌,교차로운행방법위반,건조,맑음,교차로 - 교차로부근,승용,남,35세,상해없음,이륜,남,33세,경상
2016051100100594,2016년 5월 11일 21시,수요일,경상북도 포항시 북구 죽도동,부상신고사고,0,0,0,1,차대차 - 측면직각충돌,안전운전불이행,건조,맑음,단일로 - 횡단보도상,자전거,남,21세,부상신고,승용,남,71세,상해없음
2016051100100626,2016년 5월 11일 22시,수요일,경상북도 포항시 북구 흥해읍,경상사고,0,0,1,0,차대차 - 정면충돌,신호위반,건조,맑음,교차로 - 교차로안,승용,여,44세,경상,승용,남,61세,상해없음
2016051100100627,2016년 5월 11일 22시,수요일,경상북도 울진군 매화면,경상사고,0,0,1,0,차량단독 - 전도전복,안전운전불이행,건조,맑음,단일로 - 기타,화물,남,53세,경상,,,,
2016051100100659,2016년 5월 11일 23시,수요일,경상북도 구미시 송정동,경상사고,0,0,4,0,차대차 - 추돌,안전운전불이행,건조,맑음,교차로 - 교차로부근,승용,남,24세,상해없음,승용,남,59세,경상
2016051100100660,2016년 5월 11일 23시,수요일,경상북도 구미시 원평동,경상사고,0,0,1,0,차대차 - 정면충돌,안전운전불이행,건조,맑음,단일로 - 기타,승용,남,62세,상해없음,승용,남,57세,경상
2016051100100661,2016년 5월 11일 23시,수요일,경상북도 포항시 남구 상도동,경상사고,0,0,1,0,차대차 - 추돌,안전운전불이행,건조,맑음,교차로 - 교차로부근,승용,남,54세,상해없음,승용,여,48세,경상
2016051200100046,2016년 5월 12일 02시,목요일,경상북도 경주시 배반동,중상사고,0,1,0,1,차대차 - 추돌,안전운전불이행,건조,맑음,교차로 - 교차로부근,승용,남,37세,부상신고,승용,남,60세,중상
2016051200100085,2016년 5월 12일 06시,목요일,경상북도 울진군 근남면,중상사고,0,1,0,0,차대차 - 측면충돌,안전운전불이행,건조,맑음,교차로 - 교차로부근,화물,남,65세,상해없음,승용,남,58세,상해없음
2016051200100110,2016년 5월 12일 07시,목요일,경상북도 포항시 북구 장성동,경상사고,0,0,2,0,차대차 - 정면충돌,신호위반,건조,맑음,교차로 - 교차로안,승용,여,43세,상해없음,승용,남,46세,경상
2016051200100145,2016년 5월 12일 08시,목요일,경상북도 영주시 풍기읍,중상사고,0,1,0,0,차대차 - 정면충돌,안전운전불이행,건조,맑음,교차로 - 교차로안,승합,여,52세,상해없음,자전거,남,78세,중상
2016051200100146,2016년 5월 12일 08시,목요일,경상북도 경산시 임당동,경상사고,0,0,1,0,차대차 - 정면충돌,안전운전불이행,건조,맑음,교차로 - 교차로부근,승용,여,48세,상해없음,자전거,여,21세,경상
2016051200100147,2016년 5월 12일 08시,목요일,경상북도 구미시 옥계동,부상신고사고,0,0,0,1,차대사람 - 횡단중,안전운전불이행,건조,맑음,단일로 - 기타,승합,남,63세,상해없음,보행자,남,7세,부상신고
2016051200100184,2016년 5월 12일 09시,목요일,경상북도 문경시 가은읍,중상사고,0,1,0,0,차대차 - 기타,안전운전불이행,건조,맑음,교차로 - 교차로부근,화물,남,53세,상해없음,이륜,남,52세,중상
2016051200100216,2016년 5월 12일 10시,목요일,경상북도 경주시 황오동,경상사고,0,0,4,0,차대차 - 측면충돌,기타,건조,맑음,교차로 - 교차로부근,승용,남,49세,상해없음,승합,남,65세,경상
2016051200100217,2016년 5월 12일 10시,목요일,경상북도 영천시 신령면,경상사고,0,0,3,0,차대차 - 측면직각충돌,직진우회전진행방해,건조,맑음,교차로 - 교차로안,승용,여,38세,경상,화물,여,35세,경상
2016051200100218,2016년 5월 12일 10시,목요일,경상북도 경산시 중방동,부상신고사고,0,0,0,1,차대차 - 측면충돌,신호위반,건조,맑음,교차로 - 교차로안,자전거,남,58세,부상신고,승용,여,59세,상해없음
2016051200100219,2016년 5월 12일 10시,목요일,경상북도 성주군 성주읍,중상사고,0,1,0,0,차대차 - 측면직각충돌,안전운전불이행,건조,맑음,단일로 - 기타,화물,남,71세,상해없음,이륜,남,60세,중상