사고번호,사고일시,요일,시군구,사고내용,사망자수,중상자수,경상자수,부상신고자수,사고유형,법규위반,노면상태,기상상태,도로형태,가해운전자 차종,가해운전자 성별,가해운전자 연령,가해운전자 상해정도,피해운전자 차종,피해운전자 성별,피해운전자 연령,피해운전자 상해정도
2016051500100057,2016년 5월 15일 03시,일요일,경상북도 구미시 고아읍,경상사고,0,0,1,0,차대차 - 추돌,안전운전불이행,건조,맑음,단일로 - 기타,승용,남,18세,경상,승용,남,47세,상해없음
2016051500100076,2016년 5월 15일 06시,일요일,경상북도 구미시 임은동,중상사고,0,1,0,0,차대차 - 정면충돌,신호위반,건조,맑음,교차로 - 교차로안,승용,남,42세,상해없음,승용,여,43세,중상
2016051500100080,2016년 5월 15일 07시,일요일,경상북도 경주시 건천읍,중상사고,0,2,1,0,차량단독 - 전도전복,안전운전불이행,건조,맑음,단일로 - 기타,승용,남,28세,경상,,,,
2016051500100152,2016년 5월 15일 11시,일요일,경상북도 의성군 금성면,경상사고,0,0,5,0,차대차 - 측면충돌,안전운전불이행,건조,맑음,단일로 - 기타,승용,남,47세,경상,승합,남,18세,경상
2016051500100171,2016년 5월 15일 12시,일요일,경상북도 경산시 중방동,중상사고,0,1,0,0,차대차 - 기타,신호위반,건조,맑음,교차로 - 교차로안,승용,여,21세,상해없음,승용,남,29세,중상
2016051500100200,2016년 5월 15일 13시,일요일,경상북도 구미시 비산동,경상사고,0,0,5,0,차대차 - 추돌,안전운전불이행,건조,맑음,교차로 - 교차로부근,승용,남,37세,상해없음,승용,남,43세,경상
2016051500100232,2016년 5월 15일 14시,일요일,경상북도 경주시 감포읍,경상사고,0,0,2,0,차대차 - 측면충돌,중앙선침범,건조,맑음,단일로 - 기타,승용,남,60세,상해없음,승용,여,50세,경상
2016051500100233,2016년 5월 15일 14시,일요일,경상북도 칠곡군 약목면,중상사고,0,1,0,0,차대사람 - 횡단중,안전운전불이행,건조,맑음,단일로 - 기타,승용,여,36세,상해없음,보행자,여,8세,중상
2016051500100234,2016년 5월 15일 14시,일요일,경상북도 칠곡군 지천면,중상사고,0,1,1,0,차대차 - 측면충돌,중앙선침범,건조,맑음,단일로 - 기타,화물,남,60세,상해없음,승용,남,28세,중상
2016051500100235,2016년 5월 15일 14시,일요일,경상북도 포항시 남구 오천읍,경상사고,0,0,3,0,차대차 - 추돌,안전운전불이행,건조,맑음,단일로 - 기타,승용,남,30세,경상,승합,남,50세,기타불명
2016051500100267,2016년 5월 15일 15시,일요일,경상북도 포항시 북구 장성동,경상사고,0,0,1,0,차대차 - 정면충돌,안전운전불이행,건조,맑음,단일로 - 기타,자전거,남,21세,경상,승용,남,55세,상해없음
2016051500100268,2016년 5월 15일 15시,일요일,경상북도 안동시 태화동,경상사고,0,0,2,0,차대차 - 측면충돌,안전운전불이행,건조,맑음,단일로 - 기타,승합,남,36세,상해없음,승용,남,44세,경상
2016051500100269,2016년 5월 15일 15시,일요일,경상북도 의성군 의성읍,경상사고,0,0,1,0,차대차 - 측면충돌,교차로운행방법위반,건조,맑음,교차로 - 교차로안,승용,남,39세,상해없음,화물,남,36세,경상
2016051500100270,2016년 5월 15일 15시,일요일,경상북도 의성군 신평면,경상사고,0,0,1,0,차대차 - 기타,안전운전불이행,건조,맑음,단일로 - 기타,이륜,남,81세,경상,화물,남,65세,상해없음
2016051500100303,2016년 5월 15일 16시,일요일,경상북도 포항시 북구 덕산동,경상사고,0,0,1,0,차량단독 - 기타,안전운전불이행,건조,맑음,단일로 - 기타,승합,남,41세,상해없음,,,,
2016051500100304,2016년 5월 15일 16시,일요일,경상북도 김천시 평화동,경상사고,0,0,1,0,차대차 - 측면충돌,교차로운행방법위반,건조,맑음,교차로 - 교차로안,승용,여,34세,상해없음,이륜,남,16세,경상
2016051500100340,2016년 5월 15일 17시,일요일,경상북도 포항시 북구 환호동,경상사고,0,0,1,0,차대차 - 정면충돌,안전운전불이행,건조,맑음,교차로 - 교차로안,이륜,남,36세,경상,승용,남,56세,상해없음
2016051500100341,2016년 5월 15일 17시,일요일,경상북도 영천시 야사동,경상사고,0,0,1,0,차대사람 - 횡단중,안전운전불이행,건조,맑음,단일로 - 기타,승용,여,54세,상해없음,보행자,여,4세,경상
2016051500100342,2016년 5월 15일 17시,일요일,경상북도 경산시 대동,중상사고,0,1,0,0,차대차 - 정면충돌,안전거리미확보,건조,맑음,단일로 - 기타,승용,남,40세,상해없음,이륜,남,18세,중상
2016051500100374,2016년 5월 15일 18시,일요일,경상북도 경산시 옥산동,경상사고,0,0,2,0,차대차 - 정면충돌,교차로운행방법위반,건조,맑음,교차로 - 교차로안,승용,남,47세,경상,승용,여,54세,경상
2016051500100407,2016년 5월 15일 19시,일요일,경상북도 경주시 성건동,경상사고,0,0,1,0,차대차 - 측면충돌,안전운전불이행,건조,맑음,단일로 - 기타,승용,여,47세,상해없음,이륜,남,19세,경상
2016051500100441,2016년 5월 15일 20시,일요일,경상북도 의성군 가음면,중상사고,0,1,0,0,차대차 - 기타,안전운전불이행,건조,맑음,단일로 - 기타,원동기,남,50세,상해없음,자전거,여,75세,중상
2016051500100442,2016년 5월 15일 20시,일요일,경상북도 영주시 휴천동,경상사고,0,0,4,0,차대차 - 측면충돌,안전운전불이행,건조,맑음,단일로 - 기타,승용,남,34세,상해없음,승용,여,42세,경상
2016051500100443,2016년 5월 15일 20시,일요일,경상북도 군위군 효령면,경상사고,0,0,1,0,차대차 - 측면직각충돌,안전운전불이행,건조,맑음,단일로 - 기타,승용,여,55세,경상,화물,남,60세,상해없음
2016051500100490,2016년 5월 15일 21시,일요일,경상북도 구미시 진평동,경상사고,0,0,1,0,차대사람 - 횡단중,안전운전불이행,건조,맑음,기타 - 기타,기타불명,기타불명,기타불명,기타불명,보행자,여,24세,경상
2016051500100528,2016년 5월 15일 22시,일요일,경상북도 포항시 북구 두호동,중상사고,0,2,0,0,차대사람 - 횡단중,안전운전불이행,건조,맑음,교차로 - 교차로부근,이륜,남,23세,중상,보행자,남,55세,중상
2016051500100529,2016년 5월 15일 22시,일요일,경상북도 경산시 하양읍,경상사고,0,0,1,0,차대사람 - 횡단중,신호위반,건조,맑음,단일로 - 횡단보도상,이륜,남,47세,상해없음,보행자,남,20세,경상
2016051500100530,2016년 5월 15일 22시,일요일,경상북도 구미시 황상동,경상사고,0,0,3,0,차대차 - 측면직각충돌,안전운전불이행,건조,맑음,교차로 - 교차로부근,승용,남,42세,상해없음,승용,남,26세,경상
2016051500100531,2016년 5월 15일 22시,일요일,경상북도 포항시 남구 대도동,경상사고,0,0,1,0,차대차 - 측면직각충돌,신호위반,건조,맑음,교차로 - 교차로안,원동기,남,22세,경상,승용,남,53세,상해없음
2016051500100560,2016년 5월 15일 23시,일요일,경상북도 김천시 평화동,중상사고,0,1,1,0,차대차 - 측면충돌,신호위반,습기,비,교차로 - 교차로안,승용,남,18세,상해없음,승용,남,22세,경상
2016051600100064,2016년 5월 16일 06시,월요일,경상북도 칠곡군 석적읍,경상사고,0,0,2,0,차대차 - 측면충돌,신호위반,습기,맑음,교차로 - 교차로안,승용,남,60세,상해없음,승용,남,31세,경상
2016051600100065,2016년 5월 16일 06시,월요일,경상북도 성주군 대가면,중상사고,0,2,0,0,차대차 - 정면충돌,중앙선침범,습기,비,기타 - 기타,승용,남,53세,기타불명,승용,남,32세,중상
2016051600100089,2016년 5월 16일 07시,월요일,경상북도 경주시 외동읍,경상사고,0,0,2,0,차대차 - 정면충돌,안전운전불이행,습기,비,교차로 - 교차로안,승용,남,65세,상해없음,승용,남,45세,경상
2016051600100117,2016년 5월 16일 08시,월요일,경상북도 김천시 응명동,경상사고,0,0,1,0,차대차 - 추돌,중앙선침범,건조,맑음,교차로 - 교차로부근,승용,남,51세,상해없음,승용,남,25세,경상
2016051600100118,2016년 5월 16일 08시,월요일,경상북도 김천시 감천면,중상사고,0,1,0,0,차대차 - 측면직각충돌,중앙선침범,건조,맑음,단일로 - 기타,기타불명,기타불명,기타불명,기타불명,자전거,남,20세,중상
2016051600100119,2016년 5월 16일 08시,월요일,경상북도 의성군 단밀면,사망사고,1,0,0,0,차량단독 - 전도전복,안전운전불이행,건조,맑음,단일로 - 교량,화물,남,69세,사망,,,,
2016051600100120,2016년 5월 16일 08시,월요일,경상북도 경산시 자인면,경상사고,0,0,2,0,차대차 - 정면충돌,안전운전불이행,습기,비,단일로 - 기타,화물,남,57세,상해없음,승용,남,35세,경상
2016051600100121,2016년 5월 16일 08시,월요일,경상북도 포항시 남구 대잠동,경상사고,0,0,2,0,차대차 - 기타,직진우회전진행방해,건조,맑음,교차로 - 교차로안,건설기계,남,33세,경상,승용,남,25세,경상
2016051600100159,2016년 5월 16일 09시,월요일,경상북도 경주시 배반동,중상사고,0,1,0,0,차대차 - 추돌,안전운전불이행,건조,맑음,교차로 - 교차로부근,화물,남,56세,중상,화물,남,51세,상해없음
2016051600100160,2016년 5월 16일 09시,월요일,경상북도 김천시 감문면,중상사고,0,1,0,0,차대사람 - 횡단중,안전운전불이행,건조,맑음,단일로 - 기타,승용,남,30세,상해없음,보행자,남,87세,중상
2016051600100161,2016년 5월 16일 09시,월요일,경상북도 봉화군 재산면,중상사고,0,1,0,0,차량단독 - 전도전복,안전운전불이행,건조,맑음,교차로 - 교차로부근,이륜,여,60세,중상,,,,
2016051600100197,2016년 5월 16일 10시,월요일,경상북도 경주시 성건동,중상사고,0,1,0,0,차대차 - 추돌,안전운전불이행,습기,비,교차로 - 교차로부근,승용,남,60세,상해없음,승용,여,40세,중상
2016051600100198,2016년 5월 16일 10시,월요일,경상북도 경주시 안강읍,경상사고,0,0,1,0,차대차 - 측면충돌,안전운전불이행,건조,맑음,교차로 - 교차로안,승용,남,54세,상해없음,승용,남,69세,경상
2016051600100199,2016년 5월 16일 10시,월요일,경상북도 포항시 북구 죽도동,경상사고,0,0,1,0,차대차 - 정면충돌,신호위반,건조,맑음,교차로 - 교차로부근,화물,남,51세,상해없음,자전거,남,61세,경상
2016051600100200,2016년 5월 16일 10시,월요일,경상북도 영덕군 영해면,중상사고,0,1,0,0,차대차 - 측면충돌,교차로운행방법위반,건조,맑음,교차로 - 교차로안,이륜,남,78세,중상,화물,여,40세,상해없음
2016051600100201,2016년 5월 16일 10시,월요일,경상북도 예천군 풍양면,중상사고,0,1,1,0,차대차 - 추돌,안전거리미확보,건조,맑음,단일로 - 기타,승용,여,62세,중상,승용,여,72세,경상
2016051600100235,2016년 5월 16일 11시,월요일,경상북도 포항시 북구 흥해읍,경상사고,0,0,1,0,차량단독 - 전도전복,안전운전불이행,건조,맑음,단일로 - 기타,승용,남,39세,경상,,,,
2016051600100262,2016년 5월 16일 12시,월요일,경상북도 경주시 안강읍,중상사고,0,1,1,0,차대차 - 측면충돌,안전운전불이행,건조,맑음,교차로 - 교차로안,원동기,남,71세,중상,화물,남,66세,상해없음
2016051600100263,2016년 5월 16일 12시,월요일,경상북도 포항시 북구 흥해읍,경상사고,0,0,2,0,차대차 - 정면충돌,안전운전불이행,건조,맑음,단일로 - 기타,승용,남,66세,상해없음,승용,남,66세,경상
2016051600100293,2016년 5월 16일 13시,월요일,경상북도 경주시 외동읍,경상사고,0,0,2,0,차대차 - 측면충돌,안전운전불이행,건조,맑음,교차로 - 교차로안,승용,남,44세,상해없음,화물,남,29세,경상
2016051600100294,2016년 5월 16일 13시,월요일,경상북도 상주시 낙동면,중상사고,0,4,2,0,차대차 - 측면충돌,안전운전불이행,건조,맑음,교차로 - 교차로안,승용,여,66세,경상,승용,여,54세,중상
2016051600100295,2016년 5월 16일 13시,월요일,경상북도 경산시 압량면,경상사고,0,0,1,0,차대차 - 기타,안전거리미확보,건조,맑음,교차로 - 교차로안,이륜,남,23세,경상,승용,여,54세,상해없음
2016051600100296,2016년 5월 16일 13시,월요일,경상북도 고령군 다산면,중상사고,0,3,1,0,차대차 - 추돌,안전운전불이행,건조,맑음,단일로 - 기타,화물,남,59세,상해없음,승용,여,58세,중상
2016051600100339,2016년 5월 16일 14시,월요일,경상북도 영주시 가흥동,경상사고,0,0,3,0,차대차 - 측면충돌,안전운전불이행,건조,맑음,단일로 - 기타,승용,여,29세,경상,화물,남,61세,경상
2016051600100340,2016년 5월 16일 14시,월요일,경상북도 영주시 영주동,중상사고,0,1,0,0,차대차 - 측면충돌,안전운전불이행,건조,맑음,교차로 - 교차로안,화물,남,60세,상해없음,자전거,남,80세,중상
2016051600100341,2016년 5월 16일 14시,월요일,경상북도 문경시 모전동,경상사고,0,0,1,0,차대차 - 측면충돌,안전운전불이행,건조,맑음,교차로 - 교차로안,이륜,남,75세,경상,승용,여,26세,상해없음
2016051600100379,2016년 5월 16일 15시,월요일,경상북도 경주시 시래동,중상사고,0,1,0,0,차대차 - 측면충돌,안전운전불이행,건조,맑음,교차로 - 교차로부근,승용,남,42세,기타불명,자전거,여,73세,중상
2016051600100380,2016년 5월 16일 15시,월요일,경상북도 안동시 임동면,중상사고,0,1,3,0,차대차 - 정면충돌,중앙선침범,건조,맑음,단일로 - 기타,원동기,남,38세,중상,승합,남,58세,상해없음
2016051600100381,2016년 5월 16일 15시,월요일,경상북도 경산시 하양읍,경상사고,0,0,2,0,차대차 - 추돌,안전운전불이행,건조,맑음,단일로 - 기타,승용,남,22세,상해없음,승용,여,25세,경상
2016051600100427,2016년 5월 16일 16시,월요일,경상북도 경주시 성건동,경상사고,0,0,1,0,차대사람 - 횡단중,안전운전불이행,건조,맑음,교차로 - 교차로안,승용,남,57세,상해없음,보행자,여,37세,경상
2016051600100428,2016년 5월 16일 16시,월요일,경상북도 김천시 신음동,중상사고,0,1,0,0,차대차 - 측면충돌,안전운전불이행,건조,맑음,단일로 - 기타,승용,여,56세,상해없음,자전거,여,73세,중상
2016051600100429,2016년 5월 16일 16시,월요일,경상북도 구미시 공단동,경상사고,0,0,5,0,차대차 - 추돌,안전운전불이행,건조,맑음,단일로 - 기타,승용,남,36세,상해없음,승용,남,29세,경상
2016051600100470,2016년 5월 16일 17시,월요일,경상북도 경주시 외동읍,중상사고,0,1,0,0,차대차 - 측면충돌,안전운전불이행,건조,맑음,단일로 - 기타,화물,남,55세,상해없음,이륜,남,17세,중상
2016051600100471,2016년 5월 16일 17시,월요일,경상북도 영주시 영주동,경상사고,0,0,1,0,차대차 - 측면충돌,안전운전불이행,건조,맑음,교차로 - 교차로안,건설기계,남,50세,상해없음,승용,남,81세,경상
2016051600100472,2016년 5월 16일 17시,월요일,경상북도 경산시 진량읍,경상사고,0,0,2,0,차대차 - 측면충돌,차로위반,건조,맑음,단일로 - 기타,승용,여,37세,상해없음,화물,남,32세,경상
2016051600100473,2016년 5월 16일 17시,월요일,경상북도 포항시 남구 해도동,경상사고,0,0,1,0,차대사람 - 기타,신호위반,건조,맑음,단일로 - 교량,승합,남,43세,상해없음,보행자,여,5세,경상
2016051600100532,2016년 5월 16일 18시,월요일,경상북도 구미시 공단동,경상사고,0,0,1,1,차대차 - 정면충돌,교차로운행방법위반,건조,맑음,교차로 - 교차로안,승용,남,41세,부상신고,승용,남,28세,경상
2016051600100601,2016년 5월 16일 20시,월요일,경상북도 김천시 지좌동,경상사고,0,0,2,0,차대차 - 추돌,안전거리미확보,건조,맑음,단일로 - 기타,승용,여,57세,상해없음,화물,남,26세,경상
2016051600100602,2016년 5월 16일 20시,월요일,경상북도 영주시 영주동,중상사고,0,1,0,0,차대차 - 측면충돌,신호위반,건조,맑음,교차로 - 교차로안,승용,남,62세,상해없음,승용,남,37세,중상
2016051600100603,2016년 5월 16일 20시,월요일,경상북도 경산시 중방동,경상사고,0,0,1,0,차대사람 - 횡단중,안전운전불이행,건조,맑음,단일로 - 기타,승용,남,32세,상해없음,보행자,여,77세,경상
2016051600100604,2016년 5월 16일 20시,월요일,경상북도 경산시 옥곡동,경상사고,0,0,2,0,차대차 - 측면충돌,안전운전불이행,건조,맑음,단일로 - 기타,승용,남,54세,상해없음,승용,여,42세,경상
2016051600100605,2016년 5월 16일 20시,월요일,경상북도 봉화군 봉화읍,중상사고,0,1,0,0,차대사람 - 길가장자리구역통행중,안전운전불이행,건조,맑음,단일로 - 기타,승용,남,55세,상해없음,보행자,여,30세,중상
2016051600100606,2016년 5월 16일 20시,월요일,경상북도 울진군 죽변면,중상사고,0,1,0,0,차대사람 - 횡단중,안전운전불이행,건조,맑음,단일로 - 기타,승용,남,57세,상해없음,보행자,남,54세,중상
2016051600100607,2016년 5월 16일 20시,월요일,경상북도 김천시 아포읍,중상사고,0,2,6,1,차대차 - 추돌,안전거리미확보,건조,맑음,단일로 - 기타,화물,남,39세,중상,화물,남,32세,경상
2016051600100640,2016년 5월 16일 21시,월요일,경상북도 경주시 성건동,경상사고,0,0,1,0,차대차 - 추돌,안전운전불이행,건조,맑음,교차로 - 교차로부근,승용,여,23세,상해없음,이륜,남,51세,경상
2016051600100641,2016년 5월 16일 21시,월요일,경상북도 포항시 북구 상원동,경상사고,0,0,1,0,차대차 - 정면충돌,차로위반,건조,맑음,단일로 - 기타,승용,남,24세,상해없음,승용,남,23세,경상
2016051600100642,2016년 5월 16일 21시,월요일,경상북도 경산시 옥산동,경상사고,0,0,1,0,차대차 - 추돌,안전운전불이행,건조,맑음,단일로 - 기타,승용,남,49세,상해없음,승용,남,59세,경상
2016051600100679,2016년 5월 16일 23시,월요일,경상북도 포항시 남구 동촌동,중상사고,0,2,0,0,차대차 - 추돌,안전운전불이행,건조,맑음,단일로 - 기타,승용,남,48세,상해없음,이륜,남,69세,중상
2016051700100029,2016년 5월 17일 01시,화요일,경상북도 경산시 하양읍,경상사고,0,0,1,0,차대사람 - 기타,안전운전불이행,건조,맑음,단일로 - 기타,승용,남,36세,상해없음,보행자,남,58세,경상
2016051700100042,2016년 5월 17일 02시,화요일,경상북도 경주시 노서동,중상사고,0,1,0,0,차대사람 - 기타,안전운전불이행,건조,맑음,단일로 - 기타,승합,남,23세,상해없음,보행자,여,49세,중상
2016051700100069,2016년 5월 17일 06시,화요일,경상북도 경주시 내남면,경상사고,0,0,1,0,차대차 - 기타,안전운전불이행,건조,맑음,단일로 - 기타,기타불명,기타불명,기타불명,기타불명,원동기,남,73세,경상
2016051700100070,2016년 5월 17일 06시,화요일,경상북도 안동시 대석동,경상사고,0,0,1,0,차대차 - 정면충돌,안전운전불이행,건조,맑음,단일로 - 기타,승합,남,58세,상해없음,자전거,남,44세,경상
2016051700100126,2016년 5월 17일 08시,화요일,경상북도 경주시 충효동,경상사고,0,0,1,0,차대차 - 측면충돌,안전운전불이행,건조,맑음,단일로 - 기타,승용,여,64세,상해없음,승용,남,54세,경상
2016051700100127,2016년 5월 17일 08시,화요일,경상북도 김천시 부곡동,경상사고,0,0,1,0,차대차 - 추돌,안전거리미확보,건조,맑음,단일로 - 기타,화물,남,37세,기타불명,승합,남,64세,경상
2016051700100128,2016년 5월 17일 08시,화요일,경상북도 경산시 중방동,경상사고,0,0,1,0,차대사람 - 횡단중,보행자보호의무위반,건조,맑음,교차로 - 교차로안,승용,남,62세,상해없음,보행자,여,41세,경상
2016051700100129,2016년 5월 17일 08시,화요일,경상북도 구미시 선산읍,중상사고,0,1,0,0,차대사람 - 기타,신호위반,건조,맑음,교차로 - 교차로안,승용,여,56세,상해없음,보행자,여,74세,중상
2016051700100130,2016년 5월 17일 08시,화요일,경상북도 영천시 북안면,중상사고,0,8,12,0,차량단독 - 기타,안전운전불이행,건조,맑음,단일로 - 기타,승합,남,47세,상해없음,,,,
2016051700100168,2016년 5월 17일 09시,화요일,경상북도 영천시 화룡동,사망사고,1,0,0,0,차대차 - 추돌,안전운전불이행,건조,맑음,교차로 - 교차로부근,화물,남,43세,상해없음,자전거,남,75세,사망
2016051700100190,2016년 5월 17일 10시,화요일,경상북도 경주시 황오동,중상사고,0,1,0,0,차대사람 - 차도통행중,안전운전불이행,건조,맑음,미분류 - 미분류,화물,남,47세,상해없음,보행자,여,78세,중상
2016051700100191,2016년 5월 17일 10시,화요일,경상북도 경주시 안강읍,중상사고,0,1,0,0,차대차 - 기타,안전운전불이행,건조,맑음,단일로 - 기타,화물,남,45세,상해없음,자전거,여,52세,중상
2016051700100192,2016년 5월 17일 10시,화요일,경상북도 봉화군 봉화읍,중상사고,0,1,5,0,차대차 - 추돌,기타,건조,맑음,교차로 - 교차로안,승합,남,47세,상해없음,승용,여,64세,경상
2016051700100237,2016년 5월 17일 11시,화요일,경상북도 안동시 풍천면,경상사고,0,0,1,0,차대차 - 정면충돌,직진우회전진행방해,건조,맑음,교차로 - 교차로안,승용,여,41세,경상,화물,남,41세,상해없음
2016051700100262,2016년 5월 17일 12시,화요일,경상북도 포항시 북구 죽도동,경상사고,0,0,1,0,차대차 - 정면충돌,신호위반,건조,맑음,교차로 - 교차로안,승용,남,41세,상해없음,원동기,남,23세,경상
2016051700100263,2016년 5월 17일 12시,화요일,경상북도 상주시 공성면,경상사고,0,0,1,0,차대차 - 측면직각충돌,교차로운행방법위반,건조,맑음,교차로 - 교차로안,화물,남,50세,상해없음,원동기,남,64세,경상
2016051700100264,2016년 5월 17일 12시,화요일,경상북도 영주시 휴천동,중상사고,0,3,0,0,차대차 - 추돌,안전운전불이행,건조,맑음,단일로 - 기타,승용,남,45세,상해없음,승용,여,46세,중상
2016051700100265,2016년 5월 17일 12시,화요일,경상북도 경산시 정평동,중상사고,0,1,0,0,차대사람 - 횡단중,안전운전불이행,건조,맑음,교차로 - 교차로안,승용,남,28세,상해없음,보행자,여,82세,중상
2016051700100296,2016년 5월 17일 13시,화요일,경상북도 경주시 강동면,경상사고,0,0,1,0,차대차 - 기타,차로위반,건조,맑음,단일로 - 기타,기타불명,기타불명,기타불명,기타불명,화물,남,71세,경상
2016051700100297,2016년 5월 17일 13시,화요일,경상북도 김천시 평화동,경상사고,0,0,1,0,차대차 - 정면충돌,교차로운행방법위반,건조,맑음,교차로 - 교차로안,이륜,남,32세,상해없음,자전거,남,75세,경상
2016051700100299,2016년 5월 17일 13시,화요일,경상북도 경산시 사동,경상사고,0,0,2,0,차대차 - 측면충돌,안전운전불이행,건조,맑음,단일로 - 기타,승용,여,33세,경상,승용,여,53세,경상
2016051700100300,2016년 5월 17일 13시,화요일,경상북도 구미시 남통동,경상사고,0,0,1,0,차대차 - 추돌,안전운전불이행,건조,맑음,단일로 - 기타,승용,남,60세,기타불명,농기계,남,63세,경상
2016051700100301,2016년 5월 17일 13시,화요일,경상북도 포항시 남구 상도동,경상사고,0,0,1,0,차대사람 - 차도통행중,안전운전불이행,건조,맑음,단일로 - 기타,승용,남,83세,상해없음,보행자,여,55세,경상
2016051700100336,2016년 5월 17일 14시,화요일,경상북도 칠곡군 왜관읍,중상사고,0,1,0,0,차대사람 - 기타,안전운전불이행,건조,맑음,단일로 - 기타,화물,남,46세,상해없음,보행자,남,59세,중상
2016051700100337,2016년 5월 17일 14시,화요일,경상북도 예천군 예천읍,중상사고,0,1,0,0,차대차 - 측면직각충돌,신호위반,건조,맑음,교차로 - 교차로안,농기계,남,60세,상해없음,건설기계,남,47세,중상
2016051700100372,2016년 5월 17일 15시,화요일,경상북도 포항시 북구 양덕동,중상사고,0,1,0,0,차대차 - 정면충돌,안전운전불이행,건조,맑음,교차로 - 교차로부근,승용,여,37세,상해없음,자전거,남,9세,중상
2016051700100373,2016년 5월 17일 15시,화요일,경상북도 영주시 풍기읍,경상사고,0,0,1,0,차대차 - 추돌,안전운전불이행,건조,맑음,교차로 - 교차로안,승용,여,47세,상해없음,농기계,남,79세,경상
2016051700100374,2016년 5월 17일 15시,화요일,경상북도 영천시 금노동,경상사고,0,0,1,0,차대차 - 측면직각충돌,안전운전불이행,건조,맑음,단일로 - 기타,승용,남,40세,상해없음,자전거,남,68세,경상
2016051700100375,2016년 5월 17일 15시,화요일,경상북도 군위군 군위읍,중상사고,0,1,0,0,차대차 - 정면충돌,안전운전불이행,건조,맑음,교차로 - 교차로부근,승용,남,42세,상해없음,원동기,남,42세,중상
2016051700100420,2016년 5월 17일 16시,화요일,경상북도 구미시 남통동,부상신고사고,0,0,0,1,차대차 - 측면충돌,안전운전불이행,건조,맑음,단일로 - 기타,기타불명,기타불명,기타불명,기타불명,자전거,남,20세,부상신고
2016051700100468,2016년 5월 17일 17시,화요일,경상북도 경주시 건천읍,경상사고,0,0,1,0,차대차 - 측면충돌,안전운전불이행,건조,맑음,단일로 - 기타,화물,남,44세,상해없음,승용,남,47세,상해없음
2016051700100470,2016년 5월 17일 17시,화요일,경상북도 의성군 의성읍,중상사고,0,1,0,0,차대차 - 추돌,안전운전불이행,건조,맑음,단일로 - 기타,화물,남,57세,상해없음,자전거,남,81세,중상
2016051700100509,2016년 5월 17일 18시,화요일,경상북도 포항시 남구 이동,경상사고,0,0,1,0,차대차 - 기타,안전운전불이행,건조,맑음,교차로 - 교차로안,승용,남,53세,상해없음,화물,남,31세,경상
2016051700100534,2016년 5월 17일 19시,화요일,경상북도 경주시 안강읍,경상사고,0,0,1,0,차량단독 - 공작물충돌,안전운전불이행,건조,맑음,단일로 - 기타,화물,남,52세,경상,,,,
2016051700100535,2016년 5월 17일 19시,화요일,경상북도 상주시 서성동,중상사고,0,1,0,0,차대차 - 측면충돌,안전운전불이행,건조,맑음,교차로 - 교차로안,승용,남,22세,상해없음,이륜,남,48세,중상
2016051700100536,2016년 5월 17일 19시,화요일,경상북도 영천시 금호읍,경상사고,0,0,1,0,차대차 - 정면충돌,중앙선침범,건조,맑음,단일로 - 기타,승용,남,28세,상해없음,화물,남,61세,경상
2016051700100537,2016년 5월 17일 19시,화요일,경상북도 경산시 진량읍,경상사고,0,0,1,0,차대차 - 정면충돌,안전운전불이행,건조,맑음,교차로 - 교차로안,승합,남,66세,상해없음,이륜,남,20세,경상
2016051700100559,2016년 5월 17일 20시,화요일,경상북도 경주시 외동읍,경상사고,0,0,3,0,차대차 - 측면충돌,안전운전불이행,건조,맑음,단일로 - 기타,승용,남,73세,경상,특수,남,35세,경상
2016051700100560,2016년 5월 17일 20시,화요일,경상북도 김천시 평화동,중상사고,0,1,0,0,차대사람 - 기타,안전운전불이행,건조,맑음,교차로 - 교차로안,승용,남,53세,상해없음,보행자,여,55세,중상
2016051700100561,2016년 5월 17일 20시,화요일,경상북도 봉화군 봉화읍,중상사고,0,1,0,0,차대사람 - 기타,안전운전불이행,건조,맑음,단일로 - 기타,승용,여,54세,상해없음,보행자,남,86세,중상
2016051700100629,2016년 5월 17일 22시,화요일,경상북도 경산시 점촌동,경상사고,0,0,2,0,차대사람 - 횡단중,안전운전불이행,건조,맑음,단일로 - 기타,원동기,남,19세,경상,보행자,여,21세,경상
2016051800100016,2016년 5월 18일 00시,수요일,경상북도 경주시 시래동,경상사고,0,0,1,0,차대차 - 측면충돌,안전운전불이행,건조,맑음,단일로 - 기타,승용,남,29세,상해없음,건설기계,남,36세,경상
2016051800100017,2016년 5월 18일 00시,수요일,경상북도 안동시 신세동,사망사고,1,0,0,0,차대사람 - 차도통행중,안전운전불이행,건조,맑음,단일로 - 기타,승용,여,49세,상해없음,보행자,여,21세,사망
2016051800100094,2016년 5월 18일 07시,수요일,경상북도 경주시 성건동,경상사고,0,0,1,0,차대차 - 정면충돌,안전운전불이행,건조,맑음,교차로 - 교차로안,화물,남,67세,상해없음,화물,남,46세,경상
2016051800100095,2016년 5월 18일 07시,수요일,경상북도 상주시 개운동,중상사고,0,1,0,0,차대사람 - 횡단중,안전운전불이행,건조,맑음,단일로 - 기타,화물,남,48세,상해없음,보행자,여,64세,중상