사고번호,사고일시,요일,시군구,사고내용,사망자수,중상자수,경상자수,부상신고자수,사고유형,법규위반,노면상태,기상상태,도로형태,가해운전자 차종,가해운전자 성별,가해운전자 연령,가해운전자 상해정도,피해운전자 차종,피해운전자 성별,피해운전자 연령,피해운전자 상해정도
2016051800100096,2016년 5월 18일 07시,수요일,경상북도 경산시 조영동,중상사고,0,1,1,0,차대차 - 기타,안전거리미확보,건조,맑음,교차로 - 교차로안,원동기,남,72세,경상,승용,남,39세,상해없음
2016051800100097,2016년 5월 18일 07시,수요일,경상북도 경산시 삼북동,중상사고,0,1,0,0,차대사람 - 기타,안전운전불이행,건조,맑음,교차로 - 교차로안,승용,여,46세,상해없음,보행자,남,89세,중상
2016051800100098,2016년 5월 18일 07시,수요일,경상북도 경산시 남천면,경상사고,0,0,1,0,차대차 - 측면직각충돌,안전운전불이행,건조,맑음,교차로 - 교차로안,화물,남,40세,상해없음,자전거,여,51세,경상
2016051800100139,2016년 5월 18일 08시,수요일,경상북도 경주시 충효동,경상사고,0,0,2,0,차대차 - 추돌,차로위반,건조,맑음,단일로 - 기타,승용,여,44세,경상,화물,남,49세,경상
2016051800100140,2016년 5월 18일 08시,수요일,경상북도 경산시 신교동,경상사고,0,0,1,0,차대차 - 기타,안전운전불이행,건조,맑음,단일로 - 기타,승용,여,43세,상해없음,자전거,남,15세,경상
2016051800100141,2016년 5월 18일 08시,수요일,경상북도 구미시 도량동,중상사고,0,1,1,1,차대차 - 측면충돌,안전운전불이행,건조,맑음,단일로 - 기타,승용,남,30세,부상신고,승용,여,33세,중상
2016051800100142,2016년 5월 18일 08시,수요일,경상북도 구미시 시미동,경상사고,0,0,1,0,차대차 - 정면충돌,안전운전불이행,건조,맑음,단일로 - 기타,승용,남,31세,상해없음,승용,남,32세,경상
2016051800100143,2016년 5월 18일 08시,수요일,경상북도 포항시 남구 동해면,경상사고,0,0,1,0,차대차 - 측면충돌,안전운전불이행,건조,맑음,단일로 - 기타,승용,남,72세,상해없음,자전거,남,15세,경상
2016051800100144,2016년 5월 18일 08시,수요일,경상북도 포항시 남구 송도동,경상사고,0,0,1,0,차대차 - 측면충돌,신호위반,건조,맑음,교차로 - 교차로안,승용,남,68세,상해없음,승용,여,25세,경상
2016051800100180,2016년 5월 18일 09시,수요일,경상북도 안동시 송천동,중상사고,0,1,0,0,차대차 - 측면직각충돌,안전운전불이행,건조,맑음,교차로 - 교차로안,승용,여,49세,상해없음,자전거,남,22세,중상
2016051800100181,2016년 5월 18일 09시,수요일,경상북도 영천시 신령면,경상사고,0,0,2,0,차대차 - 측면직각충돌,안전운전불이행,건조,맑음,단일로 - 기타,화물,남,46세,경상,승용,여,60세,경상
2016051800100228,2016년 5월 18일 10시,수요일,경상북도 안동시 태화동,경상사고,0,0,1,0,차대차 - 측면직각충돌,안전운전불이행,건조,맑음,단일로 - 기타,승용,남,59세,상해없음,자전거,여,74세,경상
2016051800100229,2016년 5월 18일 10시,수요일,경상북도 성주군 대가면,중상사고,0,1,0,0,차대차 - 정면충돌,안전운전불이행,건조,맑음,단일로 - 기타,특수,남,52세,상해없음,이륜,남,79세,중상
2016051800100257,2016년 5월 18일 11시,수요일,경상북도 칠곡군 가산면,경상사고,0,0,1,0,차량단독 - 전도전복,안전운전불이행,건조,맑음,단일로 - 기타,이륜,남,66세,경상,,,,
2016051800100316,2016년 5월 18일 13시,수요일,경상북도 안동시 풍천면,중상사고,0,1,0,0,차대차 - 정면충돌,안전운전불이행,건조,맑음,교차로 - 교차로안,화물,남,71세,상해없음,자전거,여,80세,중상
2016051800100317,2016년 5월 18일 13시,수요일,경상북도 상주시 무양동,경상사고,0,0,1,0,차대차 - 측면직각충돌,교차로운행방법위반,건조,맑음,교차로 - 교차로안,화물,남,67세,상해없음,자전거,남,76세,경상
2016051800100318,2016년 5월 18일 13시,수요일,경상북도 영주시 휴천동,중상사고,0,1,0,0,차대사람 - 횡단중,안전운전불이행,건조,맑음,단일로 - 기타,승용,여,59세,상해없음,보행자,남,77세,중상
2016051800100319,2016년 5월 18일 13시,수요일,경상북도 구미시 황상동,경상사고,0,0,1,0,차대사람 - 횡단중,안전운전불이행,건조,맑음,단일로 - 횡단보도부근,승용,남,30세,상해없음,보행자,여,48세,경상
2016051800100320,2016년 5월 18일 13시,수요일,경상북도 포항시 남구 연일읍,경상사고,0,0,1,0,차대차 - 정면충돌,안전운전불이행,건조,맑음,단일로 - 기타,승용,여,55세,상해없음,자전거,남,81세,경상
2016051800100381,2016년 5월 18일 15시,수요일,경상북도 경주시 시래동,경상사고,0,0,1,0,차대차 - 기타,안전운전불이행,건조,맑음,단일로 - 기타,화물,남,40세,상해없음,화물,남,44세,경상
2016051800100382,2016년 5월 18일 15시,수요일,경상북도 경주시 동천동,경상사고,0,0,1,0,차대차 - 측면충돌,안전운전불이행,건조,맑음,교차로 - 교차로안,이륜,여,34세,경상,화물,남,67세,상해없음
2016051800100424,2016년 5월 18일 16시,수요일,경상북도 안동시 당북동,경상사고,0,0,3,0,차대차 - 측면직각충돌,안전운전불이행,건조,맑음,단일로 - 기타,승용,여,58세,상해없음,승용,여,38세,경상
2016051800100425,2016년 5월 18일 16시,수요일,경상북도 구미시 옥계동,부상신고사고,0,0,0,1,차량단독 - 전도전복,안전운전불이행,건조,맑음,교차로 - 교차로부근,이륜,남,35세,부상신고,,,,
2016051800100473,2016년 5월 18일 17시,수요일,경상북도 김천시 교동,중상사고,0,1,0,0,차대차 - 측면충돌,기타,건조,맑음,단일로 - 횡단보도상,자전거,남,10세,중상,승용,여,39세,상해없음
2016051800100474,2016년 5월 18일 17시,수요일,경상북도 칠곡군 동명면,경상사고,0,0,1,0,차대차 - 기타,안전운전불이행,건조,맑음,단일로 - 기타,특수,남,55세,상해없음,승용,여,47세,경상
2016051800100475,2016년 5월 18일 17시,수요일,경상북도 칠곡군 약목면,경상사고,0,0,1,0,차대차 - 측면직각충돌,직진우회전진행방해,건조,맑음,교차로 - 교차로안,승용,남,65세,상해없음,승용,여,33세,경상
2016051800100476,2016년 5월 18일 17시,수요일,경상북도 영천시 금호읍,경상사고,0,0,6,0,차대차 - 측면충돌,교차로운행방법위반,건조,맑음,교차로 - 교차로안,승용,여,45세,경상,화물,남,51세,경상
2016051800100477,2016년 5월 18일 17시,수요일,경상북도 구미시 선기동,경상사고,0,0,1,0,차대차 - 추돌,안전운전불이행,건조,맑음,교차로 - 교차로부근,승용,여,44세,상해없음,승용,여,50세,경상
2016051800100522,2016년 5월 18일 18시,수요일,경상북도 안동시 송현동,경상사고,0,0,1,0,차대차 - 추돌,안전거리미확보,건조,맑음,단일로 - 횡단보도부근,승용,남,51세,상해없음,승용,남,22세,상해없음
2016051800100523,2016년 5월 18일 18시,수요일,경상북도 안동시 서후면,경상사고,0,0,1,0,차대차 - 측면직각충돌,안전거리미확보,건조,맑음,단일로 - 기타,화물,남,68세,상해없음,승용,남,69세,경상
2016051800100524,2016년 5월 18일 18시,수요일,경상북도 경산시 대동,경상사고,0,0,1,0,차대사람 - 보도통행중,안전운전불이행,건조,맑음,단일로 - 기타,기타불명,기타불명,기타불명,기타불명,보행자,여,21세,경상
2016051800100525,2016년 5월 18일 18시,수요일,경상북도 구미시 광평동,경상사고,0,0,1,0,차대차 - 측면직각충돌,안전운전불이행,건조,맑음,단일로 - 기타,승용,남,54세,상해없음,자전거,남,9세,경상
2016051800100572,2016년 5월 18일 19시,수요일,경상북도 경산시 진량읍,중상사고,0,1,0,0,차대사람 - 횡단중,보행자보호의무위반,건조,맑음,단일로 - 횡단보도상,승용,남,51세,상해없음,보행자,여,73세,중상
2016051800100603,2016년 5월 18일 20시,수요일,경상북도 안동시 수상동,중상사고,0,1,2,0,차대차 - 정면충돌,안전운전불이행,건조,맑음,교차로 - 교차로안,승용,남,30세,상해없음,승용,여,41세,경상
2016051800100604,2016년 5월 18일 20시,수요일,경상북도 김천시 덕곡동,경상사고,0,0,1,0,차대차 - 측면직각충돌,신호위반,건조,맑음,교차로 - 교차로안,승용,여,25세,상해없음,승용,여,30세,경상
2016051800100605,2016년 5월 18일 20시,수요일,경상북도 성주군 선남면,사망사고,1,0,0,0,차량단독 - 공작물충돌,안전운전불이행,건조,맑음,단일로 - 기타,화물,남,69세,사망,,,,
2016051800100636,2016년 5월 18일 21시,수요일,경상북도 칠곡군 왜관읍,경상사고,0,0,1,0,차대차 - 추돌,기타,건조,맑음,단일로 - 기타,승용,여,50세,상해없음,승용,남,53세,상해없음
2016051800100637,2016년 5월 18일 21시,수요일,경상북도 경산시 중방동,경상사고,0,0,1,0,차대차 - 정면충돌,신호위반,건조,맑음,교차로 - 교차로안,승용,남,59세,상해없음,승용,남,33세,경상
2016051800100663,2016년 5월 18일 22시,수요일,경상북도 영주시 영주동,경상사고,0,0,1,0,차대차 - 추돌,안전운전불이행,건조,맑음,교차로 - 교차로부근,승용,남,34세,상해없음,승용,여,30세,경상
2016051800100690,2016년 5월 18일 23시,수요일,경상북도 문경시 모전동,중상사고,0,1,0,0,차대차 - 정면충돌,안전운전불이행,건조,맑음,교차로 - 교차로안,승용,여,56세,상해없음,승용,남,51세,상해없음
2016051800100691,2016년 5월 18일 23시,수요일,경상북도 구미시 임은동,경상사고,0,0,1,0,차대사람 - 횡단중,안전운전불이행,건조,맑음,교차로 - 교차로안,승용,여,24세,기타불명,보행자,남,35세,경상
2016051900100008,2016년 5월 19일 00시,목요일,경상북도 포항시 남구 상도동,중상사고,0,3,1,0,차대차 - 정면충돌,신호위반,건조,맑음,교차로 - 교차로안,승용,남,54세,상해없음,화물,남,40세,중상
2016051900100089,2016년 5월 19일 07시,목요일,경상북도 경주시 내남면,중상사고,0,1,0,0,차대차 - 측면충돌,기타,건조,맑음,교차로 - 교차로안,승용,남,34세,상해없음,승용,남,59세,중상
2016051900100090,2016년 5월 19일 07시,목요일,경상북도 영천시 금호읍,경상사고,0,0,4,0,차대차 - 정면충돌,안전거리미확보,건조,맑음,단일로 - 기타,승용,남,28세,경상,승용,여,52세,경상
2016051900100139,2016년 5월 19일 08시,목요일,경상북도 포항시 북구 대흥동,경상사고,0,0,1,0,차대차 - 정면충돌,안전거리미확보,건조,맑음,단일로 - 기타,승용,남,66세,상해없음,승용,여,60세,상해없음
2016051900100140,2016년 5월 19일 08시,목요일,경상북도 안동시 서부동,경상사고,0,0,1,0,차대차 - 측면직각충돌,차로위반,건조,맑음,단일로 - 기타,승용,남,32세,상해없음,승용,남,61세,경상
2016051900100141,2016년 5월 19일 08시,목요일,경상북도 경산시 압량면,경상사고,0,0,1,0,차대사람 - 길가장자리구역통행중,중앙선침범,건조,맑음,단일로 - 기타,승용,여,50세,상해없음,보행자,여,43세,경상
2016051900100203,2016년 5월 19일 10시,목요일,경상북도 영천시 야사동,중상사고,0,1,0,0,차대차 - 추돌,안전운전불이행,건조,맑음,단일로 - 기타,원동기,남,57세,중상,승용,여,33세,상해없음
2016051900100204,2016년 5월 19일 10시,목요일,경상북도 예천군 예천읍,중상사고,0,1,0,0,차대차 - 측면직각충돌,안전운전불이행,건조,맑음,교차로 - 교차로부근,승용,남,47세,상해없음,자전거,남,83세,중상
2016051900100222,2016년 5월 19일 11시,목요일,경상북도 예천군 은풍면,중상사고,0,1,0,0,차대차 - 측면직각충돌,직진우회전진행방해,건조,맑음,교차로 - 교차로안,이륜,남,64세,중상,화물,남,46세,상해없음
2016051900100223,2016년 5월 19일 11시,목요일,경상북도 포항시 남구 대잠동,경상사고,0,0,1,0,차대차 - 측면충돌,안전운전불이행,건조,맑음,단일로 - 기타,화물,남,41세,상해없음,승용,여,51세,경상
2016051900100254,2016년 5월 19일 12시,목요일,경상북도 경주시 황오동,중상사고,0,1,0,0,차대차 - 측면충돌,안전운전불이행,건조,맑음,교차로 - 교차로안,승용,남,75세,상해없음,자전거,여,72세,중상
2016051900100255,2016년 5월 19일 12시,목요일,경상북도 안동시 북후면,중상사고,0,1,0,0,차대사람 - 기타,기타,건조,맑음,단일로 - 기타,화물,남,54세,상해없음,보행자,남,75세,중상
2016051900100256,2016년 5월 19일 12시,목요일,경상북도 고령군 성산면,중상사고,0,1,0,0,차량단독 - 공작물충돌,안전운전불이행,건조,맑음,단일로 - 기타,승용,여,45세,중상,,,,
2016051900100282,2016년 5월 19일 13시,목요일,경상북도 포항시 북구 학산동,경상사고,0,0,1,0,차대차 - 측면직각충돌,교차로운행방법위반,건조,맑음,교차로 - 교차로안,승용,여,34세,상해없음,승합,남,52세,경상
2016051900100323,2016년 5월 19일 14시,목요일,경상북도 안동시 안막동,중상사고,0,1,0,0,차대차 - 측면직각충돌,교차로운행방법위반,건조,맑음,교차로 - 교차로부근,화물,남,29세,상해없음,이륜,여,71세,중상
2016051900100324,2016년 5월 19일 14시,목요일,경상북도 상주시 화서면,중상사고,0,1,0,0,차대차 - 정면충돌,중앙선침범,건조,맑음,단일로 - 기타,건설기계,남,55세,상해없음,건설기계,남,58세,중상
2016051900100325,2016년 5월 19일 14시,목요일,경상북도 영천시 봉동,중상사고,0,1,1,0,차대차 - 정면충돌,직진우회전진행방해,건조,맑음,교차로 - 교차로안,승용,남,44세,상해없음,승용,남,58세,중상
2016051900100326,2016년 5월 19일 14시,목요일,경상북도 경산시 백천동,경상사고,0,0,1,0,차량단독 - 전도전복,안전운전불이행,건조,맑음,단일로 - 기타,이륜,남,79세,경상,,,,
2016051900100327,2016년 5월 19일 14시,목요일,경상북도 성주군 성주읍,중상사고,0,4,3,0,차대차 - 정면충돌,안전운전불이행,건조,맑음,교차로 - 교차로안,화물,남,63세,중상,승용,남,52세,중상
2016051900100328,2016년 5월 19일 14시,목요일,경상북도 구미시 구평동,경상사고,0,0,1,0,차대차 - 기타,안전운전불이행,건조,맑음,단일로 - 기타,승용,여,35세,상해없음,승용,여,47세,경상
2016051900100369,2016년 5월 19일 15시,목요일,경상북도 경주시 천북면,중상사고,0,1,0,0,차대차 - 측면충돌,안전운전불이행,건조,맑음,단일로 - 기타,건설기계,남,49세,상해없음,승용,여,47세,중상
2016051900100370,2016년 5월 19일 15시,목요일,경상북도 경주시 현곡면,경상사고,0,0,1,0,차대차 - 추돌,안전운전불이행,건조,맑음,교차로 - 교차로부근,승용,남,42세,기타불명,화물,남,46세,경상
2016051900100371,2016년 5월 19일 15시,목요일,경상북도 영천시 오수동,중상사고,0,1,2,0,차대차 - 추돌,안전운전불이행,건조,맑음,교차로 - 교차로부근,승용,남,60세,상해없음,승용,남,56세,경상
2016051900100372,2016년 5월 19일 15시,목요일,경상북도 경산시 옥곡동,경상사고,0,0,1,0,차대차 - 정면충돌,안전운전불이행,건조,맑음,미분류 - 미분류,승용,남,61세,상해없음,승용,여,34세,경상
2016051900100405,2016년 5월 19일 16시,목요일,경상북도 안동시 운안동,경상사고,0,0,1,1,차대차 - 측면직각충돌,교차로운행방법위반,건조,맑음,교차로 - 교차로안,화물,남,69세,부상신고,화물,남,37세,경상
2016051900100406,2016년 5월 19일 16시,목요일,경상북도 영주시 휴천동,경상사고,0,0,1,0,차대차 - 정면충돌,중앙선침범,건조,맑음,단일로 - 기타,승용,남,41세,상해없음,승용,남,49세,경상
2016051900100407,2016년 5월 19일 16시,목요일,경상북도 칠곡군 왜관읍,경상사고,0,0,2,0,차대차 - 추돌,안전운전불이행,건조,맑음,교차로 - 교차로안,화물,남,66세,상해없음,승용,남,59세,경상
2016051900100408,2016년 5월 19일 16시,목요일,경상북도 포항시 남구 오천읍,중상사고,0,1,0,0,차대차 - 측면충돌,안전운전불이행,건조,맑음,교차로 - 교차로안,승용,여,32세,상해없음,이륜,남,16세,중상
2016051900100450,2016년 5월 19일 17시,목요일,경상북도 경주시 황성동,중상사고,0,1,4,0,차대차 - 기타,안전운전불이행,건조,맑음,교차로 - 교차로안,승용,여,39세,경상,승합,여,58세,중상
2016051900100451,2016년 5월 19일 17시,목요일,경상북도 고령군 다산면,중상사고,0,1,0,0,차량단독 - 공작물충돌,안전운전불이행,건조,맑음,단일로 - 기타,화물,남,33세,상해없음,,,,
2016051900100493,2016년 5월 19일 18시,목요일,경상북도 포항시 남구 대도동,중상사고,0,3,1,1,차대차 - 측면직각충돌,안전거리미확보,건조,맑음,단일로 - 기타,승용,남,30세,부상신고,승용,남,31세,경상
2016051900100521,2016년 5월 19일 19시,목요일,경상북도 상주시 서문동,중상사고,0,1,0,0,차대차 - 측면직각충돌,교차로운행방법위반,건조,맑음,교차로 - 교차로안,화물,남,45세,상해없음,자전거,남,65세,중상
2016051900100562,2016년 5월 19일 20시,목요일,경상북도 경주시 현곡면,경상사고,0,0,1,0,차대차 - 추돌,안전운전불이행,건조,맑음,교차로 - 교차로부근,승용,남,27세,상해없음,원동기,여,59세,경상
2016051900100563,2016년 5월 19일 20시,목요일,경상북도 경주시 안강읍,경상사고,0,0,1,0,차대차 - 측면충돌,안전운전불이행,건조,맑음,단일로 - 기타,농기계,남,60세,경상,화물,남,55세,상해없음
2016051900100564,2016년 5월 19일 20시,목요일,경상북도 안동시 풍산읍,중상사고,0,1,0,0,차대차 - 측면충돌,안전거리미확보,건조,맑음,단일로 - 기타,승용,남,54세,상해없음,승용,여,44세,상해없음
2016051900100565,2016년 5월 19일 20시,목요일,경상북도 경산시 옥산동,중상사고,0,1,0,0,차대차 - 측면충돌,안전운전불이행,건조,맑음,교차로 - 교차로안,승용,여,38세,상해없음,자전거,남,16세,중상
2016051900100587,2016년 5월 19일 21시,목요일,경상북도 포항시 북구 흥해읍,중상사고,0,2,0,0,차대차 - 정면충돌,중앙선침범,건조,맑음,미분류 - 미분류,승용,남,19세,상해없음,이륜,남,34세,중상
2016051900100588,2016년 5월 19일 21시,목요일,경상북도 경산시 와촌면,경상사고,0,0,2,0,차대차 - 측면충돌,안전운전불이행,건조,맑음,교차로 - 교차로안,승용,남,58세,상해없음,승용,여,59세,경상
2016051900100589,2016년 5월 19일 21시,목요일,경상북도 포항시 남구 송도동,중상사고,0,1,1,0,차대차 - 정면충돌,신호위반,건조,맑음,교차로 - 교차로안,승용,남,53세,경상,승용,남,55세,중상
2016051900100623,2016년 5월 19일 22시,목요일,경상북도 포항시 남구 대송면,사망사고,1,0,0,0,차대사람 - 횡단중,안전운전불이행,건조,맑음,단일로 - 기타,승용,남,67세,상해없음,보행자,여,65세,사망
2016051900100649,2016년 5월 19일 23시,목요일,경상북도 김천시 아포읍,중상사고,0,1,2,0,차량단독 - 전도전복,안전운전불이행,건조,맑음,단일로 - 기타,승용,남,29세,경상,,,,
2016051900100650,2016년 5월 19일 23시,목요일,경상북도 김천시 평화동,중상사고,0,1,0,0,차대사람 - 기타,기타,건조,맑음,교차로 - 교차로안,화물,남,33세,상해없음,보행자,남,36세,중상
2016052000100009,2016년 5월 20일 00시,금요일,경상북도 구미시 산동면,경상사고,0,0,4,1,차대차 - 측면직각충돌,신호위반,건조,맑음,교차로 - 교차로안,승용,여,24세,부상신고,승용,남,50세,경상
2016052000100025,2016년 5월 20일 01시,금요일,경상북도 영덕군 영해면,중상사고,0,1,0,0,차량단독 - 전도전복,안전운전불이행,건조,맑음,교차로 - 교차로안,승용,남,45세,중상,,,,
2016052000100051,2016년 5월 20일 04시,금요일,경상북도 구미시 형곡동,중상사고,0,4,0,0,차대차 - 기타,안전운전불이행,건조,맑음,기타 - 기타,승용,남,23세,상해없음,승용,여,47세,중상
2016052000100099,2016년 5월 20일 07시,금요일,경상북도 포항시 남구 해도동,경상사고,0,0,1,0,차대차 - 추돌,안전운전불이행,건조,맑음,교차로 - 교차로부근,이륜,남,38세,경상,승용,남,47세,상해없음
2016052000100141,2016년 5월 20일 08시,금요일,경상북도 영주시 순흥면,경상사고,0,0,1,1,차대차 - 측면직각충돌,안전운전불이행,건조,맑음,교차로 - 교차로안,승용,여,23세,부상신고,승합,남,54세,상해없음
2016052000100179,2016년 5월 20일 09시,금요일,경상북도 경주시 외동읍,중상사고,0,1,0,0,차대차 - 측면충돌,중앙선침범,건조,맑음,단일로 - 기타,승용,남,51세,상해없음,승용,남,56세,중상
2016052000100180,2016년 5월 20일 09시,금요일,경상북도 경산시 자인면,경상사고,0,0,2,0,차대차 - 정면충돌,안전운전불이행,건조,맑음,교차로 - 교차로안,승용,여,53세,경상,승용,남,81세,경상
2016052000100181,2016년 5월 20일 09시,금요일,경상북도 구미시 사곡동,중상사고,0,1,1,0,차대차 - 측면직각충돌,직진우회전진행방해,건조,맑음,교차로 - 교차로안,승용,여,54세,경상,승용,여,40세,중상
2016052000100182,2016년 5월 20일 09시,금요일,경상북도 포항시 남구 오천읍,중상사고,0,1,0,0,차대사람 - 횡단중,안전운전불이행,건조,맑음,단일로 - 횡단보도상,승용,여,47세,상해없음,보행자,남,4세,중상
2016052000100210,2016년 5월 20일 10시,금요일,경상북도 안동시 길안면,중상사고,0,1,0,0,차대차 - 측면직각충돌,안전운전불이행,건조,맑음,단일로 - 기타,화물,남,55세,상해없음,승용,여,55세,중상
2016052000100211,2016년 5월 20일 10시,금요일,경상북도 영덕군 창수면,중상사고,0,1,0,0,차대차 - 추돌,안전거리미확보,건조,맑음,단일로 - 기타,화물,남,64세,상해없음,이륜,남,77세,중상
2016052000100239,2016년 5월 20일 11시,금요일,경상북도 포항시 북구 용흥동,경상사고,0,0,1,0,차대차 - 기타,중앙선침범,건조,맑음,단일로 - 기타,자전거,여,53세,경상,승용,남,29세,상해없음
2016052000100271,2016년 5월 20일 12시,금요일,경상북도 경주시 황오동,중상사고,0,1,0,0,차대차 - 측면충돌,안전운전불이행,건조,맑음,단일로 - 기타,자전거,남,71세,중상,승용,여,51세,상해없음
2016052000100272,2016년 5월 20일 12시,금요일,경상북도 구미시 송정동,경상사고,0,0,2,0,차대차 - 측면충돌,신호위반,건조,맑음,교차로 - 교차로안,승용,남,35세,상해없음,승용,여,34세,경상
2016052000100302,2016년 5월 20일 13시,금요일,경상북도 안동시 북후면,중상사고,0,1,0,0,차대차 - 측면직각충돌,안전운전불이행,건조,맑음,교차로 - 교차로안,화물,남,48세,상해없음,이륜,여,69세,중상
2016052000100339,2016년 5월 20일 14시,금요일,경상북도 경주시 황성동,중상사고,0,1,0,0,차대사람 - 횡단중,보행자보호의무위반,건조,맑음,단일로 - 횡단보도상,승용,남,36세,상해없음,보행자,여,71세,중상
2016052000100340,2016년 5월 20일 14시,금요일,경상북도 포항시 남구 오천읍,경상사고,0,0,2,0,차대차 - 측면직각충돌,중앙선침범,건조,맑음,단일로 - 기타,농기계,남,72세,경상,승합,남,57세,경상
2016052000100375,2016년 5월 20일 15시,금요일,경상북도 봉화군 재산면,사망사고,1,0,0,0,차량단독 - 전도전복,안전운전불이행,건조,맑음,단일로 - 기타,이륜,남,70세,사망,,,,
2016052000100420,2016년 5월 20일 16시,금요일,경상북도 안동시 임하면,중상사고,0,1,0,0,차대차 - 측면직각충돌,안전운전불이행,건조,맑음,단일로 - 기타,승용,여,61세,상해없음,이륜,남,71세,중상
2016052000100421,2016년 5월 20일 16시,금요일,경상북도 의성군 의성읍,경상사고,0,0,1,0,차대사람 - 횡단중,안전운전불이행,건조,맑음,단일로 - 기타,화물,남,68세,상해없음,보행자,남,3세,경상
2016052000100422,2016년 5월 20일 16시,금요일,경상북도 고령군 대가야읍,중상사고,0,1,0,0,차대사람 - 횡단중,보행자보호의무위반,건조,맑음,단일로 - 횡단보도상,승용,여,23세,상해없음,보행자,여,66세,중상
2016052000100460,2016년 5월 20일 17시,금요일,경상북도 포항시 북구 흥해읍,경상사고,0,0,3,0,차대차 - 추돌,안전운전불이행,건조,맑음,단일로 - 기타,승용,남,51세,상해없음,승용,여,29세,경상
2016052000100461,2016년 5월 20일 17시,금요일,경상북도 경산시 중방동,경상사고,0,0,1,0,차대차 - 기타,안전운전불이행,건조,맑음,단일로 - 기타,승합,남,57세,상해없음,승용,남,48세,경상
2016052000100462,2016년 5월 20일 17시,금요일,경상북도 봉화군 법전면,중상사고,0,2,0,0,차대차 - 측면직각충돌,교차로운행방법위반,건조,맑음,교차로 - 교차로안,승용,남,56세,중상,승용,남,27세,중상
2016052000100463,2016년 5월 20일 17시,금요일,경상북도 성주군 벽진면,중상사고,0,1,0,0,차대사람 - 횡단중,안전운전불이행,건조,맑음,단일로 - 기타,승합,남,50세,상해없음,보행자,여,61세,중상
2016052000100464,2016년 5월 20일 17시,금요일,경상북도 울진군 울진읍,경상사고,0,0,1,0,차대차 - 측면직각충돌,안전운전불이행,건조,맑음,교차로 - 교차로안,농기계,남,84세,경상,승용,여,40세,상해없음
2016052000100515,2016년 5월 20일 18시,금요일,경상북도 경주시 황성동,중상사고,0,1,0,0,차대차 - 측면충돌,안전운전불이행,건조,맑음,교차로 - 교차로안,승용,여,41세,상해없음,이륜,남,18세,중상
2016052000100516,2016년 5월 20일 18시,금요일,경상북도 안동시 서후면,경상사고,0,0,1,0,차량단독 - 전도전복,안전운전불이행,건조,맑음,교차로 - 교차로안,농기계,남,69세,상해없음,,,,
2016052000100517,2016년 5월 20일 18시,금요일,경상북도 상주시 서성동,중상사고,0,1,0,0,차대차 - 측면직각충돌,안전운전불이행,건조,맑음,단일로 - 기타,화물,남,68세,상해없음,자전거,남,26세,중상
2016052000100518,2016년 5월 20일 18시,금요일,경상북도 울진군 북면,중상사고,0,1,0,0,차대차 - 측면충돌,교차로운행방법위반,건조,맑음,교차로 - 교차로안,승용,여,24세,상해없음,자전거,남,47세,중상
2016052000100556,2016년 5월 20일 19시,금요일,경상북도 포항시 북구 신흥동,경상사고,0,0,1,0,차대차 - 측면충돌,안전운전불이행,건조,맑음,단일로 - 기타,승용,여,24세,기타불명,승용,여,57세,경상
2016052000100557,2016년 5월 20일 19시,금요일,경상북도 안동시 예안면,중상사고,0,1,0,0,차량단독 - 전도전복,안전운전불이행,건조,맑음,단일로 - 기타,농기계,남,51세,중상,,,,
2016052000100558,2016년 5월 20일 19시,금요일,경상북도 문경시 점촌동,중상사고,0,1,0,0,차대차 - 측면직각충돌,교차로운행방법위반,건조,맑음,교차로 - 교차로안,화물,남,55세,상해없음,원동기,남,59세,중상
2016052000100593,2016년 5월 20일 20시,금요일,경상북도 영천시 금호읍,중상사고,0,2,0,0,차량단독 - 전도전복,안전운전불이행,건조,맑음,단일로 - 기타,이륜,남,18세,중상,,,,
2016052000100594,2016년 5월 20일 20시,금요일,경상북도 울진군 후포면,경상사고,0,0,3,0,차대차 - 측면직각충돌,안전운전불이행,건조,맑음,단일로 - 교량,화물,남,60세,경상,승용,남,21세,경상
2016052000100595,2016년 5월 20일 20시,금요일,경상북도 고령군 성산면,경상사고,0,0,1,0,차대사람 - 횡단중,보행자보호의무위반,건조,맑음,단일로 - 횡단보도상,승용,남,58세,상해없음,보행자,남,58세,경상
2016052000100596,2016년 5월 20일 20시,금요일,경상북도 청송군 안덕면,경상사고,0,0,2,0,차대차 - 기타,중앙선침범,건조,맑음,교차로 - 교차로부근,승용,여,58세,상해없음,승용,남,42세,상해없음
2016052000100597,2016년 5월 20일 20시,금요일,경상북도 구미시 공단동,중상사고,0,3,0,0,차대차 - 기타,신호위반,건조,맑음,교차로 - 교차로안,승용,남,19세,상해없음,승용,여,35세,중상
2016052000100637,2016년 5월 20일 21시,금요일,경상북도 안동시 법흥동,경상사고,0,0,1,0,차대차 - 정면충돌,안전거리미확보,건조,맑음,단일로 - 기타,승용,여,27세,상해없음,승용,남,19세,경상
2016052000100638,2016년 5월 20일 21시,금요일,경상북도 칠곡군 약목면,중상사고,0,1,0,0,차대사람 - 횡단중,안전운전불이행,건조,맑음,단일로 - 기타,승용,남,23세,상해없음,보행자,남,51세,중상