사고번호,사고일시,요일,시군구,사고내용,사망자수,중상자수,경상자수,부상신고자수,사고유형,법규위반,노면상태,기상상태,도로형태,가해운전자 차종,가해운전자 성별,가해운전자 연령,가해운전자 상해정도,피해운전자 차종,피해운전자 성별,피해운전자 연령,피해운전자 상해정도
2016052300100552,2016년 5월 23일 20시,월요일,경상북도 경주시 용강동,경상사고,0,0,1,0,차대차 - 측면직각충돌,안전운전불이행,건조,맑음,단일로 - 기타,승용,여,51세,상해없음,승용,여,43세,경상
2016052300100579,2016년 5월 23일 21시,월요일,경상북도 안동시 운흥동,경상사고,0,0,1,0,차대차 - 측면충돌,신호위반,건조,맑음,교차로 - 교차로안,화물,남,53세,상해없음,승용,여,25세,경상
2016052300100630,2016년 5월 23일 23시,월요일,경상북도 경산시 계양동,경상사고,0,0,1,0,차대차 - 추돌,안전운전불이행,건조,맑음,단일로 - 기타,승용,여,29세,상해없음,승용,남,62세,경상
2016052400100078,2016년 5월 24일 05시,화요일,경상북도 상주시 복룡동,중상사고,0,1,0,0,차량단독 - 전도전복,안전운전불이행,건조,맑음,미분류 - 미분류,자전거,여,67세,중상,,,,
2016052400100079,2016년 5월 24일 05시,화요일,경상북도 영주시 영주동,중상사고,0,1,0,0,차대차 - 측면충돌,신호위반,건조,흐림,교차로 - 교차로안,화물,남,63세,상해없음,자전거,여,69세,중상
2016052400100080,2016년 5월 24일 05시,화요일,경상북도 영덕군 영덕읍,중상사고,0,2,1,0,차대차 - 측면충돌,교차로운행방법위반,건조,맑음,교차로 - 교차로안,승용,여,59세,경상,승용,남,69세,중상
2016052400100115,2016년 5월 24일 07시,화요일,경상북도 구미시 송정동,경상사고,0,0,1,0,차대차 - 추돌,안전운전불이행,습기,비,교차로 - 교차로안,화물,남,40세,상해없음,승용,남,50세,경상
2016052400100116,2016년 5월 24일 07시,화요일,경상북도 구미시 옥계동,부상신고사고,0,0,0,1,차대사람 - 기타,안전운전불이행,건조,맑음,단일로 - 기타,승용,남,67세,상해없음,보행자,남,65세,부상신고
2016052400100143,2016년 5월 24일 08시,화요일,경상북도 구미시 인의동,경상사고,0,0,1,0,차대사람 - 횡단중,교차로운행방법위반,습기,비,교차로 - 교차로안,승용,여,25세,상해없음,보행자,여,19세,경상
2016052400100187,2016년 5월 24일 09시,화요일,경상북도 경주시 안강읍,경상사고,0,0,1,0,차대차 - 측면직각충돌,신호위반,건조,맑음,교차로 - 교차로안,승용,남,74세,상해없음,화물,남,39세,경상
2016052400100188,2016년 5월 24일 09시,화요일,경상북도 포항시 북구 남빈동,경상사고,0,0,1,0,차대차 - 측면충돌,교차로운행방법위반,건조,맑음,교차로 - 교차로안,원동기,남,56세,경상,승용,여,57세,상해없음
2016052400100189,2016년 5월 24일 09시,화요일,경상북도 상주시 내서면,중상사고,0,1,0,0,차량단독 - 전도전복,안전운전불이행,습기,비,단일로 - 기타,승용,남,41세,중상,,,,
2016052400100190,2016년 5월 24일 09시,화요일,경상북도 경산시 중방동,경상사고,0,0,1,0,차대차 - 추돌,안전운전불이행,건조,맑음,단일로 - 기타,화물,여,59세,상해없음,이륜,남,71세,경상
2016052400100191,2016년 5월 24일 09시,화요일,경상북도 영덕군 영덕읍,경상사고,0,0,1,0,차대차 - 기타,안전운전불이행,건조,흐림,단일로 - 기타,승용,여,64세,상해없음,자전거,남,56세,경상
2016052400100192,2016년 5월 24일 09시,화요일,경상북도 예천군 예천읍,중상사고,0,1,0,0,차대사람 - 횡단중,보행자보호의무위반,습기,비,단일로 - 횡단보도상,화물,남,72세,상해없음,보행자,여,82세,중상
2016052400100261,2016년 5월 24일 11시,화요일,경상북도 포항시 북구 우현동,경상사고,0,0,6,0,차대차 - 정면충돌,안전운전불이행,건조,맑음,단일로 - 기타,승용,남,22세,상해없음,승용,남,45세,경상
2016052400100321,2016년 5월 24일 13시,화요일,경상북도 영천시 야사동,경상사고,0,0,1,0,차대차 - 기타,교차로운행방법위반,습기,비,교차로 - 교차로부근,화물,여,59세,상해없음,이륜,남,64세,경상
2016052400100322,2016년 5월 24일 13시,화요일,경상북도 영천시 도림동,경상사고,0,0,2,0,차대차 - 추돌,안전거리미확보,습기,비,단일로 - 기타,승용,남,68세,경상,화물,남,42세,상해없음
2016052400100356,2016년 5월 24일 14시,화요일,경상북도 경산시 하양읍,중상사고,0,1,0,0,차대차 - 추돌,안전운전불이행,습기,비,교차로 - 교차로부근,건설기계,남,53세,중상,화물,남,62세,상해없음
2016052400100357,2016년 5월 24일 14시,화요일,경상북도 구미시 구평동,중상사고,0,1,0,0,차대차 - 측면충돌,안전운전불이행,습기,비,교차로 - 교차로부근,승용,남,30세,상해없음,이륜,남,43세,중상
2016052400100390,2016년 5월 24일 15시,화요일,경상북도 문경시 점촌동,경상사고,0,0,1,0,차대차 - 추돌,안전운전불이행,건조,맑음,교차로 - 교차로부근,원동기,남,80세,경상,승용,남,71세,상해없음
2016052400100391,2016년 5월 24일 15시,화요일,경상북도 포항시 남구 해도동,경상사고,0,0,1,0,차대사람 - 횡단중,신호위반,습기,비,단일로 - 횡단보도상,화물,남,71세,상해없음,보행자,남,11세,경상
2016052400100419,2016년 5월 24일 16시,화요일,경상북도 경산시 삼풍동,경상사고,0,0,1,0,차대차 - 측면충돌,안전운전불이행,습기,흐림,교차로 - 교차로안,승합,남,50세,상해없음,승용,남,37세,경상
2016052400100451,2016년 5월 24일 17시,화요일,경상북도 경주시 성건동,경상사고,0,0,1,0,차대사람 - 차도통행중,안전운전불이행,건조,맑음,단일로 - 기타,승용,남,37세,상해없음,보행자,남,18세,경상
2016052400100452,2016년 5월 24일 17시,화요일,경상북도 구미시 사곡동,경상사고,0,0,1,0,차대차 - 기타,안전운전불이행,건조,맑음,교차로 - 교차로안,승용,남,39세,상해없음,승용,여,50세,경상
2016052400100490,2016년 5월 24일 18시,화요일,경상북도 구미시 옥계동,중상사고,0,1,0,0,차대차 - 추돌,교차로운행방법위반,건조,맑음,교차로 - 교차로안,승용,남,57세,상해없음,승용,여,40세,중상
2016052400100491,2016년 5월 24일 18시,화요일,경상북도 구미시 도량동,중상사고,0,1,0,0,차대사람 - 횡단중,안전운전불이행,건조,맑음,단일로 - 기타,승용,여,47세,상해없음,보행자,남,5세,중상
2016052400100525,2016년 5월 24일 19시,화요일,경상북도 영주시 휴천동,경상사고,0,0,1,0,차대차 - 추돌,안전운전불이행,건조,맑음,교차로 - 교차로안,원동기,남,20세,경상,승용,남,51세,상해없음
2016052400100563,2016년 5월 24일 20시,화요일,경상북도 포항시 북구 장성동,경상사고,0,0,1,0,차대차 - 정면충돌,안전운전불이행,건조,흐림,교차로 - 교차로부근,승용,남,48세,상해없음,승용,여,47세,경상
2016052400100564,2016년 5월 24일 20시,화요일,경상북도 구미시 산동면,중상사고,0,1,0,0,차대차 - 측면충돌,중앙선침범,건조,맑음,단일로 - 기타,승용,남,29세,상해없음,화물,남,26세,중상
2016052400100565,2016년 5월 24일 20시,화요일,경상북도 포항시 남구 오천읍,중상사고,0,1,0,0,차대사람 - 차도통행중,안전운전불이행,건조,맑음,단일로 - 기타,승용,남,33세,상해없음,보행자,남,60세,중상
2016052400100566,2016년 5월 24일 20시,화요일,경상북도 포항시 남구 오천읍,중상사고,0,1,0,0,차대차 - 측면충돌,안전운전불이행,건조,맑음,단일로 - 기타,승용,남,41세,상해없음,이륜,남,16세,중상
2016052400100567,2016년 5월 24일 20시,화요일,경상북도 포항시 남구 해도동,중상사고,0,1,1,0,차대차 - 추돌,안전운전불이행,건조,맑음,단일로 - 기타,이륜,남,16세,중상,승용,남,42세,경상
2016052400100589,2016년 5월 24일 21시,화요일,경상북도 영주시 휴천동,경상사고,0,0,1,0,차대차 - 측면충돌,안전운전불이행,건조,맑음,교차로 - 교차로안,승용,여,30세,상해없음,승용,남,60세,상해없음
2016052400100590,2016년 5월 24일 21시,화요일,경상북도 구미시 해평면,부상신고사고,0,0,0,1,차량단독 - 전도전복,안전운전불이행,건조,맑음,단일로 - 기타,이륜,남,61세,부상신고,,,,
2016052400100609,2016년 5월 24일 22시,화요일,경상북도 칠곡군 동명면,경상사고,0,0,1,0,차량단독 - 전도전복,안전운전불이행,건조,맑음,단일로 - 기타,승용,여,53세,경상,,,,
2016052400100610,2016년 5월 24일 22시,화요일,경상북도 구미시 남통동,중상사고,0,1,0,0,차대사람 - 횡단중,안전운전불이행,건조,맑음,단일로 - 기타,승용,남,46세,상해없음,보행자,남,55세,중상
2016052500100014,2016년 5월 25일 00시,수요일,경상북도 구미시 도량동,중상사고,0,1,1,0,차대차 - 추돌,안전운전불이행,건조,맑음,교차로 - 교차로부근,승용,남,34세,상해없음,승용,남,25세,경상
2016052500100042,2016년 5월 25일 04시,수요일,경상북도 경주시 외동읍,중상사고,0,1,0,0,차대차 - 측면충돌,신호위반,건조,맑음,교차로 - 교차로안,승용,남,49세,상해없음,승용,남,69세,중상
2016052500100061,2016년 5월 25일 06시,수요일,경상북도 경주시 광명동,경상사고,0,0,1,0,차대차 - 기타,안전운전불이행,건조,맑음,단일로 - 기타,승용,남,29세,상해없음,자전거,남,80세,경상
2016052500100062,2016년 5월 25일 06시,수요일,경상북도 포항시 북구 항구동,경상사고,0,0,1,0,차대차 - 정면충돌,신호위반,건조,맑음,단일로 - 기타,승용,여,38세,상해없음,승용,남,38세,경상
2016052500100063,2016년 5월 25일 06시,수요일,경상북도 포항시 북구 죽도동,중상사고,0,1,0,0,차대차 - 측면직각충돌,불법유턴,건조,맑음,단일로 - 기타,승용,남,53세,상해없음,이륜,남,30세,중상
2016052500100064,2016년 5월 25일 06시,수요일,경상북도 칠곡군 석적읍,경상사고,0,0,2,0,차대차 - 측면직각충돌,교차로운행방법위반,건조,맑음,교차로 - 교차로안,승용,여,45세,상해없음,화물,남,32세,상해없음
2016052500100085,2016년 5월 25일 07시,수요일,경상북도 포항시 북구 죽도동,중상사고,0,1,0,0,차대차 - 측면충돌,교차로운행방법위반,건조,맑음,교차로 - 교차로안,승용,여,52세,상해없음,자전거,남,19세,중상
2016052500100086,2016년 5월 25일 07시,수요일,경상북도 울릉군 울릉읍,부상신고사고,0,0,0,1,차량단독 - 공작물충돌,안전운전불이행,건조,맑음,단일로 - 기타,승용,남,43세,부상신고,,,,
2016052500100087,2016년 5월 25일 07시,수요일,경상북도 구미시 진평동,경상사고,0,0,1,0,차대차 - 측면충돌,중앙선침범,건조,맑음,기타 - 기타,승용,남,34세,상해없음,승용,여,42세,경상
2016052500100116,2016년 5월 25일 08시,수요일,경상북도 구미시 형곡동,경상사고,0,0,1,0,차대차 - 측면충돌,신호위반,건조,맑음,교차로 - 교차로안,이륜,남,82세,경상,승용,여,42세,상해없음
2016052500100117,2016년 5월 25일 08시,수요일,경상북도 구미시 형곡동,경상사고,0,0,1,0,차대사람 - 횡단중,안전운전불이행,건조,맑음,교차로 - 교차로안,승용,여,39세,상해없음,보행자,여,19세,경상
2016052500100150,2016년 5월 25일 09시,수요일,경상북도 봉화군 춘양면,중상사고,0,1,0,0,차대차 - 정면충돌,중앙선침범,건조,맑음,단일로 - 기타,승용,여,48세,상해없음,화물,남,63세,중상
2016052500100151,2016년 5월 25일 09시,수요일,경상북도 구미시 산동면,중상사고,0,1,0,0,차대사람 - 횡단중,보행자보호의무위반,건조,맑음,교차로 - 교차로부근,승합,남,62세,상해없음,보행자,여,84세,중상
2016052500100152,2016년 5월 25일 09시,수요일,경상북도 포항시 남구 이동,경상사고,0,0,4,0,차대차 - 측면충돌,안전거리미확보,건조,맑음,단일로 - 기타,승용,남,69세,상해없음,승용,여,62세,경상
2016052500100189,2016년 5월 25일 10시,수요일,경상북도 안동시 금곡동,경상사고,0,0,1,0,차대차 - 측면직각충돌,직진우회전진행방해,건조,맑음,교차로 - 교차로안,화물,남,70세,경상,승용,남,70세,상해없음
2016052500100218,2016년 5월 25일 11시,수요일,경상북도 경주시 노서동,중상사고,0,1,0,0,차대차 - 추돌,안전운전불이행,건조,맑음,교차로 - 교차로안,화물,남,59세,상해없음,승용,남,58세,중상
2016052500100219,2016년 5월 25일 11시,수요일,경상북도 포항시 북구 덕산동,중상사고,0,1,0,0,차대사람 - 횡단중,안전운전불이행,건조,맑음,교차로 - 교차로안,승용,여,39세,상해없음,보행자,여,61세,중상
2016052500100220,2016년 5월 25일 11시,수요일,경상북도 안동시 정하동,경상사고,0,0,1,0,차대차 - 측면직각충돌,안전운전불이행,건조,맑음,단일로 - 기타,이륜,여,49세,상해없음,승용,여,37세,경상
2016052500100221,2016년 5월 25일 11시,수요일,경상북도 안동시 수상동,중상사고,0,1,2,0,차대차 - 추돌,안전거리미확보,건조,맑음,단일로 - 기타,승용,남,54세,상해없음,화물,남,49세,경상
2016052500100222,2016년 5월 25일 11시,수요일,경상북도 김천시 어모면,경상사고,0,0,1,0,차대차 - 측면충돌,안전운전불이행,건조,맑음,기타 - 기타,이륜,남,64세,경상,화물,남,51세,상해없음
2016052500100223,2016년 5월 25일 11시,수요일,경상북도 영주시 풍기읍,중상사고,0,1,2,0,차대차 - 측면충돌,안전운전불이행,건조,맑음,교차로 - 교차로안,승용,여,58세,상해없음,승용,여,56세,경상
2016052500100282,2016년 5월 25일 13시,수요일,경상북도 포항시 북구 득량동,경상사고,0,0,1,0,차대차 - 정면충돌,안전운전불이행,건조,맑음,단일로 - 기타,승용,여,46세,상해없음,자전거,남,10세,경상
2016052500100283,2016년 5월 25일 13시,수요일,경상북도 칠곡군 지천면,부상신고사고,0,0,0,1,차량단독 - 전도전복,안전운전불이행,건조,맑음,단일로 - 기타,승용,남,30세,부상신고,,,,
2016052500100316,2016년 5월 25일 14시,수요일,경상북도 안동시 임동면,중상사고,0,1,0,0,차대차 - 측면직각충돌,중앙선침범,건조,맑음,단일로 - 기타,승용,여,40세,상해없음,승용,남,34세,중상
2016052500100347,2016년 5월 25일 15시,수요일,경상북도 경주시 성동동,중상사고,0,1,0,0,차대차 - 기타,안전운전불이행,건조,맑음,단일로 - 기타,승용,남,60세,상해없음,원동기,남,51세,중상
2016052500100348,2016년 5월 25일 15시,수요일,경상북도 칠곡군 동명면,부상신고사고,0,0,0,1,차대차 - 측면충돌,교차로운행방법위반,건조,맑음,교차로 - 교차로안,이륜,남,67세,부상신고,승용,여,53세,상해없음
2016052500100349,2016년 5월 25일 15시,수요일,경상북도 문경시 모전동,경상사고,0,0,1,0,차대차 - 기타,안전운전불이행,건조,맑음,단일로 - 기타,승용,여,36세,상해없음,승용,남,35세,경상
2016052500100351,2016년 5월 25일 15시,수요일,경상북도 구미시 도량동,중상사고,0,2,1,0,차대사람 - 횡단중,보행자보호의무위반,건조,맑음,단일로 - 기타,승용,남,56세,상해없음,보행자,여,32세,중상
2016052500100352,2016년 5월 25일 15시,수요일,경상북도 포항시 남구 연일읍,경상사고,0,0,2,0,차대차 - 추돌,안전운전불이행,건조,맑음,단일로 - 기타,특수,남,47세,경상,화물,남,47세,경상
2016052500100428,2016년 5월 25일 17시,수요일,경상북도 포항시 북구 득량동,중상사고,0,1,0,0,차대사람 - 횡단중,보행자보호의무위반,건조,맑음,단일로 - 횡단보도상,승용,여,52세,상해없음,보행자,여,8세,중상
2016052500100429,2016년 5월 25일 17시,수요일,경상북도 칠곡군 지천면,중상사고,0,1,1,0,차대차 - 측면충돌,안전운전불이행,건조,맑음,단일로 - 기타,승용,여,51세,경상,승용,여,47세,중상
2016052500100430,2016년 5월 25일 17시,수요일,경상북도 경산시 진량읍,중상사고,0,1,0,0,차대차 - 측면충돌,교차로운행방법위반,건조,맑음,교차로 - 교차로안,화물,남,57세,상해없음,자전거,남,13세,중상
2016052500100431,2016년 5월 25일 17시,수요일,경상북도 경산시 대동,경상사고,0,0,1,0,차대사람 - 길가장자리구역통행중,안전운전불이행,건조,맑음,단일로 - 기타,승용,여,45세,상해없음,보행자,여,23세,경상
2016052500100432,2016년 5월 25일 17시,수요일,경상북도 경산시 계양동,경상사고,0,0,1,0,차대차 - 측면충돌,안전운전불이행,건조,맑음,단일로 - 기타,승용,여,35세,상해없음,자전거,남,7세,경상
2016052500100433,2016년 5월 25일 17시,수요일,경상북도 청도군 이서면,경상사고,0,0,1,0,차대차 - 측면충돌,안전운전불이행,건조,맑음,교차로 - 교차로안,원동기,남,66세,경상,화물,남,54세,상해없음
2016052500100434,2016년 5월 25일 17시,수요일,경상북도 포항시 남구 상도동,중상사고,0,1,0,0,차대차 - 측면직각충돌,신호위반,건조,맑음,단일로 - 횡단보도상,승용,남,59세,상해없음,자전거,남,73세,중상
2016052500100472,2016년 5월 25일 18시,수요일,경상북도 고령군 우곡면,중상사고,0,1,0,0,차량단독 - 전도전복,안전운전불이행,건조,맑음,단일로 - 기타,이륜,남,54세,중상,,,,
2016052500100473,2016년 5월 25일 18시,수요일,경상북도 포항시 남구 동해면,경상사고,0,0,1,0,차대사람 - 기타,안전운전불이행,건조,맑음,단일로 - 기타,화물,남,55세,기타불명,보행자,남,52세,경상
2016052500100509,2016년 5월 25일 19시,수요일,경상북도 경산시 옥산동,경상사고,0,0,1,0,차대사람 - 횡단중,보행자보호의무위반,건조,맑음,단일로 - 기타,자전거,여,23세,상해없음,보행자,남,82세,경상
2016052500100543,2016년 5월 25일 20시,수요일,경상북도 포항시 북구 흥해읍,경상사고,0,0,1,0,차대차 - 정면충돌,교차로운행방법위반,건조,맑음,교차로 - 교차로안,승용,남,56세,상해없음,승용,여,39세,경상
2016052500100544,2016년 5월 25일 20시,수요일,경상북도 김천시 평화동,중상사고,0,1,0,0,차대사람 - 횡단중,보행자보호의무위반,건조,맑음,단일로 - 횡단보도상,승용,남,68세,상해없음,보행자,여,82세,중상
2016052500100564,2016년 5월 25일 21시,수요일,경상북도 경산시 진량읍,경상사고,0,0,1,0,차대차 - 기타,안전운전불이행,건조,맑음,단일로 - 기타,승용,여,44세,경상,승합,남,47세,상해없음
2016052500100599,2016년 5월 25일 22시,수요일,경상북도 영주시 영주동,부상신고사고,0,0,0,1,차대차 - 측면충돌,안전운전불이행,건조,맑음,단일로 - 기타,원동기,남,16세,부상신고,승용,남,41세,상해없음
2016052500100600,2016년 5월 25일 22시,수요일,경상북도 포항시 남구 이동,경상사고,0,0,1,0,차대차 - 정면충돌,중앙선침범,건조,맑음,교차로 - 교차로부근,승용,남,75세,상해없음,이륜,남,31세,경상
2016052500100624,2016년 5월 25일 23시,수요일,경상북도 포항시 남구 대도동,중상사고,0,1,0,0,차대사람 - 횡단중,보행자보호의무위반,건조,맑음,단일로 - 기타,승용,남,64세,상해없음,보행자,남,51세,중상
2016052600100028,2016년 5월 26일 01시,목요일,경상북도 안동시 옥야동,경상사고,0,0,1,0,차대차 - 정면충돌,안전운전불이행,건조,맑음,단일로 - 기타,승용,남,41세,상해없음,승용,여,39세,경상
2016052600100029,2016년 5월 26일 01시,목요일,경상북도 구미시 황상동,중상사고,0,1,0,0,차대차 - 측면충돌,안전운전불이행,건조,맑음,교차로 - 교차로안,승용,남,32세,상해없음,승용,남,45세,중상
2016052600100036,2016년 5월 26일 02시,목요일,경상북도 구미시 임은동,경상사고,0,0,1,0,차대차 - 추돌,안전운전불이행,건조,맑음,단일로 - 기타,화물,남,37세,경상,특수,남,60세,상해없음
2016052600100043,2016년 5월 26일 03시,목요일,경상북도 김천시 황금동,중상사고,0,1,0,0,차대차 - 측면충돌,교차로운행방법위반,건조,맑음,교차로 - 교차로안,이륜,남,24세,중상,승용,남,38세,상해없음
2016052600100085,2016년 5월 26일 07시,목요일,경상북도 의성군 금성면,중상사고,0,1,0,0,차대사람 - 횡단중,안전운전불이행,건조,맑음,교차로 - 교차로안,화물,남,27세,상해없음,보행자,여,72세,중상
2016052600100086,2016년 5월 26일 07시,목요일,경상북도 경산시 진량읍,중상사고,0,1,0,0,차대차 - 정면충돌,중앙선침범,건조,맑음,단일로 - 기타,농기계,남,71세,중상,승용,남,43세,상해없음
2016052600100087,2016년 5월 26일 07시,목요일,경상북도 구미시 공단동,경상사고,0,0,1,0,차대차 - 측면충돌,신호위반,건조,맑음,교차로 - 교차로안,승용,남,25세,상해없음,승용,여,41세,경상
2016052600100088,2016년 5월 26일 07시,목요일,경상북도 구미시 진평동,경상사고,0,0,1,0,차대차 - 측면충돌,안전운전불이행,건조,맑음,교차로 - 교차로안,승용,남,26세,상해없음,승용,여,47세,경상
2016052600100122,2016년 5월 26일 08시,목요일,경상북도 안동시 풍산읍,중상사고,0,1,0,0,차대차 - 추돌,안전거리미확보,건조,맑음,단일로 - 기타,승용,남,23세,상해없음,화물,남,29세,중상
2016052600100123,2016년 5월 26일 08시,목요일,경상북도 영천시 야사동,경상사고,0,0,1,0,차대사람 - 길가장자리구역통행중,안전운전불이행,건조,맑음,단일로 - 기타,화물,남,63세,상해없음,보행자,여,20세,경상
2016052600100159,2016년 5월 26일 09시,목요일,경상북도 안동시 풍산읍,사망사고,1,0,0,0,차대차 - 측면직각충돌,안전운전불이행,건조,맑음,단일로 - 기타,이륜,남,86세,사망,화물,남,48세,상해없음
2016052600100160,2016년 5월 26일 09시,목요일,경상북도 칠곡군 석적읍,중상사고,0,1,1,0,차대차 - 측면직각충돌,신호위반,건조,맑음,교차로 - 교차로안,승용,남,52세,상해없음,화물,남,37세,중상
2016052600100161,2016년 5월 26일 09시,목요일,경상북도 청도군 청도읍,경상사고,0,0,1,0,차량단독 - 기타,안전운전불이행,건조,맑음,단일로 - 기타,승용,여,49세,경상,,,,
2016052600100162,2016년 5월 26일 09시,목요일,경상북도 구미시 봉곡동,중상사고,0,1,0,0,차대차 - 측면직각충돌,직진우회전진행방해,건조,맑음,단일로 - 기타,승용,여,35세,상해없음,자전거,남,17세,중상
2016052600100190,2016년 5월 26일 10시,목요일,경상북도 경주시 동천동,중상사고,0,1,0,1,차대차 - 측면충돌,교차로운행방법위반,건조,맑음,교차로 - 교차로안,승용,여,48세,부상신고,승용,여,59세,중상
2016052600100191,2016년 5월 26일 10시,목요일,경상북도 경산시 사정동,경상사고,0,0,1,0,차대차 - 정면충돌,안전운전불이행,건조,맑음,교차로 - 교차로안,승용,남,19세,상해없음,승합,남,60세,상해없음
2016052600100217,2016년 5월 26일 11시,목요일,경상북도 경산시 옥산동,경상사고,0,0,1,0,차대차 - 측면직각충돌,안전운전불이행,건조,맑음,교차로 - 교차로안,승용,남,73세,상해없음,승용,여,39세,경상
2016052600100240,2016년 5월 26일 12시,목요일,경상북도 영주시 풍기읍,중상사고,0,1,1,0,차대차 - 측면충돌,중앙선침범,건조,맑음,단일로 - 기타,화물,남,43세,상해없음,승용,남,73세,중상
2016052600100264,2016년 5월 26일 13시,목요일,경상북도 울진군 후포면,중상사고,0,1,0,0,차대차 - 측면직각충돌,교차로운행방법위반,건조,맑음,교차로 - 교차로안,승용,여,34세,상해없음,이륜,여,38세,중상
2016052600100265,2016년 5월 26일 13시,목요일,경상북도 포항시 남구 구룡포읍,중상사고,0,1,0,0,차대차 - 기타,안전운전불이행,건조,맑음,교차로 - 교차로부근,승용,여,59세,상해없음,이륜,남,66세,중상
2016052600100297,2016년 5월 26일 14시,목요일,경상북도 안동시 운흥동,경상사고,0,0,1,0,차대차 - 측면직각충돌,안전운전불이행,건조,맑음,단일로 - 기타,자전거,남,58세,경상,승용,남,53세,상해없음
2016052600100298,2016년 5월 26일 14시,목요일,경상북도 청도군 운문면,경상사고,0,0,1,0,차대차 - 정면충돌,직진우회전진행방해,건조,맑음,교차로 - 교차로안,화물,남,57세,상해없음,화물,남,44세,경상
2016052600100299,2016년 5월 26일 14시,목요일,경상북도 구미시 임수동,경상사고,0,0,1,0,차대차 - 측면직각충돌,교차로운행방법위반,건조,맑음,교차로 - 교차로부근,승용,남,25세,상해없음,승용,여,41세,경상
2016052600100329,2016년 5월 26일 15시,목요일,경상북도 구미시 지산동,중상사고,0,1,0,0,차대사람 - 기타,안전운전불이행,건조,맑음,단일로 - 기타,승용,남,35세,상해없음,보행자,남,59세,중상
2016052600100330,2016년 5월 26일 15시,목요일,경상북도 구미시 도량동,중상사고,0,1,5,0,차대차 - 측면충돌,안전운전불이행,건조,맑음,교차로 - 교차로부근,승용,여,54세,경상,승합,남,28세,중상
2016052600100365,2016년 5월 26일 16시,목요일,경상북도 경주시 안강읍,중상사고,0,1,0,0,차대차 - 정면충돌,중앙선침범,건조,맑음,단일로 - 기타,승합,남,63세,상해없음,원동기,남,78세,중상
2016052600100366,2016년 5월 26일 16시,목요일,경상북도 경산시 사동,경상사고,0,0,1,0,차대사람 - 횡단중,보행자보호의무위반,건조,맑음,단일로 - 기타,승용,여,45세,상해없음,보행자,남,8세,경상
2016052600100367,2016년 5월 26일 16시,목요일,경상북도 구미시 원평동,부상신고사고,0,0,0,1,차대사람 - 횡단중,기타,건조,맑음,단일로 - 기타,승합,남,54세,상해없음,보행자,여,51세,부상신고
2016052600100411,2016년 5월 26일 17시,목요일,경상북도 포항시 북구 죽도동,경상사고,0,0,1,0,차대사람 - 차도통행중,안전운전불이행,건조,맑음,단일로 - 기타,원동기,남,26세,상해없음,보행자,남,6세,경상
2016052600100412,2016년 5월 26일 17시,목요일,경상북도 상주시 계산동,중상사고,0,1,0,0,차대차 - 추돌,기타,건조,맑음,단일로 - 기타,화물,남,33세,상해없음,이륜,남,85세,중상
2016052600100413,2016년 5월 26일 17시,목요일,경상북도 울진군 평해읍,경상사고,0,0,2,0,차대차 - 추돌,안전운전불이행,건조,맑음,단일로 - 기타,승용,남,53세,경상,화물,남,52세,상해없음
2016052600100414,2016년 5월 26일 17시,목요일,경상북도 구미시 사곡동,경상사고,0,0,1,0,차대차 - 추돌,안전운전불이행,건조,맑음,단일로 - 기타,승용,남,34세,상해없음,승용,남,60세,상해없음
2016052600100415,2016년 5월 26일 17시,목요일,경상북도 구미시 고아읍,경상사고,0,0,1,0,차대차 - 기타,안전거리미확보,건조,맑음,단일로 - 기타,건설기계,남,30세,상해없음,승용,남,42세,경상
2016052600100456,2016년 5월 26일 18시,목요일,경상북도 포항시 북구 대흥동,경상사고,0,0,1,1,차대차 - 측면직각충돌,안전운전불이행,건조,맑음,교차로 - 교차로부근,승용,여,52세,부상신고,이륜,여,22세,경상
2016052600100516,2016년 5월 26일 20시,목요일,경상북도 영천시 오수동,중상사고,0,1,0,1,차대차 - 측면직각충돌,신호위반,건조,맑음,교차로 - 교차로안,승용,남,60세,상해없음,승용,남,29세,부상신고
2016052600100550,2016년 5월 26일 21시,목요일,경상북도 경주시 용강동,중상사고,0,1,0,0,차대사람 - 차도통행중,안전운전불이행,건조,맑음,단일로 - 기타,승용,남,60세,상해없음,보행자,남,43세,중상
2016052600100551,2016년 5월 26일 21시,목요일,경상북도 안동시 운흥동,경상사고,0,0,1,0,차대차 - 정면충돌,안전운전불이행,건조,맑음,단일로 - 기타,승용,남,42세,상해없음,원동기,남,21세,경상
2016052600100579,2016년 5월 26일 22시,목요일,경상북도 포항시 북구 죽도동,경상사고,0,0,3,0,차대차 - 측면충돌,안전운전불이행,건조,맑음,단일로 - 기타,승용,남,56세,상해없음,승용,남,53세,경상
2016052700100007,2016년 5월 27일 00시,금요일,경상북도 칠곡군 왜관읍,중상사고,0,2,0,0,차대차 - 측면충돌,교차로운행방법위반,건조,맑음,교차로 - 교차로안,승용,남,26세,상해없음,승용,남,30세,중상
2016052700100015,2016년 5월 27일 01시,금요일,경상북도 포항시 북구 두호동,경상사고,0,0,1,0,차대차 - 측면충돌,안전운전불이행,건조,맑음,교차로 - 교차로안,승용,남,62세,상해없음,승용,남,61세,경상
2016052700100016,2016년 5월 27일 01시,금요일,경상북도 포항시 남구 동해면,중상사고,0,2,0,0,차대차 - 기타,안전운전불이행,건조,맑음,단일로 - 기타,승용,남,54세,상해없음,이륜,남,16세,중상