사고번호,사고일시,요일,시군구,사고내용,사망자수,중상자수,경상자수,부상신고자수,사고유형,법규위반,노면상태,기상상태,도로형태,가해운전자 차종,가해운전자 성별,가해운전자 연령,가해운전자 상해정도,피해운전자 차종,피해운전자 성별,피해운전자 연령,피해운전자 상해정도
2016052700100041,2016년 5월 27일 04시,금요일,경상북도 포항시 북구 장성동,중상사고,0,1,0,0,차대차 - 정면충돌,신호위반,건조,맑음,교차로 - 교차로안,승용,남,49세,상해없음,자전거,남,82세,중상
2016052700100076,2016년 5월 27일 07시,금요일,경상북도 경주시 양남면,중상사고,0,1,0,0,차량단독 - 전도전복,안전운전불이행,건조,맑음,단일로 - 기타,화물,남,51세,중상,,,,
2016052700100077,2016년 5월 27일 07시,금요일,경상북도 군위군 부계면,경상사고,0,0,1,0,차대차 - 기타,안전운전불이행,건조,맑음,단일로 - 기타,승용,남,40세,상해없음,이륜,남,20세,경상
2016052700100110,2016년 5월 27일 08시,금요일,경상북도 김천시 모암동,경상사고,0,0,1,0,차대사람 - 길가장자리구역통행중,안전운전불이행,건조,맑음,단일로 - 기타,승용,남,68세,상해없음,보행자,남,61세,경상
2016052700100111,2016년 5월 27일 08시,금요일,경상북도 영덕군 남정면,중상사고,0,1,0,0,차대차 - 정면충돌,중앙선침범,건조,맑음,단일로 - 기타,화물,남,63세,상해없음,승용,남,42세,중상
2016052700100148,2016년 5월 27일 09시,금요일,경상북도 김천시 모암동,경상사고,0,0,1,0,차대차 - 측면충돌,차로위반,건조,맑음,단일로 - 기타,이륜,남,81세,경상,승용,남,46세,상해없음
2016052700100199,2016년 5월 27일 11시,금요일,경상북도 포항시 북구 용흥동,경상사고,0,0,2,0,차대차 - 측면충돌,직진우회전진행방해,건조,맑음,교차로 - 교차로안,승용,남,82세,상해없음,승용,남,35세,상해없음
2016052700100200,2016년 5월 27일 11시,금요일,경상북도 영천시 완산동,중상사고,0,3,1,0,차대차 - 측면충돌,신호위반,건조,맑음,교차로 - 교차로안,승용,남,68세,경상,승용,남,38세,중상
2016052700100235,2016년 5월 27일 12시,금요일,경상북도 칠곡군 왜관읍,경상사고,0,0,1,1,차대차 - 측면충돌,안전운전불이행,건조,맑음,단일로 - 기타,승용,남,59세,부상신고,화물,남,61세,경상
2016052700100265,2016년 5월 27일 13시,금요일,경상북도 포항시 북구 죽도동,경상사고,0,0,3,0,차대차 - 정면충돌,교차로운행방법위반,건조,맑음,교차로 - 교차로안,승용,남,57세,상해없음,화물,남,66세,경상
2016052700100266,2016년 5월 27일 13시,금요일,경상북도 안동시 태화동,경상사고,0,0,2,0,차대차 - 측면직각충돌,신호위반,건조,맑음,교차로 - 교차로안,승용,남,55세,경상,승용,여,33세,경상
2016052700100267,2016년 5월 27일 13시,금요일,경상북도 김천시 남면,경상사고,0,0,1,0,차대차 - 추돌,안전운전불이행,건조,맑음,단일로 - 기타,화물,남,35세,상해없음,승용,여,36세,경상
2016052700100268,2016년 5월 27일 13시,금요일,경상북도 예천군 용궁면,중상사고,0,1,0,0,차대사람 - 기타,기타,건조,맑음,단일로 - 기타,화물,남,40세,상해없음,보행자,여,38세,중상
2016052700100269,2016년 5월 27일 13시,금요일,경상북도 봉화군 물야면,부상신고사고,0,0,0,1,차대사람 - 기타,안전운전불이행,건조,맑음,단일로 - 기타,승용,여,51세,상해없음,보행자,남,63세,부상신고
2016052700100270,2016년 5월 27일 13시,금요일,경상북도 구미시 송정동,경상사고,0,0,2,0,차대차 - 기타,안전운전불이행,건조,맑음,기타 - 기타,승용,남,62세,상해없음,승용,남,56세,경상
2016052700100310,2016년 5월 27일 14시,금요일,경상북도 경주시 동방동,경상사고,0,0,2,0,차대차 - 추돌,안전운전불이행,건조,맑음,교차로 - 교차로부근,승용,여,25세,상해없음,승용,여,57세,경상
2016052700100311,2016년 5월 27일 14시,금요일,경상북도 안동시 서후면,경상사고,0,0,1,0,차대차 - 정면충돌,안전운전불이행,건조,맑음,단일로 - 기타,건설기계,남,53세,상해없음,보행자,남,80세,경상
2016052700100312,2016년 5월 27일 14시,금요일,경상북도 포항시 남구 대도동,중상사고,0,1,0,0,차대차 - 기타,안전운전불이행,건조,맑음,단일로 - 기타,승용,여,41세,상해없음,이륜,남,37세,중상
2016052700100344,2016년 5월 27일 15시,금요일,경상북도 칠곡군 지천면,경상사고,0,0,1,0,차대차 - 정면충돌,교차로운행방법위반,건조,맑음,교차로 - 교차로안,승용,여,46세,상해없음,화물,남,55세,경상
2016052700100345,2016년 5월 27일 15시,금요일,경상북도 구미시 원평동,중상사고,0,1,0,0,차대차 - 정면충돌,중앙선침범,건조,맑음,단일로 - 기타,승용,남,43세,상해없음,승합,남,58세,중상
2016052700100346,2016년 5월 27일 15시,금요일,경상북도 포항시 남구 동해면,중상사고,0,1,0,0,차대사람 - 기타,중앙선침범,건조,맑음,단일로 - 횡단보도상,승용,여,66세,상해없음,보행자,여,11세,중상
2016052700100347,2016년 5월 27일 15시,금요일,경상북도 포항시 남구 오천읍,부상신고사고,0,0,0,2,차대차 - 기타,신호위반,건조,맑음,교차로 - 교차로안,승용,남,66세,상해없음,승용,여,35세,부상신고
2016052700100396,2016년 5월 27일 16시,금요일,경상북도 봉화군 춘양면,중상사고,0,1,0,1,차량단독 - 전도전복,안전운전불이행,건조,맑음,교차로 - 교차로안,승용,남,71세,부상신고,,,,
2016052700100397,2016년 5월 27일 16시,금요일,경상북도 울진군 죽변면,경상사고,0,0,1,0,차대차 - 측면충돌,교차로운행방법위반,건조,맑음,교차로 - 교차로안,승용,남,61세,상해없음,농기계,남,90세 이상,경상
2016052700100398,2016년 5월 27일 16시,금요일,경상북도 고령군 성산면,중상사고,0,1,0,0,차량단독 - 기타,안전운전불이행,건조,맑음,단일로 - 기타,승합,남,46세,상해없음,,,,
2016052700100480,2016년 5월 27일 18시,금요일,경상북도 포항시 북구 기계면,경상사고,0,0,3,0,차대차 - 정면충돌,안전운전불이행,건조,맑음,교차로 - 교차로안,승용,남,23세,경상,승용,남,53세,경상
2016052700100481,2016년 5월 27일 18시,금요일,경상북도 의성군 금성면,중상사고,0,1,0,0,차대차 - 측면직각충돌,직진우회전진행방해,건조,맑음,교차로 - 교차로안,이륜,남,75세,중상,승용,남,38세,상해없음
2016052700100482,2016년 5월 27일 18시,금요일,경상북도 경산시 중산동,경상사고,0,0,1,0,차대차 - 정면충돌,안전운전불이행,건조,맑음,단일로 - 기타,승합,남,35세,상해없음,자전거,남,76세,경상
2016052700100518,2016년 5월 27일 19시,금요일,경상북도 김천시 신음동,경상사고,0,0,1,0,차대사람 - 기타,안전운전불이행,건조,맑음,단일로 - 기타,자전거,남,17세,상해없음,보행자,여,50세,경상
2016052700100519,2016년 5월 27일 19시,금요일,경상북도 울진군 울진읍,경상사고,0,0,1,0,차대사람 - 횡단중,안전운전불이행,건조,맑음,단일로 - 기타,승용,남,47세,상해없음,보행자,여,62세,경상
2016052700100555,2016년 5월 27일 20시,금요일,경상북도 포항시 북구 장성동,경상사고,0,0,1,0,차대차 - 측면충돌,교차로운행방법위반,건조,맑음,단일로 - 기타,승용,여,62세,상해없음,이륜,남,24세,경상
2016052700100556,2016년 5월 27일 20시,금요일,경상북도 포항시 남구 동해면,경상사고,0,0,1,0,차대사람 - 횡단중,보행자보호의무위반,건조,맑음,교차로 - 교차로안,승용,남,40세,상해없음,보행자,여,47세,경상
2016052700100583,2016년 5월 27일 21시,금요일,경상북도 경산시 대동,중상사고,0,1,0,1,차대사람 - 횡단중,안전운전불이행,건조,맑음,단일로 - 기타,이륜,남,23세,부상신고,보행자,남,25세,중상
2016052700100641,2016년 5월 27일 23시,금요일,경상북도 구미시 황상동,경상사고,0,0,1,0,차대사람 - 횡단중,안전운전불이행,건조,맑음,교차로 - 교차로부근,기타불명,기타불명,기타불명,기타불명,보행자,남,23세,경상
2016052800100056,2016년 5월 28일 02시,토요일,경상북도 포항시 남구 대도동,중상사고,0,1,0,0,차대사람 - 횡단중,안전운전불이행,건조,맑음,단일로 - 기타,승용,남,64세,상해없음,보행자,남,52세,중상
2016052800100086,2016년 5월 28일 05시,토요일,경상북도 안동시 태화동,중상사고,0,1,3,1,차대차 - 측면직각충돌,교차로운행방법위반,건조,맑음,교차로 - 교차로안,승용,남,47세,부상신고,화물,남,62세,경상
2016052800100087,2016년 5월 28일 05시,토요일,경상북도 구미시 도량동,중상사고,0,1,0,0,차대차 - 측면충돌,신호위반,건조,맑음,교차로 - 교차로안,승합,여,51세,상해없음,이륜,남,61세,중상
2016052800100097,2016년 5월 28일 06시,토요일,경상북도 영천시 화북면,중상사고,0,1,1,0,차대차 - 기타,기타,건조,맑음,교차로 - 교차로부근,승용,남,67세,상해없음,승용,남,63세,중상
2016052800100109,2016년 5월 28일 07시,토요일,경상북도 안동시 서후면,중상사고,0,1,0,0,차량단독 - 공작물충돌,안전운전불이행,건조,맑음,단일로 - 기타,화물,남,68세,중상,,,,
2016052800100110,2016년 5월 28일 07시,토요일,경상북도 영덕군 남정면,중상사고,0,3,1,0,차대차 - 측면충돌,교차로운행방법위반,건조,맑음,교차로 - 교차로안,건설기계,남,44세,경상,승용,남,64세,중상
2016052800100133,2016년 5월 28일 08시,토요일,경상북도 안동시 옥동,경상사고,0,0,3,0,차대차 - 측면직각충돌,교차로운행방법위반,건조,맑음,교차로 - 교차로안,승용,여,24세,경상,승용,남,37세,경상
2016052800100134,2016년 5월 28일 08시,토요일,경상북도 영천시 화남면,중상사고,0,1,0,0,차대사람 - 기타,안전운전불이행,건조,맑음,교차로 - 교차로안,승용,여,49세,상해없음,보행자,남,77세,중상
2016052800100135,2016년 5월 28일 08시,토요일,경상북도 경산시 정평동,경상사고,0,0,1,0,차량단독 - 공작물충돌,안전운전불이행,건조,맑음,교차로 - 교차로부근,승용,여,41세,경상,,,,
2016052800100162,2016년 5월 28일 09시,토요일,경상북도 경산시 조영동,중상사고,0,1,0,0,차대사람 - 기타,안전운전불이행,건조,맑음,단일로 - 기타,승용,여,57세,상해없음,보행자,여,84세,중상
2016052800100194,2016년 5월 28일 10시,토요일,경상북도 경주시 서악동,경상사고,0,0,3,0,차대차 - 측면충돌,중앙선침범,건조,맑음,단일로 - 기타,승용,남,43세,상해없음,화물,남,51세,경상
2016052800100195,2016년 5월 28일 10시,토요일,경상북도 고령군 대가야읍,중상사고,0,1,1,0,차대차 - 측면직각충돌,교차로운행방법위반,건조,맑음,교차로 - 교차로안,화물,남,38세,상해없음,이륜,남,73세,경상
2016052800100233,2016년 5월 28일 11시,토요일,경상북도 경주시 황오동,경상사고,0,0,1,0,차대차 - 추돌,안전운전불이행,건조,맑음,교차로 - 교차로부근,승용,남,58세,상해없음,승용,남,33세,경상
2016052800100270,2016년 5월 28일 12시,토요일,경상북도 경주시 황성동,경상사고,0,0,1,0,차대차 - 측면충돌,안전운전불이행,건조,맑음,교차로 - 교차로부근,승용,남,58세,상해없음,자전거,여,32세,경상
2016052800100271,2016년 5월 28일 12시,토요일,경상북도 안동시 옥야동,중상사고,0,1,0,0,차대차 - 측면직각충돌,불법유턴,건조,맑음,교차로 - 교차로안,자전거,남,87세,중상,승용,여,38세,상해없음
2016052800100272,2016년 5월 28일 12시,토요일,경상북도 구미시 선산읍,경상사고,0,0,1,0,차대차 - 측면충돌,안전운전불이행,건조,맑음,교차로 - 교차로안,화물,남,34세,상해없음,화물,남,32세,경상
2016052800100309,2016년 5월 28일 13시,토요일,경상북도 경주시 안강읍,경상사고,0,0,4,0,차대차 - 측면충돌,안전운전불이행,건조,맑음,단일로 - 기타,승용,남,60세,상해없음,승용,남,32세,경상
2016052800100355,2016년 5월 28일 14시,토요일,경상북도 경주시 황성동,경상사고,0,0,1,0,차대차 - 측면충돌,안전운전불이행,건조,맑음,기타 - 기타,승용,남,66세,상해없음,승용,여,39세,경상
2016052800100356,2016년 5월 28일 14시,토요일,경상북도 포항시 북구 장성동,경상사고,0,0,1,0,차대사람 - 횡단중,안전운전불이행,건조,맑음,단일로 - 기타,승용,남,38세,상해없음,보행자,남,65세,경상
2016052800100399,2016년 5월 28일 15시,토요일,경상북도 포항시 남구 해도동,중상사고,0,1,0,0,차대사람 - 기타,안전운전불이행,건조,맑음,단일로 - 기타,승용,남,39세,상해없음,보행자,여,11세,중상
2016052800100443,2016년 5월 28일 16시,토요일,경상북도 경주시 황성동,중상사고,0,1,0,0,차대사람 - 횡단중,안전운전불이행,건조,맑음,단일로 - 기타,승용,여,58세,상해없음,보행자,여,6세,중상
2016052800100444,2016년 5월 28일 16시,토요일,경상북도 상주시 화동면,중상사고,0,1,0,0,차대차 - 측면직각충돌,안전운전불이행,건조,맑음,단일로 - 기타,화물,남,50세,상해없음,원동기,여,72세,중상
2016052800100490,2016년 5월 28일 17시,토요일,경상북도 의성군 봉양면,중상사고,0,1,4,0,차대차 - 추돌,안전운전불이행,건조,맑음,단일로 - 기타,화물,남,46세,상해없음,승합,남,56세,중상
2016052800100491,2016년 5월 28일 17시,토요일,경상북도 문경시 윤직동,경상사고,0,0,1,0,차대차 - 측면충돌,안전운전불이행,건조,맑음,단일로 - 기타,승용,남,28세,상해없음,이륜,여,48세,경상
2016052800100492,2016년 5월 28일 17시,토요일,경상북도 구미시 형곡동,중상사고,0,1,0,0,차대차 - 측면충돌,안전운전불이행,건조,맑음,단일로 - 기타,승용,남,56세,상해없음,이륜,남,39세,중상
2016052800100526,2016년 5월 28일 18시,토요일,경상북도 의성군 의성읍,경상사고,0,0,2,0,차대차 - 측면충돌,안전운전불이행,건조,맑음,교차로 - 교차로안,이륜,남,18세,경상,승용,남,71세,경상
2016052800100553,2016년 5월 28일 19시,토요일,경상북도 경산시 하양읍,경상사고,0,0,2,0,차대차 - 정면충돌,안전운전불이행,건조,맑음,교차로 - 교차로부근,승용,남,53세,상해없음,승용,여,59세,경상
2016052800100554,2016년 5월 28일 19시,토요일,경상북도 고령군 운수면,중상사고,0,1,0,0,차대차 - 측면직각충돌,안전운전불이행,건조,맑음,단일로 - 기타,이륜,남,80세,중상,승용,남,47세,상해없음
2016052800100555,2016년 5월 28일 19시,토요일,경상북도 구미시 구평동,경상사고,0,0,1,0,차대차 - 측면충돌,신호위반,건조,맑음,교차로 - 교차로안,승용,남,24세,상해없음,승용,남,27세,경상
2016052800100587,2016년 5월 28일 20시,토요일,경상북도 포항시 북구 장성동,경상사고,0,0,1,0,차대차 - 정면충돌,안전운전불이행,건조,맑음,교차로 - 교차로안,승합,남,57세,상해없음,승용,여,36세,경상
2016052800100588,2016년 5월 28일 20시,토요일,경상북도 경산시 용성면,중상사고,0,1,0,0,차대차 - 정면충돌,안전운전불이행,건조,맑음,단일로 - 기타,승용,남,60세,상해없음,농기계,남,73세,중상
2016052800100618,2016년 5월 28일 21시,토요일,경상북도 경주시 용강동,경상사고,0,0,1,0,차대차 - 기타,안전운전불이행,건조,맑음,교차로 - 교차로부근,승용,남,30세,상해없음,승용,남,44세,상해없음
2016052800100619,2016년 5월 28일 21시,토요일,경상북도 의성군 금성면,중상사고,0,1,0,0,차량단독 - 전도전복,안전운전불이행,건조,맑음,단일로 - 기타,승용,남,25세,중상,,,,
2016052800100620,2016년 5월 28일 21시,토요일,경상북도 군위군 부계면,중상사고,0,2,11,0,차량단독 - 도로외이탈 - 기타,안전운전불이행,건조,맑음,단일로 - 기타,승합,남,56세,상해없음,,,,
2016052800100661,2016년 5월 28일 22시,토요일,경상북도 포항시 북구 죽도동,경상사고,0,0,1,0,차대차 - 정면충돌,중앙선침범,건조,맑음,교차로 - 교차로안,자전거,남,73세,경상,승용,남,58세,상해없음
2016052800100662,2016년 5월 28일 22시,토요일,경상북도 경산시 조영동,경상사고,0,0,5,0,차대차 - 측면충돌,중앙선침범,건조,맑음,교차로 - 교차로부근,승용,남,27세,상해없음,승용,여,37세,경상
2016052800100684,2016년 5월 28일 23시,토요일,경상북도 포항시 북구 덕수동,중상사고,0,1,0,0,차대차 - 측면충돌,안전운전불이행,건조,맑음,단일로 - 기타,승용,남,59세,상해없음,원동기,남,25세,중상
2016052800100685,2016년 5월 28일 23시,토요일,경상북도 성주군 초전면,경상사고,0,0,1,0,차량단독 - 전도전복,안전운전불이행,건조,맑음,기타 - 기타,승용,남,22세,상해없음,,,,
2016052900100017,2016년 5월 29일 00시,일요일,경상북도 영주시 영주동,경상사고,0,0,1,0,차대차 - 기타,안전운전불이행,건조,맑음,단일로 - 기타,승용,남,50세,상해없음,자전거,남,39세,경상
2016052900100060,2016년 5월 29일 03시,일요일,경상북도 영천시 고경면,중상사고,0,1,0,0,차량단독 - 전도전복,기타,건조,맑음,단일로 - 기타,승용,여,29세,중상,,,,
2016052900100061,2016년 5월 29일 03시,일요일,경상북도 경산시 용성면,중상사고,0,1,0,0,차대차 - 정면충돌,안전운전불이행,건조,맑음,단일로 - 기타,승용,남,38세,상해없음,승용,남,46세,중상
2016052900100076,2016년 5월 29일 04시,일요일,경상북도 포항시 남구 송도동,사망사고,1,0,0,0,차대사람 - 기타,안전운전불이행,건조,맑음,단일로 - 기타,승용,남,60세,상해없음,보행자,여,18세,사망
2016052900100096,2016년 5월 29일 06시,일요일,경상북도 경주시 구정동,중상사고,0,1,0,0,차량단독 - 전도전복,안전운전불이행,건조,맑음,교차로 - 교차로안,승용,여,33세,중상,,,,
2016052900100097,2016년 5월 29일 06시,일요일,경상북도 포항시 북구 남빈동,경상사고,0,0,2,0,차대차 - 측면충돌,신호위반,건조,맑음,교차로 - 교차로안,승용,남,65세,상해없음,승용,남,57세,경상
2016052900100098,2016년 5월 29일 06시,일요일,경상북도 경산시 중방동,중상사고,0,1,0,0,차대차 - 정면충돌,안전운전불이행,건조,맑음,교차로 - 교차로부근,승용,남,22세,상해없음,승용,남,21세,중상
2016052900100099,2016년 5월 29일 06시,일요일,경상북도 봉화군 봉성면,중상사고,0,2,1,0,차량단독 - 전도전복,안전운전불이행,건조,맑음,단일로 - 기타,승용,남,55세,중상,,,,
2016052900100103,2016년 5월 29일 07시,일요일,경상북도 영주시 휴천동,경상사고,0,0,1,0,차대차 - 측면충돌,직진우회전진행방해,건조,맑음,교차로 - 교차로안,화물,남,61세,상해없음,승합,남,58세,경상
2016052900100104,2016년 5월 29일 07시,일요일,경상북도 칠곡군 왜관읍,경상사고,0,0,1,0,차대사람 - 기타,안전운전불이행,습기,비,단일로 - 기타,승용,남,63세,상해없음,보행자,남,20세,경상
2016052900100121,2016년 5월 29일 08시,일요일,경상북도 김천시 황금동,중상사고,0,1,0,0,차대차 - 측면충돌,안전운전불이행,건조,맑음,단일로 - 기타,승용,남,46세,중상,승용,여,26세,상해없음
2016052900100122,2016년 5월 29일 08시,일요일,경상북도 김천시 남산동,중상사고,0,1,0,0,차대차 - 정면충돌,안전운전불이행,건조,맑음,단일로 - 기타,승용,남,46세,중상,승용,남,63세,상해없음
2016052900100152,2016년 5월 29일 10시,일요일,경상북도 경산시 서상동,중상사고,0,1,0,0,차대차 - 기타,안전운전불이행,건조,맑음,단일로 - 기타,승용,남,44세,상해없음,승용,남,48세,중상
2016052900100170,2016년 5월 29일 11시,일요일,경상북도 구미시 인의동,중상사고,0,1,0,0,차대차 - 측면충돌,안전운전불이행,건조,맑음,단일로 - 기타,원동기,남,23세,중상,승용,여,27세,상해없음
2016052900100171,2016년 5월 29일 11시,일요일,경상북도 포항시 남구 대잠동,중상사고,0,1,0,0,차대차 - 정면충돌,교차로운행방법위반,건조,맑음,교차로 - 교차로안,승합,남,41세,상해없음,이륜,남,23세,중상
2016052900100192,2016년 5월 29일 12시,일요일,경상북도 구미시 옥계동,중상사고,0,1,0,0,차대차 - 정면충돌,교차로운행방법위반,건조,맑음,교차로 - 교차로안,승용,남,38세,상해없음,승용,남,47세,중상
2016052900100193,2016년 5월 29일 12시,일요일,경상북도 포항시 남구 대송면,경상사고,0,0,6,3,차대차 - 측면충돌,안전운전불이행,건조,맑음,단일로 - 기타,화물,남,40세,상해없음,승합,남,53세,경상
2016052900100194,2016년 5월 29일 12시,일요일,경상북도 구미시 옥성면,중상사고,0,1,1,0,차대차 - 기타,안전거리미확보,건조,맑음,단일로 - 기타,기타불명,기타불명,기타불명,기타불명,승용,여,47세,중상
2016052900100213,2016년 5월 29일 13시,일요일,경상북도 안동시 안기동,경상사고,0,0,1,0,차대차 - 측면충돌,신호위반,건조,맑음,교차로 - 교차로안,승용,남,83세,상해없음,승용,여,32세,경상
2016052900100214,2016년 5월 29일 13시,일요일,경상북도 상주시 신봉동,사망사고,1,0,0,0,차대차 - 추돌,안전운전불이행,건조,맑음,교차로 - 교차로부근,원동기,남,16세,사망,승용,남,40세,상해없음
2016052900100215,2016년 5월 29일 13시,일요일,경상북도 영천시 청통면,경상사고,0,0,3,0,차대차 - 측면충돌,안전운전불이행,건조,맑음,단일로 - 기타,승용,남,57세,경상,승용,남,57세,경상
2016052900100216,2016년 5월 29일 13시,일요일,경상북도 구미시 원평동,중상사고,0,1,0,1,차대차 - 측면충돌,안전운전불이행,건조,맑음,단일로 - 기타,화물,남,54세,부상신고,승용,남,28세,중상
2016052900100247,2016년 5월 29일 14시,일요일,경상북도 칠곡군 왜관읍,중상사고,0,1,0,0,차량단독 - 기타,기타,건조,맑음,단일로 - 기타,화물,남,53세,상해없음,,,,
2016052900100267,2016년 5월 29일 15시,일요일,경상북도 경주시 용강동,중상사고,0,1,0,0,차대차 - 추돌,안전운전불이행,건조,맑음,교차로 - 교차로부근,이륜,남,16세,중상,승용,여,47세,상해없음
2016052900100268,2016년 5월 29일 15시,일요일,경상북도 포항시 남구 동해면,경상사고,0,0,5,0,차대차 - 측면충돌,직진우회전진행방해,건조,맑음,교차로 - 교차로안,승용,남,49세,경상,승용,남,50세,경상
2016052900100304,2016년 5월 29일 16시,일요일,경상북도 포항시 북구 장성동,중상사고,0,1,0,0,차대차 - 측면충돌,안전운전불이행,건조,맑음,단일로 - 횡단보도상,승용,남,50세,상해없음,자전거,남,11세,중상
2016052900100305,2016년 5월 29일 16시,일요일,경상북도 고령군 대가야읍,경상사고,0,0,3,0,차대차 - 측면직각충돌,안전운전불이행,건조,맑음,교차로 - 교차로안,화물,남,55세,상해없음,승용,남,19세,경상
2016052900100306,2016년 5월 29일 16시,일요일,경상북도 구미시 선산읍,중상사고,0,2,1,0,차대차 - 측면직각충돌,안전운전불이행,건조,맑음,교차로 - 교차로안,승용,남,40세,기타불명,승용,여,39세,중상
2016052900100340,2016년 5월 29일 17시,일요일,경상북도 경주시 황오동,경상사고,0,0,1,0,차대차 - 측면직각충돌,안전운전불이행,건조,맑음,단일로 - 기타,자전거,남,77세,경상,승용,남,25세,상해없음
2016052900100341,2016년 5월 29일 17시,일요일,경상북도 안동시 운흥동,중상사고,0,1,1,0,차대차 - 정면충돌,직진우회전진행방해,건조,맑음,교차로 - 교차로안,승용,여,23세,상해없음,승용,남,30세,경상
2016052900100342,2016년 5월 29일 17시,일요일,경상북도 경산시 조영동,경상사고,0,0,3,0,차대차 - 측면충돌,직진우회전진행방해,건조,맑음,교차로 - 교차로안,승용,남,21세,경상,승용,남,29세,경상
2016052900100367,2016년 5월 29일 18시,일요일,경상북도 경주시 강동면,경상사고,0,0,4,0,차대차 - 측면충돌,신호위반,건조,맑음,교차로 - 교차로안,승용,남,54세,상해없음,승용,여,40세,경상
2016052900100368,2016년 5월 29일 18시,일요일,경상북도 안동시 풍산읍,부상신고사고,0,0,0,1,차대차 - 추돌,안전운전불이행,건조,맑음,교차로 - 교차로안,이륜,남,74세,부상신고,화물,남,44세,기타불명
2016052900100369,2016년 5월 29일 18시,일요일,경상북도 상주시 남성동,경상사고,0,0,1,0,차대사람 - 기타,안전운전불이행,건조,맑음,단일로 - 기타,승용,여,37세,기타불명,보행자,여,53세,경상
2016052900100391,2016년 5월 29일 19시,일요일,경상북도 포항시 북구 장성동,중상사고,0,1,0,0,차대차 - 측면충돌,안전운전불이행,건조,맑음,단일로 - 기타,승용,여,37세,상해없음,원동기,남,30세,중상
2016052900100422,2016년 5월 29일 20시,일요일,경상북도 구미시 원평동,경상사고,0,0,1,0,차대사람 - 기타,안전운전불이행,건조,맑음,단일로 - 기타,승용,남,45세,상해없음,보행자,남,44세,경상
2016052900100439,2016년 5월 29일 21시,일요일,경상북도 경산시 중방동,경상사고,0,0,2,0,차대차 - 측면충돌,중앙선침범,건조,맑음,단일로 - 기타,승용,남,42세,상해없음,승용,여,43세,경상
2016052900100440,2016년 5월 29일 21시,일요일,경상북도 울진군 울진읍,부상신고사고,0,0,0,1,차대차 - 측면충돌,안전운전불이행,건조,맑음,단일로 - 기타,원동기,남,19세,부상신고,승용,여,47세,상해없음
2016052900100459,2016년 5월 29일 22시,일요일,경상북도 칠곡군 가산면,부상신고사고,0,0,0,1,차대차 - 측면직각충돌,중앙선침범,건조,맑음,단일로 - 기타,이륜,남,42세,부상신고,승용,여,43세,상해없음
2016053000100009,2016년 5월 30일 00시,월요일,경상북도 경주시 성동동,경상사고,0,0,1,0,차대차 - 측면충돌,안전운전불이행,건조,맑음,교차로 - 교차로안,기타불명,기타불명,기타불명,기타불명,승용,여,57세,경상
2016053000100010,2016년 5월 30일 00시,월요일,경상북도 영주시 하망동,경상사고,0,0,1,0,차대차 - 추돌,안전운전불이행,건조,맑음,단일로 - 기타,승용,남,36세,상해없음,승용,남,62세,경상
2016053000100024,2016년 5월 30일 01시,월요일,경상북도 구미시 원평동,경상사고,0,0,1,0,차대사람 - 횡단중,안전운전불이행,건조,맑음,교차로 - 교차로안,승용,남,46세,상해없음,보행자,남,41세,경상
2016053000100036,2016년 5월 30일 03시,월요일,경상북도 구미시 신동,부상신고사고,0,0,0,1,차량단독 - 전도전복,안전운전불이행,건조,맑음,단일로 - 기타,승용,남,28세,부상신고,,,,
2016053000100041,2016년 5월 30일 04시,월요일,경상북도 구미시 공단동,경상사고,0,0,1,0,차대차 - 기타,신호위반,건조,맑음,교차로 - 교차로안,승용,여,43세,상해없음,승용,여,61세,경상
2016053000100076,2016년 5월 30일 07시,월요일,경상북도 상주시 남성동,중상사고,0,1,0,0,차량단독 - 기타,안전운전불이행,건조,맑음,교차로 - 교차로안,승용,남,68세,상해없음,,,,
2016053000100077,2016년 5월 30일 07시,월요일,경상북도 고령군 개진면,경상사고,0,0,1,0,차대사람 - 기타,안전운전불이행,건조,맑음,단일로 - 기타,승합,남,66세,상해없음,보행자,여,68세,경상
2016053000100078,2016년 5월 30일 07시,월요일,경상북도 구미시 선산읍,중상사고,0,1,0,0,차대차 - 측면충돌,안전운전불이행,건조,맑음,교차로 - 교차로안,승용,여,25세,상해없음,이륜,남,68세,중상
2016053000100115,2016년 5월 30일 08시,월요일,경상북도 포항시 남구 괴동동,중상사고,0,1,0,0,차대차 - 측면직각충돌,직진우회전진행방해,건조,맑음,교차로 - 교차로안,건설기계,남,60세,상해없음,원동기,남,23세,중상
2016053000100116,2016년 5월 30일 08시,월요일,경상북도 포항시 남구 상도동,경상사고,0,0,1,0,차대차 - 측면직각충돌,안전운전불이행,건조,맑음,교차로 - 교차로안,승용,남,67세,상해없음,자전거,남,61세,경상
2016053000100166,2016년 5월 30일 09시,월요일,경상북도 영천시 문외동,중상사고,0,1,0,0,차대차 - 추돌,안전운전불이행,건조,맑음,교차로 - 교차로안,승용,여,27세,상해없음,자전거,남,68세,중상
2016053000100198,2016년 5월 30일 10시,월요일,경상북도 문경시 가은읍,중상사고,0,1,2,0,차대차 - 측면충돌,직진우회전진행방해,건조,맑음,교차로 - 교차로안,화물,남,71세,경상,승용,여,55세,중상