사고번호,사고일시,요일,시군구,사고내용,사망자수,중상자수,경상자수,부상신고자수,사고유형,법규위반,노면상태,기상상태,도로형태,가해운전자 차종,가해운전자 성별,가해운전자 연령,가해운전자 상해정도,피해운전자 차종,피해운전자 성별,피해운전자 연령,피해운전자 상해정도
2016053000100199,2016년 5월 30일 10시,월요일,경상북도 구미시 원평동,중상사고,0,1,0,0,차대차 - 측면직각충돌,안전운전불이행,건조,맑음,교차로 - 교차로안,승용,여,36세,상해없음,원동기,남,28세,중상
2016053000100200,2016년 5월 30일 10시,월요일,경상북도 구미시 송정동,경상사고,0,0,1,0,차대차 - 측면충돌,안전운전불이행,건조,맑음,교차로 - 교차로안,화물,남,56세,상해없음,승용,남,74세,상해없음
2016053000100241,2016년 5월 30일 11시,월요일,경상북도 포항시 북구 우현동,중상사고,0,2,0,0,차대차 - 측면충돌,안전운전불이행,건조,맑음,교차로 - 교차로안,승용,여,57세,중상,승용,남,38세,중상
2016053000100242,2016년 5월 30일 11시,월요일,경상북도 구미시 원평동,중상사고,0,1,0,0,차대차 - 측면충돌,중앙선침범,건조,맑음,단일로 - 기타,승용,여,50세,상해없음,이륜,남,44세,중상
2016053000100269,2016년 5월 30일 12시,월요일,경상북도 포항시 북구 흥해읍,경상사고,0,0,1,0,차대차 - 정면충돌,직진우회전진행방해,건조,맑음,교차로 - 교차로안,승용,남,50세,상해없음,승용,여,59세,경상
2016053000100270,2016년 5월 30일 12시,월요일,경상북도 칠곡군 석적읍,경상사고,0,0,6,2,차대차 - 측면충돌,기타,건조,맑음,교차로 - 교차로안,승용,남,50세,경상,승용,남,32세,부상신고
2016053000100271,2016년 5월 30일 12시,월요일,경상북도 칠곡군 기산면,사망사고,1,0,1,0,차대차 - 측면충돌,중앙선침범,건조,맑음,단일로 - 기타,승합,남,28세,상해없음,특수,남,55세,사망
2016053000100272,2016년 5월 30일 12시,월요일,경상북도 청송군 현동면,중상사고,0,1,0,0,차대차 - 측면직각충돌,안전운전불이행,건조,맑음,단일로 - 기타,승용,남,40세,상해없음,농기계,남,56세,중상
2016053000100273,2016년 5월 30일 12시,월요일,경상북도 포항시 남구 송도동,중상사고,0,1,0,0,차대차 - 추돌,안전운전불이행,건조,맑음,교차로 - 교차로부근,화물,남,61세,상해없음,승용,남,72세,중상
2016053000100302,2016년 5월 30일 13시,월요일,경상북도 영주시 풍기읍,중상사고,0,1,0,0,차대사람 - 횡단중,안전운전불이행,건조,맑음,교차로 - 교차로부근,화물,남,55세,상해없음,보행자,남,68세,중상
2016053000100303,2016년 5월 30일 13시,월요일,경상북도 예천군 호명면,중상사고,0,2,0,0,차대차 - 측면충돌,교차로운행방법위반,건조,맑음,교차로 - 교차로안,화물,남,33세,중상,승용,남,42세,중상
2016053000100343,2016년 5월 30일 14시,월요일,경상북도 경주시 동천동,중상사고,0,1,0,0,차대차 - 측면충돌,안전운전불이행,건조,맑음,교차로 - 교차로안,승용,여,24세,상해없음,자전거,여,43세,중상
2016053000100344,2016년 5월 30일 14시,월요일,경상북도 영천시 북안면,경상사고,0,0,1,0,차대차 - 측면직각충돌,안전운전불이행,건조,맑음,단일로 - 기타,화물,남,59세,상해없음,농기계,남,79세,경상
2016053000100345,2016년 5월 30일 14시,월요일,경상북도 구미시 공단동,경상사고,0,0,2,0,차대차 - 추돌,안전운전불이행,건조,맑음,교차로 - 교차로부근,승용,남,43세,상해없음,승용,남,35세,경상
2016053000100388,2016년 5월 30일 15시,월요일,경상북도 포항시 북구 창포동,경상사고,0,0,1,0,차대차 - 추돌,안전운전불이행,건조,맑음,단일로 - 기타,승용,남,54세,상해없음,승용,남,58세,경상
2016053000100389,2016년 5월 30일 15시,월요일,경상북도 경산시 사동,경상사고,0,0,1,0,차대사람 - 보도통행중,보행자보호의무위반,건조,맑음,교차로 - 교차로안,승합,남,54세,상해없음,보행자,여,8세,경상
2016053000100390,2016년 5월 30일 15시,월요일,경상북도 포항시 남구 오천읍,경상사고,0,0,1,0,차대차 - 측면직각충돌,안전운전불이행,건조,맑음,교차로 - 교차로안,승합,남,24세,경상,화물,남,53세,상해없음
2016053000100427,2016년 5월 30일 16시,월요일,경상북도 문경시 점촌동,경상사고,0,0,1,0,차대차 - 추돌,안전운전불이행,건조,맑음,단일로 - 기타,자전거,남,15세,경상,승용,남,48세,상해없음
2016053000100428,2016년 5월 30일 16시,월요일,경상북도 구미시 고아읍,경상사고,0,0,1,1,차대사람 - 횡단중,안전운전불이행,건조,맑음,단일로 - 기타,자전거,남,14세,부상신고,보행자,남,50세,경상
2016053000100429,2016년 5월 30일 16시,월요일,경상북도 포항시 남구 효자동,중상사고,0,2,0,0,차대차 - 기타,기타,건조,맑음,교차로 - 교차로안,승용,여,37세,상해없음,승용,여,44세,중상
2016053000100430,2016년 5월 30일 16시,월요일,경상북도 포항시 남구 연일읍,경상사고,0,0,1,0,차대차 - 측면직각충돌,중앙선침범,건조,맑음,단일로 - 기타,승용,남,48세,상해없음,승용,남,39세,경상
2016053000100469,2016년 5월 30일 17시,월요일,경상북도 영주시 안정면,경상사고,0,0,1,0,차대차 - 추돌,안전운전불이행,건조,맑음,단일로 - 기타,자전거,남,56세,경상,승용,남,36세,기타불명
2016053000100521,2016년 5월 30일 18시,월요일,경상북도 칠곡군 왜관읍,중상사고,0,1,0,0,차대사람 - 횡단중,안전운전불이행,건조,맑음,교차로 - 교차로안,승용,여,36세,상해없음,보행자,여,15세,중상
2016053000100522,2016년 5월 30일 18시,월요일,경상북도 경산시 옥곡동,중상사고,0,1,1,0,차대차 - 정면충돌,안전운전불이행,건조,맑음,단일로 - 기타,화물,남,58세,상해없음,승용,남,43세,중상
2016053000100523,2016년 5월 30일 18시,월요일,경상북도 청도군 화양읍,중상사고,0,1,0,0,차량단독 - 전도전복,안전운전불이행,건조,맑음,단일로 - 기타,자전거,남,55세,중상,,,,
2016053000100524,2016년 5월 30일 18시,월요일,경상북도 청송군 진보면,중상사고,0,1,0,0,차대사람 - 기타,안전운전불이행,건조,맑음,단일로 - 기타,승용,여,57세,상해없음,보행자,남,58세,중상
2016053000100525,2016년 5월 30일 18시,월요일,경상북도 포항시 남구 오천읍,경상사고,0,0,1,0,차대차 - 측면직각충돌,안전운전불이행,건조,맑음,단일로 - 기타,화물,여,46세,상해없음,자전거,남,63세,경상
2016053000100558,2016년 5월 30일 19시,월요일,경상북도 포항시 북구 장성동,경상사고,0,0,1,0,차대차 - 기타,안전운전불이행,건조,맑음,단일로 - 기타,승용,여,43세,상해없음,자전거,남,18세,경상
2016053000100559,2016년 5월 30일 19시,월요일,경상북도 김천시 개령면,경상사고,0,0,1,0,차대사람 - 길가장자리구역통행중,안전운전불이행,건조,맑음,단일로 - 기타,화물,남,66세,상해없음,보행자,남,77세,경상
2016053000100560,2016년 5월 30일 19시,월요일,경상북도 구미시 옥계동,경상사고,0,0,1,1,차대차 - 측면충돌,신호위반,건조,맑음,교차로 - 교차로안,이륜,남,27세,부상신고,이륜,남,33세,경상
2016053000100561,2016년 5월 30일 19시,월요일,경상북도 구미시 공단동,중상사고,0,1,0,0,차대사람 - 횡단중,안전운전불이행,건조,맑음,교차로 - 교차로안,승합,남,53세,상해없음,보행자,남,73세,중상
2016053000100588,2016년 5월 30일 20시,월요일,경상북도 김천시 황금동,경상사고,0,0,1,0,차대사람 - 횡단중,보행자보호의무위반,건조,맑음,단일로 - 횡단보도상,이륜,남,58세,상해없음,보행자,여,80세,경상
2016053000100589,2016년 5월 30일 20시,월요일,경상북도 의성군 단밀면,중상사고,0,2,0,0,차대차 - 추돌,안전운전불이행,건조,맑음,단일로 - 기타,화물,남,71세,중상,농기계,남,49세,중상
2016053000100590,2016년 5월 30일 20시,월요일,경상북도 영천시 금호읍,경상사고,0,0,1,0,차대차 - 추돌,안전운전불이행,건조,맑음,교차로 - 교차로부근,원동기,남,59세,경상,승용,여,50세,상해없음
2016053000100591,2016년 5월 30일 20시,월요일,경상북도 청송군 파천면,경상사고,0,0,1,0,차대차 - 추돌,안전거리미확보,건조,맑음,단일로 - 기타,승용,남,74세,상해없음,승용,남,77세,경상
2016053000100592,2016년 5월 30일 20시,월요일,경상북도 구미시 공단동,중상사고,0,1,2,0,차대차 - 추돌,안전운전불이행,건조,맑음,교차로 - 교차로부근,승용,여,65세,경상,승용,여,38세,중상
2016053000100619,2016년 5월 30일 21시,월요일,경상북도 구미시 진평동,부상신고사고,0,0,0,1,차대차 - 측면충돌,안전운전불이행,건조,맑음,단일로 - 기타,이륜,남,22세,부상신고,승용,남,56세,상해없음
2016053000100641,2016년 5월 30일 22시,월요일,경상북도 경주시 안강읍,중상사고,0,1,0,0,차대차 - 기타,안전운전불이행,건조,맑음,단일로 - 기타,승용,남,29세,중상,승용,여,27세,상해없음
2016053000100642,2016년 5월 30일 22시,월요일,경상북도 경산시 하양읍,경상사고,0,0,1,0,차대차 - 추돌,안전운전불이행,건조,맑음,단일로 - 기타,승용,남,50세,상해없음,승용,여,61세,경상
2016053000100660,2016년 5월 30일 23시,월요일,경상북도 경주시 성동동,경상사고,0,0,2,0,차대차 - 추돌,안전운전불이행,건조,맑음,교차로 - 교차로안,승용,남,46세,상해없음,승용,여,35세,경상
2016053000100661,2016년 5월 30일 23시,월요일,경상북도 포항시 북구 용흥동,중상사고,0,1,0,0,차대차 - 측면충돌,안전운전불이행,건조,맑음,단일로 - 기타,자전거,남,49세,중상,승용,남,26세,상해없음
2016053000100662,2016년 5월 30일 23시,월요일,경상북도 영주시 하망동,경상사고,0,0,1,0,차대사람 - 횡단중,보행자보호의무위반,건조,맑음,교차로 - 교차로부근,승용,여,50세,상해없음,보행자,여,40세,경상
2016053000100663,2016년 5월 30일 23시,월요일,경상북도 경산시 진량읍,중상사고,0,1,0,0,차대차 - 기타,안전운전불이행,건조,맑음,단일로 - 기타,승용,남,63세,상해없음,원동기,남,61세,중상
2016053100100031,2016년 5월 31일 02시,화요일,경상북도 경산시 하양읍,중상사고,0,1,0,0,차대사람 - 횡단중,신호위반,건조,맑음,교차로 - 교차로안,승용,여,51세,상해없음,보행자,남,38세,중상
2016053100100051,2016년 5월 31일 05시,화요일,경상북도 상주시 공검면,경상사고,0,0,1,0,차대차 - 추돌,안전운전불이행,건조,맑음,단일로 - 기타,승용,남,25세,상해없음,화물,남,34세,경상
2016053100100119,2016년 5월 31일 08시,화요일,경상북도 구미시 송정동,중상사고,0,1,0,0,차대차 - 측면직각충돌,안전운전불이행,건조,맑음,교차로 - 교차로안,승용,남,74세,상해없음,승용,여,32세,중상
2016053100100147,2016년 5월 31일 09시,화요일,경상북도 경주시 성건동,중상사고,0,1,0,0,차대차 - 측면직각충돌,안전운전불이행,건조,맑음,단일로 - 기타,자전거,여,74세,중상,승용,여,45세,상해없음
2016053100100148,2016년 5월 31일 09시,화요일,경상북도 경주시 건천읍,경상사고,0,0,1,0,차대차 - 추돌,안전운전불이행,건조,맑음,단일로 - 기타,승용,남,58세,경상,특수,남,39세,상해없음
2016053100100184,2016년 5월 31일 10시,화요일,경상북도 포항시 북구 장성동,경상사고,0,0,1,0,차대차 - 측면직각충돌,안전운전불이행,건조,맑음,단일로 - 기타,기타불명,기타불명,기타불명,기타불명,이륜,남,79세,경상
2016053100100185,2016년 5월 31일 10시,화요일,경상북도 경산시 중방동,경상사고,0,0,2,0,차대차 - 기타,직진우회전진행방해,건조,맑음,교차로 - 교차로안,승용,남,56세,경상,승합,남,64세,경상
2016053100100186,2016년 5월 31일 10시,화요일,경상북도 군위군 소보면,중상사고,0,1,1,0,차대차 - 추돌,안전운전불이행,건조,맑음,단일로 - 기타,승용,남,68세,기타불명,화물,남,45세,중상
2016053100100213,2016년 5월 31일 11시,화요일,경상북도 포항시 북구 송라면,중상사고,0,1,1,0,차대차 - 추돌,안전운전불이행,건조,맑음,교차로 - 교차로부근,화물,남,79세,상해없음,승용,남,64세,상해없음
2016053100100214,2016년 5월 31일 11시,화요일,경상북도 포항시 북구 창포동,경상사고,0,0,1,0,차대차 - 정면충돌,안전거리미확보,건조,맑음,교차로 - 교차로안,승합,남,31세,상해없음,승용,남,66세,상해없음
2016053100100216,2016년 5월 31일 11시,화요일,경상북도 문경시 흥덕동,중상사고,0,1,0,0,차대사람 - 횡단중,안전운전불이행,건조,맑음,교차로 - 교차로부근,화물,남,74세,상해없음,보행자,여,47세,중상
2016053100100217,2016년 5월 31일 11시,화요일,경상북도 경산시 진량읍,중상사고,0,1,0,0,차대차 - 기타,안전운전불이행,건조,맑음,단일로 - 기타,이륜,남,61세,중상,승용,남,23세,상해없음
2016053100100275,2016년 5월 31일 13시,화요일,경상북도 포항시 북구 양덕동,경상사고,0,0,2,0,차대차 - 정면충돌,안전운전불이행,건조,맑음,교차로 - 교차로안,승용,남,66세,경상,승용,남,35세,경상
2016053100100303,2016년 5월 31일 14시,화요일,경상북도 포항시 북구 장성동,경상사고,0,0,2,0,차대차 - 측면충돌,교차로운행방법위반,건조,맑음,교차로 - 교차로안,승용,남,57세,상해없음,승용,여,35세,경상
2016053100100304,2016년 5월 31일 14시,화요일,경상북도 울진군 평해읍,사망사고,1,0,4,0,차대차 - 추돌,안전운전불이행,건조,맑음,단일로 - 기타,승합,남,22세,경상,특수,남,51세,경상
2016053100100305,2016년 5월 31일 14시,화요일,경상북도 문경시 문경읍,중상사고,0,1,3,0,차대차 - 추돌,안전운전불이행,건조,맑음,단일로 - 터널,화물,남,51세,상해없음,승용,여,49세,경상
2016053100100335,2016년 5월 31일 15시,화요일,경상북도 영천시 야사동,경상사고,0,0,1,0,차대사람 - 기타,안전운전불이행,건조,맑음,교차로 - 교차로부근,승용,여,40세,상해없음,보행자,남,9세,경상
2016053100100336,2016년 5월 31일 15시,화요일,경상북도 경산시 압량면,경상사고,0,0,1,0,차대차 - 측면직각충돌,직진우회전진행방해,건조,맑음,교차로 - 교차로안,화물,남,32세,상해없음,이륜,남,26세,경상
2016053100100382,2016년 5월 31일 16시,화요일,경상북도 김천시 평화동,경상사고,0,0,1,0,차대차 - 측면충돌,안전운전불이행,건조,맑음,단일로 - 기타,승용,남,52세,상해없음,승합,여,55세,경상
2016053100100426,2016년 5월 31일 17시,화요일,경상북도 포항시 북구 항구동,중상사고,0,1,1,0,차대차 - 측면충돌,안전운전불이행,건조,맑음,교차로 - 교차로안,승용,남,52세,상해없음,이륜,여,17세,중상
2016053100100466,2016년 5월 31일 18시,화요일,경상북도 안동시 용상동,중상사고,0,1,0,0,차대차 - 정면충돌,교차로운행방법위반,건조,맑음,교차로 - 교차로안,승용,남,56세,상해없음,승용,여,38세,중상
2016053100100467,2016년 5월 31일 18시,화요일,경상북도 문경시 점촌동,경상사고,0,0,1,0,차대사람 - 횡단중,보행자보호의무위반,건조,맑음,교차로 - 교차로부근,승용,남,65세,상해없음,보행자,여,26세,경상
2016053100100468,2016년 5월 31일 18시,화요일,경상북도 상주시 낙동면,중상사고,0,4,3,0,차대차 - 추돌,안전운전불이행,건조,맑음,단일로 - 기타,승합,남,63세,중상,화물,남,43세,경상
2016053100100499,2016년 5월 31일 19시,화요일,경상북도 문경시 모전동,경상사고,0,0,1,0,차대차 - 측면충돌,안전운전불이행,건조,맑음,교차로 - 교차로부근,이륜,남,19세,경상,승용,남,64세,상해없음
2016053100100500,2016년 5월 31일 19시,화요일,경상북도 청송군 부남면,중상사고,0,2,0,0,차대차 - 정면충돌,중앙선침범,건조,맑음,교차로 - 교차로부근,화물,남,56세,상해없음,화물,남,57세,중상
2016053100100501,2016년 5월 31일 19시,화요일,경상북도 포항시 남구 효자동,중상사고,0,1,0,0,차대차 - 측면직각충돌,안전운전불이행,건조,맑음,단일로 - 기타,승용,여,27세,상해없음,자전거,남,62세,중상
2016053100100524,2016년 5월 31일 20시,화요일,경상북도 구미시 황상동,경상사고,0,0,2,0,차대차 - 측면충돌,안전운전불이행,건조,맑음,교차로 - 교차로부근,화물,남,59세,상해없음,승용,남,24세,경상
2016053100100556,2016년 5월 31일 21시,화요일,경상북도 문경시 산양면,중상사고,0,1,6,0,차대차 - 추돌,안전거리미확보,건조,맑음,단일로 - 기타,승용,남,37세,상해없음,승합,남,47세,상해없음
2016053100100557,2016년 5월 31일 21시,화요일,경상북도 경산시 사동,경상사고,0,0,2,0,차대사람 - 횡단중,안전운전불이행,건조,맑음,단일로 - 기타,이륜,남,24세,경상,보행자,여,64세,경상
2016053100100558,2016년 5월 31일 21시,화요일,경상북도 봉화군 명호면,경상사고,0,0,2,0,차대차 - 정면충돌,중앙선침범,건조,맑음,단일로 - 기타,승합,여,50세,상해없음,승합,남,47세,경상
2016053100100559,2016년 5월 31일 21시,화요일,경상북도 포항시 남구 대도동,중상사고,0,1,0,0,차대차 - 기타,안전운전불이행,건조,맑음,단일로 - 기타,승용,남,57세,상해없음,원동기,남,47세,중상
2016060100100014,2016년 6월 1일 00시,수요일,경상북도 구미시 송정동,경상사고,0,0,1,0,차대차 - 추돌,안전운전불이행,건조,맑음,단일로 - 기타,승용,여,40세,상해없음,승용,여,58세,경상
2016060100100015,2016년 6월 1일 00시,수요일,경상북도 포항시 남구 이동,경상사고,0,0,1,0,차대차 - 측면충돌,안전운전불이행,건조,맑음,단일로 - 기타,원동기,남,24세,경상,승용,남,51세,상해없음
2016060100100033,2016년 6월 1일 01시,수요일,경상북도 포항시 남구 해도동,경상사고,0,0,1,0,차대차 - 기타,안전운전불이행,건조,맑음,단일로 - 교량,승용,남,31세,경상,건설기계,남,34세,기타불명
2016060100100041,2016년 6월 1일 02시,수요일,경상북도 포항시 남구 동해면,사망사고,1,0,0,0,차량단독 - 전도전복,안전운전불이행,건조,맑음,단일로 - 기타,이륜,남,64세,사망,,,,
2016060100100056,2016년 6월 1일 04시,수요일,경상북도 영천시 금호읍,중상사고,0,1,0,0,차대사람 - 횡단중,안전운전불이행,건조,맑음,단일로 - 기타,기타불명,기타불명,기타불명,기타불명,보행자,여,79세,중상
2016060100100060,2016년 6월 1일 05시,수요일,경상북도 안동시 정하동,중상사고,0,1,0,0,차대차 - 측면직각충돌,교차로운행방법위반,건조,맑음,교차로 - 교차로안,건설기계,남,60세,상해없음,승합,남,57세,중상
2016060100100071,2016년 6월 1일 06시,수요일,경상북도 칠곡군 북삼읍,중상사고,0,1,0,0,차대차 - 정면충돌,교차로운행방법위반,건조,맑음,교차로 - 교차로안,승용,남,50세,상해없음,농기계,남,75세,중상
2016060100100095,2016년 6월 1일 07시,수요일,경상북도 문경시 모전동,경상사고,0,0,1,0,차대차 - 측면충돌,안전운전불이행,건조,맑음,교차로 - 교차로안,승용,남,66세,상해없음,자전거,남,46세,경상
2016060100100096,2016년 6월 1일 07시,수요일,경상북도 경산시 진량읍,경상사고,0,0,1,0,차대차 - 측면충돌,안전운전불이행,건조,맑음,단일로 - 기타,화물,남,58세,상해없음,승용,남,27세,경상
2016060100100132,2016년 6월 1일 08시,수요일,경상북도 안동시 용상동,중상사고,0,2,1,0,차대차 - 추돌,안전거리미확보,건조,맑음,단일로 - 기타,승용,남,40세,상해없음,승용,남,61세,경상
2016060100100164,2016년 6월 1일 09시,수요일,경상북도 포항시 북구 흥해읍,중상사고,0,1,1,0,차대차 - 정면충돌,안전운전불이행,건조,맑음,교차로 - 교차로안,승용,여,59세,경상,승용,여,51세,중상
2016060100100165,2016년 6월 1일 09시,수요일,경상북도 포항시 북구 기계면,부상신고사고,0,0,0,1,차대차 - 측면직각충돌,안전운전불이행,건조,맑음,단일로 - 기타,농기계,남,72세,부상신고,화물,여,44세,상해없음
2016060100100166,2016년 6월 1일 09시,수요일,경상북도 김천시 부곡동,중상사고,0,1,0,0,차대사람 - 횡단중,보행자보호의무위반,건조,맑음,교차로 - 교차로안,승용,여,50세,상해없음,보행자,남,75세,중상
2016060100100167,2016년 6월 1일 09시,수요일,경상북도 상주시 모동면,중상사고,0,1,0,0,차대사람 - 길가장자리구역통행중,교차로운행방법위반,건조,맑음,교차로 - 교차로안,승합,여,45세,상해없음,보행자,여,69세,중상
2016060100100168,2016년 6월 1일 09시,수요일,경상북도 영주시 하망동,경상사고,0,0,1,0,차대차 - 추돌,안전운전불이행,건조,맑음,단일로 - 기타,승용,여,33세,상해없음,승용,여,47세,경상
2016060100100169,2016년 6월 1일 09시,수요일,경상북도 구미시 도량동,경상사고,0,0,2,0,차대차 - 측면충돌,안전운전불이행,건조,맑음,단일로 - 기타,승용,여,26세,경상,승용,남,43세,경상
2016060100100170,2016년 6월 1일 09시,수요일,경상북도 포항시 남구 송도동,경상사고,0,0,2,1,차대차 - 추돌,안전운전불이행,건조,맑음,단일로 - 교량,승용,남,57세,상해없음,승용,남,43세,부상신고
2016060100100201,2016년 6월 1일 10시,수요일,경상북도 경주시 건천읍,경상사고,0,0,1,0,차대차 - 측면직각충돌,안전운전불이행,건조,맑음,단일로 - 기타,건설기계,남,46세,상해없음,건설기계,남,45세,상해없음
2016060100100202,2016년 6월 1일 10시,수요일,경상북도 안동시 운흥동,경상사고,0,0,1,0,차대차 - 측면직각충돌,교차로운행방법위반,건조,맑음,교차로 - 교차로안,승용,남,46세,상해없음,화물,남,45세,경상
2016060100100203,2016년 6월 1일 10시,수요일,경상북도 김천시 봉산면,경상사고,0,0,1,0,차대사람 - 기타,교차로운행방법위반,건조,맑음,교차로 - 교차로안,화물,남,60세,상해없음,보행자,여,55세,경상
2016060100100204,2016년 6월 1일 10시,수요일,경상북도 청송군 진보면,경상사고,0,0,2,0,차대차 - 측면충돌,직진우회전진행방해,건조,맑음,교차로 - 교차로안,승용,남,80세,경상,승합,남,38세,상해없음
2016060100100224,2016년 6월 1일 11시,수요일,경상북도 포항시 북구 청하면,중상사고,0,1,0,0,차대사람 - 기타,안전운전불이행,건조,맑음,단일로 - 기타,승합,남,70세,상해없음,보행자,여,82세,중상
2016060100100225,2016년 6월 1일 11시,수요일,경상북도 경산시 자인면,중상사고,0,1,2,0,차대차 - 정면충돌,교차로운행방법위반,건조,맑음,교차로 - 교차로안,승용,여,74세,경상,승용,여,42세,중상
2016060100100226,2016년 6월 1일 11시,수요일,경상북도 경산시 중방동,경상사고,0,0,1,0,차대차 - 기타,안전거리미확보,건조,맑음,교차로 - 교차로안,승합,남,61세,상해없음,화물,남,60세,경상
2016060100100227,2016년 6월 1일 11시,수요일,경상북도 고령군 개진면,사망사고,1,0,0,0,차량단독 - 공작물충돌,안전운전불이행,건조,맑음,기타 - 기타,원동기,남,79세,사망,,,,
2016060100100228,2016년 6월 1일 11시,수요일,경상북도 포항시 남구 오천읍,경상사고,0,0,1,0,차대차 - 추돌,안전운전불이행,건조,맑음,교차로 - 교차로부근,승용,남,39세,상해없음,승용,여,33세,경상
2016060100100253,2016년 6월 1일 12시,수요일,경상북도 영주시 봉현면,중상사고,0,2,0,0,차량단독 - 전도전복,안전운전불이행,건조,맑음,단일로 - 기타,화물,여,63세,중상,,,,
2016060100100254,2016년 6월 1일 12시,수요일,경상북도 칠곡군 약목면,중상사고,0,1,1,0,차대차 - 측면충돌,안전운전불이행,건조,맑음,단일로 - 기타,화물,남,48세,상해없음,승용,남,60세,중상
2016060100100288,2016년 6월 1일 13시,수요일,경상북도 포항시 북구 우현동,중상사고,0,1,0,0,차대사람 - 기타,안전운전불이행,건조,맑음,단일로 - 기타,승합,남,58세,상해없음,보행자,여,72세,중상
2016060100100289,2016년 6월 1일 13시,수요일,경상북도 경산시 옥산동,경상사고,0,0,1,0,차대차 - 기타,안전운전불이행,건조,맑음,단일로 - 기타,승용,남,34세,상해없음,승용,여,53세,경상
2016060100100290,2016년 6월 1일 13시,수요일,경상북도 청도군 운문면,경상사고,0,0,1,0,차대차 - 측면충돌,안전운전불이행,건조,맑음,단일로 - 기타,승용,남,38세,상해없음,승용,여,39세,경상
2016060100100291,2016년 6월 1일 13시,수요일,경상북도 구미시 봉곡동,중상사고,0,1,1,0,차대차 - 측면충돌,교차로운행방법위반,건조,맑음,교차로 - 교차로안,승합,남,64세,중상,승용,여,38세,경상
2016060100100368,2016년 6월 1일 15시,수요일,경상북도 상주시 낙양동,경상사고,0,0,1,0,차대차 - 측면직각충돌,교차로운행방법위반,건조,맑음,교차로 - 교차로안,이륜,남,73세,경상,화물,남,32세,상해없음
2016060100100369,2016년 6월 1일 15시,수요일,경상북도 구미시 공단동,경상사고,0,0,2,0,차대차 - 추돌,안전거리미확보,건조,맑음,교차로 - 교차로부근,화물,남,45세,상해없음,승용,여,48세,경상
2016060100100370,2016년 6월 1일 15시,수요일,경상북도 포항시 남구 해도동,경상사고,0,0,1,0,차대차 - 기타,안전운전불이행,건조,맑음,교차로 - 교차로부근,승용,남,76세,상해없음,원동기,남,55세,경상
2016060100100402,2016년 6월 1일 16시,수요일,경상북도 경주시 건천읍,중상사고,0,1,0,0,차대차 - 측면직각충돌,안전운전불이행,건조,맑음,단일로 - 횡단보도부근,화물,남,61세,상해없음,원동기,남,73세,중상
2016060100100403,2016년 6월 1일 16시,수요일,경상북도 경주시 충효동,경상사고,0,0,1,0,차대사람 - 횡단중,안전운전불이행,건조,맑음,교차로 - 교차로부근,승용,남,61세,상해없음,보행자,남,8세,경상
2016060100100452,2016년 6월 1일 17시,수요일,경상북도 포항시 북구 우현동,경상사고,0,0,1,0,차대사람 - 횡단중,신호위반,건조,맑음,단일로 - 횡단보도상,승용,여,52세,상해없음,보행자,여,59세,경상
2016060100100453,2016년 6월 1일 17시,수요일,경상북도 영천시 임고면,경상사고,0,0,1,0,차대차 - 측면충돌,안전운전불이행,건조,맑음,단일로 - 기타,화물,남,77세,상해없음,농기계,남,76세,경상
2016060100100454,2016년 6월 1일 17시,수요일,경상북도 영천시 고경면,경상사고,0,0,2,0,차대차 - 측면직각충돌,신호위반,건조,맑음,교차로 - 교차로안,승용,여,38세,상해없음,승용,여,34세,경상
2016060100100455,2016년 6월 1일 17시,수요일,경상북도 경산시 신천동,중상사고,0,1,1,0,차대차 - 기타,안전거리미확보,건조,맑음,단일로 - 기타,이륜,남,48세,중상,승용,여,38세,경상
2016060100100498,2016년 6월 1일 18시,수요일,경상북도 경주시 산내면,사망사고,1,0,0,0,차량단독 - 공작물충돌,안전운전불이행,건조,맑음,단일로 - 기타,승용,여,60세,사망,,,,
2016060100100499,2016년 6월 1일 18시,수요일,경상북도 경주시 외동읍,중상사고,0,1,1,0,차대차 - 기타,안전운전불이행,건조,맑음,단일로 - 기타,승합,남,53세,상해없음,이륜,남,48세,경상
2016060100100500,2016년 6월 1일 18시,수요일,경상북도 경산시 압량면,중상사고,0,1,0,0,차대차 - 정면충돌,교차로운행방법위반,건조,맑음,교차로 - 교차로안,승용,남,51세,상해없음,원동기,남,30세,중상
2016060100100501,2016년 6월 1일 18시,수요일,경상북도 청도군 풍각면,중상사고,0,4,0,0,차대차 - 측면직각충돌,안전운전불이행,건조,맑음,단일로 - 기타,승용,여,64세,상해없음,원동기,남,55세,중상
2016060100100529,2016년 6월 1일 19시,수요일,경상북도 경주시 양남면,경상사고,0,0,2,0,차대차 - 측면충돌,안전운전불이행,건조,흐림,단일로 - 기타,승용,남,57세,상해없음,승용,남,24세,경상
2016060100100530,2016년 6월 1일 19시,수요일,경상북도 안동시 송현동,경상사고,0,0,1,0,차대차 - 측면충돌,안전운전불이행,건조,맑음,기타 - 기타,승용,남,60세,상해없음,자전거,남,58세,경상
2016060100100531,2016년 6월 1일 19시,수요일,경상북도 구미시 옥계동,중상사고,0,1,0,0,차대사람 - 기타,안전운전불이행,건조,맑음,교차로 - 교차로부근,화물,여,47세,상해없음,보행자,남,44세,중상