사고번호,사고일시,요일,시군구,사고내용,사망자수,중상자수,경상자수,부상신고자수,사고유형,법규위반,노면상태,기상상태,도로형태,가해운전자 차종,가해운전자 성별,가해운전자 연령,가해운전자 상해정도,피해운전자 차종,피해운전자 성별,피해운전자 연령,피해운전자 상해정도
2016060100100558,2016년 6월 1일 20시,수요일,경상북도 영주시 조암동,중상사고,0,1,0,0,차대차 - 측면충돌,안전운전불이행,건조,맑음,교차로 - 교차로부근,승용,남,45세,상해없음,자전거,남,16세,중상
2016060100100559,2016년 6월 1일 20시,수요일,경상북도 구미시 공단동,중상사고,0,1,0,0,차대차 - 기타,신호위반,건조,맑음,교차로 - 교차로안,이륜,남,38세,중상,승용,남,23세,상해없음
2016060100100560,2016년 6월 1일 20시,수요일,경상북도 포항시 남구 지곡동,경상사고,0,0,1,0,차대차 - 정면충돌,안전운전불이행,건조,맑음,교차로 - 교차로부근,이륜,남,27세,상해없음,이륜,남,24세,경상
2016060100100590,2016년 6월 1일 21시,수요일,경상북도 안동시 광석동,경상사고,0,0,1,0,차대차 - 추돌,신호위반,건조,맑음,단일로 - 기타,이륜,남,20세,경상,승용,남,50세,상해없음
2016060100100591,2016년 6월 1일 21시,수요일,경상북도 영천시 문외동,중상사고,0,1,0,0,차대사람 - 횡단중,보행자보호의무위반,건조,맑음,교차로 - 교차로안,승용,남,62세,상해없음,보행자,여,43세,중상
2016060100100592,2016년 6월 1일 21시,수요일,경상북도 경산시 삼북동,경상사고,0,0,1,0,차대차 - 기타,안전거리미확보,건조,맑음,단일로 - 기타,승용,남,24세,상해없음,이륜,남,46세,경상
2016060100100593,2016년 6월 1일 21시,수요일,경상북도 군위군 군위읍,사망사고,1,0,0,0,차대사람 - 길가장자리구역통행중,안전운전불이행,건조,맑음,교차로 - 교차로부근,승용,남,48세,상해없음,보행자,남,88세,사망
2016060100100623,2016년 6월 1일 22시,수요일,경상북도 경산시 백천동,경상사고,0,0,1,0,차대차 - 측면충돌,신호위반,건조,맑음,교차로 - 교차로부근,승용,여,32세,상해없음,원동기,남,24세,경상
2016060100100624,2016년 6월 1일 22시,수요일,경상북도 김천시 교동,중상사고,0,1,0,0,차대차 - 추돌,안전운전불이행,건조,맑음,단일로 - 기타,화물,남,63세,상해없음,승용,여,49세,중상
2016060200100015,2016년 6월 2일 01시,목요일,경상북도 청도군 청도읍,경상사고,0,0,2,0,차대차 - 추돌,안전운전불이행,건조,맑음,단일로 - 기타,화물,남,54세,경상,화물,남,57세,경상
2016060200100031,2016년 6월 2일 03시,목요일,경상북도 포항시 남구 해도동,중상사고,0,1,1,0,차대차 - 측면직각충돌,안전운전불이행,건조,맑음,교차로 - 교차로안,승용,여,58세,경상,승용,남,23세,중상
2016060200100039,2016년 6월 2일 04시,목요일,경상북도 김천시 아포읍,경상사고,0,0,1,0,차대차 - 추돌,안전운전불이행,건조,맑음,단일로 - 기타,승용,남,32세,경상,화물,남,38세,상해없음
2016060200100064,2016년 6월 2일 06시,목요일,경상북도 청도군 청도읍,중상사고,0,1,1,0,차대차 - 측면충돌,안전운전불이행,건조,맑음,교차로 - 교차로안,승용,여,63세,상해없음,이륜,남,64세,경상
2016060200100092,2016년 6월 2일 07시,목요일,경상북도 경주시 동천동,경상사고,0,0,1,0,차대차 - 측면충돌,신호위반,건조,맑음,교차로 - 교차로부근,승용,여,39세,상해없음,자전거,남,13세,경상
2016060200100093,2016년 6월 2일 07시,목요일,경상북도 안동시 금곡동,중상사고,0,1,0,0,차대사람 - 보도통행중,중앙선침범,건조,맑음,단일로 - 기타,승용,여,44세,상해없음,보행자,여,63세,중상
2016060200100094,2016년 6월 2일 07시,목요일,경상북도 김천시 지좌동,경상사고,0,0,1,0,차대사람 - 기타,안전운전불이행,건조,맑음,단일로 - 기타,승용,남,54세,상해없음,보행자,남,11세,경상
2016060200100095,2016년 6월 2일 07시,목요일,경상북도 영천시 청통면,경상사고,0,0,2,0,차대차 - 측면직각충돌,안전운전불이행,건조,맑음,교차로 - 교차로안,승용,여,62세,경상,승용,남,29세,경상
2016060200100096,2016년 6월 2일 07시,목요일,경상북도 구미시 도량동,경상사고,0,0,1,0,차대차 - 정면충돌,안전운전불이행,건조,맑음,단일로 - 기타,승용,남,55세,기타불명,승용,남,28세,경상
2016060200100097,2016년 6월 2일 07시,목요일,경상북도 포항시 남구 오천읍,경상사고,0,0,2,0,차대차 - 측면충돌,직진우회전진행방해,건조,맑음,교차로 - 교차로안,승용,남,63세,상해없음,승용,남,60세,경상
2016060200100142,2016년 6월 2일 08시,목요일,경상북도 칠곡군 약목면,중상사고,0,1,0,0,차대차 - 정면충돌,교차로운행방법위반,건조,맑음,교차로 - 교차로안,승용,남,54세,상해없음,이륜,남,18세,중상
2016060200100143,2016년 6월 2일 08시,목요일,경상북도 경산시 조영동,경상사고,0,0,1,0,차대사람 - 횡단중,보행자보호의무위반,건조,맑음,교차로 - 교차로안,승용,여,38세,상해없음,보행자,여,33세,경상
2016060200100144,2016년 6월 2일 08시,목요일,경상북도 성주군 선남면,중상사고,0,1,0,0,차대차 - 정면충돌,직진우회전진행방해,건조,맑음,교차로 - 교차로안,승용,남,31세,상해없음,자전거,여,79세,중상
2016060200100145,2016년 6월 2일 08시,목요일,경상북도 울진군 북면,중상사고,0,1,0,0,차대차 - 측면직각충돌,교차로운행방법위반,건조,맑음,교차로 - 교차로안,농기계,남,73세,중상,승용,남,73세,상해없음
2016060200100193,2016년 6월 2일 09시,목요일,경상북도 경주시 서악동,경상사고,0,0,4,0,차대차 - 기타,차로위반,건조,맑음,단일로 - 기타,승용,남,48세,상해없음,승합,남,55세,상해없음
2016060200100194,2016년 6월 2일 09시,목요일,경상북도 경산시 압량면,중상사고,0,1,0,0,차대차 - 정면충돌,안전운전불이행,건조,맑음,교차로 - 교차로부근,화물,남,48세,상해없음,이륜,남,60세,중상
2016060200100220,2016년 6월 2일 10시,목요일,경상북도 경주시 인왕동,중상사고,0,1,0,0,차대차 - 추돌,안전운전불이행,건조,맑음,교차로 - 교차로부근,이륜,남,19세,중상,승합,남,43세,상해없음
2016060200100221,2016년 6월 2일 10시,목요일,경상북도 안동시 풍천면,경상사고,0,0,1,0,차대사람 - 길가장자리구역통행중,안전운전불이행,건조,맑음,단일로 - 기타,승용,여,59세,상해없음,보행자,여,73세,경상
2016060200100222,2016년 6월 2일 10시,목요일,경상북도 칠곡군 기산면,경상사고,0,0,1,1,차대차 - 정면충돌,안전운전불이행,건조,맑음,단일로 - 기타,승용,남,28세,부상신고,특수,남,52세,경상
2016060200100223,2016년 6월 2일 10시,목요일,경상북도 영천시 문외동,경상사고,0,0,1,0,차대사람 - 횡단중,보행자보호의무위반,건조,맑음,교차로 - 교차로부근,승용,남,49세,상해없음,보행자,여,73세,경상
2016060200100224,2016년 6월 2일 10시,목요일,경상북도 경산시 용성면,중상사고,0,1,0,0,차대차 - 기타,안전운전불이행,건조,맑음,단일로 - 기타,승용,남,38세,상해없음,농기계,여,76세,중상
2016060200100225,2016년 6월 2일 10시,목요일,경상북도 포항시 남구 오천읍,경상사고,0,0,2,0,차대차 - 측면충돌,직진우회전진행방해,건조,맑음,교차로 - 교차로안,승용,남,46세,경상,승용,남,49세,경상
2016060200100252,2016년 6월 2일 11시,목요일,경상북도 칠곡군 동명면,중상사고,0,2,0,1,차대차 - 정면충돌,중앙선침범,건조,맑음,단일로 - 기타,승용,남,72세,부상신고,승합,남,38세,중상
2016060200100253,2016년 6월 2일 11시,목요일,경상북도 경산시 조영동,경상사고,0,0,1,0,차대차 - 기타,차로위반,건조,맑음,단일로 - 기타,승용,여,33세,상해없음,승합,남,51세,상해없음
2016060200100254,2016년 6월 2일 11시,목요일,경상북도 예천군 예천읍,중상사고,0,1,0,0,차대차 - 추돌,안전운전불이행,건조,맑음,단일로 - 기타,승용,남,26세,상해없음,승용,여,70세,중상
2016060200100255,2016년 6월 2일 11시,목요일,경상북도 고령군 성산면,중상사고,0,1,0,0,차대차 - 측면직각충돌,교차로운행방법위반,건조,맑음,교차로 - 교차로안,농기계,남,61세,중상,승용,남,66세,상해없음
2016060200100256,2016년 6월 2일 11시,목요일,경상북도 청송군 파천면,경상사고,0,0,2,0,차대차 - 측면직각충돌,중앙선침범,건조,맑음,단일로 - 기타,승용,남,64세,경상,승용,남,61세,경상
2016060200100257,2016년 6월 2일 11시,목요일,경상북도 포항시 남구 대도동,경상사고,0,0,1,0,차대차 - 기타,안전운전불이행,건조,맑음,교차로 - 교차로안,자전거,남,87세,경상,승용,남,32세,상해없음
2016060200100314,2016년 6월 2일 13시,목요일,경상북도 안동시 태화동,경상사고,0,0,1,0,차대차 - 추돌,안전운전불이행,건조,맑음,단일로 - 기타,이륜,남,74세,상해없음,승용,남,22세,경상
2016060200100342,2016년 6월 2일 14시,목요일,경상북도 구미시 선기동,중상사고,0,1,0,0,차대사람 - 기타,안전운전불이행,건조,맑음,단일로 - 기타,이륜,남,18세,상해없음,보행자,여,58세,중상
2016060200100367,2016년 6월 2일 15시,목요일,경상북도 경산시 중방동,중상사고,0,1,0,0,차대차 - 기타,안전운전불이행,건조,맑음,단일로 - 기타,승용,여,43세,상해없음,자전거,여,47세,중상
2016060200100402,2016년 6월 2일 16시,목요일,경상북도 포항시 북구 우현동,경상사고,0,0,1,0,차대차 - 측면충돌,안전운전불이행,건조,맑음,기타 - 기타,승용,남,30세,상해없음,자전거,여,78세,경상
2016060200100403,2016년 6월 2일 16시,목요일,경상북도 포항시 북구 죽도동,경상사고,0,0,1,0,차대차 - 정면충돌,안전운전불이행,건조,맑음,단일로 - 기타,화물,남,48세,상해없음,자전거,여,55세,경상
2016060200100404,2016년 6월 2일 16시,목요일,경상북도 영천시 창구동,경상사고,0,0,1,0,차대차 - 측면직각충돌,신호위반,건조,맑음,교차로 - 교차로안,화물,남,47세,상해없음,승용,남,53세,경상
2016060200100405,2016년 6월 2일 16시,목요일,경상북도 경산시 용성면,중상사고,0,1,0,0,차량단독 - 전도전복,안전운전불이행,건조,맑음,단일로 - 기타,이륜,남,63세,중상,,,,
2016060200100448,2016년 6월 2일 17시,목요일,경상북도 포항시 북구 죽도동,경상사고,0,0,1,0,차대사람 - 길가장자리구역통행중,안전운전불이행,건조,맑음,단일로 - 기타,화물,남,21세,상해없음,보행자,남,35세,경상
2016060200100449,2016년 6월 2일 17시,목요일,경상북도 포항시 북구 환호동,경상사고,0,0,2,0,차량단독 - 전도전복,안전운전불이행,건조,맑음,단일로 - 기타,승합,남,59세,상해없음,,,,
2016060200100450,2016년 6월 2일 17시,목요일,경상북도 포항시 북구 양덕동,경상사고,0,0,2,0,차대차 - 측면충돌,안전운전불이행,건조,맑음,교차로 - 교차로안,승용,여,51세,경상,승용,남,57세,경상
2016060200100451,2016년 6월 2일 17시,목요일,경상북도 안동시 태화동,경상사고,0,0,2,0,차대차 - 측면직각충돌,안전운전불이행,건조,맑음,단일로 - 기타,승용,남,57세,상해없음,승용,여,49세,경상
2016060200100452,2016년 6월 2일 17시,목요일,경상북도 구미시 공단동,중상사고,0,1,0,0,차대차 - 기타,기타,건조,맑음,단일로 - 기타,원동기,남,52세,상해없음,자전거,남,36세,중상
2016060200100453,2016년 6월 2일 17시,목요일,경상북도 구미시 임은동,경상사고,0,0,1,0,차대차 - 측면충돌,안전운전불이행,건조,맑음,교차로 - 교차로부근,원동기,남,68세,경상,승용,남,30세,상해없음
2016060200100454,2016년 6월 2일 17시,목요일,경상북도 포항시 남구 오천읍,경상사고,0,0,1,0,차대차 - 추돌,안전운전불이행,건조,맑음,교차로 - 교차로안,승용,여,44세,상해없음,이륜,남,29세,경상
2016060200100511,2016년 6월 2일 18시,목요일,경상북도 구미시 선기동,경상사고,0,0,2,0,차대차 - 측면직각충돌,중앙선침범,건조,맑음,단일로 - 기타,승용,남,62세,상해없음,승용,남,32세,경상
2016060200100547,2016년 6월 2일 19시,목요일,경상북도 경주시 안강읍,중상사고,0,1,0,0,차대차 - 측면충돌,안전운전불이행,건조,맑음,교차로 - 교차로안,승합,남,64세,상해없음,자전거,여,54세,중상
2016060200100548,2016년 6월 2일 19시,목요일,경상북도 의성군 사곡면,사망사고,1,0,0,0,차량단독 - 공작물충돌,안전운전불이행,건조,맑음,단일로 - 기타,화물,남,50세,사망,,,,
2016060200100549,2016년 6월 2일 19시,목요일,경상북도 포항시 남구 상도동,경상사고,0,0,1,0,차대차 - 측면충돌,안전운전불이행,건조,맑음,교차로 - 교차로안,승용,남,55세,상해없음,승용,남,32세,경상
2016060200100585,2016년 6월 2일 20시,목요일,경상북도 울진군 기성면,중상사고,0,1,0,0,차대차 - 측면직각충돌,교차로운행방법위반,건조,맑음,교차로 - 교차로안,화물,남,54세,상해없음,이륜,남,79세,중상
2016060200100586,2016년 6월 2일 20시,목요일,경상북도 구미시 송정동,중상사고,0,1,0,0,차대사람 - 횡단중,안전운전불이행,건조,맑음,단일로 - 기타,이륜,남,17세,기타불명,보행자,남,25세,중상
2016060200100622,2016년 6월 2일 21시,목요일,경상북도 구미시 선산읍,경상사고,0,0,1,1,차대차 - 추돌,안전운전불이행,건조,맑음,단일로 - 기타,승용,남,55세,부상신고,농기계,남,34세,경상
2016060200100654,2016년 6월 2일 22시,목요일,경상북도 안동시 풍산읍,중상사고,0,2,1,0,차대차 - 추돌,안전운전불이행,건조,맑음,단일로 - 기타,화물,남,30세,경상,승용,남,41세,중상
2016060200100655,2016년 6월 2일 22시,목요일,경상북도 청도군 화양읍,경상사고,0,0,2,0,차대차 - 측면충돌,신호위반,건조,맑음,교차로 - 교차로안,승용,남,65세,상해없음,승용,여,27세,경상
2016060200100677,2016년 6월 2일 23시,목요일,경상북도 구미시 인의동,경상사고,0,0,1,0,차대차 - 측면충돌,안전운전불이행,건조,맑음,교차로 - 교차로안,승용,남,51세,상해없음,자전거,남,26세,경상
2016060300100033,2016년 6월 3일 02시,금요일,경상북도 구미시 진평동,중상사고,0,1,0,0,차대차 - 추돌,안전운전불이행,건조,맑음,교차로 - 교차로안,승용,남,32세,상해없음,승용,여,39세,중상
2016060300100043,2016년 6월 3일 03시,금요일,경상북도 경주시 내남면,부상신고사고,0,0,0,3,차량단독 - 기타,안전운전불이행,건조,맑음,단일로 - 기타,승용,남,50세,부상신고,,,,
2016060300100046,2016년 6월 3일 04시,금요일,경상북도 경주시 외동읍,경상사고,0,0,2,0,차대차 - 측면충돌,신호위반,건조,맑음,교차로 - 교차로안,화물,남,41세,상해없음,승용,여,40세,경상
2016060300100074,2016년 6월 3일 06시,금요일,경상북도 군위군 의흥면,중상사고,0,1,0,0,차대차 - 기타,안전운전불이행,건조,맑음,교차로 - 교차로부근,화물,남,51세,상해없음,이륜,남,78세,중상
2016060300100075,2016년 6월 3일 06시,금요일,경상북도 포항시 남구 해도동,중상사고,0,1,0,0,차대차 - 기타,기타,건조,맑음,교차로 - 교차로안,화물,남,44세,상해없음,자전거,여,67세,중상
2016060300100101,2016년 6월 3일 07시,금요일,경상북도 안동시 송현동,경상사고,0,0,2,0,차대차 - 추돌,안전거리미확보,건조,맑음,교차로 - 교차로부근,화물,남,50세,상해없음,승용,여,42세,경상
2016060300100102,2016년 6월 3일 07시,금요일,경상북도 의성군 의성읍,경상사고,0,0,1,0,차대차 - 정면충돌,안전운전불이행,건조,맑음,교차로 - 교차로안,승용,남,68세,경상,승용,남,46세,상해없음
2016060300100103,2016년 6월 3일 07시,금요일,경상북도 군위군 군위읍,부상신고사고,0,0,0,1,차대차 - 기타,안전운전불이행,건조,맑음,교차로 - 교차로부근,농기계,남,79세,부상신고,화물,남,70세,상해없음
2016060300100147,2016년 6월 3일 08시,금요일,경상북도 영주시 하망동,중상사고,0,2,0,0,차대차 - 측면충돌,직진우회전진행방해,건조,맑음,교차로 - 교차로안,승합,남,67세,상해없음,승용,남,70세,중상
2016060300100148,2016년 6월 3일 08시,금요일,경상북도 영주시 단산면,중상사고,0,1,3,0,차량단독 - 전도전복,안전운전불이행,건조,맑음,단일로 - 기타,화물,남,75세,경상,,,,
2016060300100214,2016년 6월 3일 10시,금요일,경상북도 성주군 성주읍,경상사고,0,0,1,0,차량단독 - 전도전복,안전운전불이행,건조,맑음,단일로 - 기타,이륜,남,68세,경상,,,,
2016060300100215,2016년 6월 3일 10시,금요일,경상북도 포항시 남구 장기면,중상사고,0,1,1,0,차대차 - 측면직각충돌,중앙선침범,건조,맑음,교차로 - 교차로안,승용,남,21세,경상,승용,여,56세,중상
2016060300100216,2016년 6월 3일 10시,금요일,경상북도 칠곡군 석적읍,경상사고,0,0,2,0,차대차 - 추돌,안전운전불이행,건조,맑음,단일로 - 기타,승용,남,29세,상해없음,승용,여,24세,경상
2016060300100238,2016년 6월 3일 11시,금요일,경상북도 경산시 신천동,경상사고,0,0,2,0,차대차 - 기타,안전거리미확보,건조,맑음,단일로 - 기타,승용,남,48세,상해없음,화물,남,31세,경상
2016060300100239,2016년 6월 3일 11시,금요일,경상북도 포항시 남구 오천읍,경상사고,0,0,1,0,차대차 - 기타,교차로운행방법위반,건조,맑음,교차로 - 교차로안,승용,여,50세,상해없음,승용,남,79세,상해없음
2016060300100264,2016년 6월 3일 12시,금요일,경상북도 안동시 남선면,경상사고,0,0,1,0,차대차 - 추돌,안전운전불이행,건조,맑음,단일로 - 기타,화물,남,46세,상해없음,화물,남,82세,경상
2016060300100265,2016년 6월 3일 12시,금요일,경상북도 경산시 평산동,부상신고사고,0,0,0,1,차대차 - 측면충돌,신호위반,건조,맑음,교차로 - 교차로안,원동기,남,86세,부상신고,승용,여,26세,상해없음
2016060300100266,2016년 6월 3일 12시,금요일,경상북도 구미시 선산읍,중상사고,0,1,0,0,차대차 - 측면충돌,직진우회전진행방해,건조,맑음,교차로 - 교차로안,승용,여,66세,상해없음,원동기,남,50세,중상
2016060300100267,2016년 6월 3일 12시,금요일,경상북도 포항시 남구 구룡포읍,중상사고,0,1,0,0,차대차 - 추돌,안전운전불이행,건조,맑음,단일로 - 기타,승용,남,51세,상해없음,농기계,남,75세,중상
2016060300100299,2016년 6월 3일 13시,금요일,경상북도 포항시 남구 오천읍,경상사고,0,0,2,0,차대차 - 측면충돌,차로위반,건조,맑음,교차로 - 교차로부근,승용,여,58세,상해없음,승용,남,66세,경상
2016060300100340,2016년 6월 3일 14시,금요일,경상북도 경산시 남방동,경상사고,0,0,2,0,차대차 - 기타,안전운전불이행,건조,맑음,단일로 - 기타,승용,남,79세,상해없음,특수,남,31세,경상
2016060300100383,2016년 6월 3일 15시,금요일,경상북도 포항시 북구 덕수동,경상사고,0,0,1,0,차대차 - 추돌,안전거리미확보,건조,맑음,교차로 - 교차로안,승용,남,56세,기타불명,승용,여,41세,경상
2016060300100384,2016년 6월 3일 15시,금요일,경상북도 영천시 북안면,중상사고,0,1,0,0,차대차 - 기타,안전운전불이행,건조,맑음,단일로 - 기타,승합,남,59세,상해없음,이륜,남,81세,중상
2016060300100421,2016년 6월 3일 16시,금요일,경상북도 포항시 북구 덕수동,경상사고,0,0,3,0,차대차 - 측면충돌,교차로운행방법위반,건조,맑음,교차로 - 교차로안,승용,여,44세,경상,승용,남,69세,경상
2016060300100422,2016년 6월 3일 16시,금요일,경상북도 포항시 북구 죽도동,중상사고,0,1,0,0,차대차 - 정면충돌,안전거리미확보,건조,맑음,단일로 - 기타,승용,남,61세,상해없음,승용,여,38세,중상
2016060300100423,2016년 6월 3일 16시,금요일,경상북도 상주시 서문동,경상사고,0,0,1,0,차대차 - 측면직각충돌,불법유턴,건조,맑음,단일로 - 기타,자전거,남,14세,경상,승용,남,69세,상해없음
2016060300100459,2016년 6월 3일 17시,금요일,경상북도 안동시 용상동,경상사고,0,0,1,0,차대차 - 정면충돌,교차로운행방법위반,건조,맑음,교차로 - 교차로안,승용,남,36세,상해없음,화물,남,43세,경상
2016060300100506,2016년 6월 3일 18시,금요일,경상북도 경주시 진현동,중상사고,0,1,0,0,차대차 - 측면충돌,교차로운행방법위반,건조,맑음,교차로 - 교차로안,승용,여,46세,중상,화물,남,29세,상해없음
2016060300100507,2016년 6월 3일 18시,금요일,경상북도 포항시 북구 죽도동,경상사고,0,0,1,0,차대차 - 측면충돌,안전운전불이행,건조,맑음,단일로 - 기타,승용,남,37세,상해없음,승용,남,35세,경상
2016060300100508,2016년 6월 3일 18시,금요일,경상북도 포항시 북구 신광면,중상사고,0,1,0,0,차대차 - 측면충돌,교차로운행방법위반,건조,맑음,교차로 - 교차로안,승용,여,54세,상해없음,승용,남,35세,상해없음
2016060300100509,2016년 6월 3일 18시,금요일,경상북도 김천시 대광동,경상사고,0,0,1,0,차대차 - 측면충돌,신호위반,건조,맑음,교차로 - 교차로안,화물,여,58세,상해없음,승용,여,43세,경상
2016060300100510,2016년 6월 3일 18시,금요일,경상북도 구미시 공단동,경상사고,0,0,2,0,차대차 - 측면충돌,안전운전불이행,건조,맑음,교차로 - 교차로안,승용,남,48세,경상,승용,여,47세,경상
2016060300100511,2016년 6월 3일 18시,금요일,경상북도 포항시 남구 대도동,경상사고,0,0,2,0,차대차 - 측면충돌,직진우회전진행방해,건조,맑음,교차로 - 교차로안,승용,여,41세,경상,승용,남,27세,경상
2016060300100512,2016년 6월 3일 18시,금요일,경상북도 포항시 남구 상도동,경상사고,0,0,11,0,차대차 - 측면충돌,중앙선침범,건조,맑음,단일로 - 기타,화물,남,36세,상해없음,승합,남,49세,경상
2016060300100556,2016년 6월 3일 19시,금요일,경상북도 경주시 황성동,부상신고사고,0,0,0,1,차대사람 - 길가장자리구역통행중,안전운전불이행,건조,맑음,단일로 - 기타,기타불명,기타불명,기타불명,기타불명,보행자,남,48세,부상신고
2016060300100557,2016년 6월 3일 19시,금요일,경상북도 포항시 북구 항구동,경상사고,0,0,1,0,차대사람 - 차도통행중,안전운전불이행,건조,맑음,단일로 - 기타,승용,여,34세,기타불명,보행자,여,67세,경상
2016060300100558,2016년 6월 3일 19시,금요일,경상북도 포항시 북구 환호동,경상사고,0,0,1,0,차대차 - 측면충돌,안전운전불이행,건조,맑음,단일로 - 기타,승용,남,73세,상해없음,원동기,남,36세,경상
2016060300100559,2016년 6월 3일 19시,금요일,경상북도 영천시 완산동,사망사고,1,0,0,0,차대차 - 측면직각충돌,신호위반,건조,맑음,교차로 - 교차로안,원동기,남,81세,사망,승용,남,24세,상해없음
2016060300100560,2016년 6월 3일 19시,금요일,경상북도 경산시 중방동,경상사고,0,0,3,0,차대차 - 측면충돌,교차로운행방법위반,건조,맑음,교차로 - 교차로안,승용,여,32세,경상,승용,남,24세,경상
2016060300100561,2016년 6월 3일 19시,금요일,경상북도 구미시 지산동,중상사고,0,1,0,0,차대차 - 정면충돌,안전운전불이행,건조,맑음,단일로 - 기타,승용,여,52세,상해없음,승용,남,56세,중상
2016060300100562,2016년 6월 3일 19시,금요일,경상북도 구미시 원평동,경상사고,0,0,2,0,차대차 - 기타,교차로운행방법위반,건조,맑음,교차로 - 교차로부근,승용,여,51세,경상,승용,남,55세,경상
2016060300100563,2016년 6월 3일 19시,금요일,경상북도 구미시 사곡동,중상사고,0,1,0,0,차대사람 - 기타,안전운전불이행,건조,맑음,단일로 - 기타,화물,남,41세,상해없음,보행자,여,80세,중상
2016060300100564,2016년 6월 3일 19시,금요일,경상북도 구미시 형곡동,경상사고,0,0,1,0,차대차 - 정면충돌,안전운전불이행,건조,맑음,단일로 - 기타,승용,남,34세,상해없음,자전거,남,9세,경상
2016060300100605,2016년 6월 3일 20시,금요일,경상북도 칠곡군 지천면,부상신고사고,0,0,0,1,차량단독 - 전도전복,안전운전불이행,건조,맑음,단일로 - 기타,이륜,남,48세,부상신고,,,,
2016060300100606,2016년 6월 3일 20시,금요일,경상북도 구미시 도량동,경상사고,0,0,1,1,차대차 - 측면충돌,신호위반,건조,맑음,교차로 - 교차로안,승용,여,26세,상해없음,승용,여,59세,경상
2016060300100607,2016년 6월 3일 20시,금요일,경상북도 구미시 남통동,중상사고,0,1,1,1,차대차 - 측면충돌,교차로운행방법위반,건조,맑음,교차로 - 교차로안,승용,여,45세,중상,승용,남,50세,경상
2016060300100649,2016년 6월 3일 21시,금요일,경상북도 포항시 북구 두호동,중상사고,0,1,0,0,차대사람 - 횡단중,안전운전불이행,건조,맑음,단일로 - 기타,이륜,남,16세,상해없음,보행자,여,65세,중상
2016060300100650,2016년 6월 3일 21시,금요일,경상북도 구미시 형곡동,중상사고,0,1,0,0,차대사람 - 횡단중,안전운전불이행,건조,맑음,단일로 - 기타,승용,남,44세,상해없음,보행자,여,60세,중상
2016060300100681,2016년 6월 3일 22시,금요일,경상북도 고령군 우곡면,경상사고,0,0,1,0,차량단독 - 전도전복,안전운전불이행,건조,맑음,교차로 - 교차로부근,화물,남,56세,경상,,,,
2016060300100706,2016년 6월 3일 23시,금요일,경상북도 청도군 이서면,경상사고,0,0,1,0,차대차 - 추돌,안전운전불이행,건조,맑음,단일로 - 기타,승용,남,49세,상해없음,승용,남,34세,경상
2016060400100018,2016년 6월 4일 00시,토요일,경상북도 구미시 인의동,경상사고,0,0,3,0,차대차 - 측면충돌,안전운전불이행,건조,맑음,교차로 - 교차로안,화물,남,36세,상해없음,승용,남,49세,경상
2016060400100038,2016년 6월 4일 01시,토요일,경상북도 경주시 성건동,경상사고,0,0,1,0,차대차 - 측면충돌,안전운전불이행,건조,맑음,교차로 - 교차로안,이륜,남,17세,경상,승용,남,20세,상해없음
2016060400100039,2016년 6월 4일 01시,토요일,경상북도 영천시 청통면,경상사고,0,0,1,0,차량단독 - 공작물충돌,안전운전불이행,건조,맑음,단일로 - 기타,승용,남,52세,경상,,,,
2016060400100091,2016년 6월 4일 05시,토요일,경상북도 경주시 배반동,경상사고,0,0,1,0,차대차 - 측면충돌,안전운전불이행,건조,맑음,교차로 - 교차로안,승용,남,28세,상해없음,화물,남,61세,경상
2016060400100122,2016년 6월 4일 07시,토요일,경상북도 경주시 외동읍,경상사고,0,0,1,0,차대차 - 측면직각충돌,중앙선침범,건조,맑음,단일로 - 기타,승용,남,67세,상해없음,승용,남,39세,경상
2016060400100123,2016년 6월 4일 07시,토요일,경상북도 경산시 진량읍,중상사고,0,1,1,0,차대차 - 측면충돌,신호위반,건조,맑음,교차로 - 교차로안,승용,남,60세,상해없음,승용,여,23세,경상
2016060400100124,2016년 6월 4일 07시,토요일,경상북도 구미시 사곡동,중상사고,0,2,0,0,차대차 - 기타,기타,건조,맑음,단일로 - 기타,기타불명,기타불명,기타불명,기타불명,승용,남,34세,중상
2016060400100172,2016년 6월 4일 09시,토요일,경상북도 안동시 금곡동,경상사고,0,0,1,0,차대사람 - 횡단중,안전운전불이행,건조,맑음,단일로 - 기타,승용,남,48세,상해없음,보행자,여,48세,경상
2016060400100173,2016년 6월 4일 09시,토요일,경상북도 경산시 계양동,경상사고,0,0,2,0,차대차 - 정면충돌,안전운전불이행,건조,맑음,단일로 - 기타,승용,여,58세,상해없음,승용,여,38세,경상
2016060400100174,2016년 6월 4일 09시,토요일,경상북도 봉화군 소천면,중상사고,0,2,0,0,차대차 - 정면충돌,중앙선침범,건조,맑음,단일로 - 기타,승용,여,44세,상해없음,승용,남,53세,중상
2016060400100239,2016년 6월 4일 11시,토요일,경상북도 영주시 풍기읍,중상사고,0,1,0,0,차대차 - 측면충돌,안전운전불이행,건조,맑음,단일로 - 기타,화물,여,66세,상해없음,원동기,여,68세,중상
2016060400100240,2016년 6월 4일 11시,토요일,경상북도 청도군 청도읍,경상사고,0,0,1,0,차대차 - 측면충돌,직진우회전진행방해,습기,비,교차로 - 교차로안,승용,남,42세,상해없음,원동기,남,84세,경상
2016060400100241,2016년 6월 4일 11시,토요일,경상북도 영양군 영양읍,경상사고,0,0,2,0,차대차 - 추돌,안전운전불이행,건조,맑음,교차로 - 교차로부근,승용,남,58세,상해없음,승용,남,60세,경상