사고번호,사고일시,요일,시군구,사고내용,사망자수,중상자수,경상자수,부상신고자수,사고유형,법규위반,노면상태,기상상태,도로형태,가해운전자 차종,가해운전자 성별,가해운전자 연령,가해운전자 상해정도,피해운전자 차종,피해운전자 성별,피해운전자 연령,피해운전자 상해정도
2016061000100613,2016년 6월 10일 21시,금요일,경상북도 구미시 사곡동,경상사고,0,0,1,0,차대차 - 측면충돌,신호위반,건조,맑음,교차로 - 교차로안,승용,남,52세,상해없음,승용,여,54세,경상
2016061000100646,2016년 6월 10일 22시,금요일,경상북도 경주시 강동면,중상사고,0,1,0,0,차대사람 - 길가장자리구역통행중,안전운전불이행,건조,맑음,단일로 - 기타,화물,남,66세,상해없음,보행자,남,48세,중상
2016061000100647,2016년 6월 10일 22시,금요일,경상북도 포항시 북구 상원동,경상사고,0,0,1,0,차대차 - 추돌,안전거리미확보,건조,맑음,단일로 - 기타,승용,남,55세,상해없음,승용,여,47세,경상
2016061000100648,2016년 6월 10일 22시,금요일,경상북도 예천군 예천읍,중상사고,0,1,0,0,차대차 - 측면직각충돌,신호위반,건조,맑음,교차로 - 교차로안,화물,남,55세,중상,화물,남,54세,상해없음
2016061000100677,2016년 6월 10일 23시,금요일,경상북도 경산시 압량면,중상사고,0,1,2,0,차대차 - 측면충돌,직진우회전진행방해,건조,맑음,교차로 - 교차로안,이륜,남,23세,중상,승용,남,29세,경상
2016061000100678,2016년 6월 10일 23시,금요일,경상북도 구미시 사곡동,중상사고,0,1,0,0,차대사람 - 횡단중,안전운전불이행,건조,맑음,단일로 - 기타,이륜,남,30세,상해없음,보행자,남,49세,중상
2016061000100679,2016년 6월 10일 23시,금요일,경상북도 포항시 남구 송도동,중상사고,0,1,0,0,차대차 - 측면충돌,안전운전불이행,건조,맑음,교차로 - 교차로부근,승용,남,47세,상해없음,이륜,남,21세,중상
2016061100100029,2016년 6월 11일 01시,토요일,경상북도 칠곡군 가산면,부상신고사고,0,0,0,1,차량단독 - 전도전복,안전운전불이행,건조,맑음,단일로 - 기타,화물,남,37세,부상신고,,,,
2016061100100058,2016년 6월 11일 03시,토요일,경상북도 경주시 양북면,중상사고,0,2,0,0,차량단독 - 전도전복,안전운전불이행,건조,맑음,교차로 - 교차로안,승용,남,34세,중상,,,,
2016061100100092,2016년 6월 11일 05시,토요일,경상북도 구미시 송정동,중상사고,0,2,2,0,차대차 - 추돌,안전운전불이행,건조,맑음,단일로 - 기타,승용,여,33세,상해없음,승용,남,40세,경상
2016061100100119,2016년 6월 11일 07시,토요일,경상북도 포항시 북구 죽도동,중상사고,0,1,0,0,차대차 - 추돌,안전거리미확보,건조,맑음,교차로 - 교차로안,이륜,남,32세,상해없음,이륜,여,54세,중상
2016061100100120,2016년 6월 11일 07시,토요일,경상북도 칠곡군 가산면,사망사고,1,0,0,0,차대차 - 추돌,안전운전불이행,건조,맑음,단일로 - 기타,승용,남,44세,상해없음,이륜,남,72세,사망
2016061100100121,2016년 6월 11일 07시,토요일,경상북도 경산시 사동,경상사고,0,0,1,0,차대차 - 기타,교차로운행방법위반,건조,맑음,교차로 - 교차로안,승합,남,51세,상해없음,승용,남,65세,경상
2016061100100122,2016년 6월 11일 07시,토요일,경상북도 군위군 군위읍,중상사고,0,1,0,0,차대차 - 기타,안전운전불이행,건조,맑음,교차로 - 교차로안,이륜,여,51세,중상,화물,남,52세,상해없음
2016061100100152,2016년 6월 11일 08시,토요일,경상북도 포항시 북구 죽도동,중상사고,0,1,0,0,차대사람 - 횡단중,안전운전불이행,건조,맑음,단일로 - 기타,승용,남,29세,상해없음,보행자,여,12세,중상
2016061100100153,2016년 6월 11일 08시,토요일,경상북도 경산시 하양읍,중상사고,0,1,0,1,차대차 - 추돌,안전운전불이행,건조,맑음,단일로 - 기타,승용,여,20세,상해없음,승용,남,23세,상해없음
2016061100100182,2016년 6월 11일 09시,토요일,경상북도 경주시 황성동,경상사고,0,0,1,0,차대차 - 측면충돌,안전운전불이행,건조,맑음,단일로 - 기타,승용,남,67세,상해없음,승용,여,40세,경상
2016061100100183,2016년 6월 11일 09시,토요일,경상북도 성주군 성주읍,중상사고,0,2,0,0,차대차 - 측면직각충돌,교차로운행방법위반,건조,맑음,교차로 - 교차로안,승용,여,49세,상해없음,이륜,남,76세,중상
2016061100100184,2016년 6월 11일 09시,토요일,경상북도 군위군 효령면,경상사고,0,0,1,0,차대차 - 기타,차로위반,건조,맑음,단일로 - 기타,건설기계,남,34세,상해없음,승용,여,30세,경상
2016061100100218,2016년 6월 11일 10시,토요일,경상북도 포항시 북구 대흥동,경상사고,0,0,2,0,차대차 - 측면직각충돌,안전운전불이행,건조,맑음,교차로 - 교차로부근,승용,남,27세,상해없음,승용,여,39세,경상
2016061100100238,2016년 6월 11일 11시,토요일,경상북도 포항시 남구 대도동,중상사고,0,1,0,0,차대사람 - 횡단중,신호위반,건조,맑음,단일로 - 횡단보도상,승용,남,35세,상해없음,보행자,여,56세,중상
2016061100100276,2016년 6월 11일 12시,토요일,경상북도 의성군 단촌면,중상사고,0,2,1,0,차량단독 - 전도전복,안전운전불이행,건조,맑음,단일로 - 기타,승용,남,74세,경상,,,,
2016061100100277,2016년 6월 11일 12시,토요일,경상북도 영덕군 영해면,중상사고,0,1,0,0,차대차 - 측면충돌,안전운전불이행,건조,맑음,단일로 - 기타,화물,남,63세,상해없음,자전거,여,70세,중상
2016061100100318,2016년 6월 11일 13시,토요일,경상북도 경주시 동방동,중상사고,0,1,0,0,차량단독 - 전도전복,안전운전불이행,건조,맑음,교차로 - 교차로부근,건설기계,남,66세,중상,,,,
2016061100100319,2016년 6월 11일 13시,토요일,경상북도 경주시 용강동,중상사고,0,1,2,0,차대차 - 추돌,안전운전불이행,건조,맑음,단일로 - 기타,승용,남,73세,상해없음,승용,남,53세,중상
2016061100100320,2016년 6월 11일 13시,토요일,경상북도 경주시 황성동,중상사고,0,2,2,0,차대차 - 기타,중앙선침범,건조,맑음,단일로 - 횡단보도상,승용,남,28세,기타불명,승용,남,35세,경상
2016061100100321,2016년 6월 11일 13시,토요일,경상북도 구미시 도량동,중상사고,0,1,0,0,차대차 - 측면충돌,안전운전불이행,건조,맑음,교차로 - 교차로부근,화물,남,61세,상해없음,이륜,남,69세,중상
2016061100100322,2016년 6월 11일 13시,토요일,경상북도 포항시 남구 장흥동,경상사고,0,0,1,0,차대차 - 기타,신호위반,건조,맑음,교차로 - 교차로부근,화물,남,52세,상해없음,승용,남,27세,경상
2016061100100353,2016년 6월 11일 14시,토요일,경상북도 군위군 군위읍,부상신고사고,0,0,0,1,차대차 - 정면충돌,안전운전불이행,건조,맑음,단일로 - 기타,승용,남,74세,부상신고,화물,남,55세,상해없음
2016061100100354,2016년 6월 11일 14시,토요일,경상북도 구미시 황상동,부상신고사고,0,0,0,1,차대차 - 측면충돌,안전운전불이행,건조,맑음,교차로 - 교차로안,이륜,남,35세,부상신고,승용,남,31세,상해없음
2016061100100355,2016년 6월 11일 14시,토요일,경상북도 포항시 남구 연일읍,경상사고,0,0,1,0,차대차 - 기타,안전운전불이행,건조,맑음,단일로 - 기타,화물,남,64세,상해없음,승용,여,53세,경상
2016061100100397,2016년 6월 11일 15시,토요일,경상북도 포항시 북구 환호동,경상사고,0,0,1,0,차대사람 - 횡단중,안전운전불이행,건조,맑음,단일로 - 기타,승용,남,60세,상해없음,보행자,남,8세,경상
2016061100100398,2016년 6월 11일 15시,토요일,경상북도 구미시 고아읍,중상사고,0,1,0,0,차대차 - 정면충돌,안전운전불이행,습기,비,단일로 - 기타,화물,여,46세,상해없음,자전거,남,17세,중상
2016061100100436,2016년 6월 11일 16시,토요일,경상북도 경주시 황성동,경상사고,0,0,1,0,차대사람 - 횡단중,안전운전불이행,건조,맑음,교차로 - 교차로부근,승용,남,44세,상해없음,보행자,남,5세,경상
2016061100100437,2016년 6월 11일 16시,토요일,경상북도 경주시 천북면,경상사고,0,0,2,0,차량단독 - 전도전복,안전운전불이행,건조,맑음,단일로 - 기타,승용,남,21세,경상,,,,
2016061100100438,2016년 6월 11일 16시,토요일,경상북도 구미시 상모동,경상사고,0,0,1,0,차대차 - 기타,안전운전불이행,습기,비,단일로 - 기타,승용,여,42세,상해없음,이륜,남,21세,경상
2016061100100476,2016년 6월 11일 17시,토요일,경상북도 경주시 동천동,중상사고,0,1,3,0,차대차 - 추돌,안전운전불이행,건조,맑음,단일로 - 기타,승용,여,26세,상해없음,승용,남,48세,중상
2016061100100477,2016년 6월 11일 17시,토요일,경상북도 구미시 구평동,경상사고,0,0,1,0,차대사람 - 기타,안전운전불이행,건조,맑음,단일로 - 기타,승용,여,50세,상해없음,보행자,여,13세,경상
2016061100100478,2016년 6월 11일 17시,토요일,경상북도 포항시 남구 대잠동,경상사고,0,0,1,0,차대차 - 정면충돌,안전운전불이행,건조,맑음,단일로 - 기타,승용,남,37세,상해없음,승용,남,55세,경상
2016061100100479,2016년 6월 11일 17시,토요일,경상북도 포항시 남구 오천읍,경상사고,0,0,1,0,차대차 - 정면충돌,안전운전불이행,건조,맑음,단일로 - 기타,화물,남,53세,상해없음,승용,여,53세,경상
2016061100100510,2016년 6월 11일 18시,토요일,경상북도 김천시 농소면,경상사고,0,0,1,0,차대차 - 측면충돌,안전운전불이행,습기,비,교차로 - 교차로안,화물,남,66세,상해없음,승용,남,57세,상해없음
2016061100100511,2016년 6월 11일 18시,토요일,경상북도 영덕군 병곡면,경상사고,0,0,2,0,차대차 - 추돌,차로위반,건조,맑음,단일로 - 기타,승용,남,33세,상해없음,승용,남,56세,경상
2016061100100543,2016년 6월 11일 19시,토요일,경상북도 구미시 비산동,중상사고,0,1,0,0,차대사람 - 횡단중,안전운전불이행,건조,맑음,단일로 - 기타,화물,남,52세,상해없음,보행자,여,7세,중상
2016061100100568,2016년 6월 11일 20시,토요일,경상북도 구미시 장천면,중상사고,0,2,1,0,차대차 - 측면직각충돌,신호위반,건조,맑음,교차로 - 교차로안,승용,여,47세,중상,승용,남,60세,경상
2016061100100607,2016년 6월 11일 21시,토요일,경상북도 경산시 압량면,경상사고,0,0,2,0,차대차 - 기타,안전운전불이행,건조,맑음,단일로 - 기타,승용,남,73세,상해없음,승용,여,60세,경상
2016061100100645,2016년 6월 11일 22시,토요일,경상북도 경산시 진량읍,경상사고,0,0,1,0,차대차 - 정면충돌,신호위반,건조,맑음,교차로 - 교차로안,승용,남,19세,상해없음,승용,남,61세,경상
2016061100100674,2016년 6월 11일 23시,토요일,경상북도 구미시 남통동,경상사고,0,0,1,0,차대사람 - 횡단중,안전운전불이행,건조,맑음,기타 - 기타,승용,남,25세,상해없음,보행자,남,30세,경상
2016061200100037,2016년 6월 12일 01시,일요일,경상북도 칠곡군 북삼읍,부상신고사고,0,0,0,1,차량단독 - 공작물충돌,안전운전불이행,건조,맑음,단일로 - 기타,승용,남,22세,부상신고,,,,
2016061200100038,2016년 6월 12일 01시,일요일,경상북도 경산시 정평동,경상사고,0,0,3,0,차대차 - 정면충돌,신호위반,건조,맑음,교차로 - 교차로안,승용,남,29세,상해없음,승용,남,55세,경상
2016061200100089,2016년 6월 12일 05시,일요일,경상북도 영천시 도동,경상사고,0,0,1,0,차량단독 - 전도전복,안전운전불이행,건조,맑음,단일로 - 기타,승용,남,29세,경상,,,,
2016061200100150,2016년 6월 12일 10시,일요일,경상북도 봉화군 춘양면,경상사고,0,0,4,0,차대차 - 추돌,안전운전불이행,건조,맑음,단일로 - 기타,승용,남,51세,경상,승용,여,62세,경상
2016061200100168,2016년 6월 12일 11시,일요일,경상북도 구미시 구평동,중상사고,0,1,1,0,차대차 - 측면직각충돌,신호위반,건조,맑음,교차로 - 교차로안,승용,남,28세,상해없음,승용,남,64세,상해없음
2016061200100169,2016년 6월 12일 11시,일요일,경상북도 포항시 남구 해도동,경상사고,0,0,1,0,차대차 - 측면충돌,신호위반,건조,맑음,교차로 - 교차로안,승용,여,52세,상해없음,승용,남,67세,경상
2016061200100196,2016년 6월 12일 12시,일요일,경상북도 칠곡군 약목면,부상신고사고,0,0,0,1,차량단독 - 공작물충돌,안전운전불이행,습기,흐림,단일로 - 교량,승용,남,22세,부상신고,,,,
2016061200100217,2016년 6월 12일 13시,일요일,경상북도 경주시 천군동,경상사고,0,0,2,0,차대차 - 추돌,안전운전불이행,건조,맑음,단일로 - 기타,승용,여,42세,상해없음,승용,남,30세,경상
2016061200100247,2016년 6월 12일 14시,일요일,경상북도 안동시 안막동,중상사고,0,1,1,0,차대차 - 정면충돌,중앙선침범,건조,맑음,단일로 - 기타,화물,남,71세,상해없음,승용,여,46세,경상
2016061200100276,2016년 6월 12일 15시,일요일,경상북도 영천시 화남면,경상사고,0,0,2,0,차대차 - 측면직각충돌,중앙선침범,건조,맑음,단일로 - 기타,승용,남,24세,상해없음,승용,남,66세,경상
2016061200100277,2016년 6월 12일 15시,일요일,경상북도 성주군 수륜면,중상사고,0,1,0,0,차대사람 - 기타,안전운전불이행,건조,맑음,단일로 - 기타,승용,남,54세,상해없음,보행자,여,5세,중상
2016061200100278,2016년 6월 12일 15시,일요일,경상북도 구미시 송정동,중상사고,0,1,0,0,차대차 - 정면충돌,중앙선침범,건조,맑음,교차로 - 교차로안,자전거,남,56세,중상,승용,남,38세,상해없음
2016061200100307,2016년 6월 12일 16시,일요일,경상북도 경주시 노동동,경상사고,0,0,1,0,차대차 - 측면직각충돌,안전운전불이행,건조,맑음,단일로 - 기타,자전거,남,77세,경상,승용,남,35세,상해없음
2016061200100308,2016년 6월 12일 16시,일요일,경상북도 영천시 야사동,경상사고,0,0,1,0,차대차 - 측면충돌,안전운전불이행,건조,맑음,교차로 - 교차로안,원동기,남,75세,경상,승용,남,58세,상해없음
2016061200100339,2016년 6월 12일 17시,일요일,경상북도 영덕군 강구면,중상사고,0,2,2,0,차대차 - 추돌,안전거리미확보,건조,맑음,교차로 - 교차로부근,화물,남,63세,상해없음,승용,남,24세,경상
2016061200100340,2016년 6월 12일 17시,일요일,경상북도 영양군 입암면,중상사고,0,2,1,1,차량단독 - 전도전복,안전운전불이행,건조,맑음,단일로 - 기타,승용,남,49세,부상신고,,,,
2016061200100341,2016년 6월 12일 17시,일요일,경상북도 구미시 오태동,중상사고,0,1,1,0,차대차 - 측면직각충돌,안전운전불이행,건조,흐림,교차로 - 교차로안,승용,남,72세,상해없음,승용,여,58세,중상
2016061200100359,2016년 6월 12일 18시,일요일,경상북도 구미시 상모동,경상사고,0,0,1,0,차대사람 - 횡단중,안전운전불이행,건조,맑음,기타 - 기타,자전거,남,6세,상해없음,보행자,여,16세,경상
2016061200100360,2016년 6월 12일 18시,일요일,경상북도 구미시 송정동,중상사고,0,1,0,0,차대차 - 정면충돌,신호위반,건조,맑음,교차로 - 교차로안,승용,남,55세,상해없음,승용,여,57세,중상
2016061200100394,2016년 6월 12일 19시,일요일,경상북도 성주군 초전면,중상사고,0,1,0,0,차대차 - 측면충돌,안전운전불이행,건조,맑음,기타 - 기타,승용,여,57세,상해없음,이륜,여,70세,중상
2016061200100395,2016년 6월 12일 19시,일요일,경상북도 구미시 인의동,중상사고,0,1,2,0,차대차 - 측면충돌,중앙선침범,건조,맑음,단일로 - 횡단보도부근,승용,남,25세,기타불명,원동기,남,34세,중상
2016061200100414,2016년 6월 12일 20시,일요일,경상북도 의성군 금성면,중상사고,0,1,0,0,차대사람 - 횡단중,안전운전불이행,건조,맑음,교차로 - 교차로안,승합,여,54세,상해없음,보행자,여,73세,중상
2016061200100415,2016년 6월 12일 20시,일요일,경상북도 청도군 이서면,경상사고,0,0,1,0,차대차 - 추돌,안전운전불이행,건조,맑음,단일로 - 기타,승용,여,54세,상해없음,농기계,남,82세,경상
2016061200100416,2016년 6월 12일 20시,일요일,경상북도 성주군 용암면,중상사고,0,1,0,0,차량단독 - 전도전복,안전운전불이행,건조,맑음,단일로 - 기타,이륜,남,60세,중상,,,,
2016061200100443,2016년 6월 12일 21시,일요일,경상북도 포항시 남구 상도동,경상사고,0,0,1,0,차대차 - 측면충돌,신호위반,건조,맑음,교차로 - 교차로부근,자전거,남,61세,경상,승용,남,60세,상해없음
2016061200100465,2016년 6월 12일 22시,일요일,경상북도 상주시 남성동,중상사고,0,1,0,0,차대차 - 측면직각충돌,안전운전불이행,건조,맑음,단일로 - 기타,승용,남,33세,상해없음,원동기,남,38세,중상
2016061200100478,2016년 6월 12일 23시,일요일,경상북도 구미시 인의동,경상사고,0,0,1,0,차량단독 - 전도전복,안전운전불이행,건조,맑음,단일로 - 기타,원동기,남,38세,경상,,,,
2016061300100032,2016년 6월 13일 05시,월요일,경상북도 구미시 사곡동,경상사고,0,0,1,1,차량단독 - 전도전복,안전운전불이행,건조,맑음,단일로 - 기타,승용,남,27세,상해없음,,,,
2016061300100033,2016년 6월 13일 05시,월요일,경상북도 포항시 남구 상도동,경상사고,0,0,1,0,차대차 - 측면직각충돌,신호위반,건조,맑음,교차로 - 교차로안,승용,남,62세,상해없음,승용,남,58세,경상
2016061300100072,2016년 6월 13일 07시,월요일,경상북도 경주시 강동면,경상사고,0,0,1,0,차대차 - 정면충돌,안전운전불이행,건조,맑음,기타 - 기타,건설기계,남,45세,상해없음,승용,여,56세,경상
2016061300100073,2016년 6월 13일 07시,월요일,경상북도 안동시 녹전면,중상사고,0,1,0,0,차대차 - 추돌,안전운전불이행,건조,맑음,단일로 - 기타,승용,남,36세,상해없음,이륜,남,69세,중상
2016061300100074,2016년 6월 13일 07시,월요일,경상북도 포항시 남구 대송면,경상사고,0,0,1,0,차대차 - 정면충돌,교차로운행방법위반,건조,맑음,교차로 - 교차로안,승용,남,60세,상해없음,화물,남,54세,경상
2016061300100103,2016년 6월 13일 08시,월요일,경상북도 김천시 율곡동,중상사고,0,1,0,0,차대차 - 측면충돌,교차로운행방법위반,건조,맑음,교차로 - 교차로안,승합,남,39세,상해없음,승합,남,59세,중상
2016061300100104,2016년 6월 13일 08시,월요일,경상북도 영주시 영주동,경상사고,0,0,1,0,차대차 - 추돌,안전운전불이행,건조,맑음,미분류 - 미분류,승용,여,59세,상해없음,승용,남,54세,경상
2016061300100105,2016년 6월 13일 08시,월요일,경상북도 포항시 남구 지곡동,중상사고,0,1,0,0,차대차 - 추돌,안전거리미확보,습기,비,단일로 - 기타,승용,남,32세,상해없음,승용,남,28세,중상
2016061300100136,2016년 6월 13일 09시,월요일,경상북도 문경시 점촌동,중상사고,0,1,0,0,차대차 - 측면직각충돌,안전운전불이행,건조,맑음,교차로 - 교차로부근,원동기,여,72세,중상,화물,남,55세,상해없음
2016061300100208,2016년 6월 13일 11시,월요일,경상북도 포항시 북구 양덕동,경상사고,0,0,1,0,차대차 - 측면충돌,직진우회전진행방해,건조,맑음,교차로 - 교차로안,승용,남,30세,기타불명,승용,여,43세,경상
2016061300100209,2016년 6월 13일 11시,월요일,경상북도 의성군 의성읍,중상사고,0,1,0,0,차량단독 - 전도전복,안전운전불이행,건조,맑음,단일로 - 기타,이륜,여,72세,중상,,,,
2016061300100234,2016년 6월 13일 12시,월요일,경상북도 상주시 서문동,중상사고,0,1,0,0,차대차 - 측면직각충돌,교차로운행방법위반,건조,맑음,교차로 - 교차로안,이륜,남,21세,중상,승용,여,29세,상해없음
2016061300100235,2016년 6월 13일 12시,월요일,경상북도 의성군 다인면,경상사고,0,0,1,0,차량단독 - 전도전복,안전운전불이행,건조,맑음,단일로 - 기타,화물,남,47세,경상,,,,
2016061300100236,2016년 6월 13일 12시,월요일,경상북도 의성군 의성읍,경상사고,0,0,1,0,차대차 - 정면충돌,교차로운행방법위반,건조,맑음,교차로 - 교차로안,승용,남,57세,상해없음,자전거,여,67세,경상
2016061300100261,2016년 6월 13일 13시,월요일,경상북도 상주시 함창읍,경상사고,0,0,1,0,차대차 - 추돌,차로위반,건조,맑음,단일로 - 기타,원동기,남,77세,경상,화물,여,43세,상해없음
2016061300100294,2016년 6월 13일 14시,월요일,경상북도 구미시 공단동,중상사고,0,1,0,0,차대차 - 측면충돌,안전운전불이행,건조,맑음,교차로 - 교차로안,승용,여,58세,상해없음,승용,남,26세,중상
2016061300100333,2016년 6월 13일 15시,월요일,경상북도 김천시 덕곡동,경상사고,0,0,1,0,차대차 - 정면충돌,교차로운행방법위반,건조,맑음,교차로 - 교차로안,승용,남,47세,상해없음,승용,여,44세,경상
2016061300100368,2016년 6월 13일 16시,월요일,경상북도 포항시 북구 우현동,중상사고,0,2,0,0,차대차 - 측면충돌,차로위반,건조,맑음,단일로 - 기타,화물,남,22세,상해없음,승용,남,67세,중상
2016061300100369,2016년 6월 13일 16시,월요일,경상북도 문경시 점촌동,경상사고,0,0,1,0,차대사람 - 횡단중,안전운전불이행,건조,맑음,단일로 - 기타,화물,남,35세,상해없음,보행자,남,70세,경상
2016061300100370,2016년 6월 13일 16시,월요일,경상북도 경산시 중방동,경상사고,0,0,1,0,차대차 - 추돌,안전거리미확보,건조,맑음,단일로 - 기타,이륜,남,17세,경상,승용,남,71세,상해없음
2016061300100411,2016년 6월 13일 17시,월요일,경상북도 경주시 서면,경상사고,0,0,1,0,차대사람 - 기타,안전운전불이행,건조,맑음,단일로 - 기타,승용,여,54세,상해없음,보행자,남,71세,경상
2016061300100412,2016년 6월 13일 17시,월요일,경상북도 경주시 황남동,중상사고,0,1,2,0,차대차 - 측면충돌,안전운전불이행,건조,맑음,단일로 - 기타,승용,남,45세,상해없음,승용,남,68세,경상
2016061300100413,2016년 6월 13일 17시,월요일,경상북도 영주시 영주동,경상사고,0,0,1,0,차대사람 - 횡단중,안전운전불이행,건조,맑음,단일로 - 기타,승용,남,42세,상해없음,보행자,여,11세,경상
2016061300100414,2016년 6월 13일 17시,월요일,경상북도 칠곡군 지천면,경상사고,0,0,1,0,차대차 - 측면직각충돌,안전운전불이행,건조,맑음,단일로 - 기타,화물,남,55세,상해없음,승용,남,30세,경상
2016061300100461,2016년 6월 13일 18시,월요일,경상북도 구미시 봉곡동,경상사고,0,0,1,0,차대사람 - 횡단중,안전운전불이행,건조,맑음,기타 - 기타,원동기,기타불명,기타불명,기타불명,보행자,남,14세,경상
2016061300100532,2016년 6월 13일 20시,월요일,경상북도 안동시 용상동,경상사고,0,0,2,0,차대차 - 정면충돌,안전운전불이행,건조,맑음,교차로 - 교차로안,승용,남,37세,상해없음,승용,남,51세,경상
2016061300100533,2016년 6월 13일 20시,월요일,경상북도 안동시 법흥동,경상사고,0,0,1,0,차대차 - 측면직각충돌,차로위반,건조,맑음,단일로 - 기타,승용,여,22세,상해없음,승용,여,37세,경상
2016061300100575,2016년 6월 13일 21시,월요일,경상북도 포항시 북구 흥해읍,경상사고,0,0,2,0,차량단독 - 공작물충돌,안전운전불이행,건조,맑음,단일로 - 기타,승용,여,61세,경상,,,,
2016061300100576,2016년 6월 13일 21시,월요일,경상북도 칠곡군 가산면,경상사고,0,0,2,0,차대차 - 기타,교차로운행방법위반,건조,맑음,교차로 - 교차로안,승용,여,22세,경상,화물,남,39세,경상
2016061300100577,2016년 6월 13일 21시,월요일,경상북도 경산시 진량읍,중상사고,0,1,1,0,차대차 - 정면충돌,신호위반,건조,맑음,교차로 - 교차로안,승용,남,46세,경상,승용,남,61세,중상
2016061300100578,2016년 6월 13일 21시,월요일,경상북도 구미시 봉곡동,경상사고,0,0,3,0,차대차 - 측면충돌,교차로운행방법위반,건조,맑음,단일로 - 기타,승용,남,56세,상해없음,승용,여,26세,경상
2016061300100579,2016년 6월 13일 21시,월요일,경상북도 포항시 남구 대도동,중상사고,0,1,0,0,차대사람 - 횡단중,보행자보호의무위반,건조,맑음,교차로 - 교차로안,승용,남,47세,상해없음,보행자,남,73세,중상
2016061300100580,2016년 6월 13일 21시,월요일,경상북도 포항시 남구 대도동,경상사고,0,0,1,0,차대차 - 기타,안전거리미확보,건조,맑음,단일로 - 기타,승용,여,39세,상해없음,승합,남,43세,상해없음
2016061300100610,2016년 6월 13일 22시,월요일,경상북도 영천시 망정동,경상사고,0,0,2,0,차대차 - 측면직각충돌,직진우회전진행방해,습기,비,교차로 - 교차로안,승합,남,62세,경상,원동기,남,23세,경상
2016061400100021,2016년 6월 14일 01시,화요일,경상북도 상주시 공검면,경상사고,0,0,1,0,차대차 - 추돌,안전운전불이행,건조,맑음,단일로 - 기타,화물,남,62세,상해없음,화물,남,47세,경상
2016061400100030,2016년 6월 14일 03시,화요일,경상북도 경주시 현곡면,경상사고,0,0,1,0,차대차 - 측면직각충돌,신호위반,건조,맑음,교차로 - 교차로안,화물,남,65세,상해없음,승용,남,23세,경상
2016061400100036,2016년 6월 14일 04시,화요일,경상북도 경주시 노서동,중상사고,0,1,0,0,차대사람 - 횡단중,신호위반,건조,맑음,교차로 - 교차로부근,승용,남,39세,상해없음,보행자,여,74세,중상
2016061400100078,2016년 6월 14일 07시,화요일,경상북도 경주시 황성동,중상사고,0,2,0,0,차대차 - 정면충돌,중앙선침범,건조,맑음,단일로 - 기타,승용,여,48세,중상,화물,남,37세,중상
2016061400100079,2016년 6월 14일 07시,화요일,경상북도 청도군 풍각면,경상사고,0,0,3,0,차대차 - 추돌,중앙선침범,건조,맑음,기타 - 기타,화물,남,59세,상해없음,승용,여,65세,경상
2016061400100080,2016년 6월 14일 07시,화요일,경상북도 고령군 다산면,경상사고,0,0,1,0,차대차 - 측면직각충돌,안전운전불이행,건조,맑음,단일로 - 기타,승합,남,53세,상해없음,이륜,남,34세,경상
2016061400100081,2016년 6월 14일 07시,화요일,경상북도 구미시 신평동,경상사고,0,0,1,0,차대차 - 기타,교차로운행방법위반,건조,맑음,교차로 - 교차로안,승용,남,36세,상해없음,승합,남,59세,상해없음
2016061400100122,2016년 6월 14일 08시,화요일,경상북도 경주시 현곡면,중상사고,0,1,3,0,차대차 - 측면충돌,신호위반,건조,맑음,교차로 - 교차로안,승용,여,43세,경상,승용,남,31세,중상
2016061400100123,2016년 6월 14일 08시,화요일,경상북도 포항시 남구 연일읍,중상사고,0,1,1,0,차량단독 - 공작물충돌,안전운전불이행,습기,비,단일로 - 기타,승용,여,65세,중상,,,,
2016061400100156,2016년 6월 14일 09시,화요일,경상북도 상주시 낙양동,경상사고,0,0,1,0,차대차 - 측면직각충돌,차로위반,건조,맑음,단일로 - 기타,승용,남,71세,상해없음,승용,남,37세,경상
2016061400100183,2016년 6월 14일 10시,화요일,경상북도 경산시 갑제동,경상사고,0,0,2,0,차대차 - 추돌,안전운전불이행,건조,맑음,교차로 - 교차로안,승용,여,46세,상해없음,승용,남,53세,경상
2016061400100184,2016년 6월 14일 10시,화요일,경상북도 경산시 자인면,경상사고,0,0,1,0,차대차 - 정면충돌,안전운전불이행,습기,비,단일로 - 기타,이륜,남,74세,경상,승용,여,25세,상해없음
2016061400100185,2016년 6월 14일 10시,화요일,경상북도 예천군 예천읍,중상사고,0,1,0,0,차대사람 - 횡단중,안전운전불이행,건조,맑음,단일로 - 기타,승합,남,66세,상해없음,보행자,여,86세,중상
2016061400100238,2016년 6월 14일 12시,화요일,경상북도 영천시 야사동,중상사고,0,2,0,0,차대차 - 측면직각충돌,교차로운행방법위반,건조,맑음,교차로 - 교차로안,승용,여,56세,중상,승용,여,63세,중상
2016061400100239,2016년 6월 14일 12시,화요일,경상북도 고령군 쌍림면,중상사고,0,2,0,0,차대차 - 정면충돌,중앙선침범,건조,맑음,단일로 - 기타,승용,여,61세,중상,승용,남,54세,중상
2016061400100273,2016년 6월 14일 13시,화요일,경상북도 상주시 함창읍,중상사고,0,1,0,0,차대차 - 측면충돌,안전운전불이행,건조,맑음,기타 - 기타,화물,남,52세,상해없음,이륜,남,59세,중상