사고번호,사고일시,요일,시군구,사고내용,사망자수,중상자수,경상자수,부상신고자수,사고유형,법규위반,노면상태,기상상태,도로형태,가해운전자 차종,가해운전자 성별,가해운전자 연령,가해운전자 상해정도,피해운전자 차종,피해운전자 성별,피해운전자 연령,피해운전자 상해정도
2016061700100373,2016년 6월 17일 16시,금요일,경상북도 경주시 황성동,경상사고,0,0,1,0,차대차 - 추돌,안전운전불이행,건조,맑음,단일로 - 기타,화물,남,40세,상해없음,승용,여,41세,경상
2016061700100374,2016년 6월 17일 16시,금요일,경상북도 경주시 탑동,경상사고,0,0,1,0,차대차 - 추돌,안전운전불이행,건조,맑음,교차로 - 교차로부근,승용,남,61세,기타불명,승용,남,51세,경상
2016061700100375,2016년 6월 17일 16시,금요일,경상북도 김천시 성내동,경상사고,0,0,1,0,차대차 - 측면충돌,중앙선침범,건조,맑음,기타 - 기타,자전거,남,90세 이상,경상,승용,남,44세,상해없음
2016061700100376,2016년 6월 17일 16시,금요일,경상북도 영주시 부석면,경상사고,0,0,3,0,차대차 - 측면충돌,중앙선침범,건조,맑음,단일로 - 기타,승용,남,47세,상해없음,승용,남,47세,경상
2016061700100377,2016년 6월 17일 16시,금요일,경상북도 영천시 신령면,경상사고,0,0,2,0,차대차 - 측면직각충돌,안전운전불이행,건조,맑음,단일로 - 기타,승용,남,57세,상해없음,승용,남,52세,경상
2016061700100416,2016년 6월 17일 17시,금요일,경상북도 포항시 북구 득량동,중상사고,0,1,0,0,차대차 - 측면충돌,직진우회전진행방해,건조,맑음,교차로 - 교차로안,승용,남,66세,상해없음,자전거,남,43세,중상
2016061700100417,2016년 6월 17일 17시,금요일,경상북도 상주시 죽전동,경상사고,0,0,1,0,차대차 - 측면직각충돌,교차로운행방법위반,건조,맑음,단일로 - 기타,승용,여,56세,상해없음,승용,남,65세,경상
2016061700100418,2016년 6월 17일 17시,금요일,경상북도 영천시 북안면,사망사고,1,0,0,0,차량단독 - 전도전복,안전운전불이행,건조,맑음,단일로 - 기타,원동기,남,70세,사망,,,,
2016061700100419,2016년 6월 17일 17시,금요일,경상북도 청도군 매전면,중상사고,0,1,0,0,차대차 - 측면직각충돌,안전거리미확보,건조,맑음,단일로 - 기타,승용,남,23세,상해없음,자전거,남,48세,중상
2016061700100420,2016년 6월 17일 17시,금요일,경상북도 청송군 진보면,중상사고,0,1,0,0,차대차 - 측면충돌,교차로운행방법위반,건조,맑음,교차로 - 교차로부근,건설기계,남,51세,상해없음,원동기,남,74세,중상
2016061700100421,2016년 6월 17일 17시,금요일,경상북도 구미시 진평동,경상사고,0,0,1,0,차대차 - 측면충돌,안전운전불이행,건조,맑음,교차로 - 교차로부근,자전거,남,10세,경상,승용,남,42세,상해없음
2016061700100422,2016년 6월 17일 17시,금요일,경상북도 구미시 도개면,부상신고사고,0,0,0,1,차대차 - 정면충돌,안전운전불이행,건조,맑음,단일로 - 기타,원동기,남,59세,부상신고,승합,남,58세,상해없음
2016061700100423,2016년 6월 17일 17시,금요일,경상북도 포항시 남구 오천읍,중상사고,0,1,0,0,차대차 - 기타,안전운전불이행,건조,맑음,교차로 - 교차로안,승용,남,43세,상해없음,승용,남,68세,상해없음
2016061700100466,2016년 6월 17일 18시,금요일,경상북도 경주시 구정동,경상사고,0,0,1,0,차대차 - 측면충돌,안전운전불이행,건조,맑음,교차로 - 교차로안,화물,남,65세,상해없음,원동기,남,42세,경상
2016061700100467,2016년 6월 17일 18시,금요일,경상북도 김천시 대항면,중상사고,0,2,3,0,차대차 - 측면충돌,교차로운행방법위반,건조,맑음,교차로 - 교차로안,승용,여,39세,경상,승용,남,52세,중상
2016061700100468,2016년 6월 17일 18시,금요일,경상북도 영주시 휴천동,경상사고,0,0,3,0,차대차 - 측면충돌,안전운전불이행,건조,맑음,교차로 - 교차로안,승용,남,43세,상해없음,승용,남,59세,경상
2016061700100469,2016년 6월 17일 18시,금요일,경상북도 포항시 남구 대도동,중상사고,0,1,0,0,차대차 - 기타,안전운전불이행,건조,맑음,교차로 - 교차로안,승용,남,39세,상해없음,자전거,여,39세,중상
2016061700100507,2016년 6월 17일 19시,금요일,경상북도 포항시 북구 장성동,경상사고,0,0,1,0,차대차 - 정면충돌,교차로운행방법위반,건조,맑음,교차로 - 교차로안,자전거,남,66세,경상,승용,남,41세,상해없음
2016061700100508,2016년 6월 17일 19시,금요일,경상북도 봉화군 명호면,경상사고,0,0,2,0,차대차 - 추돌,기타,건조,맑음,교차로 - 교차로안,승용,남,29세,상해없음,농기계,남,48세,경상
2016061700100509,2016년 6월 17일 19시,금요일,경상북도 구미시 형곡동,부상신고사고,0,0,0,1,차대사람 - 횡단중,안전운전불이행,건조,맑음,단일로 - 기타,기타불명,기타불명,기타불명,기타불명,보행자,여,4세,부상신고
2016061700100510,2016년 6월 17일 19시,금요일,경상북도 구미시 황상동,경상사고,0,0,1,0,차대사람 - 횡단중,안전운전불이행,건조,맑음,기타 - 기타,승용,남,20세,상해없음,보행자,여,22세,경상
2016061700100549,2016년 6월 17일 20시,금요일,경상북도 경주시 충효동,중상사고,0,1,2,1,차대차 - 측면충돌,신호위반,건조,맑음,교차로 - 교차로부근,승용,여,47세,부상신고,승용,남,58세,경상
2016061700100550,2016년 6월 17일 20시,금요일,경상북도 경주시 안강읍,경상사고,0,0,1,0,차대차 - 측면직각충돌,안전운전불이행,건조,맑음,단일로 - 기타,승용,남,28세,경상,화물,남,60세,상해없음
2016061700100551,2016년 6월 17일 20시,금요일,경상북도 경주시 용강동,경상사고,0,0,2,0,차량단독 - 전도전복,안전운전불이행,건조,맑음,단일로 - 기타,이륜,남,18세,경상,,,,
2016061700100552,2016년 6월 17일 20시,금요일,경상북도 경주시 노서동,경상사고,0,0,1,0,차대사람 - 차도통행중,안전운전불이행,건조,맑음,단일로 - 기타,승용,남,78세,상해없음,보행자,여,20세,경상
2016061700100553,2016년 6월 17일 20시,금요일,경상북도 청도군 화양읍,경상사고,0,0,2,0,차대차 - 정면충돌,신호위반,건조,맑음,교차로 - 교차로안,승용,여,34세,경상,승용,남,41세,경상
2016061700100585,2016년 6월 17일 21시,금요일,경상북도 경주시 성동동,경상사고,0,0,1,0,차대차 - 측면충돌,중앙선침범,건조,맑음,단일로 - 기타,승용,남,49세,상해없음,승용,여,44세,경상
2016061700100586,2016년 6월 17일 21시,금요일,경상북도 경주시 안강읍,중상사고,0,1,2,0,차대차 - 측면충돌,안전운전불이행,건조,맑음,교차로 - 교차로부근,승합,남,79세,상해없음,승용,남,35세,중상
2016061700100587,2016년 6월 17일 21시,금요일,경상북도 안동시 태화동,경상사고,0,0,3,0,차대차 - 정면충돌,안전운전불이행,건조,맑음,교차로 - 교차로안,승용,남,50세,상해없음,승합,남,55세,상해없음
2016061700100622,2016년 6월 17일 22시,금요일,경상북도 영주시 가흥동,경상사고,0,0,1,0,차대차 - 추돌,안전운전불이행,건조,맑음,단일로 - 기타,화물,남,33세,상해없음,승용,여,23세,경상
2016061700100655,2016년 6월 17일 23시,금요일,경상북도 구미시 상모동,경상사고,0,0,1,0,차대사람 - 횡단중,안전운전불이행,건조,맑음,기타 - 기타,기타불명,기타불명,기타불명,기타불명,보행자,남,17세,경상
2016061700100656,2016년 6월 17일 23시,금요일,경상북도 포항시 남구 상도동,경상사고,0,0,2,0,차대차 - 기타,안전운전불이행,건조,맑음,단일로 - 기타,승용,남,23세,상해없음,승용,남,60세,경상
2016061800100009,2016년 6월 18일 00시,토요일,경상북도 경산시 중방동,중상사고,0,1,0,0,차대사람 - 기타,안전운전불이행,건조,맑음,단일로 - 기타,승용,남,29세,상해없음,보행자,남,38세,중상
2016061800100010,2016년 6월 18일 00시,토요일,경상북도 성주군 초전면,경상사고,0,0,2,0,차량단독 - 전도전복,안전운전불이행,건조,맑음,단일로 - 기타,이륜,남,16세,경상,,,,
2016061800100011,2016년 6월 18일 00시,토요일,경상북도 구미시 원평동,경상사고,0,0,2,0,차대차 - 측면직각충돌,안전운전불이행,건조,맑음,교차로 - 교차로안,승용,여,38세,상해없음,승용,남,70세,경상
2016061800100050,2016년 6월 18일 02시,토요일,경상북도 포항시 북구 죽도동,사망사고,1,0,0,0,차대사람 - 횡단중,신호위반,건조,맑음,교차로 - 교차로부근,승용,남,23세,상해없음,보행자,남,54세,사망
2016061800100071,2016년 6월 18일 04시,토요일,경상북도 경주시 동천동,중상사고,0,1,1,0,차대차 - 추돌,안전운전불이행,건조,맑음,교차로 - 교차로부근,승용,남,33세,상해없음,승용,남,30세,중상
2016061800100130,2016년 6월 18일 08시,토요일,경상북도 경주시 양남면,경상사고,0,0,2,0,차대차 - 측면충돌,중앙선침범,건조,맑음,단일로 - 기타,승용,남,72세,상해없음,화물,남,56세,경상
2016061800100131,2016년 6월 18일 08시,토요일,경상북도 칠곡군 석적읍,중상사고,0,1,0,0,차대차 - 기타,안전운전불이행,건조,맑음,단일로 - 기타,자전거,남,43세,기타불명,자전거,남,12세,중상
2016061800100155,2016년 6월 18일 09시,토요일,경상북도 경주시 감포읍,중상사고,0,1,0,0,차대사람 - 보도통행중,기타,건조,맑음,단일로 - 기타,승용,남,74세,상해없음,보행자,여,87세,중상
2016061800100156,2016년 6월 18일 09시,토요일,경상북도 포항시 남구 이동,경상사고,0,0,1,0,차대차 - 기타,안전운전불이행,건조,맑음,단일로 - 기타,승용,남,56세,상해없음,승용,남,26세,경상
2016061800100185,2016년 6월 18일 10시,토요일,경상북도 포항시 북구 흥해읍,경상사고,0,0,1,0,차대차 - 정면충돌,안전운전불이행,건조,맑음,교차로 - 교차로안,승용,남,49세,상해없음,승용,여,54세,경상
2016061800100186,2016년 6월 18일 10시,토요일,경상북도 포항시 북구 우현동,경상사고,0,0,1,0,차대차 - 추돌,안전운전불이행,건조,맑음,단일로 - 기타,승용,남,61세,경상,승용,남,39세,기타불명
2016061800100210,2016년 6월 18일 11시,토요일,경상북도 문경시 윤직동,경상사고,0,0,2,2,차대차 - 정면충돌,안전운전불이행,건조,맑음,단일로 - 기타,승용,남,64세,상해없음,승용,남,41세,경상
2016061800100248,2016년 6월 18일 12시,토요일,경상북도 청도군 청도읍,중상사고,0,1,0,0,차대차 - 측면충돌,안전운전불이행,건조,맑음,단일로 - 기타,자전거,남,13세,중상,승합,남,61세,상해없음
2016061800100282,2016년 6월 18일 13시,토요일,경상북도 안동시 송현동,부상신고사고,0,0,0,2,차대차 - 추돌,교차로운행방법위반,건조,맑음,교차로 - 교차로안,승용,남,57세,상해없음,승용,남,38세,부상신고
2016061800100284,2016년 6월 18일 13시,토요일,경상북도 봉화군 춘양면,경상사고,0,0,1,0,차대사람 - 기타,안전운전불이행,건조,맑음,단일로 - 기타,농기계,남,53세,상해없음,보행자,남,42세,경상
2016061800100285,2016년 6월 18일 13시,토요일,경상북도 구미시 도량동,부상신고사고,0,0,0,1,차대차 - 기타,안전운전불이행,건조,맑음,단일로 - 기타,승용,기타불명,기타불명,기타불명,승용,여,59세,부상신고
2016061800100286,2016년 6월 18일 13시,토요일,경상북도 칠곡군 왜관읍,경상사고,0,0,1,0,차대차 - 측면직각충돌,안전운전불이행,건조,맑음,단일로 - 기타,승용,남,60세,상해없음,승용,여,55세,경상
2016061800100330,2016년 6월 18일 14시,토요일,경상북도 구미시 인의동,경상사고,0,0,2,0,차대차 - 기타,안전거리미확보,건조,맑음,단일로 - 기타,승용,여,26세,상해없음,승용,여,29세,경상
2016061800100369,2016년 6월 18일 15시,토요일,경상북도 영천시 대창면,경상사고,0,0,1,0,차대차 - 기타,안전운전불이행,건조,맑음,단일로 - 기타,화물,남,64세,상해없음,화물,남,47세,경상
2016061800100370,2016년 6월 18일 15시,토요일,경상북도 문경시 문경읍,중상사고,0,2,2,0,차대차 - 측면직각충돌,기타,건조,맑음,교차로 - 교차로안,승용,남,40세,상해없음,승용,여,68세,경상
2016061800100411,2016년 6월 18일 16시,토요일,경상북도 안동시 임동면,경상사고,0,0,4,1,차대차 - 추돌,안전운전불이행,건조,맑음,교차로 - 교차로부근,승용,남,39세,상해없음,승용,여,38세,경상
2016061800100412,2016년 6월 18일 16시,토요일,경상북도 영덕군 지품면,경상사고,0,0,1,0,차량단독 - 전도전복,안전운전불이행,건조,맑음,단일로 - 기타,이륜,남,71세,경상,,,,
2016061800100413,2016년 6월 18일 16시,토요일,경상북도 포항시 남구 대도동,경상사고,0,0,1,0,차대차 - 측면충돌,교차로운행방법위반,건조,맑음,교차로 - 교차로안,승용,남,47세,상해없음,승용,여,30세,상해없음
2016061800100445,2016년 6월 18일 17시,토요일,경상북도 경주시 양남면,중상사고,0,2,0,0,차대차 - 정면충돌,안전운전불이행,건조,맑음,단일로 - 기타,승용,여,47세,상해없음,승용,남,48세,중상
2016061800100446,2016년 6월 18일 17시,토요일,경상북도 영주시 문수면,경상사고,0,0,2,0,차대차 - 추돌,안전운전불이행,건조,맑음,단일로 - 기타,승합,남,61세,상해없음,승용,여,43세,경상
2016061800100447,2016년 6월 18일 17시,토요일,경상북도 영천시 금호읍,경상사고,0,0,2,0,차대차 - 측면직각충돌,안전운전불이행,건조,맑음,단일로 - 기타,화물,남,24세,경상,승용,여,47세,경상
2016061800100448,2016년 6월 18일 17시,토요일,경상북도 영천시 금호읍,중상사고,0,1,0,0,차대차 - 정면충돌,교차로운행방법위반,건조,맑음,교차로 - 교차로안,농기계,남,63세,중상,화물,남,79세,상해없음
2016061800100495,2016년 6월 18일 18시,토요일,경상북도 경주시 구황동,경상사고,0,0,4,0,차대차 - 추돌,안전운전불이행,건조,맑음,교차로 - 교차로부근,승용,여,62세,상해없음,승용,여,45세,경상
2016061800100496,2016년 6월 18일 18시,토요일,경상북도 의성군 의성읍,경상사고,0,0,1,0,차대차 - 측면충돌,중앙선침범,건조,맑음,단일로 - 기타,승용,남,56세,상해없음,승용,여,30세,경상
2016061800100497,2016년 6월 18일 18시,토요일,경상북도 칠곡군 석적읍,경상사고,0,0,2,0,차대차 - 정면충돌,신호위반,건조,맑음,교차로 - 교차로안,승용,남,56세,상해없음,승용,남,42세,경상
2016061800100498,2016년 6월 18일 18시,토요일,경상북도 청도군 풍각면,경상사고,0,0,2,0,차대차 - 기타,안전운전불이행,기타,맑음,단일로 - 기타,원동기,남,25세,경상,이륜,남,50세,경상
2016061800100499,2016년 6월 18일 18시,토요일,경상북도 포항시 남구 구룡포읍,경상사고,0,0,2,0,차대차 - 측면충돌,차로위반,건조,흐림,단일로 - 기타,원동기,여,61세,경상,승용,남,48세,경상
2016061800100550,2016년 6월 18일 20시,토요일,경상북도 포항시 북구 장성동,경상사고,0,0,1,0,차대차 - 측면직각충돌,불법유턴,건조,맑음,단일로 - 기타,승용,남,58세,상해없음,이륜,남,18세,경상
2016061800100551,2016년 6월 18일 20시,토요일,경상북도 포항시 남구 대잠동,경상사고,0,0,2,1,차대차 - 측면충돌,안전운전불이행,건조,맑음,교차로 - 교차로안,승용,남,45세,경상,승용,남,56세,부상신고
2016061800100581,2016년 6월 18일 21시,토요일,경상북도 경주시 황오동,중상사고,0,1,0,0,차대차 - 측면충돌,안전운전불이행,건조,맑음,교차로 - 교차로안,승용,남,56세,상해없음,원동기,남,50세,중상
2016061800100582,2016년 6월 18일 21시,토요일,경상북도 김천시 부곡동,경상사고,0,0,1,0,차대차 - 정면충돌,신호위반,건조,맑음,교차로 - 교차로안,화물,남,78세,상해없음,승용,남,51세,경상
2016061800100583,2016년 6월 18일 21시,토요일,경상북도 김천시 대덕면,중상사고,0,1,0,0,차량단독 - 전도전복,안전운전불이행,건조,맑음,단일로 - 기타,화물,남,56세,중상,,,,
2016061800100584,2016년 6월 18일 21시,토요일,경상북도 문경시 모전동,경상사고,0,0,3,0,차대차 - 측면직각충돌,교차로운행방법위반,건조,맑음,교차로 - 교차로안,승용,남,28세,경상,승용,남,32세,경상
2016061800100585,2016년 6월 18일 21시,토요일,경상북도 구미시 원평동,경상사고,0,0,1,0,차대차 - 추돌,안전거리미확보,건조,맑음,단일로 - 기타,승용,남,37세,상해없음,승용,남,55세,경상
2016061800100617,2016년 6월 18일 22시,토요일,경상북도 경주시 진현동,경상사고,0,0,1,0,차대차 - 측면충돌,안전거리미확보,건조,맑음,단일로 - 기타,승용,여,54세,상해없음,승용,남,43세,경상
2016061800100618,2016년 6월 18일 22시,토요일,경상북도 상주시 낙양동,경상사고,0,0,1,0,차대차 - 추돌,교차로운행방법위반,건조,맑음,교차로 - 교차로부근,승용,남,47세,상해없음,이륜,남,42세,경상
2016061800100619,2016년 6월 18일 22시,토요일,경상북도 구미시 송정동,중상사고,0,1,0,0,차대차 - 정면충돌,중앙선침범,건조,맑음,단일로 - 기타,승용,남,46세,상해없음,원동기,남,33세,중상
2016061800100645,2016년 6월 18일 23시,토요일,경상북도 경산시 압량면,중상사고,0,1,0,0,차량단독 - 전도전복,안전운전불이행,습기,비,단일로 - 기타,이륜,남,38세,중상,,,,
2016061800100646,2016년 6월 18일 23시,토요일,경상북도 포항시 남구 오천읍,경상사고,0,0,1,0,차대차 - 정면충돌,안전운전불이행,건조,맑음,교차로 - 교차로안,원동기,남,18세,경상,원동기,남,19세,상해없음
2016061900100010,2016년 6월 19일 00시,일요일,경상북도 경주시 외동읍,중상사고,0,1,0,0,차대차 - 기타,안전운전불이행,건조,맑음,단일로 - 기타,원동기,남,22세,중상,화물,남,42세,상해없음
2016061900100011,2016년 6월 19일 00시,일요일,경상북도 칠곡군 북삼읍,부상신고사고,0,0,0,1,차량단독 - 공작물충돌,안전운전불이행,습기,비,교차로 - 교차로안,승용,남,56세,부상신고,,,,
2016061900100012,2016년 6월 19일 00시,일요일,경상북도 영천시 창구동,경상사고,0,0,1,0,차대차 - 측면충돌,신호위반,기타,비,교차로 - 교차로안,승용,남,54세,상해없음,승용,남,34세,경상
2016061900100013,2016년 6월 19일 00시,일요일,경상북도 예천군 보문면,사망사고,1,1,1,0,차대차 - 추돌,안전운전불이행,건조,맑음,단일로 - 기타,승용,남,43세,사망,화물,남,47세,경상
2016061900100029,2016년 6월 19일 01시,일요일,경상북도 포항시 북구 대흥동,경상사고,0,0,3,0,차대차 - 정면충돌,안전운전불이행,습기,비,교차로 - 교차로부근,승용,남,30세,상해없음,승용,여,56세,경상
2016061900100030,2016년 6월 19일 01시,일요일,경상북도 청도군 매전면,경상사고,0,0,1,0,차량단독 - 공작물충돌,안전운전불이행,습기,비,단일로 - 기타,승용,남,20세,경상,,,,
2016061900100031,2016년 6월 19일 01시,일요일,경상북도 구미시 상모동,경상사고,0,0,1,0,차대차 - 측면충돌,안전운전불이행,건조,맑음,단일로 - 기타,승용,남,23세,상해없음,승용,남,46세,경상
2016061900100098,2016년 6월 19일 05시,일요일,경상북도 경주시 인왕동,중상사고,0,1,0,0,차량단독 - 기타,안전운전불이행,습기,맑음,단일로 - 기타,원동기,남,24세,중상,,,,
2016061900100109,2016년 6월 19일 06시,일요일,경상북도 예천군 호명면,경상사고,0,0,5,0,차대차 - 측면직각충돌,안전운전불이행,건조,맑음,교차로 - 교차로안,승용,남,52세,상해없음,화물,남,46세,경상
2016061900100138,2016년 6월 19일 08시,일요일,경상북도 안동시 남선면,중상사고,0,1,1,0,차대차 - 측면충돌,교차로운행방법위반,건조,맑음,교차로 - 교차로안,승용,여,20세,중상,화물,남,53세,경상
2016061900100139,2016년 6월 19일 08시,일요일,경상북도 영주시 가흥동,중상사고,0,1,0,0,차대차 - 측면충돌,신호위반,건조,맑음,교차로 - 교차로안,승용,남,61세,기타불명,자전거,남,9세,중상
2016061900100140,2016년 6월 19일 08시,일요일,경상북도 구미시 선산읍,중상사고,0,1,0,0,차대차 - 측면충돌,안전운전불이행,건조,맑음,교차로 - 교차로안,승용,남,64세,상해없음,자전거,여,69세,중상
2016061900100174,2016년 6월 19일 10시,일요일,경상북도 김천시 봉산면,경상사고,0,0,1,0,차대차 - 측면충돌,안전운전불이행,건조,맑음,교차로 - 교차로부근,승용,남,32세,상해없음,승용,여,22세,경상
2016061900100175,2016년 6월 19일 10시,일요일,경상북도 고령군 대가야읍,중상사고,0,1,0,0,차대차 - 측면직각충돌,기타,건조,맑음,교차로 - 교차로안,이륜,남,80세,중상,농기계,남,53세,상해없음
2016061900100185,2016년 6월 19일 11시,일요일,경상북도 영덕군 영해면,경상사고,0,0,5,2,차대차 - 측면직각충돌,안전운전불이행,건조,맑음,기타 - 기타,승용,남,55세,기타불명,승용,남,43세,경상
2016061900100209,2016년 6월 19일 12시,일요일,경상북도 상주시 화북면,중상사고,0,1,0,0,차량단독 - 공작물충돌,안전운전불이행,건조,맑음,단일로 - 기타,화물,남,51세,상해없음,,,,
2016061900100233,2016년 6월 19일 13시,일요일,경상북도 영천시 창구동,경상사고,0,0,1,0,차대차 - 추돌,안전운전불이행,건조,맑음,교차로 - 교차로부근,승용,남,74세,상해없음,승용,여,38세,경상
2016061900100234,2016년 6월 19일 13시,일요일,경상북도 김천시 아포읍,경상사고,0,0,3,0,차대차 - 추돌,안전거리미확보,건조,맑음,단일로 - 기타,승합,남,34세,상해없음,승합,여,56세,경상
2016061900100283,2016년 6월 19일 15시,일요일,경상북도 경주시 성건동,중상사고,0,1,0,0,차대차 - 측면충돌,안전운전불이행,건조,맑음,교차로 - 교차로안,승용,여,63세,상해없음,이륜,남,19세,중상
2016061900100284,2016년 6월 19일 15시,일요일,경상북도 포항시 북구 죽도동,경상사고,0,0,2,0,차대차 - 정면충돌,직진우회전진행방해,건조,맑음,교차로 - 교차로안,화물,남,50세,상해없음,승용,남,62세,경상
2016061900100318,2016년 6월 19일 16시,일요일,경상북도 경산시 중방동,경상사고,0,0,1,0,차대사람 - 기타,안전운전불이행,건조,맑음,기타 - 기타,화물,남,49세,상해없음,보행자,여,48세,경상
2016061900100319,2016년 6월 19일 16시,일요일,경상북도 예천군 풍양면,중상사고,0,1,0,0,차대차 - 측면충돌,직진우회전진행방해,건조,맑음,교차로 - 교차로안,승용,남,24세,상해없음,이륜,남,77세,중상
2016061900100320,2016년 6월 19일 16시,일요일,경상북도 성주군 수륜면,중상사고,0,1,1,0,차대차 - 측면직각충돌,안전운전불이행,건조,맑음,교차로 - 교차로안,승용,남,42세,상해없음,이륜,남,48세,중상
2016061900100354,2016년 6월 19일 17시,일요일,경상북도 포항시 북구 양덕동,경상사고,0,0,2,0,차대차 - 기타,안전운전불이행,건조,맑음,교차로 - 교차로안,승합,남,40세,상해없음,승용,여,44세,경상
2016061900100355,2016년 6월 19일 17시,일요일,경상북도 의성군 다인면,경상사고,0,0,1,0,차대차 - 기타,중앙선침범,건조,맑음,단일로 - 기타,건설기계,남,53세,상해없음,이륜,여,70세,경상
2016061900100412,2016년 6월 19일 19시,일요일,경상북도 영주시 영주동,경상사고,0,0,1,0,차대차 - 측면충돌,안전운전불이행,건조,맑음,교차로 - 교차로안,승용,남,61세,상해없음,승용,남,27세,상해없음
2016061900100413,2016년 6월 19일 19시,일요일,경상북도 성주군 성주읍,경상사고,0,0,2,0,차대차 - 측면직각충돌,직진우회전진행방해,건조,맑음,교차로 - 교차로안,승용,남,43세,경상,화물,남,57세,경상
2016061900100414,2016년 6월 19일 19시,일요일,경상북도 포항시 남구 해도동,경상사고,0,0,1,0,차대차 - 측면직각충돌,안전운전불이행,건조,맑음,교차로 - 교차로안,승용,남,25세,상해없음,승용,남,69세,경상
2016061900100465,2016년 6월 19일 21시,일요일,경상북도 경산시 삼북동,경상사고,0,0,1,0,차대사람 - 횡단중,안전운전불이행,건조,맑음,단일로 - 기타,승용,남,51세,상해없음,보행자,여,31세,경상
2016061900100493,2016년 6월 19일 22시,일요일,경상북도 영천시 금호읍,경상사고,0,0,2,0,차대차 - 추돌,안전운전불이행,건조,맑음,단일로 - 기타,승용,남,31세,경상,화물,남,51세,상해없음
2016062000100010,2016년 6월 20일 00시,월요일,경상북도 경산시 정평동,중상사고,0,1,0,0,차대차 - 기타,안전운전불이행,건조,맑음,단일로 - 기타,승용,남,45세,상해없음,자전거,남,35세,중상
2016062000100042,2016년 6월 20일 05시,월요일,경상북도 영덕군 병곡면,중상사고,0,1,1,0,차대차 - 측면충돌,중앙선침범,건조,맑음,단일로 - 기타,화물,남,74세,경상,화물,남,69세,중상
2016062000100052,2016년 6월 20일 06시,월요일,경상북도 안동시 수상동,경상사고,0,0,1,0,차대차 - 정면충돌,안전운전불이행,건조,맑음,교차로 - 교차로안,승용,남,21세,경상,건설기계,남,50세,상해없음
2016062000100053,2016년 6월 20일 06시,월요일,경상북도 안동시 태화동,중상사고,0,1,0,0,차대차 - 정면충돌,신호위반,건조,맑음,교차로 - 교차로안,승용,남,56세,상해없음,승용,남,42세,중상
2016062000100054,2016년 6월 20일 06시,월요일,경상북도 영천시 조교동,경상사고,0,0,3,0,차대차 - 측면충돌,안전운전불이행,건조,맑음,교차로 - 교차로부근,승용,남,57세,경상,화물,남,66세,경상
2016062000100080,2016년 6월 20일 07시,월요일,경상북도 경주시 외동읍,경상사고,0,0,1,0,차대차 - 측면충돌,안전운전불이행,건조,맑음,단일로 - 기타,화물,남,37세,상해없음,승용,여,53세,경상
2016062000100081,2016년 6월 20일 07시,월요일,경상북도 포항시 북구 득량동,중상사고,0,1,0,0,차대차 - 정면충돌,안전거리미확보,건조,맑음,단일로 - 기타,승용,남,29세,상해없음,자전거,남,66세,중상
2016062000100082,2016년 6월 20일 07시,월요일,경상북도 포항시 북구 창포동,경상사고,0,0,1,0,차대차 - 기타,안전운전불이행,건조,맑음,교차로 - 교차로안,승용,남,33세,상해없음,승용,남,38세,경상
2016062000100083,2016년 6월 20일 07시,월요일,경상북도 구미시 옥계동,경상사고,0,0,1,0,차대차 - 정면충돌,안전운전불이행,건조,맑음,기타 - 기타,승용,여,35세,기타불명,화물,남,47세,상해없음
2016062000100130,2016년 6월 20일 08시,월요일,경상북도 안동시 옥동,경상사고,0,0,2,0,차대차 - 정면충돌,신호위반,건조,맑음,교차로 - 교차로안,승용,여,47세,경상,승용,여,58세,상해없음
2016062000100131,2016년 6월 20일 08시,월요일,경상북도 칠곡군 동명면,경상사고,0,0,1,0,차대차 - 측면충돌,안전거리미확보,건조,맑음,단일로 - 기타,승용,남,34세,경상,화물,남,54세,상해없음
2016062000100132,2016년 6월 20일 08시,월요일,경상북도 포항시 남구 오천읍,경상사고,0,0,1,0,차대사람 - 횡단중,보행자보호의무위반,건조,맑음,교차로 - 교차로부근,승용,여,45세,상해없음,보행자,여,14세,경상
2016062000100160,2016년 6월 20일 09시,월요일,경상북도 구미시 공단동,중상사고,0,2,0,0,차대차 - 측면충돌,신호위반,건조,맑음,교차로 - 교차로안,화물,남,50세,상해없음,승용,여,43세,중상
2016062000100161,2016년 6월 20일 09시,월요일,경상북도 포항시 남구 상도동,경상사고,0,0,1,0,차대차 - 기타,안전운전불이행,건조,맑음,단일로 - 기타,승용,여,46세,상해없음,승합,남,46세,상해없음
2016062000100194,2016년 6월 20일 10시,월요일,경상북도 경주시 율동,경상사고,0,0,1,0,차대차 - 기타,중앙선침범,건조,맑음,교차로 - 교차로안,화물,남,69세,기타불명,화물,남,33세,경상
2016062000100224,2016년 6월 20일 11시,월요일,경상북도 상주시 화산동,중상사고,0,1,0,0,차대차 - 정면충돌,교차로운행방법위반,건조,맑음,교차로 - 교차로안,화물,남,64세,상해없음,이륜,남,78세,중상
2016062000100225,2016년 6월 20일 11시,월요일,경상북도 경산시 계양동,경상사고,0,0,1,0,차대차 - 기타,안전운전불이행,건조,맑음,단일로 - 횡단보도상,승용,남,68세,상해없음,자전거,남,14세,경상