사고번호,사고일시,요일,시군구,사고내용,사망자수,중상자수,경상자수,부상신고자수,사고유형,법규위반,노면상태,기상상태,도로형태,가해운전자 차종,가해운전자 성별,가해운전자 연령,가해운전자 상해정도,피해운전자 차종,피해운전자 성별,피해운전자 연령,피해운전자 상해정도
2016062000100226,2016년 6월 20일 11시,월요일,경상북도 봉화군 봉화읍,중상사고,0,1,1,1,차대차 - 추돌,안전운전불이행,건조,맑음,단일로 - 기타,화물,남,74세,중상,화물,남,76세,경상
2016062000100261,2016년 6월 20일 12시,월요일,경상북도 상주시 낙동면,중상사고,0,1,0,0,차대차 - 측면충돌,신호위반,건조,맑음,교차로 - 교차로부근,승용,남,69세,상해없음,승용,남,39세,상해없음
2016062000100262,2016년 6월 20일 12시,월요일,경상북도 영주시 휴천동,중상사고,0,1,0,0,차대차 - 측면충돌,안전운전불이행,건조,맑음,교차로 - 교차로부근,승용,남,70세,상해없음,이륜,남,79세,중상
2016062000100297,2016년 6월 20일 13시,월요일,경상북도 포항시 북구 남빈동,경상사고,0,0,1,0,차대차 - 정면충돌,차로위반,건조,맑음,교차로 - 교차로부근,승용,남,54세,상해없음,승용,남,47세,경상
2016062000100298,2016년 6월 20일 13시,월요일,경상북도 영주시 영주동,경상사고,0,0,1,0,차대차 - 추돌,안전운전불이행,건조,맑음,교차로 - 교차로안,화물,남,48세,상해없음,승용,남,41세,경상
2016062000100299,2016년 6월 20일 13시,월요일,경상북도 영천시 성내동,경상사고,0,0,1,0,차대차 - 측면직각충돌,교차로운행방법위반,건조,맑음,교차로 - 교차로안,승용,여,63세,상해없음,승용,남,62세,경상
2016062000100300,2016년 6월 20일 13시,월요일,경상북도 영천시 금호읍,중상사고,0,1,0,0,차대사람 - 기타,안전운전불이행,건조,맑음,단일로 - 기타,화물,남,46세,상해없음,보행자,여,80세,중상
2016062000100301,2016년 6월 20일 13시,월요일,경상북도 영천시 금호읍,경상사고,0,0,1,0,차대차 - 정면충돌,안전운전불이행,건조,맑음,교차로 - 교차로안,원동기,여,71세,경상,화물,남,56세,상해없음
2016062000100302,2016년 6월 20일 13시,월요일,경상북도 칠곡군 동명면,사망사고,1,0,0,0,차대차 - 기타,안전운전불이행,건조,맑음,단일로 - 기타,화물,남,40세,사망,화물,남,40세,상해없음
2016062000100346,2016년 6월 20일 14시,월요일,경상북도 영덕군 강구면,중상사고,0,1,0,0,차대차 - 추돌,안전운전불이행,건조,맑음,단일로 - 기타,승용,여,55세,상해없음,이륜,여,61세,중상
2016062000100390,2016년 6월 20일 15시,월요일,경상북도 경주시 신평동,경상사고,0,0,1,0,차대차 - 기타,안전운전불이행,건조,맑음,교차로 - 교차로부근,건설기계,남,44세,상해없음,화물,남,45세,경상
2016062000100391,2016년 6월 20일 15시,월요일,경상북도 경산시 옥산동,경상사고,0,0,1,0,차대사람 - 횡단중,기타,건조,맑음,교차로 - 교차로안,승합,남,59세,상해없음,보행자,여,11세,경상
2016062000100392,2016년 6월 20일 15시,월요일,경상북도 봉화군 춘양면,경상사고,0,0,1,0,차량단독 - 전도전복,안전운전불이행,건조,맑음,단일로 - 기타,승용,남,23세,경상,,,,
2016062000100393,2016년 6월 20일 15시,월요일,경상북도 포항시 남구 상도동,경상사고,0,0,2,0,차량단독 - 기타,안전운전불이행,건조,맑음,교차로 - 교차로부근,승합,남,56세,상해없음,,,,
2016062000100428,2016년 6월 20일 16시,월요일,경상북도 포항시 북구 흥해읍,경상사고,0,0,4,0,차대차 - 측면충돌,안전운전불이행,건조,맑음,단일로 - 기타,건설기계,남,45세,상해없음,승용,여,49세,경상
2016062000100429,2016년 6월 20일 16시,월요일,경상북도 포항시 북구 동빈2가,중상사고,0,1,1,0,차대차 - 측면충돌,직진우회전진행방해,건조,맑음,교차로 - 교차로안,승용,남,63세,상해없음,원동기,남,57세,경상
2016062000100430,2016년 6월 20일 16시,월요일,경상북도 영천시 금호읍,중상사고,0,1,0,0,차대사람 - 횡단중,안전운전불이행,건조,맑음,단일로 - 기타,화물,남,47세,상해없음,보행자,여,52세,중상
2016062000100431,2016년 6월 20일 16시,월요일,경상북도 포항시 남구 연일읍,경상사고,0,0,2,0,차대차 - 기타,교차로운행방법위반,건조,흐림,교차로 - 교차로안,승용,남,64세,상해없음,화물,여,52세,경상
2016062000100478,2016년 6월 20일 17시,월요일,경상북도 경주시 성건동,경상사고,0,0,1,0,차대차 - 측면직각충돌,안전운전불이행,건조,맑음,교차로 - 교차로안,승용,남,47세,상해없음,자전거,남,54세,경상
2016062000100479,2016년 6월 20일 17시,월요일,경상북도 경주시 건천읍,중상사고,0,1,0,0,차대차 - 측면충돌,중앙선침범,건조,맑음,단일로 - 교량,승용,남,56세,상해없음,화물,남,61세,상해없음
2016062000100480,2016년 6월 20일 17시,월요일,경상북도 안동시 임하면,중상사고,0,1,0,0,차대차 - 측면충돌,중앙선침범,건조,맑음,단일로 - 기타,화물,남,53세,상해없음,화물,남,75세,중상
2016062000100481,2016년 6월 20일 17시,월요일,경상북도 칠곡군 석적읍,경상사고,0,0,1,0,차대사람 - 횡단중,안전운전불이행,건조,맑음,단일로 - 기타,승용,여,48세,상해없음,보행자,남,6세,경상
2016062000100482,2016년 6월 20일 17시,월요일,경상북도 구미시 인의동,경상사고,0,0,2,0,차대차 - 기타,안전운전불이행,건조,맑음,교차로 - 교차로부근,승용,남,31세,상해없음,승용,남,57세,경상
2016062000100519,2016년 6월 20일 18시,월요일,경상북도 경주시 양남면,경상사고,0,0,2,0,차대차 - 측면충돌,중앙선침범,건조,맑음,단일로 - 기타,승용,여,25세,경상,승용,남,33세,경상
2016062000100520,2016년 6월 20일 18시,월요일,경상북도 경산시 중방동,중상사고,0,1,0,0,차대사람 - 횡단중,보행자보호의무위반,건조,맑음,단일로 - 기타,승용,남,36세,상해없음,보행자,여,50세,중상
2016062000100521,2016년 6월 20일 18시,월요일,경상북도 구미시 사곡동,중상사고,0,1,0,0,차대사람 - 횡단중,중앙선침범,건조,맑음,단일로 - 기타,승용,남,36세,상해없음,보행자,여,56세,중상
2016062000100522,2016년 6월 20일 18시,월요일,경상북도 구미시 부곡동,경상사고,0,0,1,0,차대차 - 측면충돌,안전운전불이행,건조,맑음,단일로 - 기타,화물,남,68세,상해없음,화물,남,28세,경상
2016062000100559,2016년 6월 20일 19시,월요일,경상북도 경주시 성동동,경상사고,0,0,1,0,차대차 - 측면충돌,신호위반,건조,맑음,교차로 - 교차로안,승용,여,61세,상해없음,승용,여,27세,경상
2016062000100560,2016년 6월 20일 19시,월요일,경상북도 안동시 옥동,중상사고,0,1,0,0,차대사람 - 횡단중,안전운전불이행,건조,맑음,단일로 - 기타,승합,남,69세,상해없음,보행자,남,5세,중상
2016062000100561,2016년 6월 20일 19시,월요일,경상북도 영천시 임고면,경상사고,0,0,3,0,차대차 - 측면직각충돌,안전운전불이행,습기,맑음,교차로 - 교차로안,승용,남,23세,경상,화물,남,56세,경상
2016062000100562,2016년 6월 20일 19시,월요일,경상북도 경주시 건천읍,경상사고,0,0,1,0,차대차 - 기타,안전운전불이행,건조,맑음,단일로 - 기타,승합,남,54세,상해없음,승용,남,40세,경상
2016062000100614,2016년 6월 20일 21시,월요일,경상북도 영주시 가흥동,경상사고,0,0,1,0,차대차 - 측면충돌,신호위반,건조,맑음,교차로 - 교차로안,승용,남,41세,상해없음,승용,여,55세,경상
2016062000100639,2016년 6월 20일 22시,월요일,경상북도 경주시 성건동,경상사고,0,0,1,0,차대차 - 추돌,안전운전불이행,건조,흐림,교차로 - 교차로부근,승용,남,29세,상해없음,승용,여,34세,경상
2016062000100640,2016년 6월 20일 22시,월요일,경상북도 칠곡군 왜관읍,중상사고,0,1,0,0,차대사람 - 기타,안전운전불이행,건조,맑음,단일로 - 기타,승용,남,52세,상해없음,보행자,여,64세,중상
2016062000100641,2016년 6월 20일 22시,월요일,경상북도 포항시 남구 구룡포읍,중상사고,0,1,0,0,차대사람 - 횡단중,안전운전불이행,건조,맑음,단일로 - 기타,승용,남,64세,상해없음,보행자,남,56세,중상
2016062100100049,2016년 6월 21일 05시,화요일,경상북도 경주시 외동읍,중상사고,0,1,0,0,차대차 - 측면충돌,안전운전불이행,건조,맑음,단일로 - 기타,승용,남,56세,상해없음,승용,여,65세,중상
2016062100100059,2016년 6월 21일 06시,화요일,경상북도 안동시 옥야동,경상사고,0,0,2,0,차대차 - 측면직각충돌,안전거리미확보,건조,맑음,교차로 - 교차로부근,승용,여,59세,경상,승용,남,30세,경상
2016062100100060,2016년 6월 21일 06시,화요일,경상북도 구미시 선산읍,중상사고,0,1,1,0,차대차 - 정면충돌,신호위반,건조,맑음,교차로 - 교차로안,승용,남,52세,경상,승용,여,59세,중상
2016062100100088,2016년 6월 21일 07시,화요일,경상북도 경주시 조양동,중상사고,0,1,5,0,차대차 - 추돌,안전운전불이행,건조,맑음,단일로 - 기타,화물,남,30세,상해없음,승용,남,35세,경상
2016062100100089,2016년 6월 21일 07시,화요일,경상북도 경주시 황성동,경상사고,0,0,1,1,차대차 - 측면충돌,직진우회전진행방해,건조,맑음,교차로 - 교차로안,승용,여,37세,부상신고,승용,여,24세,경상
2016062100100090,2016년 6월 21일 07시,화요일,경상북도 구미시 형곡동,중상사고,0,1,0,0,차대사람 - 횡단중,안전운전불이행,건조,맑음,단일로 - 기타,승합,남,50세,상해없음,보행자,남,13세,중상
2016062100100122,2016년 6월 21일 08시,화요일,경상북도 의성군 안계면,중상사고,0,1,0,0,차대사람 - 길가장자리구역통행중,안전운전불이행,건조,맑음,교차로 - 교차로부근,승용,여,69세,상해없음,보행자,남,80세,중상
2016062100100123,2016년 6월 21일 08시,화요일,경상북도 문경시 가은읍,중상사고,0,1,0,0,차대사람 - 차도통행중,안전운전불이행,건조,맑음,단일로 - 기타,승용,여,58세,상해없음,보행자,여,73세,중상
2016062100100204,2016년 6월 21일 10시,화요일,경상북도 경주시 성건동,경상사고,0,0,1,0,차대차 - 측면충돌,신호위반,건조,맑음,교차로 - 교차로안,승용,남,60세,상해없음,승용,남,61세,경상
2016062100100205,2016년 6월 21일 10시,화요일,경상북도 군위군 군위읍,경상사고,0,0,1,0,차대차 - 추돌,안전운전불이행,건조,맑음,교차로 - 교차로부근,화물,남,68세,기타불명,화물,남,74세,경상
2016062100100234,2016년 6월 21일 11시,화요일,경상북도 포항시 북구 기북면,경상사고,0,0,1,0,차대사람 - 횡단중,안전운전불이행,건조,맑음,교차로 - 교차로안,원동기,남,55세,상해없음,보행자,여,79세,경상
2016062100100290,2016년 6월 21일 13시,화요일,경상북도 영주시 휴천동,경상사고,0,0,1,0,차대사람 - 기타,안전운전불이행,건조,맑음,단일로 - 기타,승용,여,61세,상해없음,보행자,여,60세,경상
2016062100100291,2016년 6월 21일 13시,화요일,경상북도 구미시 형곡동,경상사고,0,0,2,0,차대차 - 기타,안전운전불이행,건조,맑음,단일로 - 기타,승용,여,47세,경상,승합,남,35세,경상
2016062100100364,2016년 6월 21일 15시,화요일,경상북도 경산시 남천면,중상사고,0,2,2,0,차대차 - 정면충돌,중앙선침범,건조,맑음,단일로 - 기타,승용,남,42세,중상,화물,남,19세,경상
2016062100100365,2016년 6월 21일 15시,화요일,경상북도 구미시 인의동,중상사고,0,1,0,0,차대사람 - 기타,기타,기타,맑음,기타 - 기타,승용,여,44세,상해없음,보행자,여,69세,중상
2016062100100366,2016년 6월 21일 15시,화요일,경상북도 구미시 임은동,경상사고,0,0,1,1,차대차 - 기타,교차로운행방법위반,건조,맑음,교차로 - 교차로안,승용,여,47세,경상,승용,여,19세,부상신고
2016062100100438,2016년 6월 21일 17시,화요일,경상북도 경주시 강동면,경상사고,0,0,2,0,차대차 - 기타,안전운전불이행,건조,맑음,교차로 - 교차로안,승용,남,41세,상해없음,승용,여,45세,경상
2016062100100439,2016년 6월 21일 17시,화요일,경상북도 김천시 감호동,경상사고,0,0,1,0,차대차 - 측면충돌,안전거리미확보,건조,맑음,단일로 - 기타,화물,남,68세,상해없음,승용,여,61세,경상
2016062100100440,2016년 6월 21일 17시,화요일,경상북도 문경시 문경읍,중상사고,0,1,0,0,차대차 - 추돌,안전운전불이행,건조,맑음,단일로 - 기타,승용,남,74세,상해없음,농기계,남,75세,중상
2016062100100441,2016년 6월 21일 17시,화요일,경상북도 문경시 점촌동,부상신고사고,0,0,0,1,차대차 - 기타,안전운전불이행,건조,맑음,단일로 - 기타,이륜,남,18세,부상신고,승용,남,52세,상해없음
2016062100100482,2016년 6월 21일 18시,화요일,경상북도 포항시 북구 대흥동,중상사고,0,1,0,0,차대차 - 정면충돌,차로위반,건조,맑음,교차로 - 교차로안,승용,여,68세,상해없음,승용,남,35세,상해없음
2016062100100483,2016년 6월 21일 18시,화요일,경상북도 칠곡군 북삼읍,중상사고,0,2,0,0,차대사람 - 횡단중,보행자보호의무위반,건조,맑음,단일로 - 횡단보도상,화물,남,38세,상해없음,보행자,여,55세,중상
2016062100100484,2016년 6월 21일 18시,화요일,경상북도 예천군 유천면,경상사고,0,0,1,0,차대사람 - 횡단중,안전운전불이행,건조,맑음,단일로 - 기타,승용,여,31세,상해없음,보행자,남,4세,경상
2016062100100485,2016년 6월 21일 18시,화요일,경상북도 봉화군 봉화읍,중상사고,0,1,0,0,차대차 - 측면직각충돌,교차로운행방법위반,건조,맑음,교차로 - 교차로안,화물,남,40세,중상,건설기계,남,62세,상해없음
2016062100100486,2016년 6월 21일 18시,화요일,경상북도 구미시 공단동,부상신고사고,0,0,0,2,차대차 - 기타,안전운전불이행,건조,맑음,단일로 - 기타,화물,남,35세,상해없음,승용,남,22세,부상신고
2016062100100515,2016년 6월 21일 19시,화요일,경상북도 포항시 북구 장성동,경상사고,0,0,1,0,차대차 - 측면충돌,차로위반,건조,맑음,단일로 - 기타,승용,여,66세,상해없음,승용,남,24세,경상
2016062100100516,2016년 6월 21일 19시,화요일,경상북도 김천시 부곡동,중상사고,0,1,0,0,차대차 - 정면충돌,안전운전불이행,건조,맑음,단일로 - 기타,화물,남,49세,상해없음,이륜,남,25세,중상
2016062100100517,2016년 6월 21일 19시,화요일,경상북도 구미시 공단동,중상사고,0,1,0,0,차대차 - 측면직각충돌,중앙선침범,건조,맑음,단일로 - 기타,승용,여,59세,상해없음,승용,남,50세,중상
2016062100100554,2016년 6월 21일 20시,화요일,경상북도 구미시 공단동,부상신고사고,0,0,0,1,차대차 - 기타,안전운전불이행,건조,맑음,교차로 - 교차로안,자전거,남,18세,부상신고,승용,남,35세,상해없음
2016062100100583,2016년 6월 21일 21시,화요일,경상북도 예천군 예천읍,중상사고,0,2,0,0,차대차 - 측면직각충돌,신호위반,건조,맑음,교차로 - 교차로안,화물,남,40세,상해없음,승용,여,46세,중상
2016062200100006,2016년 6월 22일 00시,수요일,경상북도 경산시 중산동,중상사고,0,1,0,0,차대사람 - 횡단중,안전운전불이행,건조,맑음,단일로 - 기타,승용,남,68세,상해없음,보행자,남,42세,중상
2016062200100022,2016년 6월 22일 01시,수요일,경상북도 구미시 원평동,중상사고,0,1,0,0,차대사람 - 기타,안전운전불이행,건조,맑음,단일로 - 기타,승용,남,40세,상해없음,보행자,여,20세,중상
2016062200100055,2016년 6월 22일 06시,수요일,경상북도 안동시 안기동,부상신고사고,0,0,0,3,차대차 - 측면충돌,안전운전불이행,건조,맑음,단일로 - 기타,승용,여,55세,부상신고,화물,남,67세,부상신고
2016062200100056,2016년 6월 22일 06시,수요일,경상북도 안동시 와룡면,중상사고,0,1,0,0,차대차 - 정면충돌,중앙선침범,건조,맑음,단일로 - 기타,승용,남,29세,상해없음,승용,남,63세,중상
2016062200100115,2016년 6월 22일 08시,수요일,경상북도 경주시 동천동,중상사고,0,1,0,0,차대차 - 측면충돌,교차로운행방법위반,건조,맑음,교차로 - 교차로안,승용,남,29세,상해없음,자전거,여,42세,중상
2016062200100116,2016년 6월 22일 08시,수요일,경상북도 영주시 영주동,경상사고,0,0,2,0,차대차 - 측면충돌,신호위반,건조,맑음,교차로 - 교차로안,승용,남,66세,상해없음,화물,남,68세,경상
2016062200100117,2016년 6월 22일 08시,수요일,경상북도 경산시 점촌동,경상사고,0,0,3,0,차대차 - 측면충돌,안전운전불이행,건조,맑음,교차로 - 교차로부근,기타불명,기타불명,기타불명,기타불명,승용,남,32세,상해없음
2016062200100118,2016년 6월 22일 08시,수요일,경상북도 영양군 수비면,중상사고,0,1,0,0,차대차 - 추돌,안전운전불이행,건조,맑음,단일로 - 기타,이륜,남,71세,중상,화물,남,64세,상해없음
2016062200100145,2016년 6월 22일 09시,수요일,경상북도 칠곡군 동명면,경상사고,0,0,1,0,차대차 - 추돌,안전운전불이행,건조,맑음,단일로 - 기타,화물,남,28세,상해없음,화물,남,64세,경상
2016062200100146,2016년 6월 22일 09시,수요일,경상북도 고령군 대가야읍,경상사고,0,0,2,0,차대차 - 측면직각충돌,교차로운행방법위반,건조,맑음,교차로 - 교차로안,승용,여,53세,경상,승용,여,38세,경상
2016062200100181,2016년 6월 22일 11시,수요일,경상북도 구미시 원평동,중상사고,0,1,0,0,차대사람 - 횡단중,보행자보호의무위반,건조,맑음,단일로 - 횡단보도상,승용,여,43세,상해없음,보행자,여,35세,중상
2016062200100213,2016년 6월 22일 12시,수요일,경상북도 포항시 북구 죽도동,경상사고,0,0,1,0,차대차 - 정면충돌,안전운전불이행,건조,맑음,단일로 - 기타,승용,남,85세,상해없음,원동기,남,61세,경상
2016062200100214,2016년 6월 22일 12시,수요일,경상북도 안동시 풍산읍,부상신고사고,0,0,0,1,차대차 - 측면직각충돌,안전운전불이행,건조,맑음,교차로 - 교차로안,승합,남,47세,부상신고,화물,남,46세,상해없음
2016062200100247,2016년 6월 22일 13시,수요일,경상북도 포항시 북구 학잠동,중상사고,0,1,1,0,차대차 - 정면충돌,안전운전불이행,건조,맑음,교차로 - 교차로안,승용,여,43세,경상,승용,여,54세,중상
2016062200100248,2016년 6월 22일 13시,수요일,경상북도 구미시 인의동,경상사고,0,0,1,0,차대차 - 기타,안전운전불이행,건조,맑음,기타 - 기타,승용,여,39세,상해없음,자전거,남,23세,경상
2016062200100284,2016년 6월 22일 14시,수요일,경상북도 상주시 남성동,중상사고,0,1,0,0,차대사람 - 횡단중,보행자보호의무위반,건조,맑음,교차로 - 교차로안,화물,남,63세,상해없음,보행자,여,61세,중상
2016062200100285,2016년 6월 22일 14시,수요일,경상북도 경산시 하양읍,경상사고,0,0,1,0,차대차 - 정면충돌,안전운전불이행,건조,맑음,교차로 - 교차로안,이륜,남,40세,경상,승용,남,61세,상해없음
2016062200100364,2016년 6월 22일 16시,수요일,경상북도 포항시 북구 죽도동,중상사고,0,1,0,0,차대사람 - 횡단중,안전운전불이행,적설,비,교차로 - 교차로안,승용,여,43세,상해없음,보행자,여,84세,중상
2016062200100366,2016년 6월 22일 16시,수요일,경상북도 김천시 성내동,경상사고,0,0,1,0,차대사람 - 횡단중,보행자보호의무위반,건조,맑음,교차로 - 교차로안,승용,여,59세,상해없음,보행자,여,84세,경상
2016062200100367,2016년 6월 22일 16시,수요일,경상북도 의성군 안계면,중상사고,0,1,0,0,차대차 - 측면직각충돌,안전운전불이행,건조,맑음,교차로 - 교차로안,화물,남,51세,상해없음,이륜,남,60세,중상
2016062200100368,2016년 6월 22일 16시,수요일,경상북도 구미시 도량동,중상사고,0,1,1,0,차대차 - 측면충돌,안전운전불이행,건조,맑음,교차로 - 교차로안,승용,여,51세,경상,이륜,남,33세,중상
2016062200100369,2016년 6월 22일 16시,수요일,경상북도 포항시 남구 지곡동,경상사고,0,0,2,0,차대차 - 측면직각충돌,안전운전불이행,습기,비,교차로 - 교차로안,승용,여,33세,경상,승용,남,44세,경상
2016062200100408,2016년 6월 22일 17시,수요일,경상북도 영양군 영양읍,중상사고,0,1,0,0,차대차 - 측면직각충돌,교차로운행방법위반,건조,맑음,교차로 - 교차로안,승용,남,74세,중상,건설기계,남,46세,상해없음
2016062200100446,2016년 6월 22일 18시,수요일,경상북도 고령군 성산면,중상사고,0,1,0,0,차대차 - 측면직각충돌,안전운전불이행,습기,비,단일로 - 기타,화물,남,41세,상해없음,원동기,남,31세,중상
2016062200100447,2016년 6월 22일 18시,수요일,경상북도 군위군 군위읍,중상사고,0,1,0,0,차대차 - 정면충돌,안전운전불이행,건조,맑음,교차로 - 교차로부근,원동기,남,81세,중상,화물,남,60세,상해없음
2016062200100477,2016년 6월 22일 19시,수요일,경상북도 구미시 진평동,경상사고,0,0,1,0,차대사람 - 횡단중,안전운전불이행,건조,맑음,단일로 - 기타,승용,남,27세,상해없음,보행자,여,22세,경상
2016062200100478,2016년 6월 22일 19시,수요일,경상북도 구미시 진평동,부상신고사고,0,0,0,1,차대차 - 기타,안전운전불이행,건조,맑음,교차로 - 교차로안,이륜,남,45세,부상신고,승용,남,67세,상해없음
2016062200100536,2016년 6월 22일 21시,수요일,경상북도 안동시 태화동,중상사고,0,1,0,0,차대차 - 추돌,안전운전불이행,건조,맑음,단일로 - 기타,승용,남,54세,상해없음,승용,여,59세,중상
2016062200100537,2016년 6월 22일 21시,수요일,경상북도 경산시 압량면,경상사고,0,0,1,0,차대차 - 정면충돌,신호위반,건조,맑음,교차로 - 교차로안,승용,남,56세,상해없음,승용,남,61세,경상
2016062200100538,2016년 6월 22일 21시,수요일,경상북도 경산시 진량읍,경상사고,0,0,1,0,차대차 - 정면충돌,안전운전불이행,건조,맑음,단일로 - 기타,승용,남,54세,상해없음,화물,남,51세,경상
2016062200100539,2016년 6월 22일 21시,수요일,경상북도 구미시 황상동,경상사고,0,0,1,0,차대사람 - 기타,안전운전불이행,건조,맑음,단일로 - 기타,승용,남,52세,상해없음,보행자,남,39세,경상
2016062200100556,2016년 6월 22일 22시,수요일,경상북도 안동시 남선면,경상사고,0,0,1,0,차량단독 - 전도전복,안전운전불이행,건조,맑음,단일로 - 교량,승용,여,41세,상해없음,,,,
2016062200100557,2016년 6월 22일 22시,수요일,경상북도 포항시 남구 오천읍,경상사고,0,0,2,0,차대차 - 추돌,안전거리미확보,습기,비,단일로 - 기타,화물,남,63세,상해없음,승용,남,23세,경상
2016062200100558,2016년 6월 22일 22시,수요일,경상북도 경산시 와촌면,경상사고,0,0,1,0,차대차 - 추돌,안전운전불이행,건조,맑음,단일로 - 기타,승용,여,29세,경상,화물,남,55세,상해없음
2016062200100585,2016년 6월 22일 23시,수요일,경상북도 경주시 동천동,경상사고,0,0,1,0,차대차 - 측면충돌,안전운전불이행,습기,비,교차로 - 교차로안,승용,여,48세,상해없음,승용,남,74세,경상
2016062300100025,2016년 6월 23일 01시,목요일,경상북도 안동시 금곡동,경상사고,0,0,1,0,차대차 - 추돌,안전운전불이행,건조,맑음,단일로 - 기타,승합,남,30세,경상,특수,남,59세,상해없음
2016062300100036,2016년 6월 23일 02시,목요일,경상북도 포항시 남구 상도동,중상사고,0,1,1,0,차대차 - 정면충돌,신호위반,건조,맑음,교차로 - 교차로안,승용,남,62세,경상,승용,여,47세,중상
2016062300100046,2016년 6월 23일 03시,목요일,경상북도 칠곡군 지천면,중상사고,0,2,0,0,차대차 - 추돌,안전운전불이행,건조,흐림,단일로 - 교량,승용,여,43세,중상,화물,남,59세,중상
2016062300100086,2016년 6월 23일 07시,목요일,경상북도 영천시 신령면,사망사고,1,0,0,0,차대사람 - 횡단중,보행자보호의무위반,건조,맑음,교차로 - 교차로부근,화물,남,69세,상해없음,보행자,여,74세,사망
2016062300100087,2016년 6월 23일 07시,목요일,경상북도 성주군 성주읍,중상사고,0,1,0,0,차대사람 - 횡단중,보행자보호의무위반,건조,맑음,기타 - 기타,화물,남,71세,상해없음,보행자,남,72세,중상
2016062300100132,2016년 6월 23일 08시,목요일,경상북도 상주시 중덕동,중상사고,0,1,0,0,차대차 - 추돌,안전운전불이행,건조,맑음,단일로 - 기타,이륜,남,65세,상해없음,이륜,남,75세,중상
2016062300100168,2016년 6월 23일 09시,목요일,경상북도 영천시 금노동,중상사고,0,1,0,0,차대차 - 정면충돌,안전운전불이행,건조,맑음,단일로 - 기타,화물,남,73세,상해없음,승용,남,35세,중상
2016062300100214,2016년 6월 23일 11시,목요일,경상북도 경주시 성건동,경상사고,0,0,1,0,차대사람 - 보도통행중,기타,건조,맑음,기타 - 기타,승용,남,45세,상해없음,보행자,여,53세,경상
2016062300100215,2016년 6월 23일 11시,목요일,경상북도 예천군 보문면,중상사고,0,2,0,0,차대차 - 기타,중앙선침범,건조,맑음,단일로 - 기타,화물,남,66세,상해없음,자전거,남,45세,중상
2016062300100242,2016년 6월 23일 12시,목요일,경상북도 경주시 천군동,중상사고,0,1,0,0,차대차 - 정면충돌,중앙선침범,건조,맑음,단일로 - 교량,원동기,남,23세,중상,승용,여,65세,상해없음
2016062300100243,2016년 6월 23일 12시,목요일,경상북도 구미시 선산읍,중상사고,0,1,0,0,차대차 - 측면충돌,교차로운행방법위반,건조,맑음,교차로 - 교차로안,승용,여,60세,상해없음,승용,여,53세,중상
2016062300100244,2016년 6월 23일 12시,목요일,경상북도 포항시 남구 대잠동,중상사고,0,1,1,0,차대차 - 추돌,안전운전불이행,건조,맑음,단일로 - 기타,이륜,남,19세,중상,승용,남,61세,경상
2016062300100273,2016년 6월 23일 13시,목요일,경상북도 경주시 감포읍,중상사고,0,1,0,0,차대차 - 측면직각충돌,안전운전불이행,건조,맑음,단일로 - 기타,승용,남,61세,상해없음,이륜,남,80세,중상
2016062300100296,2016년 6월 23일 14시,목요일,경상북도 포항시 북구 양덕동,경상사고,0,0,1,0,차대차 - 측면충돌,안전운전불이행,건조,맑음,교차로 - 교차로안,승용,남,31세,경상,화물,남,57세,상해없음
2016062300100297,2016년 6월 23일 14시,목요일,경상북도 안동시 송현동,경상사고,0,0,1,0,차대차 - 정면충돌,안전운전불이행,건조,맑음,단일로 - 기타,화물,남,51세,상해없음,이륜,남,73세,경상
2016062300100298,2016년 6월 23일 14시,목요일,경상북도 포항시 남구 대잠동,중상사고,0,2,0,0,차대차 - 측면직각충돌,신호위반,건조,맑음,교차로 - 교차로안,승용,남,60세,상해없음,승용,남,53세,중상
2016062300100332,2016년 6월 23일 15시,목요일,경상북도 영천시 청통면,경상사고,0,0,2,0,차대차 - 기타,안전운전불이행,건조,맑음,단일로 - 기타,승용,여,51세,경상,화물,남,38세,경상
2016062300100363,2016년 6월 23일 16시,목요일,경상북도 경주시 인왕동,경상사고,0,0,1,0,차대차 - 기타,안전운전불이행,건조,맑음,단일로 - 기타,승용,여,65세,상해없음,화물,남,50세,경상
2016062300100364,2016년 6월 23일 16시,목요일,경상북도 경산시 남산면,사망사고,1,0,0,0,차량단독 - 전도전복,안전운전불이행,건조,맑음,단일로 - 기타,화물,남,57세,사망,,,,
2016062300100402,2016년 6월 23일 17시,목요일,경상북도 포항시 북구 죽도동,경상사고,0,0,1,0,차대차 - 측면충돌,교차로운행방법위반,건조,맑음,교차로 - 교차로안,승용,여,57세,경상,이륜,남,53세,상해없음
2016062300100403,2016년 6월 23일 17시,목요일,경상북도 영주시 풍기읍,중상사고,0,1,0,0,차대차 - 측면충돌,안전운전불이행,건조,맑음,교차로 - 교차로안,원동기,남,19세,상해없음,원동기,남,62세,중상
2016062300100404,2016년 6월 23일 17시,목요일,경상북도 경산시 압량면,경상사고,0,0,1,0,차대사람 - 횡단중,안전운전불이행,건조,맑음,교차로 - 교차로부근,승용,남,30세,상해없음,보행자,남,28세,경상