사고번호,사고일시,요일,시군구,사고내용,사망자수,중상자수,경상자수,부상신고자수,사고유형,법규위반,노면상태,기상상태,도로형태,가해운전자 차종,가해운전자 성별,가해운전자 연령,가해운전자 상해정도,피해운전자 차종,피해운전자 성별,피해운전자 연령,피해운전자 상해정도
2016062600100426,2016년 6월 26일 20시,일요일,경상북도 안동시 옥야동,경상사고,0,0,2,0,차대차 - 정면충돌,중앙선침범,건조,맑음,교차로 - 교차로부근,승용,여,61세,상해없음,승용,남,60세,경상
2016062600100427,2016년 6월 26일 20시,일요일,경상북도 구미시 고아읍,경상사고,0,0,2,0,차대차 - 측면충돌,직진우회전진행방해,건조,맑음,교차로 - 교차로안,승용,남,61세,상해없음,화물,남,34세,경상
2016062600100452,2016년 6월 26일 21시,일요일,경상북도 칠곡군 왜관읍,중상사고,0,1,0,0,차량단독 - 전도전복,안전운전불이행,건조,맑음,단일로 - 기타,이륜,남,44세,중상,,,,
2016062600100453,2016년 6월 26일 21시,일요일,경상북도 구미시 임수동,중상사고,0,1,1,0,차대차 - 기타,안전운전불이행,건조,맑음,교차로 - 교차로부근,승용,남,34세,상해없음,자전거,여,24세,중상
2016062600100471,2016년 6월 26일 22시,일요일,경상북도 안동시 태화동,경상사고,0,0,3,0,차대차 - 측면충돌,안전운전불이행,건조,맑음,단일로 - 기타,승용,남,49세,경상,화물,남,56세,상해없음
2016062600100472,2016년 6월 26일 22시,일요일,경상북도 구미시 진평동,중상사고,0,2,2,0,차대차 - 측면충돌,신호위반,건조,맑음,교차로 - 교차로안,승용,남,27세,기타불명,승용,여,27세,경상
2016062600100487,2016년 6월 26일 23시,일요일,경상북도 구미시 남통동,중상사고,0,2,3,0,차량단독 - 전도전복,안전운전불이행,건조,맑음,단일로 - 기타,승용,여,15세,중상,,,,
2016062700100018,2016년 6월 27일 01시,월요일,경상북도 포항시 북구 죽도동,부상신고사고,0,0,0,1,차대사람 - 횡단중,안전운전불이행,건조,맑음,단일로 - 기타,승용,남,20세,상해없음,보행자,남,68세,부상신고
2016062700100036,2016년 6월 27일 05시,월요일,경상북도 영덕군 지품면,중상사고,0,1,0,0,차량단독 - 전도전복,안전운전불이행,건조,맑음,단일로 - 기타,승용,남,19세,상해없음,,,,
2016062700100047,2016년 6월 27일 06시,월요일,경상북도 상주시 화북면,경상사고,0,0,1,0,차대차 - 기타,안전운전불이행,건조,맑음,단일로 - 기타,이륜,여,62세,경상,화물,남,36세,상해없음
2016062700100048,2016년 6월 27일 06시,월요일,경상북도 상주시 남성동,경상사고,0,0,1,0,차대차 - 추돌,안전운전불이행,건조,맑음,단일로 - 기타,화물,남,55세,상해없음,자전거,여,66세,경상
2016062700100049,2016년 6월 27일 06시,월요일,경상북도 영덕군 영해면,경상사고,0,0,1,0,차대차 - 측면충돌,중앙선침범,건조,맑음,단일로 - 기타,승용,여,58세,경상,승합,남,60세,상해없음
2016062700100070,2016년 6월 27일 07시,월요일,경상북도 안동시 운흥동,경상사고,0,0,1,0,차대차 - 측면직각충돌,직진우회전진행방해,건조,맑음,교차로 - 교차로안,승용,남,72세,상해없음,승용,여,20세,경상
2016062700100071,2016년 6월 27일 07시,월요일,경상북도 울진군 북면,중상사고,0,1,0,0,차대차 - 기타,안전운전불이행,건조,맑음,단일로 - 기타,승합,남,41세,상해없음,농기계,남,63세,중상
2016062700100072,2016년 6월 27일 07시,월요일,경상북도 청송군 청송읍,중상사고,0,1,0,0,차량단독 - 전도전복,안전운전불이행,건조,맑음,단일로 - 기타,화물,남,53세,중상,,,,
2016062700100166,2016년 6월 27일 10시,월요일,경상북도 칠곡군 북삼읍,사망사고,1,0,0,0,차대차 - 기타,교차로운행방법위반,건조,맑음,교차로 - 교차로안,이륜,남,75세,사망,승용,남,36세,상해없음
2016062700100167,2016년 6월 27일 10시,월요일,경상북도 영천시 성내동,경상사고,0,0,1,0,차대차 - 정면충돌,안전운전불이행,건조,맑음,교차로 - 교차로안,화물,여,23세,상해없음,원동기,남,66세,경상
2016062700100200,2016년 6월 27일 11시,월요일,경상북도 경산시 옥산동,경상사고,0,0,1,0,차대차 - 측면직각충돌,직진우회전진행방해,건조,맑음,교차로 - 교차로안,이륜,남,30세,경상,승용,남,48세,상해없음
2016062700100201,2016년 6월 27일 11시,월요일,경상북도 경산시 와촌면,경상사고,0,0,2,0,차대차 - 정면충돌,중앙선침범,건조,맑음,단일로 - 기타,승용,남,33세,경상,승용,남,53세,상해없음
2016062700100202,2016년 6월 27일 11시,월요일,경상북도 포항시 남구 대잠동,경상사고,0,0,2,0,차대차 - 측면직각충돌,안전운전불이행,건조,맑음,교차로 - 교차로안,승용,남,71세,상해없음,승용,여,29세,경상
2016062700100235,2016년 6월 27일 12시,월요일,경상북도 칠곡군 동명면,중상사고,0,1,1,0,차대차 - 추돌,안전운전불이행,건조,맑음,단일로 - 기타,화물,남,55세,경상,승용,남,61세,중상
2016062700100236,2016년 6월 27일 12시,월요일,경상북도 경산시 삼풍동,중상사고,0,1,0,0,차대차 - 기타,안전운전불이행,건조,맑음,단일로 - 기타,승용,여,70세,상해없음,이륜,남,35세,중상
2016062700100237,2016년 6월 27일 12시,월요일,경상북도 구미시 선산읍,중상사고,0,1,0,0,차대사람 - 횡단중,안전운전불이행,건조,맑음,단일로 - 기타,화물,남,49세,상해없음,보행자,남,63세,중상
2016062700100262,2016년 6월 27일 13시,월요일,경상북도 상주시 은척면,중상사고,0,1,0,0,차량단독 - 전도전복,안전운전불이행,건조,맑음,단일로 - 기타,화물,남,75세,중상,,,,
2016062700100263,2016년 6월 27일 13시,월요일,경상북도 상주시 만산동,경상사고,0,0,2,0,차대차 - 추돌,안전운전불이행,건조,맑음,단일로 - 기타,화물,남,58세,상해없음,화물,남,57세,경상
2016062700100264,2016년 6월 27일 13시,월요일,경상북도 영주시 영주동,경상사고,0,0,1,0,차대사람 - 횡단중,안전운전불이행,건조,맑음,단일로 - 기타,승합,남,49세,상해없음,보행자,여,79세,경상
2016062700100290,2016년 6월 27일 14시,월요일,경상북도 포항시 북구 남빈동,중상사고,0,1,0,0,차대사람 - 횡단중,안전운전불이행,건조,맑음,교차로 - 교차로안,승용,여,36세,상해없음,보행자,여,55세,중상
2016062700100291,2016년 6월 27일 14시,월요일,경상북도 포항시 북구 죽도동,경상사고,0,0,1,0,차대사람 - 차도통행중,안전운전불이행,건조,맑음,단일로 - 기타,승용,여,51세,상해없음,보행자,남,43세,경상
2016062700100292,2016년 6월 27일 14시,월요일,경상북도 안동시 풍산읍,경상사고,0,0,1,0,차대차 - 추돌,안전운전불이행,건조,맑음,단일로 - 기타,승용,남,45세,상해없음,이륜,남,37세,경상
2016062700100293,2016년 6월 27일 14시,월요일,경상북도 김천시 구성면,경상사고,0,0,3,0,차대차 - 측면충돌,신호위반,건조,맑음,교차로 - 교차로안,승용,남,78세,경상,승용,여,66세,경상
2016062700100332,2016년 6월 27일 15시,월요일,경상북도 상주시 계산동,경상사고,0,0,1,0,차대차 - 정면충돌,중앙선침범,건조,맑음,단일로 - 기타,승용,여,24세,상해없음,화물,남,50세,경상
2016062700100333,2016년 6월 27일 15시,월요일,경상북도 영천시 임고면,경상사고,0,0,1,0,차대차 - 추돌,안전운전불이행,건조,맑음,교차로 - 교차로안,화물,남,44세,상해없음,자전거,남,63세,경상
2016062700100361,2016년 6월 27일 16시,월요일,경상북도 경주시 성건동,중상사고,0,1,0,0,차대사람 - 기타,안전운전불이행,건조,맑음,단일로 - 기타,승용,남,50세,상해없음,보행자,여,61세,중상
2016062700100362,2016년 6월 27일 16시,월요일,경상북도 포항시 북구 두호동,경상사고,0,0,1,0,차대차 - 기타,안전운전불이행,건조,맑음,교차로 - 교차로안,승용,남,67세,상해없음,승용,여,57세,경상
2016062700100363,2016년 6월 27일 16시,월요일,경상북도 칠곡군 석적읍,경상사고,0,0,2,1,차대차 - 측면직각충돌,직진우회전진행방해,건조,맑음,교차로 - 교차로안,승용,여,36세,부상신고,승용,남,54세,경상
2016062700100364,2016년 6월 27일 16시,월요일,경상북도 포항시 남구 오천읍,경상사고,0,0,1,0,차대차 - 기타,직진우회전진행방해,건조,맑음,교차로 - 교차로안,승용,남,26세,상해없음,승용,남,30세,경상
2016062700100407,2016년 6월 27일 17시,월요일,경상북도 안동시 도산면,중상사고,0,1,0,0,차대사람 - 기타,안전운전불이행,건조,맑음,단일로 - 기타,화물,남,44세,상해없음,보행자,여,78세,중상
2016062700100408,2016년 6월 27일 17시,월요일,경상북도 경산시 하양읍,경상사고,0,0,2,0,차대차 - 정면충돌,안전운전불이행,습기,비,교차로 - 교차로안,화물,남,77세,상해없음,자전거,남,13세,경상
2016062700100409,2016년 6월 27일 17시,월요일,경상북도 구미시 임은동,경상사고,0,0,1,0,차대사람 - 횡단중,보행자보호의무위반,건조,맑음,단일로 - 횡단보도상,승용,남,64세,상해없음,보행자,남,6세,경상
2016062700100410,2016년 6월 27일 17시,월요일,경상북도 구미시 상모동,부상신고사고,0,0,0,1,차대차 - 정면충돌,안전운전불이행,건조,맑음,교차로 - 교차로부근,이륜,남,16세,부상신고,승용,남,41세,상해없음
2016062700100445,2016년 6월 27일 18시,월요일,경상북도 안동시 태화동,경상사고,0,0,1,0,차대차 - 정면충돌,안전운전불이행,건조,맑음,단일로 - 기타,승용,여,54세,상해없음,원동기,남,18세,경상
2016062700100446,2016년 6월 27일 18시,월요일,경상북도 영주시 안정면,중상사고,0,1,0,0,차대차 - 측면충돌,중앙선침범,건조,맑음,단일로 - 기타,승용,여,47세,상해없음,원동기,남,71세,중상
2016062700100447,2016년 6월 27일 18시,월요일,경상북도 포항시 남구 연일읍,경상사고,0,0,2,0,차대차 - 측면직각충돌,안전운전불이행,건조,맑음,단일로 - 기타,승용,남,24세,경상,승용,남,57세,경상
2016062700100479,2016년 6월 27일 19시,월요일,경상북도 김천시 덕곡동,경상사고,0,0,1,0,차대차 - 측면충돌,안전운전불이행,건조,맑음,교차로 - 교차로부근,승용,남,62세,상해없음,승용,남,30세,경상
2016062700100480,2016년 6월 27일 19시,월요일,경상북도 영천시 망정동,경상사고,0,0,2,0,차대차 - 정면충돌,불법유턴,건조,맑음,교차로 - 교차로안,원동기,남,36세,경상,승용,남,37세,경상
2016062700100481,2016년 6월 27일 19시,월요일,경상북도 구미시 형곡동,경상사고,0,0,1,0,차대사람 - 횡단중,보행자보호의무위반,건조,맑음,단일로 - 기타,승용,남,56세,상해없음,보행자,여,52세,경상
2016062700100512,2016년 6월 27일 20시,월요일,경상북도 예천군 용궁면,중상사고,0,1,0,0,차대차 - 측면직각충돌,직진우회전진행방해,건조,맑음,교차로 - 교차로안,승용,여,57세,상해없음,이륜,여,61세,중상
2016062700100538,2016년 6월 27일 21시,월요일,경상북도 포항시 남구 이동,경상사고,0,0,1,0,차대차 - 기타,중앙선침범,건조,맑음,단일로 - 기타,승용,남,47세,상해없음,이륜,남,25세,경상
2016062700100568,2016년 6월 27일 22시,월요일,경상북도 경주시 노서동,중상사고,0,1,0,0,차대차 - 기타,안전운전불이행,건조,맑음,교차로 - 교차로부근,승용,남,27세,상해없음,승용,여,37세,상해없음
2016062700100569,2016년 6월 27일 22시,월요일,경상북도 경산시 중방동,중상사고,0,1,0,0,차대사람 - 횡단중,보행자보호의무위반,건조,맑음,단일로 - 횡단보도상,승용,여,51세,상해없음,보행자,남,60세,중상
2016062700100570,2016년 6월 27일 22시,월요일,경상북도 포항시 남구 이동,경상사고,0,0,1,0,차대차 - 기타,안전운전불이행,건조,맑음,단일로 - 기타,승용,남,67세,상해없음,승용,남,26세,경상
2016062700100592,2016년 6월 27일 23시,월요일,경상북도 경주시 안강읍,중상사고,0,1,0,0,차대사람 - 횡단중,보행자보호의무위반,건조,맑음,교차로 - 교차로안,승용,남,46세,상해없음,보행자,남,47세,중상
2016062700100593,2016년 6월 27일 23시,월요일,경상북도 경산시 압량면,경상사고,0,0,1,0,차대차 - 추돌,안전운전불이행,건조,맑음,단일로 - 기타,승용,남,29세,경상,승용,남,44세,기타불명
2016062700100594,2016년 6월 27일 23시,월요일,경상북도 포항시 남구 송도동,경상사고,0,0,2,0,차대차 - 기타,안전운전불이행,건조,맑음,단일로 - 기타,이륜,남,35세,경상,자전거,남,71세,경상
2016062800100015,2016년 6월 28일 01시,화요일,경상북도 경산시 대동,경상사고,0,0,1,0,차대차 - 기타,안전운전불이행,건조,맑음,단일로 - 기타,승용,여,35세,상해없음,승용,남,43세,경상
2016062800100016,2016년 6월 28일 01시,화요일,경상북도 구미시 도량동,경상사고,0,0,1,0,차대차 - 기타,안전운전불이행,건조,맑음,교차로 - 교차로안,이륜,남,19세,기타불명,승용,남,44세,경상
2016062800100028,2016년 6월 28일 02시,화요일,경상북도 경주시 안강읍,경상사고,0,0,1,0,차대차 - 측면직각충돌,안전운전불이행,건조,맑음,교차로 - 교차로안,승용,남,62세,상해없음,화물,남,26세,경상
2016062800100038,2016년 6월 28일 03시,화요일,경상북도 안동시 옥동,중상사고,0,1,0,0,차대사람 - 길가장자리구역통행중,안전운전불이행,건조,맑음,교차로 - 교차로부근,승용,남,25세,상해없음,보행자,남,18세,중상
2016062800100039,2016년 6월 28일 03시,화요일,경상북도 구미시 임수동,경상사고,0,0,1,0,차대사람 - 기타,안전운전불이행,건조,맑음,기타 - 기타,승용,남,26세,기타불명,보행자,남,30세,경상
2016062800100058,2016년 6월 28일 05시,화요일,경상북도 구미시 공단동,중상사고,0,1,0,0,차대차 - 측면충돌,안전운전불이행,건조,맑음,단일로 - 기타,승용,여,39세,상해없음,승용,남,65세,중상
2016062800100080,2016년 6월 28일 07시,화요일,경상북도 문경시 점촌동,경상사고,0,0,1,0,차대사람 - 횡단중,안전운전불이행,건조,맑음,교차로 - 교차로안,화물,남,38세,상해없음,보행자,남,71세,경상
2016062800100113,2016년 6월 28일 08시,화요일,경상북도 포항시 남구 해도동,경상사고,0,0,1,0,차대차 - 정면충돌,신호위반,건조,맑음,교차로 - 교차로안,승용,남,70세,상해없음,이륜,남,36세,경상
2016062800100147,2016년 6월 28일 09시,화요일,경상북도 경주시 안강읍,경상사고,0,0,2,0,차대차 - 추돌,안전운전불이행,건조,맑음,교차로 - 교차로부근,승용,여,55세,경상,화물,남,36세,경상
2016062800100148,2016년 6월 28일 09시,화요일,경상북도 안동시 녹전면,경상사고,0,0,1,0,차대사람 - 기타,안전운전불이행,건조,맑음,기타 - 기타,건설기계,남,61세,상해없음,보행자,남,57세,경상
2016062800100149,2016년 6월 28일 09시,화요일,경상북도 구미시 구포동,경상사고,0,0,1,0,차대차 - 정면충돌,안전운전불이행,건조,맑음,교차로 - 교차로부근,승용,여,57세,상해없음,승용,여,40세,경상
2016062800100177,2016년 6월 28일 10시,화요일,경상북도 포항시 북구 장성동,경상사고,0,0,3,0,차대차 - 추돌,안전운전불이행,건조,맑음,단일로 - 교량,승용,남,71세,상해없음,승용,여,25세,경상
2016062800100178,2016년 6월 28일 10시,화요일,경상북도 포항시 북구 죽도동,중상사고,0,1,0,0,차대사람 - 기타,안전운전불이행,건조,맑음,단일로 - 기타,원동기,남,19세,상해없음,보행자,여,62세,중상
2016062800100179,2016년 6월 28일 10시,화요일,경상북도 문경시 흥덕동,중상사고,0,2,0,0,철길건널목 - 철길건널목,기타,건조,맑음,단일로 - 철길건널목,화물,남,72세,중상,기타불명,남,44세,상해없음
2016062800100180,2016년 6월 28일 10시,화요일,경상북도 상주시 사벌면,사망사고,1,0,0,0,차대차 - 추돌,안전운전불이행,건조,맑음,단일로 - 기타,화물,남,33세,상해없음,승용,남,58세,상해없음
2016062800100205,2016년 6월 28일 11시,화요일,경상북도 안동시 송천동,경상사고,0,0,2,0,차대차 - 정면충돌,안전운전불이행,습기,비,단일로 - 기타,승용,남,59세,경상,승용,여,55세,경상
2016062800100234,2016년 6월 28일 12시,화요일,경상북도 포항시 북구 흥해읍,경상사고,0,0,1,0,차대차 - 정면충돌,교차로운행방법위반,건조,맑음,교차로 - 교차로안,화물,남,66세,상해없음,원동기,남,63세,경상
2016062800100254,2016년 6월 28일 13시,화요일,경상북도 구미시 상모동,중상사고,0,1,0,0,차대차 - 측면충돌,중앙선침범,건조,맑음,단일로 - 기타,자전거,남,13세,중상,승용,남,34세,상해없음
2016062800100255,2016년 6월 28일 13시,화요일,경상북도 포항시 남구 오천읍,경상사고,0,0,2,0,차대차 - 측면충돌,신호위반,건조,맑음,교차로 - 교차로안,승용,여,42세,상해없음,화물,남,54세,경상
2016062800100280,2016년 6월 28일 14시,화요일,경상북도 경주시 천북면,경상사고,0,0,3,0,차대차 - 측면충돌,안전운전불이행,건조,맑음,교차로 - 교차로안,승용,여,50세,경상,승용,여,49세,경상
2016062800100281,2016년 6월 28일 14시,화요일,경상북도 안동시 옥동,경상사고,0,0,1,0,차대차 - 측면직각충돌,안전거리미확보,건조,맑음,단일로 - 기타,화물,남,63세,상해없음,승용,여,51세,경상
2016062800100282,2016년 6월 28일 14시,화요일,경상북도 구미시 도량동,중상사고,0,1,0,0,차대사람 - 횡단중,보행자보호의무위반,건조,맑음,단일로 - 기타,승용,여,40세,상해없음,보행자,남,6세,중상
2016062800100317,2016년 6월 28일 15시,화요일,경상북도 상주시 무양동,경상사고,0,0,2,0,차대차 - 측면직각충돌,교차로운행방법위반,건조,맑음,교차로 - 교차로안,원동기,남,79세,경상,승용,여,53세,상해없음
2016062800100345,2016년 6월 28일 16시,화요일,경상북도 경주시 용강동,경상사고,0,0,2,0,차대차 - 측면직각충돌,안전운전불이행,건조,맑음,단일로 - 기타,승용,여,53세,경상,승용,남,57세,경상
2016062800100346,2016년 6월 28일 16시,화요일,경상북도 포항시 북구 양덕동,경상사고,0,0,1,0,차대차 - 측면충돌,직진우회전진행방해,건조,맑음,교차로 - 교차로안,승용,여,30세,상해없음,자전거,남,15세,경상
2016062800100347,2016년 6월 28일 16시,화요일,경상북도 안동시 임하면,중상사고,0,1,0,0,차대차 - 정면충돌,중앙선침범,건조,맑음,교차로 - 교차로부근,승용,남,65세,상해없음,이륜,남,63세,중상
2016062800100348,2016년 6월 28일 16시,화요일,경상북도 칠곡군 동명면,중상사고,0,1,1,0,차대차 - 기타,중앙선침범,건조,맑음,단일로 - 기타,승용,여,48세,상해없음,승용,남,62세,경상
2016062800100349,2016년 6월 28일 16시,화요일,경상북도 울진군 평해읍,경상사고,0,0,1,0,차량단독 - 전도전복,안전운전불이행,건조,맑음,단일로 - 기타,원동기,남,71세,경상,,,,
2016062800100386,2016년 6월 28일 17시,화요일,경상북도 포항시 북구 장성동,경상사고,0,0,1,0,차대차 - 추돌,안전운전불이행,건조,맑음,교차로 - 교차로부근,이륜,남,50세,경상,이륜,남,45세,상해없음
2016062800100387,2016년 6월 28일 17시,화요일,경상북도 상주시 모서면,경상사고,0,0,1,0,차대차 - 측면직각충돌,교차로운행방법위반,건조,맑음,단일로 - 기타,승용,여,64세,상해없음,농기계,남,50세,경상
2016062800100388,2016년 6월 28일 17시,화요일,경상북도 구미시 봉곡동,경상사고,0,0,1,0,차대차 - 기타,교차로운행방법위반,건조,맑음,단일로 - 기타,승용,남,43세,상해없음,이륜,남,20세,경상
2016062800100428,2016년 6월 28일 18시,화요일,경상북도 경산시 신천동,경상사고,0,0,2,0,차대차 - 측면충돌,신호위반,건조,맑음,교차로 - 교차로안,승용,여,23세,상해없음,승용,남,36세,경상
2016062800100429,2016년 6월 28일 18시,화요일,경상북도 구미시 송정동,중상사고,0,1,0,0,차대사람 - 횡단중,보행자보호의무위반,건조,맑음,단일로 - 횡단보도상,승용,남,56세,상해없음,보행자,남,63세,중상
2016062800100458,2016년 6월 28일 19시,화요일,경상북도 영주시 영주동,중상사고,0,1,0,0,차대사람 - 횡단중,안전운전불이행,건조,맑음,단일로 - 기타,승용,남,31세,상해없음,보행자,남,67세,중상
2016062800100459,2016년 6월 28일 19시,화요일,경상북도 예천군 예천읍,경상사고,0,0,1,0,차대사람 - 횡단중,안전운전불이행,건조,맑음,단일로 - 기타,승용,여,63세,상해없음,보행자,여,7세,경상
2016062800100479,2016년 6월 28일 20시,화요일,경상북도 경주시 동천동,중상사고,0,1,0,0,차대차 - 측면충돌,안전운전불이행,건조,맑음,교차로 - 교차로안,승용,남,74세,상해없음,자전거,남,54세,중상
2016062800100480,2016년 6월 28일 20시,화요일,경상북도 포항시 북구 창포동,중상사고,0,1,0,0,차량단독 - 전도전복,안전운전불이행,습기,비,교차로 - 교차로안,이륜,남,49세,중상,,,,
2016062800100481,2016년 6월 28일 20시,화요일,경상북도 경산시 진량읍,경상사고,0,0,1,0,차대차 - 측면직각충돌,안전운전불이행,건조,맑음,교차로 - 교차로안,이륜,남,29세,경상,화물,남,64세,상해없음
2016062800100482,2016년 6월 28일 20시,화요일,경상북도 구미시 남통동,부상신고사고,0,0,0,1,차대차 - 기타,안전운전불이행,건조,맑음,단일로 - 기타,이륜,남,24세,부상신고,승용,남,69세,상해없음
2016062800100524,2016년 6월 28일 21시,화요일,경상북도 경주시 충효동,사망사고,1,0,0,0,차대사람 - 횡단중,안전운전불이행,건조,맑음,교차로 - 교차로안,승용,남,77세,상해없음,보행자,남,63세,사망
2016062800100525,2016년 6월 28일 21시,화요일,경상북도 경산시 옥산동,경상사고,0,0,1,0,차대차 - 정면충돌,신호위반,건조,맑음,단일로 - 횡단보도상,승용,여,42세,상해없음,자전거,남,9세,경상
2016062800100526,2016년 6월 28일 21시,화요일,경상북도 경산시 중방동,경상사고,0,0,1,0,차량단독 - 공작물충돌,차로위반,건조,맑음,단일로 - 기타,승용,남,51세,상해없음,,,,
2016062800100527,2016년 6월 28일 21시,화요일,경상북도 구미시 시미동,경상사고,0,0,2,1,차대차 - 측면충돌,신호위반,건조,맑음,교차로 - 교차로안,승용,남,34세,부상신고,승용,남,50세,경상
2016062800100553,2016년 6월 28일 22시,화요일,경상북도 구미시 공단동,사망사고,1,0,0,0,차대차 - 측면충돌,안전운전불이행,건조,맑음,단일로 - 기타,승용,남,28세,상해없음,이륜,남,16세,사망
2016062900100011,2016년 6월 29일 00시,수요일,경상북도 경산시 중방동,경상사고,0,0,1,0,차대차 - 측면충돌,안전운전불이행,건조,맑음,교차로 - 교차로부근,승용,남,47세,상해없음,승용,남,34세,경상
2016062900100022,2016년 6월 29일 01시,수요일,경상북도 포항시 남구 상도동,경상사고,0,0,1,0,차대차 - 추돌,안전운전불이행,건조,맑음,교차로 - 교차로부근,승용,남,63세,상해없음,승용,남,26세,경상
2016062900100043,2016년 6월 29일 03시,수요일,경상북도 군위군 군위읍,중상사고,0,1,0,0,차대사람 - 기타,안전운전불이행,건조,맑음,단일로 - 기타,화물,남,65세,상해없음,보행자,남,60세,중상
2016062900100053,2016년 6월 29일 05시,수요일,경상북도 포항시 북구 죽도동,경상사고,0,0,1,0,차대차 - 정면충돌,교차로운행방법위반,건조,맑음,교차로 - 교차로부근,승용,남,76세,상해없음,원동기,남,62세,경상
2016062900100064,2016년 6월 29일 06시,수요일,경상북도 포항시 남구 연일읍,중상사고,0,1,0,0,차대차 - 정면충돌,신호위반,건조,맑음,단일로 - 기타,화물,남,60세,상해없음,자전거,남,74세,중상
2016062900100089,2016년 6월 29일 07시,수요일,경상북도 경주시 용강동,중상사고,0,1,1,0,차대차 - 기타,안전거리미확보,건조,맑음,교차로 - 교차로부근,건설기계,남,48세,상해없음,승용,남,48세,중상
2016062900100090,2016년 6월 29일 07시,수요일,경상북도 안동시 수상동,중상사고,0,1,1,0,차대차 - 추돌,안전거리미확보,건조,맑음,교차로 - 교차로부근,승합,여,52세,상해없음,승용,남,20세,중상
2016062900100091,2016년 6월 29일 07시,수요일,경상북도 경산시 하양읍,경상사고,0,0,1,0,차대차 - 기타,기타,건조,맑음,단일로 - 기타,승합,남,62세,상해없음,승용,남,36세,경상
2016062900100092,2016년 6월 29일 07시,수요일,경상북도 구미시 상모동,경상사고,0,0,2,0,차대차 - 측면직각충돌,신호위반,건조,맑음,교차로 - 교차로안,승용,여,46세,상해없음,화물,남,72세,경상
2016062900100129,2016년 6월 29일 08시,수요일,경상북도 칠곡군 약목면,경상사고,0,0,1,1,차대차 - 측면직각충돌,직진우회전진행방해,건조,맑음,단일로 - 기타,화물,남,57세,부상신고,화물,남,62세,경상
2016062900100130,2016년 6월 29일 08시,수요일,경상북도 칠곡군 북삼읍,경상사고,0,0,1,0,차대차 - 추돌,안전운전불이행,건조,맑음,기타 - 기타,승용,여,55세,상해없음,승용,남,25세,경상
2016062900100163,2016년 6월 29일 09시,수요일,경상북도 포항시 북구 기계면,경상사고,0,0,3,0,차대차 - 측면충돌,직진우회전진행방해,건조,맑음,교차로 - 교차로안,승용,여,58세,경상,승용,여,58세,경상
2016062900100201,2016년 6월 29일 10시,수요일,경상북도 칠곡군 석적읍,부상신고사고,0,0,0,1,차량단독 - 공작물충돌,안전운전불이행,건조,맑음,교차로 - 교차로부근,승용,남,32세,부상신고,,,,
2016062900100202,2016년 6월 29일 10시,수요일,경상북도 문경시 모전동,경상사고,0,0,1,0,차대차 - 측면충돌,안전운전불이행,건조,맑음,단일로 - 기타,자전거,남,32세,경상,승용,여,57세,상해없음
2016062900100231,2016년 6월 29일 11시,수요일,경상북도 상주시 냉림동,중상사고,0,1,1,0,차대차 - 측면충돌,신호위반,건조,맑음,교차로 - 교차로안,화물,남,67세,상해없음,승용,남,52세,중상
2016062900100256,2016년 6월 29일 12시,수요일,경상북도 포항시 북구 용흥동,경상사고,0,0,1,0,차대차 - 추돌,안전거리미확보,건조,맑음,교차로 - 교차로부근,승용,여,62세,상해없음,승용,여,56세,경상
2016062900100257,2016년 6월 29일 12시,수요일,경상북도 군위군 군위읍,부상신고사고,0,0,0,1,차대차 - 추돌,안전운전불이행,건조,맑음,단일로 - 기타,승용,남,31세,상해없음,화물,남,68세,부상신고
2016062900100258,2016년 6월 29일 12시,수요일,경상북도 구미시 공단동,경상사고,0,0,1,0,차대차 - 기타,안전운전불이행,기타,기타,기타 - 기타,화물,남,29세,상해없음,승용,여,37세,경상
2016062900100285,2016년 6월 29일 13시,수요일,경상북도 상주시 계산동,중상사고,0,1,0,0,차대차 - 정면충돌,중앙선침범,건조,맑음,단일로 - 기타,이륜,남,85세,중상,승용,남,61세,상해없음
2016062900100286,2016년 6월 29일 13시,수요일,경상북도 의성군 단촌면,중상사고,0,1,1,0,차대차 - 측면충돌,안전운전불이행,건조,맑음,단일로 - 기타,승용,남,60세,상해없음,승용,남,63세,경상
2016062900100287,2016년 6월 29일 13시,수요일,경상북도 구미시 진평동,경상사고,0,0,2,0,차대차 - 측면충돌,안전운전불이행,기타,기타,교차로 - 교차로안,승용,남,57세,상해없음,승용,남,25세,상해없음
2016062900100316,2016년 6월 29일 14시,수요일,경상북도 고령군 쌍림면,중상사고,0,1,0,0,차량단독 - 전도전복,안전운전불이행,건조,맑음,단일로 - 기타,이륜,남,52세,중상,,,,
2016062900100317,2016년 6월 29일 14시,수요일,경상북도 청송군 안덕면,중상사고,0,1,0,0,차대사람 - 기타,안전운전불이행,건조,맑음,단일로 - 기타,화물,남,61세,상해없음,보행자,남,78세,중상
2016062900100350,2016년 6월 29일 15시,수요일,경상북도 상주시 신봉동,경상사고,0,0,1,0,차대차 - 측면충돌,안전운전불이행,건조,맑음,단일로 - 기타,승용,남,63세,상해없음,자전거,남,7세,경상
2016062900100351,2016년 6월 29일 15시,수요일,경상북도 칠곡군 동명면,부상신고사고,0,0,0,1,차대차 - 기타,안전운전불이행,건조,맑음,단일로 - 기타,원동기,남,37세,부상신고,승합,남,59세,상해없음