사고번호,사고일시,요일,시군구,사고내용,사망자수,중상자수,경상자수,부상신고자수,사고유형,법규위반,노면상태,기상상태,도로형태,가해운전자 차종,가해운전자 성별,가해운전자 연령,가해운전자 상해정도,피해운전자 차종,피해운전자 성별,피해운전자 연령,피해운전자 상해정도
2016062900100352,2016년 6월 29일 15시,수요일,경상북도 문경시 영순면,중상사고,0,1,0,0,차대차 - 측면충돌,안전운전불이행,건조,맑음,단일로 - 기타,승합,남,64세,상해없음,자전거,여,73세,중상
2016062900100353,2016년 6월 29일 15시,수요일,경상북도 포항시 남구 대도동,경상사고,0,0,3,0,차대차 - 측면직각충돌,안전운전불이행,건조,맑음,단일로 - 기타,화물,남,66세,상해없음,승용,남,75세,경상
2016062900100383,2016년 6월 29일 16시,수요일,경상북도 경주시 성건동,부상신고사고,0,0,0,1,차대차 - 기타,안전운전불이행,건조,맑음,교차로 - 교차로안,이륜,남,60세,부상신고,화물,남,67세,상해없음
2016062900100384,2016년 6월 29일 16시,수요일,경상북도 포항시 북구 남빈동,경상사고,0,0,1,0,차대차 - 정면충돌,차로위반,건조,맑음,교차로 - 교차로부근,승용,남,67세,상해없음,승합,남,42세,상해없음
2016062900100385,2016년 6월 29일 16시,수요일,경상북도 포항시 북구 득량동,경상사고,0,0,2,0,차대차 - 정면충돌,안전거리미확보,건조,맑음,단일로 - 기타,승용,여,45세,경상,승용,남,58세,상해없음
2016062900100386,2016년 6월 29일 16시,수요일,경상북도 포항시 북구 죽도동,중상사고,0,1,0,0,차대사람 - 횡단중,안전운전불이행,건조,맑음,단일로 - 기타,승용,남,67세,상해없음,보행자,남,30세,중상
2016062900100387,2016년 6월 29일 16시,수요일,경상북도 구미시 송정동,중상사고,0,1,0,0,차대사람 - 횡단중,안전운전불이행,건조,맑음,교차로 - 교차로부근,승용,여,53세,상해없음,보행자,여,63세,중상
2016062900100388,2016년 6월 29일 16시,수요일,경상북도 구미시 신평동,경상사고,0,0,1,0,차대차 - 정면충돌,안전운전불이행,건조,맑음,단일로 - 기타,화물,남,45세,상해없음,승용,여,44세,경상
2016062900100424,2016년 6월 29일 17시,수요일,경상북도 경주시 강동면,경상사고,0,0,1,0,차량단독 - 전도전복,안전운전불이행,건조,맑음,기타 - 기타,기타불명,남,52세,상해없음,,,,
2016062900100425,2016년 6월 29일 17시,수요일,경상북도 상주시 함창읍,중상사고,0,1,0,0,차대차 - 측면직각충돌,안전운전불이행,건조,맑음,교차로 - 교차로안,자전거,여,54세,중상,승용,여,53세,상해없음
2016062900100426,2016년 6월 29일 17시,수요일,경상북도 문경시 농암면,사망사고,1,0,0,0,차량단독 - 공작물충돌,안전운전불이행,건조,맑음,단일로 - 기타,원동기,여,72세,사망,,,,
2016062900100427,2016년 6월 29일 17시,수요일,경상북도 포항시 남구 대송면,중상사고,0,1,0,0,차대차 - 측면직각충돌,안전운전불이행,건조,맑음,교차로 - 교차로부근,승용,남,55세,상해없음,원동기,여,70세,중상
2016062900100468,2016년 6월 29일 18시,수요일,경상북도 영주시 가흥동,부상신고사고,0,0,0,1,차대차 - 측면충돌,안전운전불이행,건조,맑음,교차로 - 교차로안,승용,여,59세,부상신고,승용,남,23세,상해없음
2016062900100469,2016년 6월 29일 18시,수요일,경상북도 영천시 화남면,중상사고,0,1,0,0,차대사람 - 길가장자리구역통행중,안전운전불이행,건조,맑음,단일로 - 기타,승용,남,42세,상해없음,보행자,여,76세,중상
2016062900100470,2016년 6월 29일 18시,수요일,경상북도 예천군 예천읍,중상사고,0,1,0,0,차대차 - 측면직각충돌,안전운전불이행,건조,맑음,교차로 - 교차로안,승용,남,33세,상해없음,자전거,남,68세,중상
2016062900100471,2016년 6월 29일 18시,수요일,경상북도 포항시 남구 연일읍,경상사고,0,0,1,0,차대차 - 측면직각충돌,안전운전불이행,건조,맑음,교차로 - 교차로부근,자전거,여,63세,경상,이륜,남,65세,상해없음
2016062900100503,2016년 6월 29일 19시,수요일,경상북도 경산시 서상동,경상사고,0,0,1,0,차대사람 - 횡단중,안전운전불이행,건조,맑음,교차로 - 교차로안,화물,남,66세,상해없음,보행자,여,58세,경상
2016062900100531,2016년 6월 29일 20시,수요일,경상북도 경주시 내남면,중상사고,0,1,0,0,차량단독 - 전도전복,안전운전불이행,건조,맑음,단일로 - 기타,화물,남,56세,중상,,,,
2016062900100532,2016년 6월 29일 20시,수요일,경상북도 포항시 북구 두호동,중상사고,0,1,0,0,차대사람 - 횡단중,안전운전불이행,건조,맑음,단일로 - 기타,자전거,남,19세,상해없음,보행자,여,62세,중상
2016062900100565,2016년 6월 29일 21시,수요일,경상북도 포항시 북구 두호동,중상사고,0,1,1,0,차대사람 - 횡단중,안전운전불이행,건조,맑음,단일로 - 기타,자전거,남,52세,경상,보행자,여,57세,중상
2016062900100582,2016년 6월 29일 22시,수요일,경상북도 경산시 옥산동,중상사고,0,1,0,0,차대차 - 정면충돌,중앙선침범,건조,맑음,단일로 - 기타,이륜,남,25세,상해없음,이륜,남,16세,중상
2016062900100609,2016년 6월 29일 23시,수요일,경상북도 구미시 봉곡동,경상사고,0,0,2,0,차대차 - 추돌,안전운전불이행,건조,맑음,단일로 - 기타,승용,남,32세,기타불명,승용,남,48세,경상
2016063000100019,2016년 6월 30일 01시,목요일,경상북도 청도군 매전면,경상사고,0,0,1,0,차대차 - 정면충돌,안전운전불이행,건조,맑음,단일로 - 기타,승용,남,23세,상해없음,승용,남,74세,기타불명
2016063000100027,2016년 6월 30일 02시,목요일,경상북도 영천시 망정동,경상사고,0,0,1,0,차대차 - 추돌,안전운전불이행,건조,맑음,교차로 - 교차로부근,승용,남,31세,경상,승용,남,32세,기타불명
2016063000100036,2016년 6월 30일 03시,목요일,경상북도 구미시 진평동,중상사고,0,1,1,0,차대차 - 측면직각충돌,안전운전불이행,건조,맑음,교차로 - 교차로안,승용,남,24세,상해없음,승용,남,51세,경상
2016063000100037,2016년 6월 30일 03시,목요일,경상북도 성주군 초전면,사망사고,1,0,0,0,차대차 - 추돌,안전운전불이행,건조,맑음,단일로 - 기타,화물,남,50세,사망,화물,남,64세,상해없음
2016063000100065,2016년 6월 30일 06시,목요일,경상북도 경주시 양북면,중상사고,0,2,0,1,차대차 - 측면충돌,기타,건조,맑음,교차로 - 교차로안,승용,남,34세,부상신고,화물,남,61세,중상
2016063000100087,2016년 6월 30일 07시,목요일,경상북도 의성군 안계면,경상사고,0,0,1,0,차대차 - 측면직각충돌,안전운전불이행,건조,맑음,교차로 - 교차로안,이륜,남,73세,경상,화물,남,47세,기타불명
2016063000100088,2016년 6월 30일 07시,목요일,경상북도 칠곡군 왜관읍,중상사고,0,2,0,0,차대차 - 기타,안전운전불이행,건조,흐림,교차로 - 교차로부근,화물,남,26세,중상,승용,남,45세,상해없음
2016063000100089,2016년 6월 30일 07시,목요일,경상북도 경산시 남산면,경상사고,0,0,2,0,차대차 - 정면충돌,신호위반,건조,맑음,교차로 - 교차로안,건설기계,남,60세,경상,화물,남,32세,경상
2016063000100115,2016년 6월 30일 08시,목요일,경상북도 포항시 북구 학잠동,중상사고,0,1,0,0,차대차 - 측면충돌,교차로운행방법위반,건조,맑음,교차로 - 교차로안,승용,남,43세,상해없음,승용,여,41세,중상
2016063000100116,2016년 6월 30일 08시,목요일,경상북도 김천시 신음동,경상사고,0,0,1,0,차대차 - 측면충돌,신호위반,건조,맑음,교차로 - 교차로안,승용,남,24세,상해없음,승용,여,36세,경상
2016063000100117,2016년 6월 30일 08시,목요일,경상북도 예천군 예천읍,경상사고,0,0,1,0,차대차 - 정면충돌,교차로운행방법위반,건조,맑음,교차로 - 교차로안,승용,남,79세,상해없음,승용,남,25세,경상
2016063000100142,2016년 6월 30일 09시,목요일,경상북도 예천군 예천읍,중상사고,0,1,0,0,차대차 - 측면직각충돌,직진우회전진행방해,건조,맑음,교차로 - 교차로안,승용,남,40세,상해없음,이륜,남,79세,중상
2016063000100169,2016년 6월 30일 10시,목요일,경상북도 고령군 다산면,중상사고,0,1,0,0,차대차 - 측면직각충돌,직진우회전진행방해,건조,맑음,교차로 - 교차로안,원동기,남,67세,중상,승용,남,54세,상해없음
2016063000100195,2016년 6월 30일 11시,목요일,경상북도 포항시 북구 죽도동,중상사고,0,1,1,0,차대차 - 추돌,안전운전불이행,건조,맑음,단일로 - 기타,화물,남,41세,상해없음,승용,여,40세,중상
2016063000100196,2016년 6월 30일 11시,목요일,경상북도 포항시 북구 흥해읍,부상신고사고,0,0,0,1,차대차 - 정면충돌,기타,건조,맑음,단일로 - 기타,건설기계,남,32세,상해없음,승용,여,55세,부상신고
2016063000100220,2016년 6월 30일 12시,목요일,경상북도 안동시 당북동,경상사고,0,0,1,0,차대차 - 정면충돌,안전거리미확보,건조,맑음,단일로 - 기타,승용,여,21세,상해없음,승용,남,72세,경상
2016063000100221,2016년 6월 30일 12시,목요일,경상북도 김천시 응명동,경상사고,0,0,1,0,차대차 - 측면충돌,안전거리미확보,건조,맑음,단일로 - 기타,이륜,남,46세,경상,화물,남,62세,상해없음
2016063000100222,2016년 6월 30일 12시,목요일,경상북도 영양군 일월면,중상사고,0,1,0,0,차대사람 - 횡단중,중앙선침범,건조,맑음,단일로 - 기타,승용,남,58세,상해없음,보행자,여,61세,중상
2016063000100223,2016년 6월 30일 12시,목요일,경상북도 포항시 남구 오천읍,중상사고,0,1,0,0,차대사람 - 횡단중,안전운전불이행,건조,맑음,교차로 - 교차로부근,승용,여,54세,상해없음,보행자,여,59세,중상
2016063000100249,2016년 6월 30일 13시,목요일,경상북도 영천시 화남면,경상사고,0,0,1,0,차대차 - 기타,안전운전불이행,건조,맑음,교차로 - 교차로안,원동기,남,84세,경상,화물,남,56세,상해없음
2016063000100250,2016년 6월 30일 13시,목요일,경상북도 경산시 중방동,경상사고,0,0,2,0,차대차 - 정면충돌,안전거리미확보,건조,맑음,교차로 - 교차로안,승용,남,77세,상해없음,승용,남,32세,경상
2016063000100276,2016년 6월 30일 14시,목요일,경상북도 포항시 북구 죽장면,중상사고,0,1,0,0,차대사람 - 횡단중,안전운전불이행,건조,맑음,단일로 - 기타,화물,남,61세,상해없음,보행자,여,65세,중상
2016063000100310,2016년 6월 30일 15시,목요일,경상북도 포항시 북구 죽도동,경상사고,0,0,3,0,차대차 - 추돌,안전운전불이행,건조,맑음,단일로 - 기타,승용,여,37세,경상,승용,남,54세,경상
2016063000100341,2016년 6월 30일 16시,목요일,경상북도 포항시 북구 용흥동,경상사고,0,0,1,0,차대차 - 정면충돌,안전운전불이행,습기,흐림,교차로 - 교차로부근,승용,여,26세,상해없음,승용,남,21세,경상
2016063000100342,2016년 6월 30일 16시,목요일,경상북도 포항시 남구 장흥동,경상사고,0,0,7,2,차대차 - 측면충돌,안전운전불이행,건조,맑음,교차로 - 교차로안,승용,남,62세,상해없음,승합,남,54세,부상신고
2016063000100420,2016년 6월 30일 18시,목요일,경상북도 상주시 무양동,중상사고,0,1,1,0,차대차 - 추돌,안전운전불이행,건조,맑음,단일로 - 기타,승용,여,45세,상해없음,승용,여,45세,경상
2016063000100421,2016년 6월 30일 18시,목요일,경상북도 경산시 와촌면,경상사고,0,0,1,0,차대사람 - 횡단중,안전운전불이행,건조,맑음,단일로 - 기타,승합,남,56세,상해없음,보행자,남,22세,경상
2016063000100422,2016년 6월 30일 18시,목요일,경상북도 구미시 진평동,중상사고,0,1,1,0,차대차 - 기타,직진우회전진행방해,습기,비,교차로 - 교차로안,승용,남,31세,중상,이륜,남,19세,경상
2016063000100450,2016년 6월 30일 19시,목요일,경상북도 경주시 탑동,경상사고,0,0,1,0,차대차 - 기타,안전운전불이행,건조,맑음,교차로 - 교차로안,승용,남,50세,상해없음,자전거,여,65세,경상
2016063000100451,2016년 6월 30일 19시,목요일,경상북도 포항시 북구 죽도동,중상사고,0,1,0,0,차대차 - 정면충돌,중앙선침범,건조,맑음,교차로 - 교차로부근,승용,남,60세,상해없음,이륜,남,56세,중상
2016063000100489,2016년 6월 30일 20시,목요일,경상북도 영주시 휴천동,경상사고,0,0,1,0,차대차 - 기타,안전운전불이행,건조,맑음,단일로 - 기타,승용,남,25세,상해없음,원동기,남,31세,경상
2016063000100491,2016년 6월 30일 20시,목요일,경상북도 봉화군 봉화읍,부상신고사고,0,0,0,1,차대사람 - 횡단중,안전운전불이행,건조,맑음,단일로 - 기타,승용,남,39세,상해없음,보행자,남,55세,부상신고
2016063000100524,2016년 6월 30일 21시,목요일,경상북도 안동시 태화동,경상사고,0,0,2,0,차대차 - 추돌,안전거리미확보,건조,맑음,교차로 - 교차로안,승용,남,39세,상해없음,승용,여,31세,경상
2016063000100549,2016년 6월 30일 22시,목요일,경상북도 포항시 남구 장흥동,경상사고,0,0,2,0,차대차 - 측면충돌,교차로운행방법위반,건조,맑음,교차로 - 교차로안,화물,남,61세,상해없음,승용,남,50세,경상
2016063000100575,2016년 6월 30일 23시,목요일,경상북도 경산시 옥산동,경상사고,0,0,1,0,차대사람 - 기타,안전운전불이행,건조,맑음,단일로 - 기타,승용,남,25세,상해없음,보행자,여,42세,경상
2016070100100014,2016년 7월 1일 00시,금요일,경상북도 포항시 북구 덕산동,경상사고,0,0,3,0,차대차 - 추돌,안전운전불이행,건조,맑음,단일로 - 기타,승용,남,26세,상해없음,승용,남,32세,경상
2016070100100045,2016년 7월 1일 02시,금요일,경상북도 경주시 강동면,사망사고,1,0,0,0,차대사람 - 횡단중,안전운전불이행,건조,맑음,단일로 - 기타,화물,남,54세,상해없음,보행자,여,49세,사망
2016070100100059,2016년 7월 1일 05시,금요일,경상북도 영천시 청통면,중상사고,0,1,0,0,차대차 - 추돌,안전운전불이행,건조,맑음,단일로 - 기타,승용,남,30세,중상,화물,남,47세,상해없음
2016070100100082,2016년 7월 1일 07시,금요일,경상북도 고령군 다산면,경상사고,0,0,1,0,차대차 - 측면직각충돌,안전운전불이행,건조,맑음,단일로 - 기타,승용,남,57세,상해없음,승용,남,59세,경상
2016070100100083,2016년 7월 1일 07시,금요일,경상북도 포항시 남구 오천읍,경상사고,0,0,2,0,차대차 - 측면직각충돌,신호위반,건조,맑음,교차로 - 교차로안,승용,남,59세,경상,승용,여,37세,경상
2016070100100102,2016년 7월 1일 08시,금요일,경상북도 경주시 황성동,중상사고,0,1,0,0,차량단독 - 기타,안전운전불이행,건조,흐림,단일로 - 기타,자전거,남,54세,중상,,,,
2016070100100103,2016년 7월 1일 08시,금요일,경상북도 청도군 금천면,경상사고,0,0,1,0,차대차 - 측면충돌,안전운전불이행,건조,맑음,단일로 - 기타,화물,남,26세,상해없음,이륜,여,62세,경상
2016070100100104,2016년 7월 1일 08시,금요일,경상북도 고령군 대가야읍,중상사고,0,1,0,0,차대차 - 기타,안전운전불이행,건조,맑음,교차로 - 교차로부근,화물,남,50세,상해없음,자전거,남,65세,중상
2016070100100188,2016년 7월 1일 11시,금요일,경상북도 상주시 신봉동,중상사고,0,1,0,0,차대차 - 추돌,안전운전불이행,건조,맑음,교차로 - 교차로부근,이륜,남,78세,중상,승용,남,42세,상해없음
2016070100100189,2016년 7월 1일 11시,금요일,경상북도 상주시 신봉동,중상사고,0,1,0,0,차대차 - 측면직각충돌,중앙선침범,건조,맑음,단일로 - 기타,승용,남,24세,상해없음,원동기,남,75세,중상
2016070100100190,2016년 7월 1일 11시,금요일,경상북도 청도군 각남면,중상사고,0,2,3,0,차대차 - 추돌,안전거리미확보,건조,맑음,기타 - 기타,승합,남,41세,상해없음,승용,여,38세,중상
2016070100100234,2016년 7월 1일 12시,금요일,경상북도 안동시 당북동,중상사고,0,1,0,0,차대사람 - 기타,안전운전불이행,건조,맑음,단일로 - 기타,승용,남,45세,상해없음,보행자,남,33세,중상
2016070100100235,2016년 7월 1일 12시,금요일,경상북도 예천군 용궁면,중상사고,0,1,0,0,차대차 - 측면직각충돌,안전운전불이행,건조,흐림,교차로 - 교차로안,원동기,여,65세,중상,승용,남,60세,상해없음
2016070100100236,2016년 7월 1일 12시,금요일,경상북도 청도군 화양읍,부상신고사고,0,0,0,1,차대차 - 정면충돌,안전운전불이행,건조,맑음,기타 - 기타,원동기,남,46세,부상신고,화물,남,42세,상해없음
2016070100100271,2016년 7월 1일 13시,금요일,경상북도 포항시 북구 동빈1가,경상사고,0,0,1,0,차대차 - 측면충돌,직진우회전진행방해,건조,맑음,교차로 - 교차로안,승용,여,38세,상해없음,이륜,남,57세,경상
2016070100100272,2016년 7월 1일 13시,금요일,경상북도 영천시 임고면,사망사고,1,0,0,0,차대사람 - 길가장자리구역통행중,안전운전불이행,기타,비,단일로 - 기타,승용,남,68세,상해없음,보행자,여,51세,사망
2016070100100273,2016년 7월 1일 13시,금요일,경상북도 예천군 지보면,중상사고,0,4,1,0,차대차 - 측면직각충돌,신호위반,건조,흐림,교차로 - 교차로안,건설기계,남,42세,경상,승용,남,23세,중상
2016070100100274,2016년 7월 1일 13시,금요일,경상북도 청송군 안덕면,중상사고,0,2,0,0,차량단독 - 전도전복,안전운전불이행,습기,비,단일로 - 기타,화물,남,67세,중상,,,,
2016070100100275,2016년 7월 1일 13시,금요일,경상북도 포항시 남구 송도동,경상사고,0,0,1,0,차대차 - 기타,중앙선침범,건조,맑음,교차로 - 교차로부근,자전거,남,47세,경상,승용,남,46세,상해없음
2016070100100323,2016년 7월 1일 14시,금요일,경상북도 봉화군 재산면,중상사고,0,1,1,0,차대차 - 정면충돌,중앙선침범,습기,비,교차로 - 교차로부근,화물,남,73세,상해없음,화물,남,47세,중상
2016070100100372,2016년 7월 1일 15시,금요일,경상북도 경주시 보문동,중상사고,0,2,0,0,차대차 - 추돌,안전운전불이행,건조,맑음,교차로 - 교차로부근,화물,남,44세,기타불명,승용,여,57세,중상
2016070100100373,2016년 7월 1일 15시,금요일,경상북도 영주시 가흥동,중상사고,0,1,1,0,차대차 - 측면충돌,안전운전불이행,습기,비,교차로 - 교차로안,승용,여,54세,경상,승용,남,35세,중상
2016070100100374,2016년 7월 1일 15시,금요일,경상북도 칠곡군 북삼읍,경상사고,0,0,1,0,차대사람 - 횡단중,보행자보호의무위반,습기,비,단일로 - 횡단보도상,승용,여,42세,기타불명,보행자,남,10세,경상
2016070100100375,2016년 7월 1일 15시,금요일,경상북도 문경시 모전동,중상사고,0,1,3,0,차대차 - 측면직각충돌,기타,습기,비,교차로 - 교차로안,승용,남,34세,경상,승용,남,63세,경상
2016070100100376,2016년 7월 1일 15시,금요일,경상북도 구미시 해평면,부상신고사고,0,0,0,1,차대차 - 측면충돌,교차로운행방법위반,건조,맑음,교차로 - 교차로안,승용,남,27세,부상신고,화물,남,52세,상해없음
2016070100100424,2016년 7월 1일 16시,금요일,경상북도 경주시 안강읍,경상사고,0,0,1,1,차대차 - 정면충돌,안전운전불이행,습기,비,교차로 - 교차로안,승용,남,70세,상해없음,승용,여,54세,경상
2016070100100425,2016년 7월 1일 16시,금요일,경상북도 칠곡군 북삼읍,경상사고,0,0,1,4,차대차 - 측면직각충돌,직진우회전진행방해,습기,비,단일로 - 기타,승용,남,62세,상해없음,승용,여,34세,경상
2016070100100426,2016년 7월 1일 16시,금요일,경상북도 봉화군 봉성면,중상사고,0,1,1,0,차대차 - 추돌,안전운전불이행,습기,비,단일로 - 기타,승용,남,58세,상해없음,승용,남,45세,중상
2016070100100427,2016년 7월 1일 16시,금요일,경상북도 울진군 평해읍,경상사고,0,0,2,0,차대차 - 추돌,안전운전불이행,건조,맑음,교차로 - 교차로부근,화물,남,62세,상해없음,승용,여,61세,경상
2016070100100484,2016년 7월 1일 17시,금요일,경상북도 칠곡군 왜관읍,중상사고,0,2,1,0,차대차 - 정면충돌,중앙선침범,습기,비,단일로 - 기타,승용,남,64세,중상,화물,남,31세,중상
2016070100100485,2016년 7월 1일 17시,금요일,경상북도 영천시 청통면,사망사고,1,0,0,0,차대차 - 정면충돌,신호위반,습기,비,교차로 - 교차로안,승합,남,48세,상해없음,원동기,남,63세,사망
2016070100100486,2016년 7월 1일 17시,금요일,경상북도 경산시 옥산동,경상사고,0,0,1,0,차대차 - 기타,안전운전불이행,습기,비,단일로 - 기타,승용,남,36세,기타불명,승용,남,32세,경상
2016070100100522,2016년 7월 1일 18시,금요일,경상북도 포항시 북구 용흥동,경상사고,0,0,1,0,차대차 - 정면충돌,신호위반,습기,비,교차로 - 교차로안,승용,여,48세,상해없음,승용,남,65세,경상
2016070100100523,2016년 7월 1일 18시,금요일,경상북도 안동시 풍산읍,중상사고,0,1,6,0,차대차 - 추돌,안전운전불이행,습기,비,단일로 - 기타,화물,남,61세,상해없음,승용,남,34세,경상
2016070100100524,2016년 7월 1일 18시,금요일,경상북도 김천시 어모면,경상사고,0,0,3,0,차대차 - 정면충돌,안전운전불이행,건조,맑음,교차로 - 교차로안,승용,여,34세,경상,승용,여,49세,경상
2016070100100525,2016년 7월 1일 18시,금요일,경상북도 구미시 원평동,중상사고,0,1,0,0,차대사람 - 차도통행중,안전운전불이행,습기,비,단일로 - 기타,승용,남,33세,상해없음,보행자,남,78세,중상
2016070100100570,2016년 7월 1일 19시,금요일,경상북도 경주시 안강읍,중상사고,0,2,0,0,차량단독 - 전도전복,안전운전불이행,습기,비,단일로 - 기타,화물,남,68세,중상,,,,
2016070100100571,2016년 7월 1일 19시,금요일,경상북도 경산시 하양읍,중상사고,0,1,0,0,차대차 - 추돌,안전운전불이행,습기,비,단일로 - 기타,화물,남,34세,상해없음,승합,남,55세,상해없음
2016070100100642,2016년 7월 1일 20시,금요일,경상북도 김천시 신음동,경상사고,0,0,1,0,차대차 - 측면충돌,안전운전불이행,습기,비,단일로 - 횡단보도상,승용,여,36세,상해없음,자전거,남,51세,경상
2016070100100643,2016년 7월 1일 20시,금요일,경상북도 칠곡군 왜관읍,중상사고,0,1,0,0,차대사람 - 횡단중,안전운전불이행,습기,비,단일로 - 기타,승용,남,19세,상해없음,보행자,남,63세,중상
2016070100100644,2016년 7월 1일 20시,금요일,경상북도 울진군 울진읍,경상사고,0,0,1,0,차대차 - 측면직각충돌,교차로운행방법위반,습기,비,교차로 - 교차로안,승용,여,43세,상해없음,이륜,남,40세,경상
2016070100100689,2016년 7월 1일 21시,금요일,경상북도 경주시 황성동,중상사고,0,1,2,0,차대차 - 측면충돌,신호위반,습기,비,교차로 - 교차로안,승용,여,43세,상해없음,승용,남,50세,중상
2016070100100690,2016년 7월 1일 21시,금요일,경상북도 경산시 진량읍,경상사고,0,0,1,0,차대차 - 측면충돌,안전운전불이행,습기,비,교차로 - 교차로안,승용,남,46세,상해없음,승용,여,47세,경상
2016070100100691,2016년 7월 1일 21시,금요일,경상북도 포항시 남구 대잠동,경상사고,0,0,1,0,차량단독 - 전도전복,안전운전불이행,습기,비,교차로 - 교차로부근,특수,남,31세,경상,,,,
2016070100100730,2016년 7월 1일 22시,금요일,경상북도 포항시 남구 오천읍,중상사고,0,1,1,0,차대차 - 기타,직진우회전진행방해,습기,비,교차로 - 교차로안,승용,남,46세,상해없음,승용,남,25세,경상
2016070100100731,2016년 7월 1일 22시,금요일,경상북도 포항시 남구 오천읍,경상사고,0,0,1,0,차대사람 - 차도통행중,안전운전불이행,건조,맑음,단일로 - 기타,승용,남,39세,상해없음,보행자,남,47세,경상
2016070100100732,2016년 7월 1일 22시,금요일,경상북도 포항시 남구 해도동,경상사고,0,0,1,0,차대사람 - 횡단중,안전운전불이행,건조,흐림,단일로 - 기타,원동기,남,41세,상해없음,보행자,남,54세,경상
2016070100100778,2016년 7월 1일 23시,금요일,경상북도 포항시 북구 우현동,중상사고,0,1,0,0,차대사람 - 횡단중,보행자보호의무위반,습기,흐림,교차로 - 교차로안,승용,남,27세,상해없음,보행자,남,45세,중상
2016070100100779,2016년 7월 1일 23시,금요일,경상북도 구미시 황상동,부상신고사고,0,0,0,1,차대차 - 기타,안전운전불이행,습기,흐림,교차로 - 교차로안,승용,남,30세,부상신고,승용,남,40세,상해없음
2016070100100780,2016년 7월 1일 23시,금요일,경상북도 구미시 산동면,중상사고,0,1,0,1,차대차 - 측면직각충돌,신호위반,건조,맑음,교차로 - 교차로안,승용,남,35세,부상신고,승용,남,35세,중상
2016070200100026,2016년 7월 2일 00시,토요일,경상북도 포항시 북구 동빈1가,부상신고사고,0,0,0,2,차대차 - 측면충돌,중앙선침범,건조,맑음,교차로 - 교차로안,승용,남,40세,상해없음,승용,남,58세,상해없음
2016070200100027,2016년 7월 2일 00시,토요일,경상북도 경산시 대동,중상사고,0,1,2,0,차대사람 - 기타,안전운전불이행,습기,비,단일로 - 기타,승용,남,46세,상해없음,보행자,남,41세,경상
2016070200100028,2016년 7월 2일 00시,토요일,경상북도 포항시 남구 오천읍,중상사고,0,1,2,1,차대차 - 기타,직진우회전진행방해,습기,비,교차로 - 교차로안,승용,남,34세,경상,승용,남,61세,중상
2016070200100096,2016년 7월 2일 03시,토요일,경상북도 구미시 진평동,중상사고,0,1,1,1,차대사람 - 횡단중,안전운전불이행,습기,비,단일로 - 기타,승용,남,57세,부상신고,보행자,남,29세,중상
2016070200100119,2016년 7월 2일 04시,토요일,경상북도 경산시 조영동,경상사고,0,0,2,0,차대차 - 기타,안전운전불이행,습기,비,단일로 - 기타,승용,남,29세,상해없음,승용,여,30세,경상
2016070200100132,2016년 7월 2일 05시,토요일,경상북도 포항시 북구 죽도동,중상사고,0,1,2,1,차대차 - 측면충돌,신호위반,습기,비,교차로 - 교차로안,승용,남,24세,부상신고,승용,남,59세,중상
2016070200100143,2016년 7월 2일 06시,토요일,경상북도 안동시 안흥동,경상사고,0,0,2,0,차대차 - 측면충돌,안전운전불이행,건조,맑음,단일로 - 기타,승용,남,57세,상해없음,화물,남,48세,경상
2016070200100177,2016년 7월 2일 08시,토요일,경상북도 경산시 백천동,경상사고,0,0,1,0,차대차 - 정면충돌,신호위반,건조,맑음,교차로 - 교차로안,화물,남,63세,기타불명,승합,남,43세,경상
2016070200100178,2016년 7월 2일 08시,토요일,경상북도 고령군 개진면,경상사고,0,0,3,0,차대차 - 측면직각충돌,중앙선침범,건조,맑음,단일로 - 기타,화물,남,59세,상해없음,승합,남,71세,상해없음
2016070200100192,2016년 7월 2일 09시,토요일,경상북도 경산시 계양동,경상사고,0,0,1,0,차대차 - 측면직각충돌,안전운전불이행,건조,맑음,단일로 - 기타,승용,남,70세,상해없음,승용,남,57세,경상
2016070200100216,2016년 7월 2일 10시,토요일,경상북도 경산시 와촌면,경상사고,0,0,3,0,차대차 - 측면충돌,안전운전불이행,건조,맑음,단일로 - 기타,승용,남,74세,상해없음,승용,남,34세,경상
2016070200100217,2016년 7월 2일 10시,토요일,경상북도 구미시 진평동,중상사고,0,1,0,0,차대차 - 기타,교차로운행방법위반,건조,맑음,교차로 - 교차로안,이륜,남,78세,중상,화물,남,39세,상해없음
2016070200100218,2016년 7월 2일 10시,토요일,경상북도 포항시 남구 연일읍,경상사고,0,0,1,0,차대차 - 추돌,안전거리미확보,건조,흐림,단일로 - 기타,승용,남,33세,상해없음,승용,남,58세,경상
2016070200100252,2016년 7월 2일 11시,토요일,경상북도 안동시 길안면,경상사고,0,0,1,0,차대차 - 측면충돌,중앙선침범,건조,맑음,단일로 - 기타,승용,남,45세,상해없음,화물,남,67세,경상
2016070200100253,2016년 7월 2일 11시,토요일,경상북도 김천시 덕곡동,경상사고,0,0,1,0,차대차 - 측면충돌,기타,건조,맑음,교차로 - 교차로부근,승용,남,67세,상해없음,자전거,남,47세,경상
2016070200100254,2016년 7월 2일 11시,토요일,경상북도 구미시 임수동,중상사고,0,2,1,1,차대차 - 기타,신호위반,건조,맑음,교차로 - 교차로부근,승용,남,24세,부상신고,승용,여,40세,경상