사고번호,사고일시,요일,시군구,사고내용,사망자수,중상자수,경상자수,부상신고자수,사고유형,법규위반,노면상태,기상상태,도로형태,가해운전자 차종,가해운전자 성별,가해운전자 연령,가해운전자 상해정도,피해운전자 차종,피해운전자 성별,피해운전자 연령,피해운전자 상해정도
2016070200100255,2016년 7월 2일 11시,토요일,경상북도 구미시 공단동,중상사고,0,1,0,0,차대사람 - 횡단중,안전운전불이행,건조,맑음,단일로 - 기타,승용,남,59세,상해없음,보행자,남,23세,중상
2016070200100282,2016년 7월 2일 12시,토요일,경상북도 의성군 의성읍,중상사고,0,1,1,0,차대차 - 추돌,안전운전불이행,건조,맑음,단일로 - 기타,승용,남,25세,상해없음,승용,여,57세,중상
2016070200100283,2016년 7월 2일 12시,토요일,경상북도 포항시 남구 오천읍,경상사고,0,0,1,0,차대사람 - 횡단중,안전운전불이행,건조,맑음,단일로 - 기타,승용,남,41세,상해없음,보행자,여,7세,경상
2016070200100311,2016년 7월 2일 13시,토요일,경상북도 경주시 충효동,경상사고,0,0,1,0,차대차 - 기타,신호위반,건조,맑음,교차로 - 교차로부근,승용,여,52세,상해없음,승용,남,25세,경상
2016070200100312,2016년 7월 2일 13시,토요일,경상북도 영주시 휴천동,중상사고,0,1,0,0,차대사람 - 횡단중,보행자보호의무위반,건조,맑음,교차로 - 교차로안,화물,남,66세,상해없음,보행자,여,77세,중상
2016070200100313,2016년 7월 2일 13시,토요일,경상북도 영주시 영주동,경상사고,0,0,1,0,차대차 - 측면충돌,교차로운행방법위반,건조,맑음,교차로 - 교차로안,승용,남,32세,상해없음,승용,남,28세,경상
2016070200100388,2016년 7월 2일 15시,토요일,경상북도 경주시 성건동,경상사고,0,0,1,0,차대차 - 측면충돌,안전운전불이행,건조,흐림,단일로 - 기타,승용,남,24세,상해없음,승용,남,43세,경상
2016070200100389,2016년 7월 2일 15시,토요일,경상북도 포항시 남구 이동,경상사고,0,0,2,0,차대차 - 정면충돌,안전운전불이행,건조,맑음,교차로 - 교차로안,승용,여,49세,경상,승용,여,26세,경상
2016070200100428,2016년 7월 2일 16시,토요일,경상북도 경산시 압량면,경상사고,0,0,2,0,차대차 - 정면충돌,안전운전불이행,습기,맑음,교차로 - 교차로부근,화물,여,57세,상해없음,승용,여,60세,경상
2016070200100429,2016년 7월 2일 16시,토요일,경상북도 경산시 옥산동,중상사고,0,1,0,0,차대차 - 측면충돌,교차로운행방법위반,기타,맑음,교차로 - 교차로안,승용,남,61세,상해없음,이륜,여,71세,중상
2016070200100430,2016년 7월 2일 16시,토요일,경상북도 봉화군 법전면,중상사고,0,1,0,0,차대차 - 측면충돌,교차로운행방법위반,건조,맑음,교차로 - 교차로안,화물,남,37세,상해없음,이륜,남,73세,중상
2016070200100431,2016년 7월 2일 16시,토요일,경상북도 구미시 진평동,경상사고,0,0,1,0,차대사람 - 횡단중,안전운전불이행,건조,맑음,단일로 - 기타,원동기,남,42세,상해없음,보행자,여,17세,경상
2016070200100458,2016년 7월 2일 17시,토요일,경상북도 예천군 풍양면,사망사고,1,0,0,0,차량단독 - 전도전복,안전운전불이행,건조,맑음,단일로 - 기타,화물,남,56세,사망,,,,
2016070200100481,2016년 7월 2일 18시,토요일,경상북도 영천시 문외동,경상사고,0,0,2,0,차대차 - 측면직각충돌,불법유턴,습기,비,단일로 - 기타,승용,남,72세,상해없음,승용,남,69세,경상
2016070200100482,2016년 7월 2일 18시,토요일,경상북도 포항시 남구 연일읍,경상사고,0,0,3,0,차대차 - 측면직각충돌,안전운전불이행,습기,흐림,교차로 - 교차로안,승용,여,37세,경상,승용,남,23세,경상
2016070200100483,2016년 7월 2일 18시,토요일,경상북도 포항시 남구 연일읍,중상사고,0,1,0,0,차량단독 - 전도전복,기타,건조,맑음,단일로 - 기타,승합,남,42세,상해없음,,,,
2016070200100509,2016년 7월 2일 19시,토요일,경상북도 상주시 부원동,중상사고,0,1,0,0,차대사람 - 기타,안전운전불이행,건조,흐림,단일로 - 기타,화물,남,54세,상해없음,보행자,남,74세,중상
2016070200100510,2016년 7월 2일 19시,토요일,경상북도 칠곡군 왜관읍,중상사고,0,1,3,0,차대차 - 추돌,안전운전불이행,습기,비,교차로 - 교차로부근,승용,남,26세,상해없음,승용,여,49세,경상
2016070200100532,2016년 7월 2일 20시,토요일,경상북도 구미시 형곡동,경상사고,0,0,1,0,차대사람 - 횡단중,신호위반,습기,흐림,교차로 - 교차로부근,기타불명,기타불명,기타불명,기타불명,보행자,여,14세,경상
2016070200100533,2016년 7월 2일 20시,토요일,경상북도 포항시 남구 오천읍,중상사고,0,1,0,0,차대차 - 기타,안전운전불이행,습기,비,교차로 - 교차로부근,승용,남,66세,상해없음,이륜,남,58세,중상
2016070200100562,2016년 7월 2일 21시,토요일,경상북도 포항시 남구 대잠동,경상사고,0,0,1,0,차량단독 - 기타,안전운전불이행,습기,비,단일로 - 기타,이륜,남,21세,경상,,,,
2016070200100563,2016년 7월 2일 21시,토요일,경상북도 김천시 지좌동,경상사고,0,0,2,0,차대차 - 추돌,안전운전불이행,습기,흐림,단일로 - 기타,승용,남,53세,상해없음,승용,남,32세,경상
2016070200100590,2016년 7월 2일 22시,토요일,경상북도 경주시 동천동,경상사고,0,0,1,0,차대사람 - 길가장자리구역통행중,안전운전불이행,건조,맑음,교차로 - 교차로부근,기타불명,기타불명,기타불명,기타불명,보행자,남,55세,경상
2016070200100591,2016년 7월 2일 22시,토요일,경상북도 김천시 부곡동,중상사고,0,1,1,0,차대사람 - 횡단중,보행자보호의무위반,건조,맑음,단일로 - 횡단보도상,승용,남,35세,상해없음,보행자,남,16세,중상
2016070200100614,2016년 7월 2일 23시,토요일,경상북도 구미시 원평동,경상사고,0,0,1,0,차대차 - 기타,차로위반,습기,비,단일로 - 기타,이륜,남,16세,상해없음,이륜,남,20세,경상
2016070300100040,2016년 7월 3일 03시,일요일,경상북도 포항시 북구 송라면,경상사고,0,0,1,0,차량단독 - 기타,안전운전불이행,건조,맑음,교차로 - 교차로안,승용,남,59세,상해없음,,,,
2016070300100041,2016년 7월 3일 03시,일요일,경상북도 영덕군 축산면,사망사고,1,0,0,0,차대사람 - 기타,안전운전불이행,건조,맑음,단일로 - 기타,건설기계,남,47세,상해없음,보행자,남,43세,사망
2016070300100053,2016년 7월 3일 04시,일요일,경상북도 영주시 영주동,중상사고,0,1,0,0,차대차 - 측면충돌,안전운전불이행,건조,맑음,교차로 - 교차로안,승용,남,16세,상해없음,승용,남,54세,중상
2016070300100063,2016년 7월 3일 05시,일요일,경상북도 포항시 남구 인덕동,경상사고,0,0,1,0,차대차 - 기타,신호위반,습기,비,교차로 - 교차로안,화물,남,57세,상해없음,승용,남,31세,경상
2016070300100119,2016년 7월 3일 10시,일요일,경상북도 포항시 남구 오천읍,중상사고,0,1,0,0,차대차 - 정면충돌,안전운전불이행,건조,흐림,교차로 - 교차로안,승용,남,48세,상해없음,자전거,남,11세,중상
2016070300100142,2016년 7월 3일 11시,일요일,경상북도 영주시 풍기읍,경상사고,0,0,2,0,차대차 - 측면충돌,안전운전불이행,건조,흐림,단일로 - 기타,승용,여,42세,경상,원동기,남,78세,상해없음
2016070300100166,2016년 7월 3일 12시,일요일,경상북도 봉화군 소천면,중상사고,0,4,2,0,차량단독 - 전도전복,안전운전불이행,건조,맑음,단일로 - 터널,승합,여,57세,중상,,,,
2016070300100191,2016년 7월 3일 13시,일요일,경상북도 경주시 배동,중상사고,0,4,1,0,차대차 - 정면충돌,중앙선침범,건조,흐림,단일로 - 기타,승용,남,47세,상해없음,승용,남,63세,중상
2016070300100192,2016년 7월 3일 13시,일요일,경상북도 경산시 남산면,중상사고,0,1,1,0,차대차 - 기타,안전운전불이행,습기,비,단일로 - 기타,승용,여,34세,경상,화물,남,59세,상해없음
2016070300100193,2016년 7월 3일 13시,일요일,경상북도 청도군 청도읍,중상사고,0,1,0,0,차대사람 - 횡단중,안전운전불이행,습기,비,기타 - 기타,승용,남,40세,상해없음,보행자,여,53세,중상
2016070300100223,2016년 7월 3일 14시,일요일,경상북도 경주시 서부동,경상사고,0,0,1,0,차대차 - 기타,안전운전불이행,습기,비,단일로 - 기타,승용,남,40세,상해없음,원동기,남,28세,경상
2016070300100224,2016년 7월 3일 14시,일요일,경상북도 상주시 서성동,경상사고,0,0,1,0,차대차 - 측면직각충돌,안전운전불이행,습기,비,단일로 - 기타,승용,남,60세,상해없음,원동기,남,53세,경상
2016070300100225,2016년 7월 3일 14시,일요일,경상북도 경산시 압량면,경상사고,0,0,3,0,차대차 - 측면직각충돌,신호위반,습기,비,교차로 - 교차로안,승용,남,74세,경상,승용,남,55세,경상
2016070300100254,2016년 7월 3일 15시,일요일,경상북도 포항시 북구 죽도동,중상사고,0,1,0,0,차대사람 - 횡단중,신호위반,건조,맑음,단일로 - 횡단보도상,승용,남,57세,상해없음,보행자,여,84세,중상
2016070300100255,2016년 7월 3일 15시,일요일,경상북도 칠곡군 가산면,중상사고,0,3,1,0,차대차 - 정면충돌,안전운전불이행,건조,맑음,단일로 - 기타,승합,남,72세,상해없음,화물,남,46세,중상
2016070300100256,2016년 7월 3일 15시,일요일,경상북도 포항시 남구 이동,경상사고,0,0,1,0,차대차 - 정면충돌,신호위반,건조,맑음,교차로 - 교차로안,승용,남,34세,상해없음,승용,남,55세,경상
2016070300100279,2016년 7월 3일 16시,일요일,경상북도 경주시 서악동,중상사고,0,2,2,0,차대차 - 정면충돌,중앙선침범,습기,비,단일로 - 기타,승용,남,32세,경상,승용,남,31세,중상
2016070300100280,2016년 7월 3일 16시,일요일,경상북도 경주시 건천읍,중상사고,0,1,1,0,차대차 - 추돌,안전운전불이행,습기,비,단일로 - 기타,승용,남,40세,중상,승합,남,56세,경상
2016070300100281,2016년 7월 3일 16시,일요일,경상북도 구미시 인의동,경상사고,0,0,3,0,차대차 - 기타,중앙선침범,습기,비,교차로 - 교차로부근,승용,남,24세,상해없음,승용,여,35세,경상
2016070300100300,2016년 7월 3일 17시,일요일,경상북도 예천군 예천읍,중상사고,0,1,1,0,차대차 - 측면직각충돌,중앙선침범,습기,비,단일로 - 교량,승용,여,49세,상해없음,승용,남,19세,중상
2016070300100301,2016년 7월 3일 17시,일요일,경상북도 칠곡군 석적읍,경상사고,0,0,1,0,차대차 - 측면직각충돌,안전운전불이행,습기,비,단일로 - 기타,화물,남,43세,상해없음,승용,남,56세,경상
2016070300100331,2016년 7월 3일 18시,일요일,경상북도 경주시 천북면,사망사고,1,1,0,0,차량단독 - 전도전복,안전운전불이행,습기,비,교차로 - 교차로부근,승합,남,50세,중상,,,,
2016070300100332,2016년 7월 3일 18시,일요일,경상북도 구미시 봉곡동,경상사고,0,0,1,0,차대차 - 기타,안전운전불이행,습기,비,교차로 - 교차로부근,원동기,남,24세,경상,승용,남,40세,상해없음
2016070300100351,2016년 7월 3일 19시,일요일,경상북도 경주시 노서동,경상사고,0,0,1,1,차대차 - 측면직각충돌,안전운전불이행,습기,비,교차로 - 교차로안,승용,남,35세,부상신고,승용,남,27세,경상
2016070300100352,2016년 7월 3일 19시,일요일,경상북도 포항시 북구 득량동,경상사고,0,0,2,0,차대차 - 측면충돌,안전운전불이행,습기,비,교차로 - 교차로안,승용,여,51세,상해없음,승용,남,35세,경상
2016070300100353,2016년 7월 3일 19시,일요일,경상북도 영주시 가흥동,중상사고,0,1,2,0,차대차 - 측면충돌,안전운전불이행,건조,맑음,단일로 - 기타,승용,여,35세,중상,승용,남,26세,경상
2016070300100395,2016년 7월 3일 21시,일요일,경상북도 경산시 압량면,경상사고,0,0,1,0,차대사람 - 횡단중,보행자보호의무위반,건조,맑음,단일로 - 횡단보도상,승용,여,36세,상해없음,보행자,남,47세,경상
2016070300100396,2016년 7월 3일 21시,일요일,경상북도 구미시 구포동,경상사고,0,0,2,0,차대차 - 추돌,안전운전불이행,건조,맑음,교차로 - 교차로부근,승용,남,43세,상해없음,승용,남,36세,경상
2016070300100411,2016년 7월 3일 22시,일요일,경상북도 포항시 북구 죽도동,경상사고,0,0,1,0,차대차 - 측면충돌,교차로운행방법위반,습기,비,교차로 - 교차로안,승용,남,45세,상해없음,승용,남,46세,경상
2016070300100412,2016년 7월 3일 22시,일요일,경상북도 안동시 옥동,경상사고,0,0,1,0,차대차 - 정면충돌,안전운전불이행,습기,비,단일로 - 기타,승용,남,38세,상해없음,승용,여,55세,경상
2016070300100413,2016년 7월 3일 22시,일요일,경상북도 청도군 운문면,사망사고,1,0,0,0,차대사람 - 기타,안전운전불이행,습기,비,단일로 - 기타,승용,여,48세,상해없음,보행자,여,64세,사망
2016070300100414,2016년 7월 3일 22시,일요일,경상북도 포항시 남구 오천읍,경상사고,0,0,1,0,차대차 - 측면직각충돌,신호위반,건조,맑음,교차로 - 교차로안,승용,여,46세,상해없음,승용,여,54세,경상
2016070300100440,2016년 7월 3일 23시,일요일,경상북도 상주시 냉림동,중상사고,0,1,0,0,차대차 - 측면직각충돌,신호위반,습기,비,교차로 - 교차로안,승용,여,42세,상해없음,승용,남,66세,중상
2016070400100005,2016년 7월 4일 00시,월요일,경상북도 경주시 조양동,중상사고,0,1,1,0,차대차 - 측면충돌,안전운전불이행,습기,흐림,단일로 - 기타,특수,남,46세,상해없음,승용,남,24세,경상
2016070400100019,2016년 7월 4일 02시,월요일,경상북도 경산시 조영동,경상사고,0,0,1,0,차대사람 - 기타,안전운전불이행,습기,비,단일로 - 기타,승용,남,27세,상해없음,보행자,남,18세,경상
2016070400100029,2016년 7월 4일 04시,월요일,경상북도 구미시 시미동,중상사고,0,2,1,0,차대차 - 정면충돌,안전운전불이행,습기,맑음,단일로 - 기타,승용,남,25세,기타불명,승용,남,52세,경상
2016070400100049,2016년 7월 4일 06시,월요일,경상북도 예천군 보문면,사망사고,1,0,0,0,차량단독 - 전도전복,안전운전불이행,습기,비,단일로 - 기타,승용,남,51세,사망,,,,
2016070400100066,2016년 7월 4일 07시,월요일,경상북도 포항시 북구 두호동,경상사고,0,0,2,0,차대차 - 정면충돌,안전거리미확보,습기,흐림,단일로 - 기타,승용,남,33세,상해없음,승용,남,29세,경상
2016070400100067,2016년 7월 4일 07시,월요일,경상북도 김천시 덕곡동,경상사고,0,0,1,0,차대차 - 추돌,안전운전불이행,건조,맑음,단일로 - 기타,승용,남,66세,상해없음,화물,남,35세,경상
2016070400100106,2016년 7월 4일 08시,월요일,경상북도 성주군 선남면,중상사고,0,1,1,0,차대차 - 정면충돌,직진우회전진행방해,습기,비,교차로 - 교차로안,승용,남,41세,상해없음,승용,여,54세,중상
2016070400100138,2016년 7월 4일 09시,월요일,경상북도 안동시 수상동,중상사고,0,1,0,0,차대차 - 측면직각충돌,안전운전불이행,습기,비,교차로 - 교차로안,승용,남,30세,상해없음,화물,남,36세,중상
2016070400100139,2016년 7월 4일 09시,월요일,경상북도 안동시 송천동,부상신고사고,0,0,0,2,차대차 - 측면직각충돌,직진우회전진행방해,습기,비,교차로 - 교차로안,승합,남,52세,상해없음,승합,남,57세,부상신고
2016070400100192,2016년 7월 4일 11시,월요일,경상북도 김천시 모암동,경상사고,0,0,1,0,차대사람 - 횡단중,보행자보호의무위반,건조,맑음,교차로 - 교차로부근,승용,남,75세,기타불명,보행자,남,76세,경상
2016070400100193,2016년 7월 4일 11시,월요일,경상북도 청송군 현서면,사망사고,1,0,0,1,차대차 - 기타,직진우회전진행방해,습기,비,교차로 - 교차로안,승용,여,56세,부상신고,원동기,남,33세,사망
2016070400100194,2016년 7월 4일 11시,월요일,경상북도 구미시 송정동,중상사고,0,1,0,0,차대차 - 측면충돌,안전운전불이행,건조,맑음,단일로 - 기타,승용,여,43세,상해없음,승용,남,40세,중상
2016070400100249,2016년 7월 4일 13시,월요일,경상북도 포항시 북구 환호동,부상신고사고,0,0,0,1,차대차 - 정면충돌,안전거리미확보,습기,흐림,단일로 - 기타,승용,남,26세,상해없음,승용,여,44세,부상신고
2016070400100250,2016년 7월 4일 13시,월요일,경상북도 칠곡군 약목면,경상사고,0,0,1,0,차대차 - 측면충돌,직진우회전진행방해,습기,흐림,교차로 - 교차로안,승용,남,50세,상해없음,승용,여,53세,경상
2016070400100275,2016년 7월 4일 14시,월요일,경상북도 영주시 안정면,경상사고,0,0,6,0,차대차 - 측면충돌,안전운전불이행,건조,흐림,단일로 - 기타,승용,남,72세,경상,승용,남,50세,경상
2016070400100276,2016년 7월 4일 14시,월요일,경상북도 성주군 성주읍,중상사고,0,1,0,0,차대차 - 정면충돌,중앙선침범,건조,맑음,기타 - 기타,화물,남,64세,상해없음,화물,남,70세,중상
2016070400100277,2016년 7월 4일 14시,월요일,경상북도 군위군 우보면,중상사고,0,1,0,0,차대사람 - 길가장자리구역통행중,중앙선침범,건조,맑음,단일로 - 기타,기타불명,기타불명,기타불명,기타불명,보행자,여,74세,중상
2016070400100312,2016년 7월 4일 15시,월요일,경상북도 포항시 북구 흥해읍,중상사고,0,1,0,0,차대사람 - 차도통행중,안전운전불이행,습기,비,단일로 - 기타,승용,여,54세,상해없음,보행자,여,78세,중상
2016070400100313,2016년 7월 4일 15시,월요일,경상북도 칠곡군 석적읍,경상사고,0,0,1,0,차대차 - 측면직각충돌,직진우회전진행방해,건조,맑음,교차로 - 교차로안,승용,남,39세,상해없음,이륜,남,28세,경상
2016070400100314,2016년 7월 4일 15시,월요일,경상북도 성주군 성주읍,경상사고,0,0,1,0,차대차 - 추돌,안전거리미확보,건조,맑음,단일로 - 기타,화물,남,41세,상해없음,승용,남,59세,경상
2016070400100341,2016년 7월 4일 16시,월요일,경상북도 경산시 하양읍,경상사고,0,0,1,0,차대차 - 측면충돌,안전운전불이행,건조,맑음,단일로 - 기타,승용,남,55세,상해없음,이륜,남,78세,경상
2016070400100342,2016년 7월 4일 16시,월요일,경상북도 경산시 하양읍,중상사고,0,1,0,0,차대사람 - 횡단중,안전운전불이행,건조,맑음,교차로 - 교차로안,승용,여,49세,상해없음,보행자,여,68세,중상
2016070400100343,2016년 7월 4일 16시,월요일,경상북도 구미시 상모동,경상사고,0,0,1,0,차대차 - 기타,안전운전불이행,습기,비,기타 - 기타,승용,남,57세,기타불명,이륜,남,24세,경상
2016070400100367,2016년 7월 4일 17시,월요일,경상북도 구미시 광평동,경상사고,0,0,1,0,차대차 - 측면직각충돌,안전운전불이행,습기,비,단일로 - 기타,승용,남,56세,상해없음,승용,여,49세,경상
2016070400100368,2016년 7월 4일 17시,월요일,경상북도 구미시 진평동,경상사고,0,0,1,0,차대차 - 정면충돌,불법유턴,습기,비,교차로 - 교차로안,승용,남,64세,상해없음,승용,남,28세,경상
2016070400100404,2016년 7월 4일 18시,월요일,경상북도 안동시 용상동,경상사고,0,0,4,0,차대차 - 추돌,안전거리미확보,건조,맑음,단일로 - 기타,승용,여,43세,상해없음,승용,여,46세,경상
2016070400100405,2016년 7월 4일 18시,월요일,경상북도 경산시 진량읍,경상사고,0,0,1,0,차대차 - 정면충돌,신호위반,건조,맑음,교차로 - 교차로안,승용,남,23세,상해없음,승용,여,47세,경상
2016070400100406,2016년 7월 4일 18시,월요일,경상북도 구미시 신평동,경상사고,0,0,2,0,차대차 - 추돌,안전운전불이행,습기,비,단일로 - 기타,승용,남,56세,상해없음,승용,남,35세,경상
2016070400100407,2016년 7월 4일 18시,월요일,경상북도 상주시 내서면,중상사고,0,1,1,0,차대차 - 추돌,안전운전불이행,습기,비,단일로 - 기타,화물,남,42세,중상,화물,남,38세,경상
2016070400100441,2016년 7월 4일 19시,월요일,경상북도 영천시 오수동,경상사고,0,0,2,0,차대차 - 정면충돌,신호위반,기타,비,교차로 - 교차로안,승용,남,34세,상해없음,화물,여,55세,경상
2016070400100442,2016년 7월 4일 19시,월요일,경상북도 고령군 다산면,경상사고,0,0,3,0,차대차 - 측면직각충돌,안전운전불이행,건조,맑음,교차로 - 교차로안,승용,여,61세,경상,승용,남,44세,경상
2016070400100443,2016년 7월 4일 19시,월요일,경상북도 구미시 도개면,중상사고,0,1,1,0,차대차 - 기타,안전운전불이행,습기,비,단일로 - 기타,화물,남,41세,상해없음,승용,여,38세,경상
2016070400100444,2016년 7월 4일 19시,월요일,경상북도 포항시 남구 해도동,중상사고,0,2,0,0,차대차 - 추돌,안전거리미확보,습기,흐림,단일로 - 기타,화물,남,45세,상해없음,승용,남,30세,중상
2016070400100481,2016년 7월 4일 20시,월요일,경상북도 칠곡군 북삼읍,경상사고,0,0,1,0,차대사람 - 보도통행중,기타,건조,맑음,단일로 - 기타,승용,남,32세,상해없음,보행자,여,34세,경상
2016070400100560,2016년 7월 4일 22시,월요일,경상북도 고령군 대가야읍,중상사고,0,1,0,0,차대차 - 측면직각충돌,교차로운행방법위반,습기,비,교차로 - 교차로안,승용,여,55세,상해없음,자전거,남,41세,중상
2016070400100561,2016년 7월 4일 22시,월요일,경상북도 구미시 인의동,경상사고,0,0,3,0,차대차 - 추돌,안전운전불이행,건조,맑음,교차로 - 교차로부근,승용,남,26세,상해없음,승용,여,26세,경상
2016070400100608,2016년 7월 4일 23시,월요일,경상북도 경주시 충효동,경상사고,0,0,1,1,차대차 - 추돌,안전운전불이행,건조,맑음,단일로 - 기타,화물,남,56세,부상신고,승용,남,31세,경상
2016070500100034,2016년 7월 5일 01시,화요일,경상북도 포항시 북구 죽도동,경상사고,0,0,4,0,차대차 - 정면충돌,안전운전불이행,건조,맑음,단일로 - 기타,승용,남,71세,상해없음,승용,남,64세,경상
2016070500100075,2016년 7월 5일 06시,화요일,경상북도 구미시 구평동,경상사고,0,0,1,0,차대차 - 정면충돌,안전운전불이행,건조,맑음,단일로 - 기타,승용,남,26세,상해없음,승용,남,45세,경상
2016070500100116,2016년 7월 5일 08시,화요일,경상북도 의성군 금성면,중상사고,0,1,0,0,차대차 - 측면충돌,안전운전불이행,건조,맑음,교차로 - 교차로안,승용,남,58세,상해없음,이륜,남,71세,중상
2016070500100117,2016년 7월 5일 08시,화요일,경상북도 영천시 청통면,중상사고,0,1,0,0,차대사람 - 횡단중,안전운전불이행,건조,맑음,단일로 - 교량,승용,남,27세,상해없음,보행자,남,78세,중상
2016070500100149,2016년 7월 5일 09시,화요일,경상북도 구미시 공단동,경상사고,0,0,2,0,차대차 - 측면직각충돌,신호위반,건조,맑음,교차로 - 교차로안,승용,남,27세,상해없음,승용,남,42세,경상
2016070500100175,2016년 7월 5일 10시,화요일,경상북도 경산시 와촌면,중상사고,0,2,0,0,차대차 - 측면충돌,교차로운행방법위반,건조,맑음,교차로 - 교차로안,화물,남,56세,상해없음,승용,여,46세,중상
2016070500100176,2016년 7월 5일 10시,화요일,경상북도 구미시 인의동,경상사고,0,0,1,0,차대차 - 측면충돌,안전운전불이행,건조,맑음,단일로 - 기타,승용,여,38세,상해없음,원동기,남,53세,경상
2016070500100201,2016년 7월 5일 11시,화요일,경상북도 경주시 양남면,중상사고,0,1,0,0,차대차 - 측면직각충돌,안전운전불이행,건조,맑음,교차로 - 교차로안,화물,남,54세,상해없음,자전거,여,52세,중상
2016070500100202,2016년 7월 5일 11시,화요일,경상북도 구미시 남통동,경상사고,0,0,1,0,차대차 - 기타,교차로운행방법위반,습기,맑음,교차로 - 교차로안,승용,남,39세,상해없음,이륜,남,23세,경상
2016070500100229,2016년 7월 5일 12시,화요일,경상북도 포항시 남구 오천읍,중상사고,0,5,1,0,차대차 - 정면충돌,안전운전불이행,건조,맑음,교차로 - 교차로안,승용,남,42세,경상,승용,남,30세,중상
2016070500100256,2016년 7월 5일 13시,화요일,경상북도 포항시 북구 흥해읍,경상사고,0,0,1,0,차대차 - 정면충돌,교차로운행방법위반,건조,맑음,교차로 - 교차로안,화물,남,63세,상해없음,자전거,남,79세,경상
2016070500100257,2016년 7월 5일 13시,화요일,경상북도 김천시 성내동,경상사고,0,0,1,0,차대차 - 측면충돌,신호위반,건조,맑음,교차로 - 교차로안,승용,남,82세,상해없음,승용,남,30세,경상
2016070500100258,2016년 7월 5일 13시,화요일,경상북도 포항시 남구 대잠동,중상사고,0,1,0,0,차대차 - 측면충돌,직진우회전진행방해,건조,맑음,교차로 - 교차로안,승용,남,46세,상해없음,이륜,남,48세,중상
2016070500100292,2016년 7월 5일 14시,화요일,경상북도 상주시 외서면,중상사고,0,1,0,0,차대사람 - 차도통행중,안전운전불이행,건조,맑음,단일로 - 기타,승용,여,59세,상해없음,보행자,남,55세,중상
2016070500100293,2016년 7월 5일 14시,화요일,경상북도 영주시 하망동,경상사고,0,0,1,0,차대차 - 측면충돌,안전운전불이행,건조,맑음,단일로 - 기타,화물,남,59세,상해없음,승용,남,27세,경상
2016070500100322,2016년 7월 5일 15시,화요일,경상북도 상주시 무양동,경상사고,0,0,1,0,차대차 - 측면충돌,교차로운행방법위반,건조,맑음,교차로 - 교차로안,승합,남,53세,상해없음,자전거,남,62세,경상
2016070500100323,2016년 7월 5일 15시,화요일,경상북도 칠곡군 가산면,경상사고,0,0,1,1,차대차 - 정면충돌,안전운전불이행,건조,맑음,교차로 - 교차로부근,승용,남,24세,부상신고,승용,남,55세,경상
2016070500100324,2016년 7월 5일 15시,화요일,경상북도 칠곡군 약목면,경상사고,0,0,3,0,차대차 - 측면충돌,직진우회전진행방해,건조,맑음,교차로 - 교차로안,승용,여,57세,경상,승용,남,51세,경상
2016070500100325,2016년 7월 5일 15시,화요일,경상북도 구미시 선산읍,경상사고,0,0,1,0,차대차 - 기타,교차로운행방법위반,건조,맑음,교차로 - 교차로안,화물,남,50세,상해없음,이륜,여,63세,경상
2016070500100358,2016년 7월 5일 16시,화요일,경상북도 경주시 용강동,경상사고,0,0,2,0,차대차 - 측면직각충돌,안전운전불이행,건조,맑음,단일로 - 기타,승용,여,56세,상해없음,승용,여,55세,경상
2016070500100359,2016년 7월 5일 16시,화요일,경상북도 안동시 운흥동,경상사고,0,0,2,0,차대차 - 정면충돌,안전운전불이행,건조,맑음,교차로 - 교차로안,승용,여,40세,경상,승용,남,56세,경상
2016070500100389,2016년 7월 5일 17시,화요일,경상북도 경주시 구황동,부상신고사고,0,0,0,1,차대차 - 측면충돌,안전운전불이행,건조,맑음,교차로 - 교차로부근,원동기,남,45세,부상신고,승용,남,66세,상해없음
2016070500100390,2016년 7월 5일 17시,화요일,경상북도 안동시 태화동,부상신고사고,0,0,0,1,차대차 - 측면직각충돌,안전운전불이행,건조,맑음,단일로 - 기타,기타불명,기타불명,기타불명,기타불명,자전거,여,52세,부상신고
2016070500100440,2016년 7월 5일 18시,화요일,경상북도 경주시 황성동,경상사고,0,0,1,0,차대차 - 측면충돌,안전운전불이행,건조,맑음,교차로 - 교차로부근,이륜,남,69세,경상,화물,남,31세,상해없음
2016070500100441,2016년 7월 5일 18시,화요일,경상북도 경주시 외동읍,경상사고,0,0,1,0,차대사람 - 기타,안전운전불이행,건조,맑음,단일로 - 기타,화물,남,52세,상해없음,보행자,여,34세,경상
2016070500100442,2016년 7월 5일 18시,화요일,경상북도 김천시 양천동,중상사고,0,2,1,0,차대차 - 정면충돌,안전운전불이행,건조,맑음,단일로 - 기타,화물,남,58세,상해없음,승용,남,55세,경상
2016070500100443,2016년 7월 5일 18시,화요일,경상북도 영주시 하망동,중상사고,0,1,0,0,차대차 - 측면충돌,안전운전불이행,건조,맑음,단일로 - 기타,승용,여,58세,상해없음,자전거,남,73세,중상
2016070500100476,2016년 7월 5일 19시,화요일,경상북도 문경시 모전동,경상사고,0,0,1,0,차대사람 - 차도통행중,안전운전불이행,건조,맑음,교차로 - 교차로부근,승용,여,55세,상해없음,보행자,여,65세,경상
2016070500100477,2016년 7월 5일 19시,화요일,경상북도 경산시 옥곡동,중상사고,0,1,2,0,차대차 - 측면직각충돌,안전운전불이행,건조,맑음,교차로 - 교차로안,승용,여,45세,상해없음,승용,여,34세,경상