사고번호,사고일시,요일,시군구,사고내용,사망자수,중상자수,경상자수,부상신고자수,사고유형,법규위반,노면상태,기상상태,도로형태,가해운전자 차종,가해운전자 성별,가해운전자 연령,가해운전자 상해정도,피해운전자 차종,피해운전자 성별,피해운전자 연령,피해운전자 상해정도
2016070800100514,2016년 7월 8일 18시,금요일,경상북도 구미시 도량동,경상사고,0,0,1,0,차대차 - 정면충돌,안전운전불이행,건조,맑음,단일로 - 기타,승용,남,54세,상해없음,이륜,남,19세,경상
2016070800100550,2016년 7월 8일 19시,금요일,경상북도 안동시 용상동,중상사고,0,1,0,0,차대차 - 측면충돌,안전운전불이행,습기,비,단일로 - 기타,승용,남,29세,상해없음,이륜,남,22세,중상
2016070800100551,2016년 7월 8일 19시,금요일,경상북도 칠곡군 석적읍,부상신고사고,0,0,0,2,차대차 - 정면충돌,안전운전불이행,건조,맑음,단일로 - 기타,승합,남,50세,상해없음,승합,남,61세,상해없음
2016070800100552,2016년 7월 8일 19시,금요일,경상북도 구미시 진평동,중상사고,0,1,0,0,차대사람 - 횡단중,안전운전불이행,건조,맑음,단일로 - 기타,승용,남,51세,상해없음,보행자,남,4세,중상
2016070800100591,2016년 7월 8일 20시,금요일,경상북도 상주시 공검면,사망사고,1,0,0,0,차대차 - 추돌,안전운전불이행,건조,맑음,단일로 - 기타,승합,남,33세,상해없음,농기계,남,83세,사망
2016070800100592,2016년 7월 8일 20시,금요일,경상북도 영천시 금노동,경상사고,0,0,2,0,차대차 - 추돌,안전운전불이행,건조,맑음,단일로 - 기타,승용,남,35세,상해없음,승용,여,57세,경상
2016070800100594,2016년 7월 8일 20시,금요일,경상북도 구미시 원평동,중상사고,0,1,0,0,차대차 - 측면충돌,안전운전불이행,건조,맑음,단일로 - 기타,승용,남,43세,상해없음,이륜,남,50세,중상
2016070800100632,2016년 7월 8일 21시,금요일,경상북도 상주시 함창읍,경상사고,0,0,1,0,차대차 - 측면직각충돌,중앙선침범,건조,맑음,단일로 - 기타,화물,남,58세,상해없음,화물,남,50세,경상
2016070800100633,2016년 7월 8일 21시,금요일,경상북도 상주시 서문동,경상사고,0,0,1,0,차대차 - 추돌,안전거리미확보,건조,맑음,교차로 - 교차로부근,승용,남,20세,상해없음,승용,남,27세,경상
2016070800100634,2016년 7월 8일 21시,금요일,경상북도 청송군 부남면,중상사고,0,2,0,0,차대차 - 정면충돌,불법유턴,건조,맑음,단일로 - 기타,승합,남,56세,상해없음,승용,여,51세,중상
2016070800100635,2016년 7월 8일 21시,금요일,경상북도 포항시 남구 동해면,경상사고,0,0,3,0,차대차 - 추돌,안전거리미확보,건조,맑음,단일로 - 기타,이륜,남,67세,경상,승용,여,37세,경상
2016070800100664,2016년 7월 8일 22시,금요일,경상북도 경산시 진량읍,경상사고,0,0,1,0,차대차 - 정면충돌,신호위반,건조,맑음,교차로 - 교차로안,승용,남,42세,상해없음,승용,남,23세,경상
2016070800100665,2016년 7월 8일 22시,금요일,경상북도 구미시 진평동,경상사고,0,0,1,0,차대사람 - 횡단중,안전운전불이행,건조,맑음,기타 - 기타,기타불명,기타불명,기타불명,기타불명,보행자,남,52세,경상
2016070800100689,2016년 7월 8일 23시,금요일,경상북도 영천시 야사동,경상사고,0,0,1,0,차대차 - 측면충돌,안전운전불이행,건조,맑음,교차로 - 교차로부근,승용,남,34세,상해없음,승용,남,42세,경상
2016070900100038,2016년 7월 9일 01시,토요일,경상북도 포항시 남구 상도동,부상신고사고,0,0,0,1,차대차 - 기타,안전운전불이행,건조,맑음,단일로 - 기타,승용,남,63세,상해없음,승용,남,44세,상해없음
2016070900100062,2016년 7월 9일 02시,토요일,경상북도 구미시 공단동,경상사고,0,0,1,0,차대차 - 추돌,안전운전불이행,건조,맑음,기타 - 기타,승용,남,26세,상해없음,승용,남,22세,경상
2016070900100124,2016년 7월 9일 07시,토요일,경상북도 봉화군 봉화읍,중상사고,0,1,2,0,차대차 - 정면충돌,중앙선침범,건조,맑음,단일로 - 기타,승용,남,68세,중상,화물,남,59세,경상
2016070900100145,2016년 7월 9일 08시,토요일,경상북도 김천시 부항면,중상사고,0,1,0,0,차대차 - 정면충돌,안전운전불이행,건조,맑음,단일로 - 기타,승용,남,50세,상해없음,승용,남,67세,중상
2016070900100146,2016년 7월 9일 08시,토요일,경상북도 고령군 개진면,중상사고,0,1,0,0,차대차 - 기타,불법유턴,건조,맑음,단일로 - 기타,화물,남,48세,상해없음,이륜,남,80세,중상
2016070900100147,2016년 7월 9일 08시,토요일,경상북도 구미시 공단동,경상사고,0,0,1,0,차대차 - 추돌,안전운전불이행,건조,맑음,교차로 - 교차로부근,승용,남,27세,상해없음,이륜,남,41세,경상
2016070900100175,2016년 7월 9일 09시,토요일,경상북도 상주시 신봉동,중상사고,0,1,3,0,차대차 - 추돌,안전거리미확보,건조,맑음,단일로 - 기타,승용,남,47세,상해없음,승용,남,66세,중상
2016070900100208,2016년 7월 9일 10시,토요일,경상북도 경주시 현곡면,경상사고,0,0,1,0,차대차 - 측면직각충돌,중앙선침범,건조,맑음,단일로 - 기타,화물,남,46세,상해없음,승용,남,53세,경상
2016070900100209,2016년 7월 9일 10시,토요일,경상북도 경산시 압량면,경상사고,0,0,1,0,차대차 - 측면충돌,안전운전불이행,건조,맑음,교차로 - 교차로안,승용,남,61세,상해없음,승용,남,62세,경상
2016070900100210,2016년 7월 9일 10시,토요일,경상북도 청도군 화양읍,중상사고,0,1,0,0,차대차 - 측면충돌,안전운전불이행,건조,맑음,단일로 - 기타,승용,여,30세,상해없음,원동기,남,82세,중상
2016070900100242,2016년 7월 9일 11시,토요일,경상북도 포항시 북구 우현동,경상사고,0,0,1,0,차대차 - 정면충돌,안전운전불이행,건조,맑음,단일로 - 기타,승용,남,54세,상해없음,자전거,남,67세,경상
2016070900100243,2016년 7월 9일 11시,토요일,경상북도 영덕군 남정면,경상사고,0,0,3,0,차대차 - 추돌,안전거리미확보,건조,맑음,단일로 - 기타,승용,남,53세,경상,승용,남,63세,경상
2016070900100244,2016년 7월 9일 11시,토요일,경상북도 영덕군 강구면,중상사고,0,3,1,0,차대차 - 측면직각충돌,기타,건조,맑음,교차로 - 교차로안,승용,남,69세,상해없음,화물,남,63세,중상
2016070900100290,2016년 7월 9일 12시,토요일,경상북도 경주시 탑동,경상사고,0,0,1,0,차대차 - 추돌,안전운전불이행,건조,맑음,교차로 - 교차로부근,화물,남,63세,상해없음,승용,남,71세,상해없음
2016070900100291,2016년 7월 9일 12시,토요일,경상북도 포항시 북구 장성동,경상사고,0,0,1,0,차대차 - 정면충돌,교차로운행방법위반,건조,맑음,교차로 - 교차로안,승용,남,61세,상해없음,승용,남,58세,경상
2016070900100292,2016년 7월 9일 12시,토요일,경상북도 안동시 천리동,경상사고,0,0,2,0,차대차 - 정면충돌,안전운전불이행,건조,맑음,단일로 - 기타,화물,남,48세,상해없음,승용,여,33세,경상
2016070900100293,2016년 7월 9일 12시,토요일,경상북도 상주시 남적동,중상사고,0,1,1,0,차대차 - 정면충돌,중앙선침범,건조,맑음,단일로 - 기타,승용,남,43세,경상,특수,남,49세,중상
2016070900100294,2016년 7월 9일 12시,토요일,경상북도 경산시 자인면,경상사고,0,0,1,0,차대차 - 정면충돌,안전운전불이행,건조,맑음,단일로 - 기타,화물,남,62세,상해없음,승용,남,46세,경상
2016070900100295,2016년 7월 9일 12시,토요일,경상북도 구미시 원평동,부상신고사고,0,0,0,1,차대사람 - 기타,안전운전불이행,건조,맑음,단일로 - 기타,승합,남,55세,상해없음,보행자,남,29세,부상신고
2016070900100334,2016년 7월 9일 13시,토요일,경상북도 경주시 양남면,중상사고,0,2,1,0,차량단독 - 전도전복,안전운전불이행,건조,맑음,단일로 - 기타,승용,남,65세,경상,,,,
2016070900100335,2016년 7월 9일 13시,토요일,경상북도 포항시 북구 기계면,경상사고,0,0,1,0,차대차 - 측면충돌,신호위반,건조,맑음,교차로 - 교차로안,건설기계,남,44세,상해없음,승용,남,58세,경상
2016070900100336,2016년 7월 9일 13시,토요일,경상북도 안동시 옥동,경상사고,0,0,1,0,차대차 - 측면충돌,직진우회전진행방해,건조,맑음,교차로 - 교차로안,승용,여,34세,상해없음,승용,남,55세,경상
2016070900100337,2016년 7월 9일 13시,토요일,경상북도 상주시 무양동,중상사고,0,2,3,0,차대차 - 측면직각충돌,교차로운행방법위반,건조,맑음,교차로 - 교차로안,승용,남,64세,경상,화물,남,51세,중상
2016070900100338,2016년 7월 9일 13시,토요일,경상북도 문경시 모전동,중상사고,0,2,1,0,차대차 - 측면직각충돌,안전운전불이행,건조,맑음,단일로 - 기타,승용,남,60세,상해없음,승용,남,34세,경상
2016070900100385,2016년 7월 9일 14시,토요일,경상북도 안동시 서부동,경상사고,0,0,1,0,차대차 - 측면직각충돌,교차로운행방법위반,건조,맑음,교차로 - 교차로안,승용,남,18세,상해없음,승용,여,58세,상해없음
2016070900100386,2016년 7월 9일 14시,토요일,경상북도 칠곡군 약목면,경상사고,0,0,3,1,차량단독 - 전도전복,안전운전불이행,건조,맑음,교차로 - 교차로부근,승용,여,33세,부상신고,,,,
2016070900100387,2016년 7월 9일 14시,토요일,경상북도 구미시 도개면,경상사고,0,0,1,0,차대차 - 추돌,안전운전불이행,건조,맑음,단일로 - 기타,승용,남,38세,경상,건설기계,남,47세,상해없음
2016070900100427,2016년 7월 9일 15시,토요일,경상북도 칠곡군 지천면,경상사고,0,0,1,0,차대차 - 정면충돌,중앙선침범,건조,맑음,단일로 - 기타,자전거,남,12세,경상,승용,남,38세,상해없음
2016070900100455,2016년 7월 9일 16시,토요일,경상북도 구미시 원평동,경상사고,0,0,1,0,차대차 - 측면직각충돌,안전운전불이행,건조,맑음,단일로 - 기타,승용,남,54세,상해없음,자전거,여,14세,경상
2016070900100497,2016년 7월 9일 17시,토요일,경상북도 칠곡군 석적읍,경상사고,0,0,2,0,차대차 - 정면충돌,교차로운행방법위반,건조,맑음,교차로 - 교차로안,승용,여,40세,경상,승용,남,43세,경상
2016070900100535,2016년 7월 9일 18시,토요일,경상북도 칠곡군 석적읍,중상사고,0,1,0,0,차대차 - 측면충돌,안전운전불이행,건조,맑음,교차로 - 교차로부근,화물,남,38세,상해없음,이륜,남,17세,중상
2016070900100588,2016년 7월 9일 20시,토요일,경상북도 김천시 황금동,경상사고,0,0,1,0,차대사람 - 횡단중,안전운전불이행,건조,맑음,단일로 - 기타,승용,남,59세,상해없음,보행자,남,78세,경상
2016070900100589,2016년 7월 9일 20시,토요일,경상북도 경산시 옥산동,경상사고,0,0,3,0,차대차 - 추돌,안전운전불이행,건조,맑음,단일로 - 기타,승용,남,71세,상해없음,승용,남,36세,경상
2016070900100590,2016년 7월 9일 20시,토요일,경상북도 구미시 공단동,경상사고,0,0,3,0,차대차 - 추돌,교차로운행방법위반,건조,맑음,교차로 - 교차로안,승용,남,55세,상해없음,승용,남,25세,경상
2016070900100637,2016년 7월 9일 22시,토요일,경상북도 포항시 북구 장성동,경상사고,0,0,1,0,차대차 - 정면충돌,안전운전불이행,건조,맑음,단일로 - 기타,승용,남,30세,상해없음,원동기,남,21세,경상
2016070900100638,2016년 7월 9일 22시,토요일,경상북도 김천시 양천동,중상사고,0,1,0,0,차량단독 - 전도전복,안전운전불이행,건조,맑음,단일로 - 기타,승용,남,57세,중상,,,,
2016070900100639,2016년 7월 9일 22시,토요일,경상북도 구미시 진평동,경상사고,0,0,1,0,차대차 - 추돌,안전운전불이행,건조,맑음,교차로 - 교차로부근,승용,남,40세,상해없음,승용,남,30세,경상
2016070900100660,2016년 7월 9일 23시,토요일,경상북도 경산시 중방동,경상사고,0,0,1,0,차대차 - 기타,신호위반,건조,맑음,교차로 - 교차로안,승용,남,35세,상해없음,이륜,남,25세,경상
2016071000100054,2016년 7월 10일 02시,일요일,경상북도 포항시 북구 기계면,경상사고,0,0,1,0,차량단독 - 전도전복,안전운전불이행,건조,맑음,단일로 - 기타,승용,남,44세,경상,,,,
2016071000100123,2016년 7월 10일 08시,일요일,경상북도 포항시 북구 흥해읍,중상사고,0,2,0,0,차대차 - 정면충돌,중앙선침범,건조,맑음,단일로 - 기타,승용,여,35세,중상,승용,여,47세,중상
2016071000100124,2016년 7월 10일 08시,일요일,경상북도 안동시 금곡동,경상사고,0,0,2,0,차대차 - 추돌,안전거리미확보,건조,맑음,단일로 - 기타,승합,남,32세,상해없음,승용,남,47세,경상
2016071000100125,2016년 7월 10일 08시,일요일,경상북도 청도군 청도읍,중상사고,0,1,0,0,차대차 - 측면충돌,직진우회전진행방해,건조,맑음,교차로 - 교차로안,화물,남,55세,상해없음,이륜,남,76세,중상
2016071000100148,2016년 7월 10일 09시,일요일,경상북도 청도군 화양읍,경상사고,0,0,1,0,차량단독 - 전도전복,안전운전불이행,건조,맑음,단일로 - 기타,승용,여,52세,경상,,,,
2016071000100149,2016년 7월 10일 09시,일요일,경상북도 구미시 남통동,중상사고,0,1,0,0,차대사람 - 횡단중,보행자보호의무위반,건조,맑음,교차로 - 교차로안,승용,남,69세,상해없음,보행자,남,64세,중상
2016071000100174,2016년 7월 10일 10시,일요일,경상북도 경주시 신평동,경상사고,0,0,1,0,차대사람 - 기타,안전운전불이행,건조,맑음,단일로 - 기타,승용,남,44세,상해없음,보행자,남,84세,경상
2016071000100192,2016년 7월 10일 11시,일요일,경상북도 상주시 내서면,사망사고,1,0,0,0,차대차 - 측면직각충돌,교차로운행방법위반,건조,맑음,교차로 - 교차로안,화물,남,63세,상해없음,이륜,남,80세,사망
2016071000100222,2016년 7월 10일 12시,일요일,경상북도 경주시 마동,중상사고,0,1,1,0,차대차 - 정면충돌,차로위반,건조,맑음,교차로 - 교차로안,승용,여,24세,상해없음,승용,여,39세,경상
2016071000100223,2016년 7월 10일 12시,일요일,경상북도 안동시 안기동,경상사고,0,0,3,0,차대차 - 측면충돌,안전운전불이행,건조,맑음,교차로 - 교차로부근,승용,남,66세,상해없음,승용,남,72세,경상
2016071000100224,2016년 7월 10일 12시,일요일,경상북도 안동시 금곡동,중상사고,0,1,0,0,차대사람 - 횡단중,안전운전불이행,건조,맑음,단일로 - 기타,승용,남,43세,상해없음,보행자,남,44세,중상
2016071000100225,2016년 7월 10일 12시,일요일,경상북도 상주시 초산동,경상사고,0,0,5,0,차대차 - 추돌,안전거리미확보,건조,맑음,단일로 - 기타,승용,남,50세,상해없음,승용,남,40세,경상
2016071000100226,2016년 7월 10일 12시,일요일,경상북도 구미시 봉곡동,부상신고사고,0,0,0,2,차대차 - 기타,안전운전불이행,건조,맑음,단일로 - 기타,승용,남,38세,상해없음,승용,남,31세,부상신고
2016071000100260,2016년 7월 10일 13시,일요일,경상북도 경주시 동천동,경상사고,0,0,1,0,차대차 - 측면충돌,안전거리미확보,건조,맑음,단일로 - 기타,자전거,남,13세,경상,승용,여,40세,상해없음
2016071000100261,2016년 7월 10일 13시,일요일,경상북도 경산시 대동,경상사고,0,0,1,0,차대사람 - 기타,안전운전불이행,건조,맑음,교차로 - 교차로부근,승용,남,20세,상해없음,보행자,남,25세,경상
2016071000100262,2016년 7월 10일 13시,일요일,경상북도 구미시 황상동,중상사고,0,1,0,0,차대차 - 기타,차로위반,건조,맑음,단일로 - 기타,승용,남,28세,상해없음,이륜,남,28세,중상
2016071000100263,2016년 7월 10일 13시,일요일,경상북도 구미시 황상동,경상사고,0,0,1,0,차대차 - 측면충돌,신호위반,건조,맑음,교차로 - 교차로안,승용,남,25세,상해없음,자전거,남,13세,경상
2016071000100264,2016년 7월 10일 13시,일요일,경상북도 구미시 형곡동,경상사고,0,0,3,0,차대차 - 측면충돌,안전운전불이행,건조,맑음,교차로 - 교차로안,승용,남,65세,상해없음,승용,남,31세,경상
2016071000100296,2016년 7월 10일 14시,일요일,경상북도 구미시 옥계동,중상사고,0,1,0,0,차대차 - 측면충돌,안전거리미확보,건조,맑음,단일로 - 기타,승용,남,29세,상해없음,이륜,남,51세,중상
2016071000100297,2016년 7월 10일 14시,일요일,경상북도 구미시 선산읍,경상사고,0,0,1,1,차대차 - 측면충돌,안전운전불이행,건조,맑음,교차로 - 교차로안,승용,남,55세,상해없음,승용,남,36세,경상
2016071000100322,2016년 7월 10일 15시,일요일,경상북도 칠곡군 동명면,경상사고,0,0,1,1,차대차 - 정면충돌,안전거리미확보,건조,맑음,단일로 - 기타,건설기계,남,69세,부상신고,승용,여,31세,경상
2016071000100369,2016년 7월 10일 17시,일요일,경상북도 문경시 유곡동,경상사고,0,0,1,0,차대차 - 기타,안전운전불이행,건조,맑음,단일로 - 기타,자전거,남,61세,경상,승용,남,64세,기타불명
2016071000100405,2016년 7월 10일 18시,일요일,경상북도 경주시 황성동,경상사고,0,0,1,1,차대차 - 측면충돌,안전운전불이행,건조,맑음,교차로 - 교차로안,승용,남,74세,상해없음,화물,남,20세,부상신고
2016071000100434,2016년 7월 10일 19시,일요일,경상북도 경주시 양남면,경상사고,0,0,2,0,차대차 - 기타,중앙선침범,건조,맑음,단일로 - 기타,승용,남,23세,상해없음,화물,남,57세,경상
2016071000100435,2016년 7월 10일 19시,일요일,경상북도 안동시 정하동,경상사고,0,0,3,0,차대차 - 정면충돌,교차로운행방법위반,건조,맑음,교차로 - 교차로안,승용,남,26세,경상,승용,여,45세,경상
2016071000100436,2016년 7월 10일 19시,일요일,경상북도 상주시 남장동,중상사고,0,2,0,0,차량단독 - 공작물충돌,안전운전불이행,건조,맑음,단일로 - 기타,승용,여,70세,중상,,,,
2016071000100437,2016년 7월 10일 19시,일요일,경상북도 의성군 비안면,사망사고,1,0,0,0,차대사람 - 기타,안전운전불이행,건조,맑음,단일로 - 기타,승용,여,28세,상해없음,보행자,여,78세,사망
2016071000100438,2016년 7월 10일 19시,일요일,경상북도 경산시 평산동,경상사고,0,0,3,0,차대차 - 추돌,안전운전불이행,건조,맑음,단일로 - 기타,화물,남,37세,상해없음,승합,남,41세,경상
2016071000100465,2016년 7월 10일 20시,일요일,경상북도 안동시 태화동,중상사고,0,1,0,0,차대차 - 측면충돌,중앙선침범,건조,맑음,단일로 - 기타,화물,남,57세,상해없음,이륜,남,49세,중상
2016071000100490,2016년 7월 10일 21시,일요일,경상북도 경주시 황성동,경상사고,0,0,1,0,차대사람 - 길가장자리구역통행중,안전운전불이행,건조,맑음,교차로 - 교차로안,승용,남,31세,상해없음,보행자,남,63세,경상
2016071000100511,2016년 7월 10일 22시,일요일,경상북도 경주시 건천읍,부상신고사고,0,0,0,1,차대차 - 추돌,안전운전불이행,건조,맑음,단일로 - 기타,승용,남,43세,부상신고,화물,남,42세,상해없음
2016071000100512,2016년 7월 10일 22시,일요일,경상북도 칠곡군 왜관읍,경상사고,0,0,1,0,차대사람 - 기타,안전운전불이행,건조,맑음,단일로 - 기타,승용,남,61세,상해없음,보행자,남,56세,경상
2016071100100008,2016년 7월 11일 00시,월요일,경상북도 구미시 송정동,경상사고,0,0,1,0,차대차 - 측면충돌,안전운전불이행,건조,맑음,단일로 - 기타,이륜,남,36세,경상,승용,남,38세,기타불명
2016071100100021,2016년 7월 11일 01시,월요일,경상북도 포항시 남구 오천읍,부상신고사고,0,0,0,1,차대차 - 측면충돌,안전운전불이행,건조,맑음,단일로 - 기타,원동기,남,25세,부상신고,원동기,남,24세,상해없음
2016071100100030,2016년 7월 11일 02시,월요일,경상북도 문경시 마성면,중상사고,0,1,1,0,차대차 - 추돌,안전운전불이행,건조,맑음,단일로 - 기타,승용,남,25세,상해없음,승용,남,43세,중상
2016071100100062,2016년 7월 11일 06시,월요일,경상북도 구미시 인의동,경상사고,0,0,1,0,차대차 - 측면충돌,안전운전불이행,건조,맑음,교차로 - 교차로안,승용,남,32세,상해없음,승용,남,62세,상해없음
2016071100100082,2016년 7월 11일 07시,월요일,경상북도 경산시 대동,경상사고,0,0,6,0,차대차 - 측면충돌,안전거리미확보,건조,맑음,단일로 - 기타,승용,남,30세,경상,승용,남,24세,경상
2016071100100115,2016년 7월 11일 08시,월요일,경상북도 경주시 성건동,중상사고,0,1,0,0,차대차 - 정면충돌,안전운전불이행,건조,맑음,교차로 - 교차로안,승용,여,35세,상해없음,원동기,남,38세,중상
2016071100100116,2016년 7월 11일 08시,월요일,경상북도 영주시 조암동,중상사고,0,2,0,0,차대차 - 정면충돌,안전운전불이행,건조,맑음,교차로 - 교차로안,승합,여,51세,중상,화물,남,57세,중상
2016071100100117,2016년 7월 11일 08시,월요일,경상북도 군위군 의흥면,사망사고,1,0,0,0,차대차 - 추돌,안전운전불이행,건조,맑음,교차로 - 교차로부근,화물,남,29세,상해없음,자전거,여,55세,사망
2016071100100118,2016년 7월 11일 08시,월요일,경상북도 구미시 인의동,경상사고,0,0,1,0,차대차 - 측면충돌,안전거리미확보,건조,맑음,단일로 - 기타,승용,남,18세,상해없음,승용,남,31세,경상
2016071100100157,2016년 7월 11일 09시,월요일,경상북도 포항시 북구 청하면,경상사고,0,0,2,0,차대차 - 정면충돌,안전운전불이행,건조,맑음,교차로 - 교차로부근,특수,남,57세,상해없음,화물,남,63세,경상
2016071100100158,2016년 7월 11일 09시,월요일,경상북도 상주시 중동면,중상사고,0,1,1,0,차대차 - 측면충돌,안전운전불이행,건조,맑음,단일로 - 기타,농기계,남,69세,경상,승용,남,57세,중상
2016071100100185,2016년 7월 11일 10시,월요일,경상북도 영주시 부석면,경상사고,0,0,1,0,차대차 - 측면충돌,교차로운행방법위반,건조,맑음,교차로 - 교차로안,승합,남,59세,상해없음,농기계,남,67세,경상
2016071100100186,2016년 7월 11일 10시,월요일,경상북도 예천군 예천읍,중상사고,0,1,0,0,차대사람 - 횡단중,안전운전불이행,건조,맑음,단일로 - 횡단보도부근,승합,남,40세,상해없음,보행자,남,73세,중상
2016071100100187,2016년 7월 11일 10시,월요일,경상북도 구미시 봉곡동,중상사고,0,1,0,0,차대사람 - 기타,안전운전불이행,건조,맑음,교차로 - 교차로부근,승용,여,50세,상해없음,보행자,남,48세,중상
2016071100100239,2016년 7월 11일 12시,월요일,경상북도 상주시 만산동,경상사고,0,0,4,0,차대차 - 추돌,안전운전불이행,건조,맑음,단일로 - 기타,화물,남,55세,상해없음,승용,여,29세,경상
2016071100100240,2016년 7월 11일 12시,월요일,경상북도 울진군 근남면,중상사고,0,1,1,0,차대차 - 측면충돌,중앙선침범,건조,흐림,단일로 - 기타,화물,남,67세,경상,승용,남,33세,중상
2016071100100274,2016년 7월 11일 13시,월요일,경상북도 영천시 금호읍,중상사고,0,1,0,0,차대사람 - 기타,안전운전불이행,건조,맑음,단일로 - 기타,승용,남,28세,상해없음,보행자,여,58세,중상
2016071100100275,2016년 7월 11일 13시,월요일,경상북도 구미시 원평동,사망사고,1,0,0,0,차대차 - 측면직각충돌,교차로운행방법위반,건조,맑음,교차로 - 교차로안,이륜,남,43세,사망,승용,여,31세,상해없음
2016071100100276,2016년 7월 11일 13시,월요일,경상북도 포항시 남구 송도동,경상사고,0,0,1,0,차대차 - 기타,안전운전불이행,건조,맑음,교차로 - 교차로안,승용,여,55세,상해없음,자전거,여,37세,경상
2016071100100303,2016년 7월 11일 14시,월요일,경상북도 포항시 북구 흥해읍,경상사고,0,0,1,0,차대차 - 측면충돌,직진우회전진행방해,건조,맑음,교차로 - 교차로안,자전거,남,80세,경상,승용,남,71세,상해없음
2016071100100304,2016년 7월 11일 14시,월요일,경상북도 영주시 적서동,사망사고,1,0,0,0,차량단독 - 전도전복,안전운전불이행,건조,맑음,단일로 - 기타,원동기,남,85세,사망,,,,
2016071100100390,2016년 7월 11일 16시,월요일,경상북도 칠곡군 동명면,경상사고,0,0,1,0,차대차 - 기타,안전운전불이행,건조,맑음,교차로 - 교차로부근,화물,남,82세,상해없음,승용,남,25세,경상
2016071100100436,2016년 7월 11일 17시,월요일,경상북도 경주시 광명동,경상사고,0,0,2,0,차대차 - 기타,안전운전불이행,습기,비,단일로 - 기타,화물,여,56세,경상,승용,여,48세,경상
2016071100100437,2016년 7월 11일 17시,월요일,경상북도 고령군 다산면,중상사고,0,1,0,0,차대차 - 측면직각충돌,교차로운행방법위반,건조,맑음,교차로 - 교차로안,화물,남,64세,상해없음,자전거,여,76세,중상
2016071100100475,2016년 7월 11일 18시,월요일,경상북도 경주시 북군동,중상사고,0,1,1,2,차대차 - 정면충돌,중앙선침범,습기,비,단일로 - 기타,승용,남,56세,경상,승용,여,31세,중상
2016071100100503,2016년 7월 11일 19시,월요일,경상북도 김천시 농소면,중상사고,0,1,1,0,차대차 - 측면충돌,교차로운행방법위반,건조,맑음,교차로 - 교차로안,화물,여,63세,경상,승용,남,41세,중상
2016071100100504,2016년 7월 11일 19시,월요일,경상북도 상주시 서문동,중상사고,0,1,0,0,차대차 - 측면직각충돌,교차로운행방법위반,건조,맑음,교차로 - 교차로안,승용,남,35세,상해없음,자전거,남,21세,중상
2016071100100505,2016년 7월 11일 19시,월요일,경상북도 문경시 가은읍,중상사고,0,1,1,0,차대차 - 기타,안전운전불이행,건조,흐림,교차로 - 교차로안,승용,남,67세,상해없음,승용,여,57세,경상
2016071100100547,2016년 7월 11일 20시,월요일,경상북도 경산시 사정동,경상사고,0,0,1,0,차대차 - 기타,안전운전불이행,건조,맑음,단일로 - 기타,승용,남,79세,상해없음,이륜,남,31세,경상
2016071100100548,2016년 7월 11일 20시,월요일,경상북도 예천군 예천읍,경상사고,0,0,1,0,차대차 - 기타,안전운전불이행,습기,비,교차로 - 교차로안,승용,남,55세,상해없음,이륜,남,29세,경상
2016071100100573,2016년 7월 11일 21시,월요일,경상북도 울진군 울진읍,중상사고,0,1,0,0,차대차 - 측면충돌,안전운전불이행,건조,맑음,단일로 - 기타,승용,남,34세,상해없음,이륜,남,20세,중상
2016071100100574,2016년 7월 11일 21시,월요일,경상북도 포항시 남구 해도동,경상사고,0,0,1,0,차대차 - 기타,안전운전불이행,건조,맑음,교차로 - 교차로부근,승용,여,46세,상해없음,승용,여,41세,경상
2016071100100607,2016년 7월 11일 22시,월요일,경상북도 구미시 상모동,경상사고,0,0,1,0,차대차 - 측면직각충돌,중앙선침범,습기,비,단일로 - 기타,승용,남,35세,상해없음,원동기,남,36세,경상
2016071200100046,2016년 7월 12일 03시,화요일,경상북도 김천시 백옥동,경상사고,0,0,1,0,차량단독 - 전도전복,안전운전불이행,건조,맑음,단일로 - 기타,화물,남,46세,경상,,,,
2016071200100063,2016년 7월 12일 04시,화요일,경상북도 경주시 외동읍,중상사고,0,1,0,0,차대사람 - 길가장자리구역통행중,안전운전불이행,건조,맑음,교차로 - 교차로부근,이륜,남,52세,상해없음,보행자,여,77세,중상
2016071200100064,2016년 7월 12일 04시,화요일,경상북도 경주시 노서동,중상사고,0,1,0,0,차대사람 - 횡단중,신호위반,건조,맑음,교차로 - 교차로안,승용,남,60세,상해없음,보행자,남,76세,중상
2016071200100103,2016년 7월 12일 07시,화요일,경상북도 김천시 양천동,경상사고,0,0,4,0,차대차 - 추돌,안전운전불이행,건조,맑음,단일로 - 기타,승용,여,56세,상해없음,승용,여,55세,경상
2016071200100143,2016년 7월 12일 08시,화요일,경상북도 고령군 다산면,경상사고,0,0,1,0,차대차 - 기타,중앙선침범,건조,맑음,단일로 - 기타,승용,남,70세,기타불명,승용,여,54세,경상
2016071200100144,2016년 7월 12일 08시,화요일,경상북도 구미시 황상동,경상사고,0,0,3,1,차대차 - 측면충돌,교차로운행방법위반,건조,맑음,교차로 - 교차로안,승용,여,24세,상해없음,승용,남,27세,경상
2016071200100170,2016년 7월 12일 09시,화요일,경상북도 안동시 옥동,경상사고,0,0,1,0,차대차 - 추돌,안전거리미확보,건조,맑음,교차로 - 교차로안,화물,남,60세,상해없음,승용,남,43세,경상