사고번호,사고일시,요일,시군구,사고내용,사망자수,중상자수,경상자수,부상신고자수,사고유형,법규위반,노면상태,기상상태,도로형태,가해운전자 차종,가해운전자 성별,가해운전자 연령,가해운전자 상해정도,피해운전자 차종,피해운전자 성별,피해운전자 연령,피해운전자 상해정도
2016071200100171,2016년 7월 12일 09시,화요일,경상북도 구미시 공단동,경상사고,0,0,2,0,차대차 - 추돌,안전운전불이행,건조,맑음,단일로 - 기타,승용,남,35세,상해없음,승용,여,40세,경상
2016071200100191,2016년 7월 12일 10시,화요일,경상북도 영천시 작산동,중상사고,0,1,0,0,차대차 - 측면직각충돌,안전운전불이행,건조,맑음,단일로 - 기타,원동기,남,18세,중상,화물,남,54세,상해없음
2016071200100192,2016년 7월 12일 10시,화요일,경상북도 울진군 울진읍,사망사고,1,0,0,0,차대사람 - 횡단중,안전운전불이행,건조,맑음,단일로 - 기타,승합,남,42세,상해없음,보행자,남,44세,사망
2016071200100193,2016년 7월 12일 10시,화요일,경상북도 포항시 남구 대도동,경상사고,0,0,1,0,차대사람 - 길가장자리구역통행중,안전운전불이행,건조,맑음,단일로 - 기타,승용,남,74세,상해없음,보행자,남,63세,경상
2016071200100194,2016년 7월 12일 10시,화요일,경상북도 포항시 남구 해도동,경상사고,0,0,1,0,차대차 - 기타,불법유턴,건조,맑음,교차로 - 교차로안,승용,남,60세,상해없음,승용,남,26세,경상
2016071200100223,2016년 7월 12일 11시,화요일,경상북도 경주시 석장동,경상사고,0,0,2,0,차대차 - 측면충돌,중앙선침범,건조,맑음,단일로 - 기타,승용,여,44세,상해없음,승용,남,66세,경상
2016071200100224,2016년 7월 12일 11시,화요일,경상북도 포항시 북구 흥해읍,경상사고,0,0,1,0,차대차 - 측면충돌,차로위반,건조,맑음,단일로 - 기타,승용,여,58세,상해없음,승용,여,35세,경상
2016071200100225,2016년 7월 12일 11시,화요일,경상북도 구미시 해평면,중상사고,0,1,1,0,차대차 - 측면충돌,중앙선침범,건조,맑음,단일로 - 기타,화물,남,53세,상해없음,승용,남,44세,경상
2016071200100241,2016년 7월 12일 12시,화요일,경상북도 영덕군 영해면,중상사고,0,1,0,0,차대차 - 측면충돌,교차로운행방법위반,건조,맑음,교차로 - 교차로안,승용,남,35세,상해없음,이륜,남,81세,중상
2016071200100262,2016년 7월 12일 13시,화요일,경상북도 경주시 천군동,부상신고사고,0,0,0,1,차량단독 - 전도전복,안전운전불이행,건조,맑음,단일로 - 기타,원동기,남,20세,부상신고,,,,
2016071200100263,2016년 7월 12일 13시,화요일,경상북도 경주시 광명동,경상사고,0,0,1,1,차대차 - 측면충돌,중앙선침범,건조,맑음,단일로 - 기타,승용,여,59세,부상신고,화물,남,55세,경상
2016071200100264,2016년 7월 12일 13시,화요일,경상북도 경주시 충효동,경상사고,0,0,1,0,차대사람 - 횡단중,안전운전불이행,건조,맑음,교차로 - 교차로안,승용,남,64세,상해없음,보행자,남,16세,경상
2016071200100265,2016년 7월 12일 13시,화요일,경상북도 안동시 옥동,부상신고사고,0,0,0,1,차대차 - 추돌,안전운전불이행,건조,맑음,단일로 - 기타,건설기계,남,41세,부상신고,화물,남,60세,상해없음
2016071200100294,2016년 7월 12일 14시,화요일,경상북도 칠곡군 북삼읍,경상사고,0,0,1,0,차대차 - 정면충돌,안전운전불이행,건조,맑음,단일로 - 기타,화물,남,72세,상해없음,이륜,남,21세,경상
2016071200100295,2016년 7월 12일 14시,화요일,경상북도 칠곡군 북삼읍,경상사고,0,0,3,0,차대차 - 기타,차로위반,건조,맑음,교차로 - 교차로부근,승용,남,38세,상해없음,승용,여,44세,상해없음
2016071200100296,2016년 7월 12일 14시,화요일,경상북도 포항시 남구 구룡포읍,경상사고,0,0,2,0,차대차 - 추돌,안전거리미확보,건조,흐림,단일로 - 기타,화물,남,33세,상해없음,화물,남,53세,경상
2016071200100333,2016년 7월 12일 15시,화요일,경상북도 칠곡군 가산면,사망사고,2,5,0,0,차량단독 - 전도전복,안전운전불이행,건조,맑음,단일로 - 기타,승합,남,48세,중상,,,,
2016071200100368,2016년 7월 12일 16시,화요일,경상북도 경주시 양남면,경상사고,0,0,1,0,차량단독 - 전도전복,안전운전불이행,건조,맑음,단일로 - 기타,화물,남,38세,경상,,,,
2016071200100369,2016년 7월 12일 16시,화요일,경상북도 구미시 산동면,중상사고,0,1,0,0,차대차 - 기타,안전운전불이행,건조,맑음,기타 - 기타,화물,남,71세,상해없음,승용,여,36세,중상
2016071200100370,2016년 7월 12일 16시,화요일,경상북도 구미시 구평동,부상신고사고,0,0,0,1,차대차 - 측면충돌,안전운전불이행,기타,기타,교차로 - 교차로안,이륜,남,45세,부상신고,승합,남,53세,상해없음
2016071200100399,2016년 7월 12일 17시,화요일,경상북도 경주시 노서동,경상사고,0,0,1,0,차대차 - 추돌,안전운전불이행,건조,맑음,단일로 - 기타,승용,남,24세,상해없음,승용,남,53세,경상
2016071200100400,2016년 7월 12일 17시,화요일,경상북도 포항시 북구 양덕동,경상사고,0,0,3,0,차대차 - 측면충돌,신호위반,건조,맑음,교차로 - 교차로안,승용,남,45세,경상,승용,여,52세,경상
2016071200100401,2016년 7월 12일 17시,화요일,경상북도 영천시 대창면,경상사고,0,0,2,0,차대차 - 측면직각충돌,안전운전불이행,건조,맑음,교차로 - 교차로안,승용,여,51세,상해없음,승용,남,58세,경상
2016071200100402,2016년 7월 12일 17시,화요일,경상북도 경산시 임당동,경상사고,0,0,1,0,차대차 - 측면충돌,안전운전불이행,건조,맑음,단일로 - 기타,승용,남,59세,상해없음,이륜,남,21세,경상
2016071200100403,2016년 7월 12일 17시,화요일,경상북도 영덕군 영덕읍,중상사고,0,1,3,0,차대차 - 정면충돌,중앙선침범,건조,맑음,단일로 - 기타,화물,남,54세,중상,승합,여,30세,경상
2016071200100404,2016년 7월 12일 17시,화요일,경상북도 고령군 대가야읍,중상사고,0,1,0,0,차대차 - 측면직각충돌,안전운전불이행,건조,맑음,교차로 - 교차로부근,화물,남,57세,상해없음,원동기,남,66세,중상
2016071200100405,2016년 7월 12일 17시,화요일,경상북도 구미시 산동면,경상사고,0,0,1,0,차대차 - 기타,안전운전불이행,건조,맑음,교차로 - 교차로안,승용,남,48세,상해없음,화물,남,43세,경상
2016071200100406,2016년 7월 12일 17시,화요일,경상북도 포항시 남구 효자동,경상사고,0,0,1,0,차대차 - 기타,중앙선침범,건조,맑음,단일로 - 기타,이륜,남,22세,경상,승용,남,54세,상해없음
2016071200100407,2016년 7월 12일 17시,화요일,경상북도 포항시 남구 오천읍,중상사고,0,1,0,0,차대차 - 기타,신호위반,건조,맑음,교차로 - 교차로안,승용,남,68세,상해없음,자전거,남,21세,중상
2016071200100408,2016년 7월 12일 17시,화요일,경상북도 포항시 남구 상도동,경상사고,0,0,1,0,차대차 - 측면직각충돌,안전운전불이행,건조,맑음,단일로 - 기타,화물,남,56세,상해없음,자전거,여,32세,경상
2016071200100451,2016년 7월 12일 18시,화요일,경상북도 칠곡군 석적읍,부상신고사고,0,0,0,1,차량단독 - 전도전복,안전운전불이행,건조,맑음,단일로 - 기타,화물,남,64세,부상신고,,,,
2016071200100452,2016년 7월 12일 18시,화요일,경상북도 구미시 송정동,중상사고,0,1,0,0,차대차 - 기타,신호위반,건조,맑음,교차로 - 교차로안,기타불명,기타불명,기타불명,기타불명,이륜,남,25세,중상
2016071200100487,2016년 7월 12일 19시,화요일,경상북도 포항시 남구 대송면,경상사고,0,0,2,0,차대차 - 추돌,안전운전불이행,건조,맑음,교차로 - 교차로부근,승용,남,41세,경상,승용,여,47세,경상
2016071200100514,2016년 7월 12일 20시,화요일,경상북도 영천시 임고면,중상사고,0,1,0,0,차대사람 - 횡단중,안전운전불이행,건조,맑음,단일로 - 기타,승용,여,51세,상해없음,보행자,남,68세,중상
2016071200100540,2016년 7월 12일 21시,화요일,경상북도 김천시 부곡동,경상사고,0,0,1,0,차대사람 - 횡단중,안전운전불이행,건조,맑음,기타 - 기타,승용,남,30세,상해없음,보행자,남,73세,경상
2016071200100541,2016년 7월 12일 21시,화요일,경상북도 구미시 도량동,중상사고,0,1,0,0,차대차 - 기타,중앙선침범,건조,흐림,단일로 - 기타,승용,남,60세,상해없음,이륜,남,45세,중상
2016071200100559,2016년 7월 12일 22시,화요일,경상북도 경주시 황성동,경상사고,0,0,1,0,차대차 - 기타,안전운전불이행,건조,맑음,교차로 - 교차로안,승용,여,53세,기타불명,승합,남,47세,상해없음
2016071200100560,2016년 7월 12일 22시,화요일,경상북도 포항시 북구 흥해읍,중상사고,0,1,1,0,차대차 - 측면충돌,중앙선침범,건조,맑음,단일로 - 기타,화물,남,45세,중상,승용,남,65세,경상
2016071200100561,2016년 7월 12일 22시,화요일,경상북도 상주시 무양동,중상사고,0,1,0,0,차대사람 - 길가장자리구역통행중,안전운전불이행,건조,맑음,교차로 - 교차로부근,승용,여,36세,상해없음,보행자,남,31세,중상
2016071200100562,2016년 7월 12일 22시,화요일,경상북도 경산시 진량읍,경상사고,0,0,1,0,차량단독 - 공작물충돌,안전운전불이행,건조,맑음,단일로 - 기타,승용,남,48세,경상,,,,
2016071300100027,2016년 7월 13일 01시,수요일,경상북도 포항시 북구 동빈2가,중상사고,0,1,1,0,차대차 - 측면충돌,신호위반,건조,맑음,교차로 - 교차로안,승용,남,34세,상해없음,승용,남,44세,중상
2016071300100028,2016년 7월 13일 01시,수요일,경상북도 구미시 사곡동,사망사고,1,1,0,0,차대차 - 추돌,안전운전불이행,건조,맑음,기타 - 기타,화물,남,54세,사망,화물,남,59세,중상
2016071300100066,2016년 7월 13일 05시,수요일,경상북도 안동시 풍산읍,경상사고,0,0,1,0,차량단독 - 공작물충돌,안전운전불이행,건조,맑음,단일로 - 기타,특수,남,51세,경상,,,,
2016071300100078,2016년 7월 13일 06시,수요일,경상북도 경주시 서부동,경상사고,0,0,1,0,차대차 - 정면충돌,신호위반,건조,맑음,교차로 - 교차로안,화물,남,80세,상해없음,승용,남,67세,경상
2016071300100104,2016년 7월 13일 07시,수요일,경상북도 경산시 진량읍,경상사고,0,0,2,0,차대차 - 기타,안전운전불이행,건조,맑음,단일로 - 기타,승용,여,44세,경상,건설기계,남,61세,경상
2016071300100140,2016년 7월 13일 08시,수요일,경상북도 김천시 황금동,경상사고,0,0,1,0,차대차 - 기타,안전운전불이행,건조,맑음,단일로 - 기타,승합,남,68세,상해없음,승용,남,77세,경상
2016071300100141,2016년 7월 13일 08시,수요일,경상북도 상주시 냉림동,경상사고,0,0,2,0,차대차 - 추돌,안전거리미확보,건조,맑음,단일로 - 기타,이륜,남,60세,경상,승용,여,27세,경상
2016071300100142,2016년 7월 13일 08시,수요일,경상북도 문경시 모전동,경상사고,0,0,1,0,차대사람 - 기타,안전운전불이행,건조,맑음,교차로 - 교차로안,승용,남,63세,상해없음,보행자,여,15세,경상
2016071300100143,2016년 7월 13일 08시,수요일,경상북도 봉화군 상운면,경상사고,0,0,1,0,차대차 - 기타,중앙선침범,건조,맑음,교차로 - 교차로안,화물,남,67세,상해없음,승용,여,61세,경상
2016071300100144,2016년 7월 13일 08시,수요일,경상북도 구미시 광평동,중상사고,0,1,0,0,차대차 - 측면직각충돌,안전운전불이행,건조,맑음,교차로 - 교차로부근,승용,남,52세,상해없음,자전거,여,44세,중상
2016071300100215,2016년 7월 13일 10시,수요일,경상북도 경주시 외동읍,경상사고,0,0,1,0,차대사람 - 기타,안전운전불이행,건조,맑음,단일로 - 기타,화물,남,66세,상해없음,보행자,여,90세 이상,경상
2016071300100216,2016년 7월 13일 10시,수요일,경상북도 포항시 북구 죽도동,중상사고,0,1,0,0,차대차 - 정면충돌,안전운전불이행,건조,맑음,교차로 - 교차로부근,화물,남,73세,상해없음,승용,남,54세,중상
2016071300100217,2016년 7월 13일 10시,수요일,경상북도 영주시 풍기읍,경상사고,0,0,3,0,차대차 - 측면충돌,교차로운행방법위반,건조,맑음,교차로 - 교차로안,승용,남,19세,상해없음,승용,남,50세,경상
2016071300100218,2016년 7월 13일 10시,수요일,경상북도 봉화군 상운면,사망사고,1,0,0,0,차량단독 - 공작물충돌,안전운전불이행,건조,맑음,교차로 - 교차로부근,화물,남,54세,사망,,,,
2016071300100219,2016년 7월 13일 10시,수요일,경상북도 구미시 진평동,중상사고,0,1,0,0,차대차 - 측면충돌,교차로운행방법위반,건조,맑음,교차로 - 교차로안,이륜,남,68세,중상,화물,남,35세,상해없음
2016071300100250,2016년 7월 13일 11시,수요일,경상북도 안동시 옥동,중상사고,0,2,1,0,차대차 - 추돌,안전거리미확보,건조,맑음,단일로 - 기타,화물,남,56세,상해없음,화물,남,42세,경상
2016071300100251,2016년 7월 13일 11시,수요일,경상북도 상주시 화서면,중상사고,0,1,0,0,차량단독 - 기타,안전운전불이행,건조,맑음,단일로 - 기타,이륜,남,76세,중상,,,,
2016071300100252,2016년 7월 13일 11시,수요일,경상북도 경산시 진량읍,중상사고,0,1,1,0,차대차 - 추돌,안전운전불이행,건조,맑음,교차로 - 교차로안,승용,남,73세,상해없음,승용,남,49세,경상
2016071300100253,2016년 7월 13일 11시,수요일,경상북도 예천군 예천읍,중상사고,0,1,0,0,차대차 - 측면직각충돌,안전거리미확보,건조,맑음,단일로 - 기타,이륜,남,50세,중상,화물,남,68세,상해없음
2016071300100287,2016년 7월 13일 12시,수요일,경상북도 구미시 구평동,경상사고,0,0,1,0,차대차 - 추돌,안전운전불이행,건조,맑음,교차로 - 교차로부근,승용,남,35세,상해없음,이륜,남,34세,경상
2016071300100320,2016년 7월 13일 13시,수요일,경상북도 상주시 화북면,중상사고,0,1,0,0,차대차 - 측면직각충돌,교차로운행방법위반,건조,맑음,교차로 - 교차로안,승용,남,31세,상해없음,이륜,남,77세,중상
2016071300100380,2016년 7월 13일 15시,수요일,경상북도 영주시 이산면,경상사고,0,0,1,0,차량단독 - 전도전복,안전운전불이행,건조,맑음,단일로 - 기타,승용,여,55세,경상,,,,
2016071300100381,2016년 7월 13일 15시,수요일,경상북도 문경시 흥덕동,경상사고,0,0,1,0,차대사람 - 기타,안전운전불이행,건조,맑음,단일로 - 기타,승용,남,69세,상해없음,보행자,남,39세,경상
2016071300100382,2016년 7월 13일 15시,수요일,경상북도 고령군 대가야읍,경상사고,0,0,1,0,차대차 - 측면직각충돌,안전운전불이행,건조,맑음,단일로 - 기타,승용,남,61세,상해없음,승용,남,55세,경상
2016071300100421,2016년 7월 13일 16시,수요일,경상북도 경주시 노서동,경상사고,0,0,1,0,차대사람 - 길가장자리구역통행중,안전운전불이행,건조,맑음,교차로 - 교차로안,승용,여,50세,상해없음,보행자,여,39세,경상
2016071300100422,2016년 7월 13일 16시,수요일,경상북도 경주시 동천동,경상사고,0,0,1,0,차대차 - 측면충돌,안전운전불이행,건조,맑음,교차로 - 교차로안,화물,남,64세,상해없음,승용,여,34세,경상
2016071300100423,2016년 7월 13일 16시,수요일,경상북도 안동시 옥야동,중상사고,0,1,0,0,차대사람 - 길가장자리구역통행중,안전운전불이행,건조,맑음,단일로 - 기타,화물,남,35세,상해없음,보행자,남,62세,중상
2016071300100424,2016년 7월 13일 16시,수요일,경상북도 상주시 사벌면,사망사고,1,0,0,0,차대차 - 측면직각충돌,안전운전불이행,건조,맑음,교차로 - 교차로안,원동기,남,60세,사망,화물,남,77세,상해없음
2016071300100425,2016년 7월 13일 16시,수요일,경상북도 의성군 점곡면,경상사고,0,0,1,0,차대사람 - 길가장자리구역통행중,안전운전불이행,건조,맑음,단일로 - 기타,이륜,남,50세,상해없음,보행자,여,90세 이상,경상
2016071300100426,2016년 7월 13일 16시,수요일,경상북도 영주시 영주동,경상사고,0,0,2,0,차대차 - 기타,안전운전불이행,건조,맑음,단일로 - 횡단보도상,화물,남,56세,상해없음,자전거,남,13세,경상
2016071300100427,2016년 7월 13일 16시,수요일,경상북도 예천군 예천읍,경상사고,0,0,1,0,차대차 - 정면충돌,직진우회전진행방해,건조,맑음,교차로 - 교차로안,승용,남,64세,상해없음,승용,여,53세,경상
2016071300100428,2016년 7월 13일 16시,수요일,경상북도 포항시 남구 연일읍,경상사고,0,0,1,0,차대차 - 정면충돌,안전운전불이행,건조,맑음,교차로 - 교차로안,승용,남,24세,상해없음,자전거,남,21세,경상
2016071300100474,2016년 7월 13일 17시,수요일,경상북도 구미시 구평동,경상사고,0,0,3,0,차대차 - 측면직각충돌,안전운전불이행,건조,맑음,단일로 - 기타,승용,남,35세,기타불명,승용,여,23세,경상
2016071300100515,2016년 7월 13일 18시,수요일,경상북도 경주시 황남동,중상사고,0,1,0,0,차대차 - 추돌,안전거리미확보,건조,맑음,단일로 - 기타,승용,남,21세,상해없음,승용,남,74세,중상
2016071300100516,2016년 7월 13일 18시,수요일,경상북도 경주시 안강읍,중상사고,0,1,1,0,차대차 - 측면충돌,안전운전불이행,건조,맑음,교차로 - 교차로안,승용,여,59세,경상,승용,여,55세,중상
2016071300100517,2016년 7월 13일 18시,수요일,경상북도 예천군 예천읍,중상사고,0,1,0,0,차대사람 - 길가장자리구역통행중,안전운전불이행,건조,맑음,단일로 - 기타,화물,남,40세,상해없음,보행자,남,71세,중상
2016071300100560,2016년 7월 13일 19시,수요일,경상북도 경주시 황성동,중상사고,0,1,0,0,차대사람 - 횡단중,안전운전불이행,건조,맑음,단일로 - 기타,승용,남,34세,상해없음,보행자,남,7세,중상
2016071300100561,2016년 7월 13일 19시,수요일,경상북도 구미시 신평동,중상사고,0,1,0,0,차대차 - 측면충돌,중앙선침범,건조,맑음,교차로 - 교차로부근,승합,남,65세,상해없음,이륜,남,28세,중상
2016071300100586,2016년 7월 13일 20시,수요일,경상북도 칠곡군 지천면,경상사고,0,0,1,0,차대차 - 기타,안전운전불이행,건조,맑음,단일로 - 기타,승합,남,59세,기타불명,승용,남,28세,경상
2016071300100587,2016년 7월 13일 20시,수요일,경상북도 경산시 중방동,중상사고,0,1,0,0,차대사람 - 횡단중,보행자보호의무위반,건조,맑음,단일로 - 횡단보도상,기타불명,기타불명,기타불명,기타불명,보행자,여,90세 이상,중상
2016071300100622,2016년 7월 13일 21시,수요일,경상북도 포항시 남구 연일읍,경상사고,0,0,1,0,차대사람 - 횡단중,보행자보호의무위반,건조,맑음,교차로 - 교차로안,승합,남,59세,상해없음,보행자,여,90세 이상,경상
2016071300100664,2016년 7월 13일 22시,수요일,경상북도 경주시 용강동,중상사고,0,1,2,0,차대차 - 추돌,안전운전불이행,건조,맑음,교차로 - 교차로안,승용,남,34세,상해없음,승용,여,27세,중상
2016071300100665,2016년 7월 13일 22시,수요일,경상북도 김천시 부곡동,경상사고,0,0,1,0,차대차 - 정면충돌,안전운전불이행,건조,맑음,교차로 - 교차로안,이륜,남,26세,경상,화물,남,33세,상해없음
2016071300100666,2016년 7월 13일 22시,수요일,경상북도 구미시 옥계동,중상사고,0,1,0,0,차대사람 - 길가장자리구역통행중,안전운전불이행,건조,맑음,단일로 - 기타,승용,남,62세,기타불명,보행자,남,23세,중상
2016071300100667,2016년 7월 13일 22시,수요일,경상북도 포항시 남구 대잠동,경상사고,0,0,2,0,차대차 - 측면충돌,안전운전불이행,건조,맑음,단일로 - 기타,화물,남,32세,상해없음,승용,남,43세,경상
2016071300100695,2016년 7월 13일 23시,수요일,경상북도 구미시 원평동,경상사고,0,0,1,0,차대차 - 추돌,안전운전불이행,건조,맑음,기타 - 기타,승용,남,45세,상해없음,이륜,남,48세,경상
2016071400100055,2016년 7월 14일 04시,목요일,경상북도 칠곡군 왜관읍,경상사고,0,0,1,0,차대차 - 기타,안전운전불이행,건조,맑음,단일로 - 기타,승용,남,34세,경상,화물,남,52세,기타불명
2016071400100092,2016년 7월 14일 07시,목요일,경상북도 경산시 사동,중상사고,0,2,0,0,차대차 - 기타,신호위반,건조,맑음,교차로 - 교차로안,화물,남,59세,상해없음,승용,여,51세,중상
2016071400100093,2016년 7월 14일 07시,목요일,경상북도 군위군 효령면,경상사고,0,0,1,0,차대차 - 정면충돌,안전운전불이행,건조,맑음,교차로 - 교차로안,승용,남,68세,경상,화물,남,63세,상해없음
2016071400100131,2016년 7월 14일 08시,목요일,경상북도 포항시 북구 용흥동,중상사고,0,1,0,0,차대차 - 기타,안전운전불이행,건조,맑음,단일로 - 기타,승용,여,56세,상해없음,승용,여,36세,중상
2016071400100132,2016년 7월 14일 08시,목요일,경상북도 상주시 낙양동,경상사고,0,0,1,0,차대차 - 측면직각충돌,안전운전불이행,건조,맑음,교차로 - 교차로부근,승용,여,40세,상해없음,자전거,남,15세,경상
2016071400100133,2016년 7월 14일 08시,목요일,경상북도 문경시 공평동,중상사고,0,1,0,0,차대차 - 기타,안전운전불이행,건조,맑음,교차로 - 교차로부근,화물,남,36세,상해없음,이륜,남,73세,중상
2016071400100134,2016년 7월 14일 08시,목요일,경상북도 청도군 청도읍,경상사고,0,0,3,0,차대차 - 측면충돌,교차로운행방법위반,건조,맑음,교차로 - 교차로안,승용,여,58세,상해없음,승용,여,41세,경상
2016071400100166,2016년 7월 14일 09시,목요일,경상북도 경주시 외동읍,중상사고,0,1,1,1,차대차 - 추돌,안전운전불이행,건조,맑음,단일로 - 기타,화물,남,59세,경상,화물,남,55세,중상
2016071400100167,2016년 7월 14일 09시,목요일,경상북도 포항시 남구 연일읍,중상사고,0,1,1,0,차대차 - 기타,안전운전불이행,건조,맑음,단일로 - 기타,건설기계,남,52세,상해없음,승용,남,53세,경상
2016071400100206,2016년 7월 14일 10시,목요일,경상북도 안동시 풍산읍,중상사고,0,1,1,0,차대차 - 정면충돌,안전거리미확보,건조,맑음,단일로 - 기타,건설기계,남,43세,상해없음,승용,여,60세,경상
2016071400100207,2016년 7월 14일 10시,목요일,경상북도 김천시 구성면,경상사고,0,0,1,0,차대차 - 측면충돌,신호위반,건조,맑음,교차로 - 교차로안,화물,여,66세,상해없음,화물,남,22세,경상
2016071400100208,2016년 7월 14일 10시,목요일,경상북도 의성군 점곡면,중상사고,0,1,0,0,차대차 - 측면충돌,안전운전불이행,건조,맑음,단일로 - 기타,화물,남,73세,상해없음,이륜,남,50세,중상
2016071400100209,2016년 7월 14일 10시,목요일,경상북도 경산시 중방동,중상사고,0,1,0,0,차대차 - 측면충돌,직진우회전진행방해,건조,맑음,교차로 - 교차로부근,화물,남,23세,상해없음,자전거,여,66세,중상
2016071400100240,2016년 7월 14일 11시,목요일,경상북도 구미시 임은동,부상신고사고,0,0,0,1,차대차 - 측면충돌,안전운전불이행,건조,맑음,교차로 - 교차로부근,자전거,남,29세,부상신고,승용,여,40세,상해없음
2016071400100241,2016년 7월 14일 11시,목요일,경상북도 포항시 남구 대도동,경상사고,0,0,3,0,차대차 - 측면직각충돌,신호위반,건조,맑음,교차로 - 교차로안,승용,남,59세,상해없음,승용,남,65세,경상
2016071400100270,2016년 7월 14일 12시,목요일,경상북도 상주시 내서면,사망사고,1,1,0,0,차대차 - 측면충돌,교차로운행방법위반,건조,맑음,교차로 - 교차로안,이륜,남,77세,사망,이륜,남,59세,중상
2016071400100271,2016년 7월 14일 12시,목요일,경상북도 포항시 남구 동촌동,경상사고,0,0,1,0,차대차 - 추돌,안전거리미확보,건조,맑음,단일로 - 기타,승용,여,45세,상해없음,승용,여,37세,경상
2016071400100302,2016년 7월 14일 13시,목요일,경상북도 문경시 모전동,중상사고,0,1,0,0,차대사람 - 횡단중,기타,건조,맑음,단일로 - 기타,승용,여,47세,상해없음,보행자,남,7세,중상
2016071400100303,2016년 7월 14일 13시,목요일,경상북도 경산시 중방동,중상사고,0,1,0,0,차대차 - 기타,신호위반,건조,맑음,단일로 - 기타,승용,여,37세,상해없음,자전거,남,43세,중상
2016071400100329,2016년 7월 14일 14시,목요일,경상북도 경주시 강동면,중상사고,0,3,2,0,차대차 - 기타,안전운전불이행,습기,비,교차로 - 교차로부근,승합,남,64세,상해없음,승용,여,44세,중상
2016071400100330,2016년 7월 14일 14시,목요일,경상북도 김천시 신음동,경상사고,0,0,1,0,차대차 - 측면충돌,안전운전불이행,건조,맑음,단일로 - 기타,승용,남,45세,상해없음,승합,남,41세,상해없음
2016071400100352,2016년 7월 14일 15시,목요일,경상북도 경산시 남산면,중상사고,0,1,2,0,차대차 - 측면충돌,안전운전불이행,건조,맑음,교차로 - 교차로안,승용,남,57세,경상,승용,남,44세,중상
2016071400100394,2016년 7월 14일 16시,목요일,경상북도 상주시 화동면,경상사고,0,0,1,0,차대차 - 측면직각충돌,교차로운행방법위반,습기,비,교차로 - 교차로안,승용,여,36세,상해없음,승용,여,44세,상해없음
2016071400100395,2016년 7월 14일 16시,목요일,경상북도 군위군 효령면,경상사고,0,0,1,0,차량단독 - 전도전복,안전운전불이행,건조,맑음,단일로 - 기타,승용,여,58세,경상,,,,
2016071400100396,2016년 7월 14일 16시,목요일,경상북도 구미시 산동면,중상사고,0,1,2,0,차대차 - 기타,중앙선침범,건조,맑음,기타 - 기타,화물,남,41세,상해없음,승용,남,47세,중상
2016071400100438,2016년 7월 14일 17시,목요일,경상북도 안동시 풍천면,중상사고,0,1,0,0,차대사람 - 횡단중,중앙선침범,건조,맑음,단일로 - 기타,승용,남,48세,상해없음,보행자,남,15세,중상
2016071400100439,2016년 7월 14일 17시,목요일,경상북도 안동시 태화동,경상사고,0,0,2,0,차대차 - 측면충돌,안전운전불이행,건조,맑음,교차로 - 교차로안,승용,남,53세,상해없음,승용,여,40세,경상
2016071400100440,2016년 7월 14일 17시,목요일,경상북도 안동시 풍산읍,중상사고,0,1,0,0,차대차 - 정면충돌,안전운전불이행,건조,맑음,단일로 - 기타,화물,여,59세,상해없음,이륜,남,77세,중상
2016071400100486,2016년 7월 14일 18시,목요일,경상북도 경주시 황성동,부상신고사고,0,0,0,1,차대차 - 기타,기타,건조,맑음,단일로 - 기타,화물,남,57세,상해없음,자전거,남,11세,부상신고
2016071400100487,2016년 7월 14일 18시,목요일,경상북도 구미시 오태동,경상사고,0,0,1,0,차대사람 - 횡단중,안전운전불이행,건조,맑음,단일로 - 기타,승용,남,49세,기타불명,보행자,남,51세,경상
2016071400100488,2016년 7월 14일 18시,목요일,경상북도 구미시 봉곡동,경상사고,0,0,1,0,차대차 - 기타,안전운전불이행,건조,맑음,단일로 - 기타,자전거,남,12세,경상,화물,남,58세,상해없음
2016071400100489,2016년 7월 14일 18시,목요일,경상북도 포항시 남구 상도동,경상사고,0,0,1,0,차대차 - 측면충돌,중앙선침범,건조,맑음,단일로 - 기타,이륜,남,68세,기타불명,승용,남,57세,경상
2016071400100523,2016년 7월 14일 19시,목요일,경상북도 김천시 평화동,경상사고,0,0,1,0,차대사람 - 기타,안전운전불이행,건조,맑음,단일로 - 기타,승용,기타불명,기타불명,기타불명,보행자,남,15세,경상
2016071400100524,2016년 7월 14일 19시,목요일,경상북도 영천시 망정동,경상사고,0,0,1,0,차대차 - 정면충돌,중앙선침범,건조,맑음,교차로 - 교차로안,승용,남,77세,상해없음,승용,여,37세,경상
2016071400100525,2016년 7월 14일 19시,목요일,경상북도 경산시 조영동,중상사고,0,1,0,0,차대사람 - 횡단중,안전운전불이행,건조,맑음,단일로 - 기타,원동기,남,43세,상해없음,보행자,여,19세,중상
2016071400100526,2016년 7월 14일 19시,목요일,경상북도 영양군 영양읍,경상사고,0,0,2,0,차대차 - 기타,안전운전불이행,건조,맑음,단일로 - 기타,승합,남,41세,상해없음,승용,남,59세,경상
2016071400100527,2016년 7월 14일 19시,목요일,경상북도 구미시 장천면,중상사고,0,1,0,1,차대차 - 기타,중앙선침범,건조,맑음,단일로 - 기타,화물,남,47세,부상신고,화물,남,50세,중상