사고번호,사고일시,요일,시군구,사고내용,사망자수,중상자수,경상자수,부상신고자수,사고유형,법규위반,노면상태,기상상태,도로형태,가해운전자 차종,가해운전자 성별,가해운전자 연령,가해운전자 상해정도,피해운전자 차종,피해운전자 성별,피해운전자 연령,피해운전자 상해정도
2016072100100128,2016년 7월 21일 08시,목요일,경상북도 의성군 안계면,사망사고,1,0,1,0,차대차 - 정면충돌,중앙선침범,건조,맑음,단일로 - 기타,승용,여,64세,경상,이륜,여,69세,사망
2016072100100157,2016년 7월 21일 09시,목요일,경상북도 포항시 남구 구룡포읍,중상사고,0,1,0,0,차대차 - 기타,직진우회전진행방해,건조,맑음,교차로 - 교차로안,승용,여,54세,상해없음,자전거,남,68세,중상
2016072100100203,2016년 7월 21일 11시,목요일,경상북도 경주시 노서동,경상사고,0,0,1,0,차대사람 - 기타,안전운전불이행,건조,맑음,단일로 - 기타,승용,남,64세,상해없음,보행자,여,25세,경상
2016072100100243,2016년 7월 21일 12시,목요일,경상북도 포항시 남구 오천읍,경상사고,0,0,2,0,차대차 - 기타,직진우회전진행방해,건조,맑음,교차로 - 교차로안,승용,남,31세,경상,승용,남,33세,경상
2016072100100244,2016년 7월 21일 12시,목요일,경상북도 포항시 남구 동해면,중상사고,0,1,2,0,차대차 - 추돌,안전운전불이행,건조,맑음,단일로 - 기타,화물,남,51세,상해없음,승용,여,60세,중상
2016072100100269,2016년 7월 21일 13시,목요일,경상북도 안동시 옥동,중상사고,0,2,1,0,차대차 - 정면충돌,교차로운행방법위반,건조,맑음,교차로 - 교차로안,승용,여,38세,경상,화물,남,55세,중상
2016072100100307,2016년 7월 21일 14시,목요일,경상북도 경주시 성건동,경상사고,0,0,2,0,차대차 - 추돌,안전운전불이행,건조,맑음,단일로 - 기타,승용,여,48세,상해없음,승용,여,61세,경상
2016072100100308,2016년 7월 21일 14시,목요일,경상북도 포항시 북구 우현동,중상사고,0,1,0,0,차대사람 - 횡단중,안전운전불이행,건조,맑음,단일로 - 기타,승용,남,43세,상해없음,보행자,여,12세,중상
2016072100100309,2016년 7월 21일 14시,목요일,경상북도 안동시 태화동,중상사고,0,3,1,0,차대차 - 측면충돌,안전운전불이행,건조,맑음,단일로 - 기타,승용,남,44세,상해없음,화물,남,68세,경상
2016072100100310,2016년 7월 21일 14시,목요일,경상북도 포항시 남구 오천읍,부상신고사고,0,0,0,1,차대차 - 기타,안전운전불이행,건조,맑음,교차로 - 교차로안,승용,남,22세,상해없음,이륜,남,82세,부상신고
2016072100100339,2016년 7월 21일 15시,목요일,경상북도 영천시 금호읍,경상사고,0,0,1,0,차대차 - 추돌,안전운전불이행,건조,맑음,단일로 - 기타,화물,남,68세,상해없음,농기계,남,71세,경상
2016072100100340,2016년 7월 21일 15시,목요일,경상북도 경산시 대동,중상사고,0,1,2,0,차대차 - 정면충돌,중앙선침범,건조,맑음,단일로 - 기타,승용,남,60세,상해없음,화물,남,43세,경상
2016072100100341,2016년 7월 21일 15시,목요일,경상북도 구미시 원평동,경상사고,0,0,1,0,차대차 - 측면충돌,안전운전불이행,건조,맑음,교차로 - 교차로부근,승합,남,77세,상해없음,이륜,여,55세,경상
2016072100100379,2016년 7월 21일 16시,목요일,경상북도 영천시 교촌동,중상사고,0,1,0,0,차대차 - 측면직각충돌,직진우회전진행방해,건조,맑음,교차로 - 교차로안,화물,남,51세,상해없음,승용,남,29세,중상
2016072100100435,2016년 7월 21일 17시,목요일,경상북도 안동시 용상동,중상사고,0,1,0,0,차대사람 - 길가장자리구역통행중,안전운전불이행,건조,맑음,단일로 - 기타,자전거,남,12세,상해없음,보행자,여,57세,중상
2016072100100436,2016년 7월 21일 17시,목요일,경상북도 영덕군 영덕읍,경상사고,0,0,1,0,차대차 - 측면직각충돌,안전운전불이행,건조,맑음,단일로 - 기타,승용,남,34세,상해없음,자전거,남,12세,경상
2016072100100437,2016년 7월 21일 17시,목요일,경상북도 울진군 평해읍,경상사고,0,0,1,0,차대차 - 추돌,안전운전불이행,건조,맑음,교차로 - 교차로부근,승용,여,64세,상해없음,승용,남,51세,경상
2016072100100438,2016년 7월 21일 17시,목요일,경상북도 구미시 고아읍,부상신고사고,0,0,0,1,차대차 - 추돌,안전운전불이행,건조,맑음,교차로 - 교차로안,이륜,남,40세,부상신고,승용,여,46세,상해없음
2016072100100487,2016년 7월 21일 18시,목요일,경상북도 경주시 현곡면,중상사고,0,1,0,0,차대차 - 측면충돌,안전운전불이행,건조,맑음,단일로 - 기타,승용,여,55세,중상,농기계,남,67세,상해없음
2016072100100488,2016년 7월 21일 18시,목요일,경상북도 안동시 용상동,중상사고,0,1,0,0,차대차 - 정면충돌,안전운전불이행,건조,맑음,교차로 - 교차로안,승용,남,49세,상해없음,승용,여,51세,중상
2016072100100489,2016년 7월 21일 18시,목요일,경상북도 영덕군 영덕읍,경상사고,0,0,1,0,차대사람 - 횡단중,기타,건조,맑음,단일로 - 기타,승용,남,31세,상해없음,보행자,남,7세,경상
2016072100100490,2016년 7월 21일 18시,목요일,경상북도 포항시 남구 호미곶면,중상사고,0,1,0,0,차량단독 - 기타,안전운전불이행,건조,맑음,단일로 - 기타,이륜,남,82세,중상,,,,
2016072100100516,2016년 7월 21일 19시,목요일,경상북도 경주시 안강읍,경상사고,0,0,1,0,차대차 - 측면충돌,안전운전불이행,건조,맑음,교차로 - 교차로안,화물,남,72세,상해없음,승용,남,39세,경상
2016072100100517,2016년 7월 21일 19시,목요일,경상북도 포항시 남구 연일읍,경상사고,0,0,1,0,차대차 - 기타,신호위반,건조,맑음,교차로 - 교차로안,승용,남,46세,상해없음,승용,여,53세,경상
2016072100100518,2016년 7월 21일 19시,목요일,경상북도 포항시 남구 대도동,경상사고,0,0,2,0,차대차 - 기타,신호위반,건조,맑음,교차로 - 교차로안,승용,남,67세,상해없음,승용,남,44세,상해없음
2016072100100553,2016년 7월 21일 20시,목요일,경상북도 칠곡군 지천면,경상사고,0,0,1,0,차대차 - 추돌,중앙선침범,건조,맑음,단일로 - 기타,화물,남,58세,상해없음,승용,남,53세,경상
2016072100100554,2016년 7월 21일 20시,목요일,경상북도 영천시 도림동,중상사고,0,2,1,0,차대차 - 정면충돌,중앙선침범,건조,맑음,단일로 - 기타,승용,여,53세,경상,화물,여,45세,중상
2016072100100555,2016년 7월 21일 20시,목요일,경상북도 구미시 원평동,경상사고,0,0,1,0,차대차 - 측면직각충돌,안전운전불이행,건조,맑음,단일로 - 기타,승용,남,45세,상해없음,자전거,남,68세,경상
2016072100100556,2016년 7월 21일 20시,목요일,경상북도 구미시 신평동,경상사고,0,0,1,0,차대사람 - 길가장자리구역통행중,안전운전불이행,건조,맑음,교차로 - 교차로부근,승용,남,32세,상해없음,보행자,여,53세,경상
2016072100100622,2016년 7월 21일 22시,목요일,경상북도 경산시 조영동,경상사고,0,0,2,0,차대차 - 정면충돌,신호위반,건조,맑음,교차로 - 교차로안,승용,남,25세,경상,승용,여,44세,경상
2016072100100645,2016년 7월 21일 23시,목요일,경상북도 구미시 원평동,중상사고,0,1,0,0,차대차 - 추돌,안전운전불이행,건조,맑음,단일로 - 기타,승용,남,61세,상해없음,이륜,남,22세,중상
2016072200100038,2016년 7월 22일 02시,금요일,경상북도 의성군 단밀면,중상사고,0,1,1,0,차량단독 - 전도전복,안전운전불이행,건조,맑음,단일로 - 기타,승용,여,49세,경상,,,,
2016072200100084,2016년 7월 22일 07시,금요일,경상북도 문경시 동로면,사망사고,1,0,0,0,차량단독 - 전도전복,안전운전불이행,건조,맑음,교차로 - 교차로부근,이륜,여,73세,사망,,,,
2016072200100085,2016년 7월 22일 07시,금요일,경상북도 경산시 압량면,경상사고,0,0,1,0,차대차 - 추돌,안전운전불이행,건조,맑음,교차로 - 교차로안,승용,남,34세,상해없음,승용,남,27세,경상
2016072200100086,2016년 7월 22일 07시,금요일,경상북도 경산시 대동,경상사고,0,0,1,0,차대차 - 측면충돌,신호위반,건조,맑음,교차로 - 교차로안,승용,남,28세,상해없음,승용,남,49세,경상
2016072200100113,2016년 7월 22일 08시,금요일,경상북도 의성군 의성읍,중상사고,0,1,0,0,차대사람 - 횡단중,안전운전불이행,건조,맑음,교차로 - 교차로안,화물,남,52세,상해없음,보행자,남,61세,중상
2016072200100114,2016년 7월 22일 08시,금요일,경상북도 구미시 지산동,중상사고,0,1,0,0,차대차 - 기타,안전운전불이행,건조,맑음,단일로 - 기타,화물,남,51세,상해없음,자전거,여,62세,중상
2016072200100181,2016년 7월 22일 10시,금요일,경상북도 안동시 풍산읍,경상사고,0,0,1,0,차대차 - 측면직각충돌,교차로운행방법위반,건조,맑음,교차로 - 교차로안,화물,남,45세,상해없음,승용,여,27세,경상
2016072200100182,2016년 7월 22일 10시,금요일,경상북도 영주시 부석면,경상사고,0,0,2,0,차대차 - 측면충돌,안전운전불이행,건조,맑음,교차로 - 교차로안,승용,남,70세,상해없음,승용,남,71세,경상
2016072200100218,2016년 7월 22일 11시,금요일,경상북도 안동시 대석동,중상사고,0,1,0,0,차량단독 - 기타,기타,건조,맑음,단일로 - 기타,승합,남,47세,상해없음,,,,
2016072200100219,2016년 7월 22일 11시,금요일,경상북도 칠곡군 왜관읍,중상사고,0,1,0,0,차대차 - 측면충돌,신호위반,건조,맑음,교차로 - 교차로안,이륜,남,70세,중상,승용,여,60세,상해없음
2016072200100220,2016년 7월 22일 11시,금요일,경상북도 경산시 계양동,중상사고,0,1,2,0,차대차 - 추돌,안전운전불이행,건조,맑음,단일로 - 기타,승용,남,19세,경상,화물,남,75세,중상
2016072200100248,2016년 7월 22일 12시,금요일,경상북도 경주시 동천동,중상사고,0,1,0,0,차대차 - 측면충돌,안전운전불이행,건조,맑음,교차로 - 교차로부근,승용,남,59세,상해없음,자전거,여,65세,중상
2016072200100249,2016년 7월 22일 12시,금요일,경상북도 안동시 용상동,경상사고,0,0,1,0,차대차 - 측면직각충돌,신호위반,건조,맑음,교차로 - 교차로안,이륜,남,65세,경상,승용,여,40세,상해없음
2016072200100250,2016년 7월 22일 12시,금요일,경상북도 포항시 남구 이동,경상사고,0,0,2,0,차대차 - 기타,안전운전불이행,건조,맑음,단일로 - 기타,승용,여,23세,경상,승용,여,46세,경상
2016072200100282,2016년 7월 22일 13시,금요일,경상북도 영천시 화북면,경상사고,0,0,1,0,차대차 - 측면직각충돌,안전운전불이행,건조,맑음,교차로 - 교차로안,승용,남,73세,경상,특수,남,36세,상해없음
2016072200100316,2016년 7월 22일 14시,금요일,경상북도 경주시 산내면,경상사고,0,0,1,0,차대차 - 측면충돌,중앙선침범,건조,맑음,단일로 - 기타,원동기,남,53세,경상,승용,여,46세,상해없음
2016072200100317,2016년 7월 22일 14시,금요일,경상북도 울진군 울진읍,중상사고,0,1,0,0,차대사람 - 길가장자리구역통행중,보행자보호의무위반,건조,맑음,교차로 - 교차로부근,승용,여,37세,상해없음,보행자,여,73세,중상
2016072200100318,2016년 7월 22일 14시,금요일,경상북도 상주시 낙동면,중상사고,0,2,3,0,차대차 - 추돌,안전운전불이행,건조,맑음,단일로 - 기타,승용,남,28세,상해없음,승용,남,32세,상해없음
2016072200100319,2016년 7월 22일 14시,금요일,경상북도 상주시 낙동면,중상사고,0,1,2,0,차대차 - 추돌,안전운전불이행,건조,맑음,단일로 - 기타,승용,남,48세,상해없음,승용,여,38세,경상
2016072200100351,2016년 7월 22일 15시,금요일,경상북도 영주시 영주동,중상사고,0,1,1,0,차대차 - 측면충돌,안전운전불이행,건조,맑음,교차로 - 교차로안,승용,여,52세,경상,원동기,남,58세,중상
2016072200100352,2016년 7월 22일 15시,금요일,경상북도 경산시 진량읍,중상사고,0,1,0,0,차대차 - 측면충돌,중앙선침범,건조,맑음,교차로 - 교차로안,화물,남,29세,상해없음,승용,남,25세,중상
2016072200100400,2016년 7월 22일 16시,금요일,경상북도 문경시 점촌동,경상사고,0,0,1,0,차대차 - 기타,안전운전불이행,건조,맑음,교차로 - 교차로안,화물,남,41세,상해없음,이륜,남,56세,경상
2016072200100401,2016년 7월 22일 16시,금요일,경상북도 봉화군 봉성면,중상사고,0,1,0,0,차대차 - 측면직각충돌,기타,건조,맑음,교차로 - 교차로안,승합,남,55세,상해없음,이륜,여,77세,중상
2016072200100402,2016년 7월 22일 16시,금요일,경상북도 청도군 화양읍,경상사고,0,0,2,0,차대차 - 추돌,안전거리미확보,건조,맑음,교차로 - 교차로안,승용,여,50세,상해없음,승용,여,71세,경상
2016072200100452,2016년 7월 22일 17시,금요일,경상북도 경주시 보문동,경상사고,0,0,1,0,차량단독 - 전도전복,안전운전불이행,건조,맑음,단일로 - 기타,이륜,여,19세,경상,,,,
2016072200100453,2016년 7월 22일 17시,금요일,경상북도 경산시 자인면,경상사고,0,0,1,0,차대차 - 측면충돌,신호위반,건조,맑음,교차로 - 교차로안,화물,남,50세,상해없음,이륜,남,62세,경상
2016072200100454,2016년 7월 22일 17시,금요일,경상북도 포항시 남구 해도동,중상사고,0,1,0,0,차대차 - 기타,기타,건조,맑음,교차로 - 교차로안,화물,남,58세,상해없음,자전거,남,75세,중상
2016072200100455,2016년 7월 22일 17시,금요일,경상북도 상주시 낙동면,경상사고,0,0,1,0,차대차 - 추돌,안전운전불이행,건조,맑음,단일로 - 기타,승용,남,36세,상해없음,승용,남,62세,경상
2016072200100501,2016년 7월 22일 18시,금요일,경상북도 경주시 용강동,경상사고,0,0,1,0,차대사람 - 횡단중,보행자보호의무위반,건조,맑음,교차로 - 교차로안,승용,여,51세,상해없음,보행자,남,8세,경상
2016072200100502,2016년 7월 22일 18시,금요일,경상북도 경주시 인왕동,경상사고,0,0,2,0,차대차 - 추돌,안전운전불이행,건조,맑음,교차로 - 교차로안,승용,남,53세,상해없음,승용,여,29세,경상
2016072200100503,2016년 7월 22일 18시,금요일,경상북도 안동시 옥야동,부상신고사고,0,0,0,1,차대차 - 측면충돌,안전운전불이행,건조,맑음,단일로 - 기타,원동기,남,23세,부상신고,승용,남,50세,상해없음
2016072200100504,2016년 7월 22일 18시,금요일,경상북도 경산시 압량면,경상사고,0,0,1,0,차대차 - 측면충돌,교차로운행방법위반,건조,맑음,교차로 - 교차로안,승용,남,25세,상해없음,승용,여,61세,경상
2016072200100553,2016년 7월 22일 19시,금요일,경상북도 김천시 평화동,경상사고,0,0,1,0,차대차 - 측면충돌,신호위반,건조,맑음,교차로 - 교차로안,승용,남,63세,상해없음,승용,여,52세,경상
2016072200100554,2016년 7월 22일 19시,금요일,경상북도 문경시 점촌동,경상사고,0,0,1,0,차대사람 - 차도통행중,안전운전불이행,건조,맑음,단일로 - 기타,승용,여,42세,상해없음,보행자,남,21세,경상
2016072200100555,2016년 7월 22일 19시,금요일,경상북도 경산시 옥곡동,중상사고,0,1,0,0,차대차 - 기타,교차로운행방법위반,건조,맑음,교차로 - 교차로안,이륜,남,65세,상해없음,자전거,여,41세,중상
2016072200100556,2016년 7월 22일 19시,금요일,경상북도 포항시 남구 대도동,중상사고,0,1,0,0,차대차 - 기타,직진우회전진행방해,건조,맑음,교차로 - 교차로안,자전거,여,56세,중상,승용,남,70세,상해없음
2016072200100557,2016년 7월 22일 19시,금요일,경상북도 포항시 남구 연일읍,경상사고,0,0,1,0,차대차 - 기타,안전운전불이행,건조,맑음,단일로 - 기타,승용,남,55세,상해없음,자전거,남,77세,경상
2016072200100600,2016년 7월 22일 20시,금요일,경상북도 경주시 외동읍,중상사고,0,1,0,0,차대차 - 측면직각충돌,신호위반,건조,맑음,교차로 - 교차로안,승용,남,20세,상해없음,원동기,남,36세,중상
2016072200100601,2016년 7월 22일 20시,금요일,경상북도 포항시 남구 해도동,부상신고사고,0,0,0,1,차대차 - 기타,안전운전불이행,건조,맑음,교차로 - 교차로안,자전거,남,65세,부상신고,승용,남,59세,상해없음
2016072200100640,2016년 7월 22일 21시,금요일,경상북도 경주시 성건동,경상사고,0,0,6,0,차대차 - 추돌,안전운전불이행,건조,맑음,단일로 - 기타,승용,남,53세,상해없음,승용,남,21세,경상
2016072200100671,2016년 7월 22일 22시,금요일,경상북도 안동시 삼산동,부상신고사고,0,0,0,1,차대차 - 정면충돌,신호위반,건조,맑음,단일로 - 기타,자전거,여,25세,부상신고,원동기,남,21세,상해없음
2016072200100672,2016년 7월 22일 22시,금요일,경상북도 경산시 계양동,경상사고,0,0,2,0,차대차 - 정면충돌,안전운전불이행,건조,맑음,단일로 - 기타,승용,남,51세,상해없음,승용,남,33세,경상
2016072200100673,2016년 7월 22일 22시,금요일,경상북도 구미시 신평동,경상사고,0,0,3,0,차대차 - 측면충돌,안전운전불이행,건조,맑음,기타 - 기타,승용,남,57세,상해없음,화물,남,53세,경상
2016072200100703,2016년 7월 22일 23시,금요일,경상북도 포항시 북구 대흥동,경상사고,0,0,1,0,차대차 - 측면충돌,중앙선침범,건조,맑음,교차로 - 교차로부근,승용,남,57세,상해없음,승용,남,58세,경상
2016072200100704,2016년 7월 22일 23시,금요일,경상북도 포항시 남구 대잠동,중상사고,0,1,2,0,차대차 - 기타,직진우회전진행방해,건조,맑음,교차로 - 교차로안,승용,여,22세,경상,승용,남,44세,중상
2016072300100033,2016년 7월 23일 01시,토요일,경상북도 경주시 양남면,사망사고,1,0,0,0,차대사람 - 기타,안전운전불이행,건조,맑음,교차로 - 교차로부근,승용,여,62세,상해없음,보행자,남,27세,사망
2016072300100069,2016년 7월 23일 04시,토요일,경상북도 김천시 교동,경상사고,0,0,4,0,차대차 - 측면충돌,신호위반,건조,맑음,교차로 - 교차로안,승용,여,73세,경상,승용,남,48세,경상
2016072300100070,2016년 7월 23일 04시,토요일,경상북도 칠곡군 왜관읍,사망사고,1,0,0,0,차량단독 - 공작물충돌,안전운전불이행,건조,맑음,교차로 - 교차로부근,승용,남,33세,사망,,,,
2016072300100093,2016년 7월 23일 06시,토요일,경상북도 영천시 오수동,경상사고,0,0,1,0,차량단독 - 전도전복,안전운전불이행,건조,맑음,교차로 - 교차로안,승용,남,44세,경상,,,,
2016072300100113,2016년 7월 23일 07시,토요일,경상북도 포항시 북구 항구동,경상사고,0,0,1,0,차대사람 - 차도통행중,안전운전불이행,건조,맑음,기타 - 기타,승용,여,57세,상해없음,보행자,남,43세,경상
2016072300100114,2016년 7월 23일 07시,토요일,경상북도 영천시 금호읍,경상사고,0,0,1,0,차대차 - 측면충돌,신호위반,건조,맑음,교차로 - 교차로부근,승용,남,51세,상해없음,승용,여,50세,경상
2016072300100136,2016년 7월 23일 08시,토요일,경상북도 김천시 농소면,경상사고,0,0,1,0,차대차 - 추돌,안전운전불이행,건조,맑음,단일로 - 기타,승용,남,44세,상해없음,화물,남,78세,경상
2016072300100137,2016년 7월 23일 08시,토요일,경상북도 칠곡군 동명면,경상사고,0,0,1,0,차대차 - 기타,안전운전불이행,건조,맑음,교차로 - 교차로부근,화물,남,49세,경상,특수,남,44세,기타불명
2016072300100138,2016년 7월 23일 08시,토요일,경상북도 문경시 문경읍,중상사고,0,1,0,0,차대차 - 측면직각충돌,안전운전불이행,건조,맑음,단일로 - 기타,승합,남,53세,상해없음,이륜,남,82세,중상
2016072300100161,2016년 7월 23일 09시,토요일,경상북도 안동시 남선면,중상사고,0,1,0,0,차량단독 - 전도전복,안전운전불이행,건조,맑음,단일로 - 기타,승용,여,59세,중상,,,,
2016072300100162,2016년 7월 23일 09시,토요일,경상북도 상주시 중덕동,중상사고,0,1,0,0,차대차 - 추돌,안전운전불이행,건조,맑음,단일로 - 기타,승용,여,41세,상해없음,승용,남,55세,중상
2016072300100163,2016년 7월 23일 09시,토요일,경상북도 의성군 단촌면,사망사고,1,0,0,0,차대차 - 추돌,안전운전불이행,건조,맑음,단일로 - 기타,승용,여,24세,상해없음,농기계,남,78세,사망
2016072300100164,2016년 7월 23일 09시,토요일,경상북도 영주시 가흥동,경상사고,0,0,1,0,차대차 - 추돌,안전운전불이행,건조,맑음,단일로 - 기타,화물,남,56세,상해없음,승용,남,61세,경상
2016072300100165,2016년 7월 23일 09시,토요일,경상북도 영주시 문정동,중상사고,0,1,0,0,차대차 - 추돌,안전운전불이행,건조,맑음,교차로 - 교차로부근,원동기,여,54세,중상,승용,남,42세,상해없음
2016072300100166,2016년 7월 23일 09시,토요일,경상북도 경산시 남천면,경상사고,0,0,1,0,차대차 - 기타,안전운전불이행,건조,맑음,단일로 - 기타,화물,남,74세,상해없음,승용,남,71세,경상
2016072300100193,2016년 7월 23일 10시,토요일,경상북도 경주시 동천동,부상신고사고,0,0,0,1,차대차 - 측면충돌,안전운전불이행,건조,맑음,교차로 - 교차로안,자전거,남,15세,부상신고,승용,남,80세,상해없음
2016072300100194,2016년 7월 23일 10시,토요일,경상북도 영덕군 강구면,중상사고,0,1,0,0,차대사람 - 횡단중,안전운전불이행,건조,맑음,단일로 - 기타,화물,남,52세,상해없음,보행자,남,70세,중상
2016072300100241,2016년 7월 23일 11시,토요일,경상북도 경주시 성건동,중상사고,0,1,0,0,차대차 - 측면충돌,신호위반,건조,맑음,교차로 - 교차로안,자전거,남,72세,중상,승용,남,59세,상해없음
2016072300100242,2016년 7월 23일 11시,토요일,경상북도 안동시 옥야동,중상사고,0,1,0,0,차대차 - 측면충돌,중앙선침범,건조,맑음,교차로 - 교차로부근,승용,남,56세,상해없음,이륜,남,78세,중상
2016072300100265,2016년 7월 23일 12시,토요일,경상북도 경주시 외동읍,중상사고,0,1,1,0,차대차 - 측면충돌,신호위반,건조,맑음,교차로 - 교차로안,승용,여,49세,중상,승용,여,34세,경상
2016072300100266,2016년 7월 23일 12시,토요일,경상북도 상주시 함창읍,경상사고,0,0,1,0,차대차 - 정면충돌,신호위반,건조,맑음,교차로 - 교차로안,승용,여,39세,상해없음,승용,남,66세,상해없음
2016072300100267,2016년 7월 23일 12시,토요일,경상북도 영주시 휴천동,경상사고,0,0,1,0,차대사람 - 횡단중,안전운전불이행,건조,맑음,단일로 - 기타,화물,남,63세,상해없음,보행자,여,67세,경상
2016072300100268,2016년 7월 23일 12시,토요일,경상북도 영주시 문수면,경상사고,0,0,1,0,차대차 - 정면충돌,중앙선침범,건조,맑음,단일로 - 기타,자전거,남,12세,경상,승용,남,48세,상해없음
2016072300100269,2016년 7월 23일 12시,토요일,경상북도 군위군 효령면,부상신고사고,0,0,0,3,차대차 - 측면충돌,중앙선침범,건조,맑음,단일로 - 기타,화물,남,52세,상해없음,승용,남,53세,부상신고
2016072300100305,2016년 7월 23일 13시,토요일,경상북도 포항시 북구 죽도동,중상사고,0,1,6,0,차대차 - 정면충돌,기타,건조,맑음,단일로 - 기타,승용,남,21세,경상,승용,남,26세,경상
2016072300100306,2016년 7월 23일 13시,토요일,경상북도 경산시 하양읍,경상사고,0,0,2,0,차대차 - 기타,중앙선침범,건조,맑음,단일로 - 기타,승용,여,50세,경상,승용,남,61세,경상
2016072300100307,2016년 7월 23일 13시,토요일,경상북도 울진군 후포면,사망사고,1,0,0,0,차대차 - 측면충돌,안전운전불이행,건조,맑음,단일로 - 기타,승용,남,30세,상해없음,원동기,남,74세,사망
2016072300100308,2016년 7월 23일 13시,토요일,경상북도 구미시 황상동,경상사고,0,0,1,1,차대차 - 측면충돌,안전운전불이행,건조,맑음,단일로 - 기타,이륜,남,57세,부상신고,승용,여,51세,경상
2016072300100344,2016년 7월 23일 14시,토요일,경상북도 구미시 남통동,경상사고,0,0,1,0,차대사람 - 횡단중,신호위반,건조,맑음,교차로 - 교차로안,승용,남,40세,상해없음,보행자,남,8세,경상
2016072300100382,2016년 7월 23일 15시,토요일,경상북도 칠곡군 석적읍,경상사고,0,0,1,0,차량단독 - 공작물충돌,안전운전불이행,건조,맑음,교차로 - 교차로부근,승용,여,39세,경상,,,,
2016072300100383,2016년 7월 23일 15시,토요일,경상북도 영천시 북안면,중상사고,0,2,2,0,차량단독 - 전도전복,안전운전불이행,건조,맑음,단일로 - 기타,승용,남,65세,중상,,,,
2016072300100413,2016년 7월 23일 16시,토요일,경상북도 포항시 북구 두호동,경상사고,0,0,1,0,차대차 - 정면충돌,안전운전불이행,건조,맑음,교차로 - 교차로안,승용,여,60세,상해없음,승용,남,23세,경상
2016072300100414,2016년 7월 23일 16시,토요일,경상북도 봉화군 상운면,경상사고,0,0,1,0,차량단독 - 기타,안전운전불이행,건조,맑음,기타 - 기타,이륜,남,78세,경상,,,,
2016072300100451,2016년 7월 23일 17시,토요일,경상북도 상주시 화서면,중상사고,0,3,0,0,차대차 - 측면직각충돌,교차로운행방법위반,건조,맑음,교차로 - 교차로안,승용,남,53세,상해없음,승용,남,76세,중상
2016072300100452,2016년 7월 23일 17시,토요일,경상북도 영천시 문외동,부상신고사고,0,0,0,1,차대사람 - 차도통행중,안전운전불이행,건조,맑음,단일로 - 기타,승용,남,44세,상해없음,보행자,여,46세,부상신고
2016072300100453,2016년 7월 23일 17시,토요일,경상북도 성주군 대가면,경상사고,0,0,3,0,차대차 - 측면직각충돌,직진우회전진행방해,건조,맑음,교차로 - 교차로안,승용,남,41세,경상,승용,남,59세,경상
2016072300100454,2016년 7월 23일 17시,토요일,경상북도 청송군 진보면,중상사고,0,1,0,0,차대차 - 정면충돌,중앙선침범,건조,맑음,단일로 - 기타,승용,남,56세,상해없음,승용,남,56세,중상
2016072300100455,2016년 7월 23일 17시,토요일,경상북도 구미시 선산읍,중상사고,0,1,0,0,차대차 - 측면충돌,안전운전불이행,건조,맑음,단일로 - 기타,승용,남,62세,상해없음,이륜,남,76세,중상
2016072300100456,2016년 7월 23일 17시,토요일,경상북도 포항시 남구 해도동,경상사고,0,0,1,0,차대사람 - 차도통행중,신호위반,건조,맑음,단일로 - 기타,승용,여,61세,상해없음,보행자,여,17세,경상
2016072300100496,2016년 7월 23일 18시,토요일,경상북도 경주시 동천동,경상사고,0,0,1,0,차대차 - 측면충돌,안전운전불이행,건조,맑음,단일로 - 기타,승용,남,33세,상해없음,승용,남,49세,경상
2016072300100497,2016년 7월 23일 18시,토요일,경상북도 구미시 봉곡동,중상사고,0,1,1,0,차대차 - 추돌,안전운전불이행,건조,맑음,단일로 - 기타,승용,남,37세,상해없음,이륜,남,44세,상해없음
2016072300100498,2016년 7월 23일 18시,토요일,경상북도 구미시 진평동,부상신고사고,0,0,0,1,차대차 - 측면충돌,안전운전불이행,건조,맑음,교차로 - 교차로안,이륜,남,19세,부상신고,승용,남,42세,상해없음
2016072300100523,2016년 7월 23일 19시,토요일,경상북도 영주시 영주동,경상사고,0,0,1,0,차대차 - 측면충돌,안전운전불이행,건조,맑음,교차로 - 교차로안,승용,남,70세,상해없음,화물,남,38세,경상
2016072300100524,2016년 7월 23일 19시,토요일,경상북도 경산시 진량읍,경상사고,0,0,1,0,차대차 - 측면충돌,교차로운행방법위반,건조,맑음,교차로 - 교차로안,승용,남,25세,상해없음,이륜,남,17세,경상
2016072300100557,2016년 7월 23일 20시,토요일,경상북도 포항시 북구 장성동,중상사고,0,1,0,0,차대차 - 기타,신호위반,건조,맑음,교차로 - 교차로안,승용,남,64세,상해없음,자전거,남,17세,중상
2016072300100558,2016년 7월 23일 20시,토요일,경상북도 영천시 야사동,경상사고,0,0,1,0,차대차 - 측면직각충돌,불법유턴,건조,맑음,단일로 - 기타,승용,여,62세,상해없음,승용,여,40세,경상
2016072300100559,2016년 7월 23일 20시,토요일,경상북도 영덕군 병곡면,중상사고,0,1,0,0,차대차 - 추돌,안전거리미확보,건조,맑음,단일로 - 기타,승용,여,40세,상해없음,농기계,남,64세,중상
2016072300100590,2016년 7월 23일 21시,토요일,경상북도 포항시 남구 오천읍,경상사고,0,0,1,0,차대차 - 기타,직진우회전진행방해,건조,흐림,교차로 - 교차로안,승용,남,46세,상해없음,이륜,남,23세,경상