사고번호,사고일시,요일,시군구,사고내용,사망자수,중상자수,경상자수,부상신고자수,사고유형,법규위반,노면상태,기상상태,도로형태,가해운전자 차종,가해운전자 성별,가해운전자 연령,가해운전자 상해정도,피해운전자 차종,피해운전자 성별,피해운전자 연령,피해운전자 상해정도
2016072300100614,2016년 7월 23일 22시,토요일,경상북도 경주시 동방동,경상사고,0,0,2,0,차대차 - 추돌,안전운전불이행,건조,맑음,단일로 - 기타,승용,남,35세,상해없음,승용,남,62세,경상
2016072300100615,2016년 7월 23일 22시,토요일,경상북도 포항시 북구 죽도동,경상사고,0,0,1,0,차대차 - 정면충돌,직진우회전진행방해,건조,맑음,교차로 - 교차로안,승용,남,48세,상해없음,승용,남,46세,경상
2016072400100011,2016년 7월 24일 00시,일요일,경상북도 포항시 북구 송라면,경상사고,0,0,1,0,차대차 - 추돌,안전운전불이행,건조,맑음,교차로 - 교차로부근,승용,남,30세,상해없음,승용,여,46세,경상
2016072400100012,2016년 7월 24일 00시,일요일,경상북도 경산시 중방동,경상사고,0,0,1,0,차대차 - 측면충돌,신호위반,건조,맑음,교차로 - 교차로안,승용,남,31세,상해없음,화물,남,25세,경상
2016072400100030,2016년 7월 24일 01시,일요일,경상북도 영주시 휴천동,경상사고,0,0,1,0,차대사람 - 횡단중,안전운전불이행,건조,맑음,단일로 - 기타,원동기,남,46세,상해없음,보행자,여,46세,경상
2016072400100077,2016년 7월 24일 05시,일요일,경상북도 경주시 양남면,사망사고,1,0,0,0,차대사람 - 길가장자리구역통행중,안전운전불이행,건조,맑음,단일로 - 기타,승용,남,35세,상해없음,보행자,여,82세,사망
2016072400100081,2016년 7월 24일 06시,일요일,경상북도 경산시 압량면,중상사고,0,1,0,0,차대차 - 측면직각충돌,안전운전불이행,건조,맑음,교차로 - 교차로안,승용,남,34세,상해없음,이륜,남,66세,중상
2016072400100090,2016년 7월 24일 07시,일요일,경상북도 포항시 북구 흥해읍,중상사고,0,1,0,0,차대차 - 측면직각충돌,안전운전불이행,건조,맑음,단일로 - 기타,이륜,남,78세,중상,승용,남,29세,상해없음
2016072400100091,2016년 7월 24일 07시,일요일,경상북도 영천시 창구동,중상사고,0,1,0,0,차대사람 - 기타,기타,건조,맑음,단일로 - 기타,승용,남,59세,상해없음,보행자,여,79세,중상
2016072400100107,2016년 7월 24일 08시,일요일,경상북도 칠곡군 석적읍,경상사고,0,0,1,0,차대사람 - 기타,안전운전불이행,건조,맑음,기타 - 기타,승용,기타불명,기타불명,기타불명,보행자,남,48세,경상
2016072400100120,2016년 7월 24일 09시,일요일,경상북도 경산시 상방동,경상사고,0,0,1,0,차대차 - 측면직각충돌,안전운전불이행,건조,맑음,교차로 - 교차로부근,승용,여,56세,상해없음,자전거,남,8세,경상
2016072400100138,2016년 7월 24일 10시,일요일,경상북도 영천시 임고면,중상사고,0,1,0,0,차대차 - 측면직각충돌,안전운전불이행,건조,맑음,교차로 - 교차로안,승용,여,25세,상해없음,원동기,남,45세,중상
2016072400100139,2016년 7월 24일 10시,일요일,경상북도 문경시 문경읍,경상사고,0,0,1,0,차대차 - 측면충돌,안전운전불이행,건조,맑음,단일로 - 기타,원동기,남,78세,경상,승용,남,37세,상해없음
2016072400100160,2016년 7월 24일 11시,일요일,경상북도 영천시 화산면,사망사고,1,0,0,0,차량단독 - 전도전복,안전운전불이행,건조,맑음,단일로 - 기타,화물,여,61세,사망,,,,
2016072400100161,2016년 7월 24일 11시,일요일,경상북도 포항시 남구 오천읍,경상사고,0,0,6,0,차대차 - 측면직각충돌,직진우회전진행방해,건조,맑음,교차로 - 교차로안,승용,남,62세,경상,승용,남,33세,경상
2016072400100192,2016년 7월 24일 12시,일요일,경상북도 안동시 옥동,경상사고,0,0,3,0,차대차 - 정면충돌,안전운전불이행,건조,맑음,단일로 - 기타,승용,남,56세,상해없음,승용,남,40세,경상
2016072400100193,2016년 7월 24일 12시,일요일,경상북도 문경시 문경읍,경상사고,0,0,1,0,차대차 - 측면직각충돌,안전운전불이행,건조,맑음,교차로 - 교차로부근,이륜,남,77세,경상,화물,남,40세,상해없음
2016072400100194,2016년 7월 24일 12시,일요일,경상북도 성주군 성주읍,경상사고,0,0,1,0,차대차 - 기타,기타,건조,맑음,단일로 - 기타,승용,남,36세,상해없음,이륜,남,68세,경상
2016072400100195,2016년 7월 24일 12시,일요일,경상북도 영양군 입암면,경상사고,0,0,1,0,차량단독 - 전도전복,안전운전불이행,건조,맑음,단일로 - 기타,화물,남,51세,경상,,,,
2016072400100220,2016년 7월 24일 13시,일요일,경상북도 경산시 진량읍,경상사고,0,0,2,0,차대차 - 정면충돌,안전운전불이행,건조,맑음,교차로 - 교차로안,승용,남,42세,상해없음,승용,남,32세,경상
2016072400100253,2016년 7월 24일 14시,일요일,경상북도 안동시 송현동,경상사고,0,0,2,1,차대차 - 추돌,안전거리미확보,건조,맑음,교차로 - 교차로부근,화물,남,65세,상해없음,승용,여,38세,경상
2016072400100285,2016년 7월 24일 15시,일요일,경상북도 포항시 북구 죽도동,중상사고,0,1,0,0,차대차 - 정면충돌,신호위반,건조,맑음,교차로 - 교차로안,이륜,남,59세,중상,승용,남,67세,상해없음
2016072400100286,2016년 7월 24일 15시,일요일,경상북도 포항시 북구 죽도동,경상사고,0,0,1,0,차대차 - 정면충돌,교차로운행방법위반,건조,맑음,교차로 - 교차로안,승용,남,61세,상해없음,승용,여,31세,경상
2016072400100310,2016년 7월 24일 16시,일요일,경상북도 김천시 조마면,중상사고,0,1,1,0,차대차 - 정면충돌,중앙선침범,건조,맑음,단일로 - 기타,화물,남,50세,상해없음,승용,남,44세,중상
2016072400100311,2016년 7월 24일 16시,일요일,경상북도 문경시 점촌동,경상사고,0,0,1,0,차대사람 - 횡단중,보행자보호의무위반,건조,맑음,단일로 - 횡단보도상,승용,남,31세,상해없음,보행자,여,14세,경상
2016072400100312,2016년 7월 24일 16시,일요일,경상북도 포항시 남구 오천읍,경상사고,0,0,1,0,차대차 - 측면직각충돌,안전운전불이행,건조,맑음,교차로 - 교차로부근,승용,여,50세,상해없음,자전거,남,72세,경상
2016072400100313,2016년 7월 24일 16시,일요일,경상북도 포항시 남구 동촌동,경상사고,0,0,2,0,차대차 - 추돌,안전거리미확보,건조,맑음,교차로 - 교차로안,이륜,남,18세,경상,승용,여,43세,경상
2016072400100336,2016년 7월 24일 17시,일요일,경상북도 경주시 건천읍,경상사고,0,0,1,0,차대차 - 측면충돌,안전운전불이행,건조,맑음,교차로 - 교차로안,승용,남,44세,상해없음,승용,남,64세,상해없음
2016072400100337,2016년 7월 24일 17시,일요일,경상북도 상주시 냉림동,경상사고,0,0,1,0,차대차 - 측면충돌,신호위반,건조,맑음,교차로 - 교차로안,이륜,남,27세,상해없음,자전거,남,12세,경상
2016072400100338,2016년 7월 24일 17시,일요일,경상북도 경산시 압량면,경상사고,0,0,2,0,차대차 - 측면충돌,안전운전불이행,습기,비,교차로 - 교차로부근,승용,남,32세,상해없음,승용,여,37세,경상
2016072400100339,2016년 7월 24일 17시,일요일,경상북도 청도군 화양읍,중상사고,0,1,0,0,차대차 - 측면충돌,안전운전불이행,건조,맑음,미분류 - 미분류,승용,남,66세,상해없음,승용,남,62세,상해없음
2016072400100340,2016년 7월 24일 17시,일요일,경상북도 구미시 옥계동,중상사고,0,1,0,0,차대차 - 정면충돌,안전운전불이행,건조,맑음,단일로 - 기타,이륜,남,35세,중상,승용,남,29세,상해없음
2016072400100362,2016년 7월 24일 18시,일요일,경상북도 상주시 성동동,경상사고,0,0,1,0,차대차 - 측면직각충돌,교차로운행방법위반,건조,맑음,교차로 - 교차로부근,승용,남,27세,상해없음,자전거,남,69세,경상
2016072400100363,2016년 7월 24일 18시,일요일,경상북도 고령군 성산면,경상사고,0,0,2,0,차량단독 - 기타,안전운전불이행,건조,맑음,단일로 - 기타,이륜,남,33세,경상,,,,
2016072400100388,2016년 7월 24일 19시,일요일,경상북도 칠곡군 석적읍,중상사고,0,2,2,0,차대차 - 정면충돌,안전운전불이행,건조,맑음,단일로 - 기타,승용,여,45세,상해없음,승용,남,31세,경상
2016072400100389,2016년 7월 24일 19시,일요일,경상북도 구미시 구평동,사망사고,1,0,0,0,차대사람 - 횡단중,안전운전불이행,건조,맑음,단일로 - 기타,승용,남,52세,상해없음,보행자,여,2세,사망
2016072400100414,2016년 7월 24일 20시,일요일,경상북도 포항시 북구 신광면,경상사고,0,0,1,0,차대사람 - 길가장자리구역통행중,안전운전불이행,건조,맑음,단일로 - 기타,승용,남,25세,상해없음,보행자,남,21세,경상
2016072400100415,2016년 7월 24일 20시,일요일,경상북도 칠곡군 북삼읍,부상신고사고,0,0,0,1,차대차 - 측면충돌,신호위반,건조,맑음,교차로 - 교차로부근,원동기,남,25세,부상신고,승용,남,48세,상해없음
2016072400100416,2016년 7월 24일 20시,일요일,경상북도 포항시 남구 대잠동,경상사고,0,0,1,0,차대차 - 기타,안전거리미확보,건조,맑음,단일로 - 기타,승용,남,25세,상해없음,승용,여,50세,경상
2016072400100445,2016년 7월 24일 21시,일요일,경상북도 경주시 인왕동,중상사고,0,1,0,0,차대차 - 추돌,안전운전불이행,건조,맑음,단일로 - 횡단보도부근,승용,남,31세,상해없음,승용,남,63세,중상
2016072400100446,2016년 7월 24일 21시,일요일,경상북도 김천시 교동,경상사고,0,0,2,0,차대차 - 측면충돌,신호위반,습기,비,교차로 - 교차로안,승합,남,20세,상해없음,승용,남,32세,경상
2016072400100447,2016년 7월 24일 21시,일요일,경상북도 의성군 봉양면,중상사고,0,1,0,0,차대차 - 추돌,안전운전불이행,건조,맑음,교차로 - 교차로부근,이륜,남,45세,중상,승용,남,40세,상해없음
2016072400100463,2016년 7월 24일 22시,일요일,경상북도 안동시 동문동,경상사고,0,0,1,0,차대차 - 정면충돌,안전운전불이행,건조,맑음,교차로 - 교차로안,승용,남,55세,상해없음,이륜,남,19세,경상
2016072400100477,2016년 7월 24일 23시,일요일,경상북도 경주시 시래동,중상사고,0,2,0,1,차대차 - 측면충돌,신호위반,건조,맑음,교차로 - 교차로안,승용,남,21세,부상신고,승용,남,59세,중상
2016072500100017,2016년 7월 25일 01시,월요일,경상북도 포항시 남구 대잠동,경상사고,0,0,1,0,차대차 - 측면충돌,직진우회전진행방해,건조,맑음,교차로 - 교차로안,승용,남,20세,상해없음,승용,남,44세,경상
2016072500100052,2016년 7월 25일 06시,월요일,경상북도 칠곡군 북삼읍,중상사고,0,3,0,0,차대차 - 정면충돌,중앙선침범,건조,맑음,단일로 - 기타,화물,남,44세,중상,승용,남,52세,중상
2016072500100053,2016년 7월 25일 06시,월요일,경상북도 구미시 진평동,경상사고,0,0,1,0,차대차 - 정면충돌,교차로운행방법위반,건조,맑음,교차로 - 교차로안,승용,남,29세,상해없음,승용,남,46세,경상
2016072500100089,2016년 7월 25일 08시,월요일,경상북도 경주시 강동면,부상신고사고,0,0,0,1,차대차 - 측면충돌,안전운전불이행,건조,맑음,단일로 - 교량,이륜,남,60세,부상신고,화물,남,41세,상해없음
2016072500100090,2016년 7월 25일 08시,월요일,경상북도 영주시 안정면,중상사고,0,1,1,0,차대차 - 측면충돌,신호위반,습기,비,교차로 - 교차로안,승용,남,55세,상해없음,승용,남,56세,경상
2016072500100133,2016년 7월 25일 09시,월요일,경상북도 영천시 문외동,경상사고,0,0,1,0,차대사람 - 길가장자리구역통행중,안전운전불이행,건조,맑음,단일로 - 기타,승용,남,48세,상해없음,보행자,여,77세,경상
2016072500100134,2016년 7월 25일 09시,월요일,경상북도 경산시 진량읍,경상사고,0,0,4,0,차대차 - 추돌,안전운전불이행,건조,맑음,단일로 - 기타,승용,여,46세,상해없음,승용,남,41세,경상
2016072500100172,2016년 7월 25일 10시,월요일,경상북도 안동시 이천동,경상사고,0,0,4,0,차대차 - 측면직각충돌,중앙선침범,건조,맑음,단일로 - 기타,승용,남,67세,상해없음,화물,남,48세,경상
2016072500100173,2016년 7월 25일 10시,월요일,경상북도 상주시 낙양동,중상사고,0,1,0,0,차대차 - 측면직각충돌,안전운전불이행,건조,맑음,단일로 - 기타,승용,남,66세,상해없음,자전거,남,80세,중상
2016072500100174,2016년 7월 25일 10시,월요일,경상북도 영덕군 영덕읍,경상사고,0,0,1,0,차대차 - 측면충돌,중앙선침범,건조,맑음,단일로 - 기타,화물,남,47세,상해없음,화물,남,47세,경상
2016072500100175,2016년 7월 25일 10시,월요일,경상북도 울진군 후포면,경상사고,0,0,1,0,차대차 - 측면직각충돌,교차로운행방법위반,건조,맑음,교차로 - 교차로안,승용,여,34세,상해없음,이륜,남,63세,경상
2016072500100176,2016년 7월 25일 10시,월요일,경상북도 군위군 군위읍,중상사고,0,1,0,0,차대차 - 측면충돌,안전운전불이행,건조,맑음,교차로 - 교차로안,승용,여,43세,상해없음,농기계,남,79세,중상
2016072500100177,2016년 7월 25일 10시,월요일,경상북도 포항시 남구 상도동,경상사고,0,0,1,0,차대차 - 추돌,안전운전불이행,건조,맑음,단일로 - 기타,승용,여,48세,상해없음,승합,남,40세,경상
2016072500100206,2016년 7월 25일 11시,월요일,경상북도 영주시 평은면,경상사고,0,0,1,0,차량단독 - 공작물충돌,안전운전불이행,습기,비,기타 - 기타,승용,남,23세,상해없음,,,,
2016072500100207,2016년 7월 25일 11시,월요일,경상북도 경산시 진량읍,경상사고,0,0,3,0,차대차 - 정면충돌,안전운전불이행,건조,맑음,교차로 - 교차로안,특수,남,52세,상해없음,승용,남,50세,경상
2016072500100208,2016년 7월 25일 11시,월요일,경상북도 성주군 성주읍,경상사고,0,0,1,0,차대차 - 측면직각충돌,안전운전불이행,건조,맑음,기타 - 기타,승합,남,55세,상해없음,자전거,여,81세,경상
2016072500100239,2016년 7월 25일 12시,월요일,경상북도 김천시 지좌동,중상사고,0,1,0,0,차대차 - 추돌,안전운전불이행,건조,맑음,단일로 - 기타,화물,남,31세,상해없음,승용,여,39세,중상
2016072500100240,2016년 7월 25일 12시,월요일,경상북도 영주시 영주동,경상사고,0,0,1,0,차대사람 - 차도통행중,안전운전불이행,습기,흐림,단일로 - 기타,승용,여,60세,상해없음,보행자,여,73세,경상
2016072500100241,2016년 7월 25일 12시,월요일,경상북도 경산시 대동,경상사고,0,0,1,0,차량단독 - 기타,안전운전불이행,습기,비,단일로 - 기타,승합,남,52세,상해없음,,,,
2016072500100242,2016년 7월 25일 12시,월요일,경상북도 구미시 형곡동,중상사고,0,2,0,0,차대사람 - 횡단중,신호위반,건조,맑음,단일로 - 횡단보도상,승합,남,53세,상해없음,보행자,남,10세,중상
2016072500100243,2016년 7월 25일 12시,월요일,경상북도 포항시 남구 대도동,중상사고,0,1,0,0,차대차 - 측면충돌,안전운전불이행,습기,비,단일로 - 횡단보도상,화물,남,54세,상해없음,자전거,여,38세,중상
2016072500100281,2016년 7월 25일 13시,월요일,경상북도 경주시 안강읍,경상사고,0,0,1,0,차대차 - 추돌,안전운전불이행,건조,맑음,단일로 - 기타,화물,남,43세,상해없음,승용,여,28세,경상
2016072500100282,2016년 7월 25일 13시,월요일,경상북도 포항시 북구 용흥동,경상사고,0,0,1,0,차대차 - 정면충돌,안전운전불이행,습기,비,교차로 - 교차로부근,화물,남,58세,상해없음,승용,여,56세,경상
2016072500100283,2016년 7월 25일 13시,월요일,경상북도 경산시 자인면,경상사고,0,0,2,0,차대차 - 정면충돌,신호위반,건조,맑음,교차로 - 교차로안,승용,여,39세,상해없음,승용,남,35세,경상
2016072500100309,2016년 7월 25일 14시,월요일,경상북도 안동시 천리동,경상사고,0,0,1,0,차대차 - 측면직각충돌,안전거리미확보,건조,맑음,단일로 - 기타,이륜,남,69세,경상,승용,여,56세,상해없음
2016072500100310,2016년 7월 25일 14시,월요일,경상북도 문경시 점촌동,경상사고,0,0,4,0,차대차 - 측면직각충돌,직진우회전진행방해,건조,맑음,교차로 - 교차로안,화물,남,54세,경상,승용,남,19세,경상
2016072500100311,2016년 7월 25일 14시,월요일,경상북도 성주군 성주읍,경상사고,0,0,4,0,차대차 - 측면직각충돌,안전운전불이행,습기,비,교차로 - 교차로부근,승용,남,52세,경상,승용,남,64세,경상
2016072500100312,2016년 7월 25일 14시,월요일,경상북도 영양군 수비면,중상사고,0,2,1,0,차대차 - 정면충돌,중앙선침범,건조,맑음,단일로 - 기타,화물,남,70세,중상,승용,남,68세,중상
2016072500100337,2016년 7월 25일 15시,월요일,경상북도 포항시 북구 대흥동,경상사고,0,0,1,0,차대차 - 추돌,안전거리미확보,건조,맑음,단일로 - 기타,원동기,여,40세,경상,승용,여,47세,상해없음
2016072500100338,2016년 7월 25일 15시,월요일,경상북도 칠곡군 왜관읍,부상신고사고,0,0,0,1,차대차 - 기타,안전운전불이행,건조,맑음,교차로 - 교차로부근,승용,남,69세,상해없음,자전거,여,61세,부상신고
2016072500100339,2016년 7월 25일 15시,월요일,경상북도 경산시 삼북동,경상사고,0,0,1,0,차대차 - 측면충돌,신호위반,습기,비,교차로 - 교차로안,승용,남,74세,상해없음,승용,남,69세,경상
2016072500100383,2016년 7월 25일 16시,월요일,경상북도 경주시 동천동,경상사고,0,0,1,0,차대차 - 측면충돌,안전운전불이행,건조,맑음,교차로 - 교차로부근,이륜,남,29세,경상,승용,남,54세,상해없음
2016072500100384,2016년 7월 25일 16시,월요일,경상북도 칠곡군 석적읍,경상사고,0,0,1,0,차대사람 - 횡단중,안전운전불이행,건조,맑음,단일로 - 횡단보도상,승용,남,65세,상해없음,보행자,남,17세,경상
2016072500100385,2016년 7월 25일 16시,월요일,경상북도 칠곡군 왜관읍,부상신고사고,0,0,0,1,차대차 - 기타,안전운전불이행,건조,맑음,단일로 - 기타,승용,여,44세,부상신고,승용,남,43세,기타불명
2016072500100434,2016년 7월 25일 17시,월요일,경상북도 경주시 충효동,중상사고,0,1,0,0,차대차 - 측면직각충돌,안전운전불이행,습기,흐림,교차로 - 교차로안,화물,남,54세,상해없음,승용,여,51세,중상
2016072500100435,2016년 7월 25일 17시,월요일,경상북도 포항시 남구 효자동,경상사고,0,0,3,0,차대차 - 추돌,안전운전불이행,건조,맑음,단일로 - 기타,승용,남,71세,상해없음,승용,남,59세,경상
2016072500100475,2016년 7월 25일 18시,월요일,경상북도 안동시 안막동,경상사고,0,0,2,0,차대차 - 정면충돌,안전운전불이행,건조,맑음,단일로 - 기타,화물,남,76세,경상,승용,남,37세,경상
2016072500100476,2016년 7월 25일 18시,월요일,경상북도 영주시 하망동,경상사고,0,0,1,0,차대차 - 측면충돌,안전운전불이행,건조,맑음,교차로 - 교차로안,승용,남,57세,상해없음,승용,남,63세,경상
2016072500100477,2016년 7월 25일 18시,월요일,경상북도 문경시 점촌동,경상사고,0,0,1,0,차대사람 - 기타,안전운전불이행,건조,맑음,교차로 - 교차로안,승용,남,55세,상해없음,보행자,여,47세,경상
2016072500100478,2016년 7월 25일 18시,월요일,경상북도 구미시 고아읍,경상사고,0,0,3,0,차대차 - 측면직각충돌,교차로운행방법위반,건조,맑음,교차로 - 교차로안,승용,여,44세,경상,승용,남,64세,경상
2016072500100504,2016년 7월 25일 19시,월요일,경상북도 경주시 성건동,경상사고,0,0,1,0,차대차 - 기타,안전운전불이행,건조,맑음,단일로 - 기타,자전거,남,55세,경상,승용,남,31세,상해없음
2016072500100505,2016년 7월 25일 19시,월요일,경상북도 경산시 중산동,경상사고,0,0,3,0,차대차 - 측면직각충돌,안전운전불이행,건조,맑음,단일로 - 기타,이륜,남,23세,경상,승용,남,30세,경상
2016072500100506,2016년 7월 25일 19시,월요일,경상북도 구미시 송정동,경상사고,0,0,3,0,차대차 - 추돌,안전운전불이행,건조,맑음,교차로 - 교차로부근,승용,여,51세,상해없음,승용,여,32세,경상
2016072500100562,2016년 7월 25일 21시,월요일,경상북도 경산시 사동,중상사고,0,1,0,0,차대차 - 정면충돌,안전운전불이행,건조,맑음,교차로 - 교차로안,승용,남,21세,상해없음,이륜,남,58세,중상
2016072500100563,2016년 7월 25일 21시,월요일,경상북도 영덕군 강구면,경상사고,0,0,1,0,차대차 - 추돌,안전운전불이행,건조,맑음,단일로 - 기타,이륜,남,48세,경상,화물,여,56세,기타불명
2016072500100596,2016년 7월 25일 22시,월요일,경상북도 포항시 북구 죽도동,경상사고,0,0,1,0,차대차 - 측면충돌,신호위반,건조,맑음,교차로 - 교차로안,화물,남,41세,상해없음,승용,남,44세,경상
2016072500100597,2016년 7월 25일 22시,월요일,경상북도 구미시 임은동,부상신고사고,0,0,0,1,차대차 - 측면충돌,안전운전불이행,건조,맑음,단일로 - 기타,승용,여,34세,부상신고,승용,여,38세,상해없음
2016072600100012,2016년 7월 26일 00시,화요일,경상북도 안동시 용상동,경상사고,0,0,1,0,차대사람 - 보도통행중,보행자보호의무위반,습기,비,교차로 - 교차로안,승용,남,56세,상해없음,보행자,여,34세,경상
2016072600100013,2016년 7월 26일 00시,화요일,경상북도 칠곡군 석적읍,중상사고,0,1,0,0,차량단독 - 전도전복,안전운전불이행,건조,맑음,단일로 - 기타,화물,남,68세,중상,,,,
2016072600100037,2016년 7월 26일 03시,화요일,경상북도 구미시 원평동,경상사고,0,0,2,0,차대차 - 측면충돌,안전운전불이행,건조,맑음,단일로 - 기타,승용,남,18세,상해없음,승용,남,56세,경상
2016072600100047,2016년 7월 26일 05시,화요일,경상북도 안동시 정하동,경상사고,0,0,1,0,차대차 - 정면충돌,안전운전불이행,건조,맑음,교차로 - 교차로안,승용,남,37세,경상,화물,남,63세,상해없음
2016072600100063,2016년 7월 26일 06시,화요일,경상북도 구미시 원평동,중상사고,0,1,0,0,차량단독 - 전도전복,안전운전불이행,건조,맑음,단일로 - 기타,원동기,남,44세,중상,,,,
2016072600100096,2016년 7월 26일 07시,화요일,경상북도 포항시 남구 오천읍,중상사고,0,1,0,0,차대차 - 기타,직진우회전진행방해,건조,맑음,교차로 - 교차로안,승용,남,71세,상해없음,이륜,남,75세,중상
2016072600100151,2016년 7월 26일 09시,화요일,경상북도 포항시 북구 득량동,경상사고,0,0,1,0,차대차 - 정면충돌,안전운전불이행,건조,맑음,단일로 - 기타,승용,여,31세,상해없음,승용,여,57세,경상
2016072600100187,2016년 7월 26일 10시,화요일,경상북도 칠곡군 석적읍,경상사고,0,0,2,0,차대차 - 정면충돌,안전운전불이행,건조,맑음,교차로 - 교차로안,승용,남,28세,경상,승용,남,20세,상해없음
2016072600100188,2016년 7월 26일 10시,화요일,경상북도 문경시 영순면,경상사고,0,0,1,0,차대차 - 측면직각충돌,직진우회전진행방해,건조,맑음,교차로 - 교차로안,농기계,남,56세,경상,승용,남,69세,상해없음
2016072600100189,2016년 7월 26일 10시,화요일,경상북도 구미시 도량동,중상사고,0,1,0,0,차대차 - 측면충돌,안전운전불이행,건조,맑음,단일로 - 기타,승용,남,66세,상해없음,원동기,여,69세,중상
2016072600100219,2016년 7월 26일 11시,화요일,경상북도 영천시 임고면,중상사고,0,1,2,0,차대차 - 정면충돌,중앙선침범,건조,맑음,단일로 - 기타,화물,남,61세,상해없음,농기계,남,51세,경상
2016072600100220,2016년 7월 26일 11시,화요일,경상북도 예천군 보문면,경상사고,0,0,1,0,차대차 - 추돌,기타,건조,맑음,단일로 - 기타,화물,남,60세,상해없음,승용,남,42세,경상
2016072600100248,2016년 7월 26일 12시,화요일,경상북도 영천시 북안면,경상사고,0,0,1,0,차대차 - 추돌,안전운전불이행,건조,맑음,단일로 - 기타,화물,남,71세,경상,화물,남,53세,상해없음
2016072600100249,2016년 7월 26일 12시,화요일,경상북도 경주시 내남면,중상사고,0,1,1,0,차대차 - 추돌,안전운전불이행,건조,맑음,단일로 - 기타,특수,남,61세,상해없음,승합,남,46세,상해없음
2016072600100280,2016년 7월 26일 13시,화요일,경상북도 포항시 북구 용흥동,경상사고,0,0,1,0,차대차 - 정면충돌,안전거리미확보,건조,맑음,교차로 - 교차로부근,승용,남,58세,상해없음,승용,여,55세,경상
2016072600100281,2016년 7월 26일 13시,화요일,경상북도 영주시 영주동,중상사고,0,1,0,1,차대차 - 정면충돌,안전운전불이행,건조,맑음,교차로 - 교차로안,승용,남,67세,부상신고,승용,여,54세,중상
2016072600100282,2016년 7월 26일 13시,화요일,경상북도 예천군 예천읍,경상사고,0,0,1,0,차대차 - 측면충돌,안전운전불이행,건조,맑음,단일로 - 횡단보도부근,승용,여,37세,경상,화물,남,59세,상해없음
2016072600100283,2016년 7월 26일 13시,화요일,경상북도 포항시 남구 오천읍,경상사고,0,0,4,0,차대차 - 측면충돌,직진우회전진행방해,건조,맑음,교차로 - 교차로안,승용,남,33세,상해없음,승합,여,44세,상해없음
2016072600100314,2016년 7월 26일 14시,화요일,경상북도 안동시 도산면,경상사고,0,0,1,0,차대차 - 추돌,안전운전불이행,건조,맑음,교차로 - 교차로안,승용,여,67세,상해없음,이륜,남,67세,경상
2016072600100315,2016년 7월 26일 14시,화요일,경상북도 구미시 도량동,중상사고,0,1,0,0,차대차 - 측면충돌,안전운전불이행,건조,맑음,교차로 - 교차로부근,이륜,남,78세,중상,승용,여,47세,상해없음
2016072600100316,2016년 7월 26일 14시,화요일,경상북도 구미시 원평동,경상사고,0,0,1,0,차대차 - 측면충돌,안전운전불이행,건조,맑음,단일로 - 기타,화물,남,45세,상해없음,화물,남,62세,경상
2016072600100317,2016년 7월 26일 14시,화요일,경상북도 구미시 황상동,중상사고,0,3,0,0,차대차 - 측면충돌,안전운전불이행,건조,맑음,교차로 - 교차로안,승용,남,48세,상해없음,승용,남,35세,중상
2016072600100351,2016년 7월 26일 15시,화요일,경상북도 경산시 자인면,중상사고,0,1,0,0,차대차 - 정면충돌,안전운전불이행,건조,맑음,교차로 - 교차로안,승용,남,47세,상해없음,이륜,남,37세,중상
2016072600100352,2016년 7월 26일 15시,화요일,경상북도 영덕군 지품면,경상사고,0,0,2,0,차대차 - 측면충돌,중앙선침범,건조,맑음,단일로 - 기타,화물,남,54세,상해없음,승용,남,60세,경상
2016072600100353,2016년 7월 26일 15시,화요일,경상북도 구미시 황상동,중상사고,0,1,0,0,차대차 - 추돌,안전운전불이행,건조,맑음,교차로 - 교차로부근,승합,남,44세,상해없음,승용,남,61세,중상
2016072600100354,2016년 7월 26일 15시,화요일,경상북도 칠곡군 동명면,중상사고,0,1,2,0,차대차 - 추돌,안전운전불이행,건조,맑음,단일로 - 기타,승용,남,67세,상해없음,화물,남,63세,경상
2016072600100374,2016년 7월 26일 16시,화요일,경상북도 안동시 옥동,중상사고,0,5,1,0,차대차 - 정면충돌,중앙선침범,건조,맑음,단일로 - 기타,승용,남,40세,중상,승합,남,42세,중상
2016072600100375,2016년 7월 26일 16시,화요일,경상북도 김천시 대항면,경상사고,0,0,2,1,차대차 - 측면충돌,안전운전불이행,건조,맑음,교차로 - 교차로안,승용,여,55세,상해없음,승용,남,58세,경상
2016072600100376,2016년 7월 26일 16시,화요일,경상북도 성주군 초전면,경상사고,0,0,1,0,차량단독 - 전도전복,안전운전불이행,건조,맑음,교차로 - 교차로부근,이륜,남,79세,경상,,,,
2016072600100412,2016년 7월 26일 17시,화요일,경상북도 포항시 북구 장성동,경상사고,0,0,1,0,차대차 - 기타,직진우회전진행방해,건조,맑음,교차로 - 교차로안,승용,여,21세,상해없음,승용,여,49세,경상
2016072600100413,2016년 7월 26일 17시,화요일,경상북도 포항시 남구 오천읍,경상사고,0,0,1,0,차대차 - 기타,안전운전불이행,건조,맑음,교차로 - 교차로안,화물,기타불명,기타불명,기타불명,이륜,남,53세,경상
2016072600100458,2016년 7월 26일 18시,화요일,경상북도 포항시 북구 죽도동,경상사고,0,0,1,0,차대차 - 측면직각충돌,안전운전불이행,건조,맑음,단일로 - 기타,원동기,남,23세,상해없음,자전거,남,15세,경상