사고번호,사고일시,요일,시군구,사고내용,사망자수,중상자수,경상자수,부상신고자수,사고유형,법규위반,노면상태,기상상태,도로형태,가해운전자 차종,가해운전자 성별,가해운전자 연령,가해운전자 상해정도,피해운전자 차종,피해운전자 성별,피해운전자 연령,피해운전자 상해정도
2016072900100342,2016년 7월 29일 14시,금요일,경상북도 포항시 북구 죽도동,경상사고,0,0,1,0,차대차 - 정면충돌,안전거리미확보,건조,맑음,단일로 - 기타,승용,여,29세,상해없음,승용,남,42세,경상
2016072900100343,2016년 7월 29일 14시,금요일,경상북도 상주시 서문동,경상사고,0,0,1,0,차대차 - 측면직각충돌,중앙선침범,건조,맑음,단일로 - 기타,자전거,여,61세,경상,승용,남,31세,상해없음
2016072900100344,2016년 7월 29일 14시,금요일,경상북도 문경시 가은읍,경상사고,0,0,1,1,차대차 - 측면충돌,직진우회전진행방해,건조,맑음,교차로 - 교차로안,승용,여,30세,부상신고,승용,남,77세,경상
2016072900100345,2016년 7월 29일 14시,금요일,경상북도 경산시 중방동,중상사고,0,1,0,0,차량단독 - 기타,기타,건조,맑음,단일로 - 기타,승합,남,44세,상해없음,,,,
2016072900100346,2016년 7월 29일 14시,금요일,경상북도 예천군 감천면,중상사고,0,3,0,0,차대차 - 정면충돌,중앙선침범,건조,맑음,단일로 - 기타,화물,남,34세,중상,화물,남,49세,중상
2016072900100347,2016년 7월 29일 14시,금요일,경상북도 청도군 각북면,경상사고,0,0,4,0,차대차 - 정면충돌,중앙선침범,건조,맑음,단일로 - 기타,승합,남,25세,경상,화물,남,33세,경상
2016072900100348,2016년 7월 29일 14시,금요일,경상북도 구미시 봉곡동,경상사고,0,0,1,0,차대차 - 측면충돌,직진우회전진행방해,건조,맑음,교차로 - 교차로안,이륜,남,53세,경상,승용,여,41세,상해없음
2016072900100349,2016년 7월 29일 14시,금요일,경상북도 포항시 남구 송도동,경상사고,0,0,1,0,차대차 - 측면충돌,안전운전불이행,건조,맑음,교차로 - 교차로안,건설기계,남,46세,상해없음,화물,남,53세,경상
2016072900100381,2016년 7월 29일 15시,금요일,경상북도 경산시 하양읍,중상사고,0,1,0,0,차대차 - 측면충돌,안전운전불이행,건조,맑음,단일로 - 기타,승용,남,80세,상해없음,화물,남,53세,중상
2016072900100382,2016년 7월 29일 15시,금요일,경상북도 예천군 예천읍,경상사고,0,0,1,0,차대차 - 추돌,안전운전불이행,건조,맑음,단일로 - 기타,승용,남,55세,경상,승용,남,45세,상해없음
2016072900100411,2016년 7월 29일 16시,금요일,경상북도 포항시 북구 우현동,경상사고,0,0,3,0,차대차 - 정면충돌,안전운전불이행,건조,맑음,단일로 - 기타,승용,남,79세,경상,승용,남,24세,경상
2016072900100453,2016년 7월 29일 17시,금요일,경상북도 포항시 북구 용흥동,중상사고,0,1,0,0,차대사람 - 횡단중,안전운전불이행,건조,맑음,단일로 - 기타,승용,여,32세,상해없음,보행자,남,6세,중상
2016072900100454,2016년 7월 29일 17시,금요일,경상북도 칠곡군 동명면,부상신고사고,0,0,0,1,차대차 - 측면충돌,안전운전불이행,건조,맑음,단일로 - 기타,이륜,남,31세,부상신고,승용,남,36세,상해없음
2016072900100455,2016년 7월 29일 17시,금요일,경상북도 칠곡군 왜관읍,중상사고,0,1,0,0,차대차 - 기타,안전운전불이행,건조,맑음,단일로 - 기타,승용,남,65세,기타불명,승용,여,46세,중상
2016072900100456,2016년 7월 29일 17시,금요일,경상북도 구미시 형곡동,경상사고,0,0,1,0,차대사람 - 횡단중,안전운전불이행,건조,맑음,단일로 - 기타,승용,여,61세,상해없음,보행자,남,11세,경상
2016072900100576,2016년 7월 29일 20시,금요일,경상북도 울진군 울진읍,경상사고,0,0,2,0,차대차 - 추돌,안전운전불이행,건조,맑음,단일로 - 기타,승용,남,72세,상해없음,승용,남,19세,경상
2016072900100614,2016년 7월 29일 21시,금요일,경상북도 구미시 사곡동,경상사고,0,0,1,0,차대사람 - 횡단중,보행자보호의무위반,건조,맑음,교차로 - 교차로안,승용,남,37세,기타불명,보행자,남,22세,경상
2016072900100647,2016년 7월 29일 22시,금요일,경상북도 상주시 청리면,중상사고,0,1,0,0,차대차 - 정면충돌,안전운전불이행,건조,맑음,단일로 - 기타,자전거,여,66세,상해없음,자전거,남,44세,중상
2016072900100648,2016년 7월 29일 22시,금요일,경상북도 구미시 광평동,중상사고,0,2,2,0,차대차 - 추돌,안전거리미확보,건조,맑음,단일로 - 기타,승합,남,41세,상해없음,승용,여,54세,중상
2016073000100039,2016년 7월 30일 01시,토요일,경상북도 구미시 광평동,경상사고,0,0,2,0,차대차 - 추돌,안전거리미확보,건조,맑음,교차로 - 교차로부근,승용,남,55세,상해없음,승용,남,64세,상해없음
2016073000100082,2016년 7월 30일 04시,토요일,경상북도 포항시 남구 상도동,경상사고,0,0,3,0,차대차 - 추돌,안전운전불이행,습기,흐림,교차로 - 교차로부근,승용,남,55세,경상,승용,남,56세,경상
2016073000100093,2016년 7월 30일 05시,토요일,경상북도 구미시 비산동,중상사고,0,1,1,0,차대차 - 측면직각충돌,안전거리미확보,건조,맑음,단일로 - 교량,승합,남,48세,기타불명,승용,남,68세,상해없음
2016073000100150,2016년 7월 30일 08시,토요일,경상북도 경주시 천북면,중상사고,0,1,0,1,차대차 - 측면충돌,안전운전불이행,건조,맑음,단일로 - 기타,승용,남,25세,부상신고,승용,남,42세,중상
2016073000100151,2016년 7월 30일 08시,토요일,경상북도 영양군 일월면,중상사고,0,4,1,0,차량단독 - 전도전복,안전운전불이행,습기,비,단일로 - 기타,화물,남,67세,경상,,,,
2016073000100171,2016년 7월 30일 09시,토요일,경상북도 안동시 수상동,경상사고,0,0,1,0,차대차 - 측면직각충돌,안전운전불이행,건조,맑음,교차로 - 교차로안,승용,남,55세,상해없음,건설기계,남,40세,경상
2016073000100172,2016년 7월 30일 09시,토요일,경상북도 봉화군 재산면,경상사고,0,0,6,1,차대차 - 측면직각충돌,교차로운행방법위반,건조,맑음,교차로 - 교차로안,승용,남,34세,부상신고,승용,남,57세,경상
2016073000100223,2016년 7월 30일 11시,토요일,경상북도 영주시 상줄동,중상사고,0,1,0,0,차대차 - 측면충돌,안전운전불이행,건조,맑음,교차로 - 교차로안,승용,남,18세,상해없음,승용,여,43세,중상
2016073000100249,2016년 7월 30일 12시,토요일,경상북도 안동시 풍산읍,중상사고,0,1,0,0,차대차 - 측면직각충돌,신호위반,건조,맑음,교차로 - 교차로안,승용,남,33세,상해없음,승용,남,27세,중상
2016073000100250,2016년 7월 30일 12시,토요일,경상북도 영천시 오수동,경상사고,0,0,1,0,차대차 - 정면충돌,안전운전불이행,건조,맑음,단일로 - 기타,승용,남,61세,상해없음,원동기,남,45세,경상
2016073000100251,2016년 7월 30일 12시,토요일,경상북도 문경시 문경읍,부상신고사고,0,0,0,1,차량단독 - 전도전복,안전운전불이행,건조,맑음,단일로 - 기타,승용,여,30세,부상신고,,,,
2016073000100290,2016년 7월 30일 13시,토요일,경상북도 포항시 북구 죽도동,경상사고,0,0,1,0,차대차 - 기타,안전운전불이행,건조,맑음,교차로 - 교차로안,승용,여,40세,상해없음,자전거,여,37세,경상
2016073000100291,2016년 7월 30일 13시,토요일,경상북도 경산시 하양읍,경상사고,0,0,1,0,차대차 - 추돌,안전운전불이행,건조,맑음,단일로 - 기타,이륜,남,50세,경상,승합,남,52세,상해없음
2016073000100292,2016년 7월 30일 13시,토요일,경상북도 예천군 효자면,경상사고,0,0,1,0,차대차 - 측면직각충돌,중앙선침범,건조,맑음,교차로 - 교차로부근,이륜,여,71세,경상,승용,남,37세,상해없음
2016073000100293,2016년 7월 30일 13시,토요일,경상북도 청도군 청도읍,중상사고,0,1,1,0,차대차 - 측면충돌,교차로운행방법위반,건조,맑음,교차로 - 교차로안,승용,여,42세,상해없음,승용,남,70세,경상
2016073000100294,2016년 7월 30일 13시,토요일,경상북도 성주군 선남면,경상사고,0,0,1,0,차대사람 - 기타,안전운전불이행,건조,맑음,기타 - 기타,승용,남,49세,상해없음,보행자,남,62세,경상
2016073000100295,2016년 7월 30일 13시,토요일,경상북도 고령군 쌍림면,경상사고,0,0,2,0,차량단독 - 전도전복,안전운전불이행,건조,맑음,단일로 - 기타,승용,남,70세,경상,,,,
2016073000100339,2016년 7월 30일 14시,토요일,경상북도 포항시 남구 오천읍,경상사고,0,0,1,0,차대차 - 측면충돌,안전운전불이행,건조,맑음,단일로 - 기타,자전거,남,25세,경상,승용,남,47세,상해없음
2016073000100340,2016년 7월 30일 14시,토요일,경상북도 포항시 남구 인덕동,경상사고,0,0,1,0,차대차 - 정면충돌,중앙선침범,건조,맑음,교차로 - 교차로부근,승용,여,56세,상해없음,승용,여,46세,경상
2016073000100365,2016년 7월 30일 15시,토요일,경상북도 안동시 풍산읍,중상사고,0,1,2,0,차대차 - 정면충돌,안전운전불이행,건조,맑음,교차로 - 교차로부근,건설기계,남,65세,상해없음,승용,여,50세,경상
2016073000100366,2016년 7월 30일 15시,토요일,경상북도 구미시 비산동,경상사고,0,0,1,0,차대차 - 추돌,안전운전불이행,건조,맑음,교차로 - 교차로부근,승용,남,48세,상해없음,승용,여,65세,경상
2016073000100431,2016년 7월 30일 17시,토요일,경상북도 포항시 북구 우현동,중상사고,0,1,1,0,차대차 - 기타,안전운전불이행,건조,맑음,교차로 - 교차로부근,승용,남,63세,상해없음,승용,남,25세,경상
2016073000100432,2016년 7월 30일 17시,토요일,경상북도 칠곡군 북삼읍,중상사고,0,3,0,0,차대차 - 측면직각충돌,신호위반,건조,맑음,교차로 - 교차로안,승용,여,46세,상해없음,승용,여,33세,중상
2016073000100460,2016년 7월 30일 18시,토요일,경상북도 안동시 용상동,경상사고,0,0,1,0,차대차 - 정면충돌,안전거리미확보,건조,맑음,단일로 - 기타,이륜,남,35세,경상,승용,여,63세,상해없음
2016073000100461,2016년 7월 30일 18시,토요일,경상북도 김천시 율곡동,경상사고,0,0,1,0,차대차 - 측면충돌,안전운전불이행,건조,맑음,단일로 - 기타,이륜,남,20세,경상,승용,남,58세,기타불명
2016073000100462,2016년 7월 30일 18시,토요일,경상북도 경산시 진량읍,경상사고,0,0,2,0,차대차 - 추돌,안전운전불이행,습기,비,단일로 - 기타,승용,남,43세,상해없음,승용,여,46세,경상
2016073000100463,2016년 7월 30일 18시,토요일,경상북도 구미시 공단동,중상사고,0,1,1,0,차대차 - 측면충돌,안전운전불이행,건조,맑음,단일로 - 기타,승용,여,51세,상해없음,승용,남,49세,중상
2016073000100516,2016년 7월 30일 20시,토요일,경상북도 경주시 산내면,경상사고,0,0,1,0,차대사람 - 기타,안전운전불이행,건조,맑음,기타 - 기타,승용,남,46세,상해없음,보행자,여,51세,경상
2016073000100517,2016년 7월 30일 20시,토요일,경상북도 김천시 구성면,중상사고,0,1,1,0,차대차 - 추돌,안전운전불이행,건조,맑음,단일로 - 기타,승용,남,34세,상해없음,승용,남,52세,상해없음
2016073000100518,2016년 7월 30일 20시,토요일,경상북도 영천시 야사동,경상사고,0,0,1,0,차대사람 - 횡단중,안전운전불이행,건조,맑음,단일로 - 기타,승용,여,57세,상해없음,보행자,여,85세,경상
2016073000100519,2016년 7월 30일 20시,토요일,경상북도 구미시 형곡동,부상신고사고,0,0,0,1,차대차 - 기타,직진우회전진행방해,건조,맑음,교차로 - 교차로안,이륜,남,17세,부상신고,승용,남,47세,상해없음
2016073000100520,2016년 7월 30일 20시,토요일,경상북도 구미시 시미동,경상사고,0,0,2,0,차대차 - 추돌,안전운전불이행,건조,맑음,단일로 - 횡단보도부근,승용,남,47세,상해없음,승용,남,51세,경상
2016073000100548,2016년 7월 30일 21시,토요일,경상북도 경주시 충효동,중상사고,0,1,0,0,차대차 - 측면충돌,안전운전불이행,건조,맑음,교차로 - 교차로안,이륜,남,36세,중상,승용,남,35세,상해없음
2016073000100572,2016년 7월 30일 22시,토요일,경상북도 경산시 임당동,경상사고,0,0,1,0,차대차 - 추돌,안전운전불이행,건조,맑음,단일로 - 기타,기타불명,기타불명,기타불명,기타불명,승용,남,53세,경상
2016073000100573,2016년 7월 30일 22시,토요일,경상북도 포항시 남구 송도동,중상사고,0,1,1,0,차대차 - 측면충돌,직진우회전진행방해,건조,맑음,교차로 - 교차로안,이륜,남,63세,경상,승용,남,59세,상해없음
2016073000100605,2016년 7월 30일 23시,토요일,경상북도 칠곡군 석적읍,경상사고,0,0,1,0,차대차 - 측면충돌,신호위반,건조,맑음,교차로 - 교차로안,승용,남,23세,상해없음,승용,여,25세,경상
2016073100100018,2016년 7월 31일 00시,일요일,경상북도 포항시 남구 해도동,중상사고,0,2,0,0,차대차 - 측면충돌,안전운전불이행,건조,맑음,단일로 - 기타,승용,남,35세,상해없음,승용,남,45세,중상
2016073100100033,2016년 7월 31일 01시,일요일,경상북도 안동시 정하동,경상사고,0,0,4,0,차대차 - 측면직각충돌,교차로운행방법위반,건조,맑음,교차로 - 교차로안,승용,남,29세,상해없음,승용,여,36세,경상
2016073100100034,2016년 7월 31일 01시,일요일,경상북도 김천시 농소면,중상사고,0,4,1,0,차대차 - 측면충돌,신호위반,건조,맑음,교차로 - 교차로안,승용,남,67세,경상,승용,남,42세,중상
2016073100100078,2016년 7월 31일 04시,일요일,경상북도 포항시 북구 죽도동,경상사고,0,0,2,0,차대차 - 기타,신호위반,건조,맑음,교차로 - 교차로안,승용,남,65세,경상,승용,남,63세,경상
2016073100100079,2016년 7월 31일 04시,일요일,경상북도 안동시 임하면,경상사고,0,0,1,0,차대차 - 정면충돌,안전운전불이행,건조,맑음,교차로 - 교차로부근,승용,남,69세,상해없음,화물,남,38세,경상
2016073100100108,2016년 7월 31일 07시,일요일,경상북도 경산시 와촌면,중상사고,0,1,0,0,차대차 - 측면충돌,안전운전불이행,건조,맑음,단일로 - 기타,화물,남,58세,상해없음,이륜,남,57세,중상
2016073100100126,2016년 7월 31일 08시,일요일,경상북도 안동시 북문동,경상사고,0,0,2,0,차대차 - 측면충돌,교차로운행방법위반,건조,맑음,교차로 - 교차로안,승용,남,50세,경상,승용,여,30세,경상
2016073100100127,2016년 7월 31일 08시,일요일,경상북도 구미시 선산읍,부상신고사고,0,0,0,1,차대차 - 측면충돌,교차로운행방법위반,건조,맑음,교차로 - 교차로안,화물,여,62세,부상신고,화물,남,77세,상해없음
2016073100100143,2016년 7월 31일 09시,일요일,경상북도 영주시 하망동,경상사고,0,0,1,0,차대차 - 추돌,안전운전불이행,건조,맑음,단일로 - 기타,승용,여,53세,상해없음,승용,여,39세,경상
2016073100100174,2016년 7월 31일 10시,일요일,경상북도 경주시 탑동,경상사고,0,0,3,0,차대차 - 측면충돌,안전운전불이행,건조,맑음,교차로 - 교차로안,승용,남,59세,상해없음,화물,남,37세,경상
2016073100100175,2016년 7월 31일 10시,일요일,경상북도 고령군 덕곡면,경상사고,0,0,1,0,차대차 - 측면직각충돌,안전운전불이행,건조,맑음,단일로 - 기타,승용,남,50세,상해없음,승용,남,65세,경상
2016073100100209,2016년 7월 31일 11시,일요일,경상북도 영덕군 영덕읍,경상사고,0,0,1,0,차대차 - 측면충돌,교차로운행방법위반,건조,맑음,교차로 - 교차로안,승용,남,51세,상해없음,이륜,남,27세,경상
2016073100100210,2016년 7월 31일 11시,일요일,경상북도 봉화군 봉화읍,경상사고,0,0,1,0,차대차 - 기타,안전운전불이행,건조,맑음,단일로 - 기타,화물,남,58세,상해없음,승용,남,37세,상해없음
2016073100100230,2016년 7월 31일 12시,일요일,경상북도 군위군 부계면,중상사고,0,1,2,0,차대차 - 기타,교차로운행방법위반,건조,맑음,교차로 - 교차로안,승용,여,55세,상해없음,승용,여,44세,중상
2016073100100231,2016년 7월 31일 12시,일요일,경상북도 구미시 형곡동,중상사고,0,1,0,0,차량단독 - 전도전복,안전운전불이행,건조,맑음,단일로 - 기타,자전거,남,17세,중상,,,,
2016073100100295,2016년 7월 31일 14시,일요일,경상북도 구미시 비산동,중상사고,0,1,0,0,차량단독 - 전도전복,안전운전불이행,건조,맑음,교차로 - 교차로부근,자전거,남,54세,중상,,,,
2016073100100296,2016년 7월 31일 14시,일요일,경상북도 구미시 옥성면,경상사고,0,0,2,0,차대차 - 측면직각충돌,안전운전불이행,건조,맑음,단일로 - 기타,승용,기타불명,기타불명,기타불명,승용,여,29세,경상
2016073100100356,2016년 7월 31일 16시,일요일,경상북도 칠곡군 석적읍,경상사고,0,0,4,1,차대차 - 정면충돌,신호위반,건조,맑음,교차로 - 교차로안,승용,남,38세,부상신고,승용,남,41세,경상
2016073100100357,2016년 7월 31일 16시,일요일,경상북도 구미시 해평면,중상사고,0,1,0,0,차대차 - 추돌,안전운전불이행,건조,맑음,교차로 - 교차로부근,승용,여,36세,상해없음,승용,여,41세,중상
2016073100100358,2016년 7월 31일 16시,일요일,경상북도 포항시 남구 해도동,경상사고,0,0,1,0,차대사람 - 횡단중,안전운전불이행,건조,맑음,단일로 - 기타,자전거,남,11세,상해없음,보행자,남,77세,경상
2016073100100411,2016년 7월 31일 18시,일요일,경상북도 포항시 북구 죽도동,경상사고,0,0,1,0,차대차 - 기타,안전운전불이행,건조,맑음,교차로 - 교차로안,승용,남,71세,상해없음,자전거,여,21세,경상
2016073100100412,2016년 7월 31일 18시,일요일,경상북도 경산시 중방동,경상사고,0,0,2,0,차대차 - 추돌,안전운전불이행,습기,비,단일로 - 기타,승용,여,29세,상해없음,승용,남,52세,상해없음
2016073100100468,2016년 7월 31일 20시,일요일,경상북도 포항시 북구 항구동,경상사고,0,0,2,0,차대차 - 추돌,안전운전불이행,건조,맑음,교차로 - 교차로부근,승용,남,57세,상해없음,승용,여,35세,경상
2016073100100493,2016년 7월 31일 21시,일요일,경상북도 경주시 천북면,중상사고,0,2,0,0,차대차 - 측면충돌,교차로운행방법위반,건조,흐림,교차로 - 교차로안,승용,여,60세,중상,승용,여,64세,중상
2016073100100494,2016년 7월 31일 21시,일요일,경상북도 구미시 공단동,경상사고,0,0,1,0,차대차 - 추돌,안전운전불이행,기타,기타,교차로 - 교차로안,승용,남,27세,상해없음,승용,여,49세,경상
2016073100100516,2016년 7월 31일 22시,일요일,경상북도 경주시 동방동,중상사고,0,1,2,0,차대차 - 추돌,안전운전불이행,습기,비,교차로 - 교차로부근,승용,남,53세,중상,승용,남,55세,경상
2016073100100517,2016년 7월 31일 22시,일요일,경상북도 포항시 북구 항구동,경상사고,0,0,1,0,차대사람 - 횡단중,안전운전불이행,건조,맑음,교차로 - 교차로안,승용,여,55세,상해없음,보행자,남,44세,경상
2016073100100518,2016년 7월 31일 22시,일요일,경상북도 문경시 가은읍,중상사고,0,1,1,0,차량단독 - 공작물충돌,안전운전불이행,건조,맑음,단일로 - 기타,승용,남,43세,경상,,,,
2016073100100538,2016년 7월 31일 23시,일요일,경상북도 경주시 석장동,경상사고,0,0,1,0,차대차 - 측면충돌,안전운전불이행,건조,맑음,교차로 - 교차로안,화물,남,24세,상해없음,승용,남,64세,경상
2016073100100539,2016년 7월 31일 23시,일요일,경상북도 포항시 북구 용흥동,경상사고,0,0,1,0,차대차 - 측면충돌,안전거리미확보,건조,맑음,단일로 - 기타,승용,남,58세,상해없음,이륜,남,24세,경상
2016073100100540,2016년 7월 31일 23시,일요일,경상북도 구미시 공단동,경상사고,0,0,1,0,차대차 - 측면충돌,신호위반,건조,맑음,교차로 - 교차로안,승용,남,34세,상해없음,승용,남,30세,경상
2016080100100012,2016년 8월 1일 00시,월요일,경상북도 구미시 진평동,경상사고,0,0,3,0,차대차 - 정면충돌,안전운전불이행,건조,맑음,교차로 - 교차로부근,승용,남,27세,기타불명,승용,남,22세,경상
2016080100100021,2016년 8월 1일 01시,월요일,경상북도 영천시 북안면,경상사고,0,0,1,0,차대차 - 추돌,안전운전불이행,건조,맑음,단일로 - 기타,승용,남,26세,상해없음,승용,여,25세,경상
2016080100100067,2016년 8월 1일 07시,월요일,경상북도 포항시 남구 괴동동,중상사고,0,1,0,0,차대차 - 기타,안전거리미확보,건조,맑음,단일로 - 기타,승용,남,34세,상해없음,이륜,남,46세,중상
2016080100100087,2016년 8월 1일 08시,월요일,경상북도 경주시 성건동,경상사고,0,0,1,0,차대차 - 측면직각충돌,기타,건조,맑음,교차로 - 교차로안,원동기,남,82세,경상,승용,여,65세,상해없음
2016080100100088,2016년 8월 1일 08시,월요일,경상북도 구미시 인의동,경상사고,0,0,1,0,차대차 - 기타,안전운전불이행,건조,맑음,단일로 - 기타,자전거,여,57세,경상,승용,여,44세,상해없음
2016080100100125,2016년 8월 1일 09시,월요일,경상북도 의성군 의성읍,중상사고,0,1,0,0,차대사람 - 횡단중,안전운전불이행,건조,맑음,단일로 - 횡단보도상,화물,남,47세,상해없음,보행자,여,10세,중상
2016080100100126,2016년 8월 1일 09시,월요일,경상북도 영덕군 영덕읍,경상사고,0,0,4,0,차대차 - 정면충돌,중앙선침범,건조,맑음,단일로 - 기타,승용,여,61세,상해없음,승용,남,50세,경상
2016080100100156,2016년 8월 1일 10시,월요일,경상북도 영천시 화북면,경상사고,0,0,1,0,차대차 - 정면충돌,중앙선침범,건조,맑음,단일로 - 기타,승용,남,45세,상해없음,승용,여,53세,경상
2016080100100157,2016년 8월 1일 10시,월요일,경상북도 영천시 청통면,경상사고,0,0,2,0,차대차 - 측면직각충돌,안전운전불이행,건조,맑음,교차로 - 교차로안,승용,여,56세,상해없음,승합,여,57세,경상
2016080100100158,2016년 8월 1일 10시,월요일,경상북도 성주군 대가면,사망사고,1,0,0,0,차량단독 - 공작물충돌,안전운전불이행,건조,맑음,단일로 - 기타,승용,남,52세,사망,,,,
2016080100100198,2016년 8월 1일 11시,월요일,경상북도 영천시 화산면,경상사고,0,0,1,0,차대차 - 측면충돌,교차로운행방법위반,건조,맑음,교차로 - 교차로안,승용,남,73세,상해없음,농기계,남,67세,경상
2016080100100199,2016년 8월 1일 11시,월요일,경상북도 예천군 예천읍,경상사고,0,0,1,0,차대차 - 측면충돌,안전운전불이행,건조,맑음,단일로 - 기타,승용,남,72세,상해없음,이륜,남,83세,경상
2016080100100200,2016년 8월 1일 11시,월요일,경상북도 구미시 원평동,중상사고,0,1,1,0,차대차 - 추돌,안전거리미확보,건조,맑음,단일로 - 기타,승용,여,42세,상해없음,승용,남,55세,중상
2016080100100201,2016년 8월 1일 11시,월요일,경상북도 포항시 남구 해도동,중상사고,0,1,0,0,차대차 - 기타,직진우회전진행방해,건조,맑음,교차로 - 교차로안,자전거,여,56세,중상,승용,여,53세,상해없음
2016080100100230,2016년 8월 1일 12시,월요일,경상북도 포항시 북구 기계면,경상사고,0,0,1,0,차대차 - 기타,안전운전불이행,건조,맑음,기타 - 기타,승용,여,62세,상해없음,승용,남,32세,경상
2016080100100231,2016년 8월 1일 12시,월요일,경상북도 의성군 안계면,중상사고,0,1,1,0,차대차 - 측면충돌,안전운전불이행,건조,맑음,교차로 - 교차로부근,승용,남,38세,상해없음,화물,남,77세,중상
2016080100100263,2016년 8월 1일 13시,월요일,경상북도 경주시 강동면,경상사고,0,0,3,0,차대차 - 추돌,안전운전불이행,건조,맑음,교차로 - 교차로부근,특수,남,51세,상해없음,승용,여,47세,경상
2016080100100264,2016년 8월 1일 13시,월요일,경상북도 상주시 은척면,중상사고,0,1,0,0,차대사람 - 차도통행중,안전운전불이행,건조,맑음,단일로 - 기타,승용,남,42세,상해없음,보행자,여,76세,중상
2016080100100266,2016년 8월 1일 13시,월요일,경상북도 고령군 대가야읍,중상사고,0,1,0,0,차대차 - 측면직각충돌,안전운전불이행,건조,맑음,단일로 - 기타,화물,여,61세,상해없음,원동기,여,73세,중상
2016080100100267,2016년 8월 1일 13시,월요일,경상북도 구미시 도량동,중상사고,0,1,0,0,차대사람 - 횡단중,안전운전불이행,건조,맑음,교차로 - 교차로부근,승용,남,43세,상해없음,보행자,남,66세,중상
2016080100100268,2016년 8월 1일 13시,월요일,경상북도 구미시 사곡동,부상신고사고,0,0,0,1,차량단독 - 전도전복,안전운전불이행,기타,맑음,교차로 - 교차로안,이륜,남,18세,부상신고,,,,
2016080100100303,2016년 8월 1일 14시,월요일,경상북도 영천시 화북면,중상사고,0,3,6,1,차량단독 - 전도전복,안전운전불이행,건조,맑음,단일로 - 기타,승합,남,54세,경상,,,,
2016080100100304,2016년 8월 1일 14시,월요일,경상북도 경산시 대평동,경상사고,0,0,3,0,차대차 - 추돌,안전운전불이행,건조,맑음,기타 - 기타,승용,남,50세,상해없음,승용,여,39세,경상
2016080100100335,2016년 8월 1일 15시,월요일,경상북도 포항시 북구 항구동,경상사고,0,0,2,0,차대차 - 추돌,안전운전불이행,건조,맑음,단일로 - 기타,승용,남,30세,상해없음,승용,남,35세,경상
2016080100100336,2016년 8월 1일 15시,월요일,경상북도 성주군 대가면,경상사고,0,0,3,0,차대차 - 측면충돌,안전운전불이행,건조,맑음,교차로 - 교차로안,승용,여,40세,상해없음,승용,여,39세,경상
2016080100100337,2016년 8월 1일 15시,월요일,경상북도 포항시 남구 해도동,경상사고,0,0,1,0,차대사람 - 보도통행중,안전운전불이행,건조,맑음,단일로 - 기타,승용,기타불명,기타불명,기타불명,보행자,여,78세,경상
2016080100100338,2016년 8월 1일 15시,월요일,경상북도 포항시 남구 효자동,중상사고,0,1,0,0,차대사람 - 횡단중,안전운전불이행,건조,맑음,단일로 - 기타,승용,여,58세,상해없음,보행자,남,9세,중상
2016080100100339,2016년 8월 1일 15시,월요일,경상북도 포항시 남구 인덕동,경상사고,0,0,1,0,차대차 - 추돌,안전운전불이행,건조,맑음,교차로 - 교차로부근,승용,남,50세,상해없음,승용,여,51세,경상
2016080100100380,2016년 8월 1일 16시,월요일,경상북도 경주시 구황동,경상사고,0,0,2,0,차대차 - 추돌,안전운전불이행,건조,맑음,교차로 - 교차로부근,승용,남,38세,상해없음,승용,남,26세,경상
2016080100100381,2016년 8월 1일 16시,월요일,경상북도 안동시 풍산읍,중상사고,0,1,4,0,차대차 - 정면충돌,안전거리미확보,건조,맑음,단일로 - 기타,승합,남,43세,상해없음,승합,남,44세,상해없음
2016080100100382,2016년 8월 1일 16시,월요일,경상북도 안동시 운흥동,경상사고,0,0,1,0,차대차 - 측면직각충돌,안전운전불이행,건조,맑음,교차로 - 교차로안,승용,남,67세,상해없음,이륜,남,25세,경상
2016080100100383,2016년 8월 1일 16시,월요일,경상북도 구미시 광평동,중상사고,0,1,0,0,차대차 - 측면충돌,신호위반,건조,맑음,교차로 - 교차로안,승용,남,65세,상해없음,승용,여,44세,중상
2016080100100422,2016년 8월 1일 17시,월요일,경상북도 포항시 북구 대신동,경상사고,0,0,1,0,차대차 - 측면충돌,안전운전불이행,건조,맑음,단일로 - 기타,승용,남,60세,상해없음,승용,여,53세,경상
2016080100100423,2016년 8월 1일 17시,월요일,경상북도 김천시 대항면,경상사고,0,0,1,0,차량단독 - 전도전복,안전운전불이행,건조,맑음,단일로 - 기타,이륜,남,57세,경상,,,,
2016080100100424,2016년 8월 1일 17시,월요일,경상북도 영주시 상망동,중상사고,0,1,0,0,차대차 - 추돌,안전운전불이행,건조,맑음,단일로 - 기타,화물,남,52세,상해없음,승용,남,57세,중상
2016080100100425,2016년 8월 1일 17시,월요일,경상북도 영주시 영주동,중상사고,0,1,0,0,차대차 - 측면충돌,안전운전불이행,건조,맑음,교차로 - 교차로안,승용,여,40세,상해없음,원동기,남,74세,중상
2016080100100426,2016년 8월 1일 17시,월요일,경상북도 칠곡군 북삼읍,중상사고,0,1,0,0,차대사람 - 기타,안전운전불이행,건조,맑음,단일로 - 기타,승용,여,68세,상해없음,보행자,남,72세,중상