사고번호,사고일시,요일,시군구,사고내용,사망자수,중상자수,경상자수,부상신고자수,사고유형,법규위반,노면상태,기상상태,도로형태,가해운전자 차종,가해운전자 성별,가해운전자 연령,가해운전자 상해정도,피해운전자 차종,피해운전자 성별,피해운전자 연령,피해운전자 상해정도
2016080500100183,2016년 8월 5일 10시,금요일,경상북도 울진군 평해읍,중상사고,0,1,0,0,차대차 - 측면충돌,안전운전불이행,건조,맑음,단일로 - 기타,승용,여,46세,상해없음,원동기,남,60세,중상
2016080500100206,2016년 8월 5일 11시,금요일,경상북도 영양군 일월면,경상사고,0,0,1,0,차대차 - 정면충돌,교차로운행방법위반,건조,맑음,교차로 - 교차로안,승용,여,66세,경상,화물,남,76세,상해없음
2016080500100246,2016년 8월 5일 12시,금요일,경상북도 영주시 상망동,경상사고,0,0,4,0,차대차 - 추돌,안전운전불이행,건조,맑음,교차로 - 교차로부근,승용,남,49세,상해없음,승용,여,43세,경상
2016080500100247,2016년 8월 5일 12시,금요일,경상북도 구미시 고아읍,경상사고,0,0,1,0,차대차 - 측면충돌,안전거리미확보,건조,맑음,단일로 - 기타,승합,남,37세,상해없음,화물,남,53세,상해없음
2016080500100273,2016년 8월 5일 13시,금요일,경상북도 구미시 장천면,중상사고,0,1,0,0,차대차 - 기타,중앙선침범,건조,맑음,단일로 - 기타,이륜,남,72세,중상,화물,남,40세,상해없음
2016080500100301,2016년 8월 5일 14시,금요일,경상북도 칠곡군 가산면,경상사고,0,0,2,0,차대차 - 정면충돌,중앙선침범,건조,맑음,단일로 - 기타,승용,여,46세,상해없음,화물,남,50세,경상
2016080500100302,2016년 8월 5일 14시,금요일,경상북도 구미시 송정동,경상사고,0,0,1,0,차대사람 - 횡단중,안전운전불이행,건조,맑음,단일로 - 기타,화물,남,28세,상해없음,보행자,남,18세,경상
2016080500100341,2016년 8월 5일 15시,금요일,경상북도 영주시 영주동,중상사고,0,1,0,0,차대차 - 측면충돌,안전운전불이행,건조,맑음,단일로 - 기타,승용,남,76세,상해없음,자전거,남,56세,중상
2016080500100342,2016년 8월 5일 15시,금요일,경상북도 예천군 풍양면,경상사고,0,0,1,0,차대사람 - 기타,안전운전불이행,건조,맑음,교차로 - 교차로안,승용,남,53세,상해없음,보행자,남,33세,경상
2016080500100343,2016년 8월 5일 15시,금요일,경상북도 포항시 남구 송도동,중상사고,0,1,0,0,차대차 - 기타,안전운전불이행,건조,맑음,교차로 - 교차로안,승용,남,65세,상해없음,자전거,여,75세,중상
2016080500100374,2016년 8월 5일 16시,금요일,경상북도 경산시 중방동,경상사고,0,0,1,0,차대차 - 정면충돌,안전운전불이행,건조,맑음,교차로 - 교차로안,승용,남,62세,상해없음,자전거,여,18세,경상
2016080500100408,2016년 8월 5일 17시,금요일,경상북도 안동시 풍산읍,중상사고,0,1,0,0,차량단독 - 전도전복,안전운전불이행,건조,맑음,단일로 - 기타,원동기,남,72세,중상,,,,
2016080500100409,2016년 8월 5일 17시,금요일,경상북도 영천시 봉동,경상사고,0,0,1,0,차대차 - 정면충돌,교차로운행방법위반,건조,맑음,교차로 - 교차로안,승용,남,45세,상해없음,승용,여,40세,경상
2016080500100410,2016년 8월 5일 17시,금요일,경상북도 문경시 흥덕동,경상사고,0,0,1,0,차대차 - 기타,안전운전불이행,건조,맑음,단일로 - 기타,승용,남,36세,기타불명,원동기,남,17세,경상
2016080500100455,2016년 8월 5일 18시,금요일,경상북도 구미시 옥계동,경상사고,0,0,1,0,차대차 - 기타,안전운전불이행,건조,맑음,단일로 - 기타,승용,남,53세,기타불명,승용,남,36세,경상
2016080500100456,2016년 8월 5일 18시,금요일,경상북도 구미시 공단동,중상사고,0,2,1,0,차대차 - 측면충돌,안전운전불이행,건조,맑음,교차로 - 교차로부근,승용,남,36세,경상,승용,여,40세,중상
2016080500100553,2016년 8월 5일 21시,금요일,경상북도 김천시 농소면,경상사고,0,0,1,0,차량단독 - 전도전복,안전운전불이행,건조,맑음,단일로 - 기타,이륜,남,52세,경상,,,,
2016080500100554,2016년 8월 5일 21시,금요일,경상북도 영천시 완산동,경상사고,0,0,1,0,차대차 - 측면직각충돌,중앙선침범,건조,맑음,단일로 - 기타,승용,남,52세,상해없음,승용,남,24세,경상
2016080500100575,2016년 8월 5일 22시,금요일,경상북도 경주시 현곡면,중상사고,0,1,0,0,차량단독 - 전도전복,안전운전불이행,건조,맑음,단일로 - 기타,승용,남,46세,상해없음,,,,
2016080600100032,2016년 8월 6일 01시,토요일,경상북도 안동시 옥동,경상사고,0,0,2,0,차대차 - 정면충돌,안전운전불이행,건조,맑음,교차로 - 교차로안,승용,남,29세,경상,승용,남,56세,경상
2016080600100044,2016년 8월 6일 02시,토요일,경상북도 영천시 야사동,경상사고,0,0,1,0,차대사람 - 횡단중,보행자보호의무위반,건조,맑음,단일로 - 횡단보도상,승용,남,49세,상해없음,보행자,남,44세,경상
2016080600100086,2016년 8월 6일 06시,토요일,경상북도 안동시 풍산읍,중상사고,0,1,0,0,차대사람 - 길가장자리구역통행중,안전운전불이행,건조,맑음,단일로 - 기타,화물,남,66세,상해없음,보행자,여,69세,중상
2016080600100087,2016년 8월 6일 06시,토요일,경상북도 상주시 화북면,경상사고,0,0,1,0,차대사람 - 횡단중,안전운전불이행,건조,맑음,단일로 - 기타,승용,남,33세,상해없음,보행자,남,3세,경상
2016080600100088,2016년 8월 6일 06시,토요일,경상북도 구미시 공단동,중상사고,0,3,0,0,차대차 - 측면충돌,안전운전불이행,건조,흐림,단일로 - 기타,승용,남,55세,중상,승용,남,44세,중상
2016080600100130,2016년 8월 6일 09시,토요일,경상북도 영주시 가흥동,경상사고,0,0,3,0,차대차 - 정면충돌,안전운전불이행,건조,맑음,단일로 - 기타,승용,남,45세,상해없음,승용,여,33세,경상
2016080600100131,2016년 8월 6일 09시,토요일,경상북도 영천시 작산동,경상사고,0,0,2,0,차대차 - 측면충돌,안전운전불이행,건조,맑음,단일로 - 기타,화물,남,59세,상해없음,승용,남,25세,경상
2016080600100157,2016년 8월 6일 10시,토요일,경상북도 안동시 상아동,경상사고,0,0,2,0,차대차 - 정면충돌,중앙선침범,건조,맑음,단일로 - 기타,화물,남,60세,상해없음,승용,남,64세,경상
2016080600100158,2016년 8월 6일 10시,토요일,경상북도 칠곡군 북삼읍,중상사고,0,1,0,0,차대사람 - 기타,안전운전불이행,건조,맑음,교차로 - 교차로부근,승용,여,67세,상해없음,보행자,여,22세,중상
2016080600100197,2016년 8월 6일 11시,토요일,경상북도 영주시 평은면,중상사고,0,1,3,0,차대차 - 측면충돌,중앙선침범,건조,맑음,단일로 - 기타,승용,남,45세,상해없음,승용,여,60세,중상
2016080600100227,2016년 8월 6일 12시,토요일,경상북도 포항시 북구 항구동,경상사고,0,0,1,0,차대차 - 정면충돌,교차로운행방법위반,건조,맑음,교차로 - 교차로안,승용,여,49세,상해없음,이륜,남,34세,경상
2016080600100228,2016년 8월 6일 12시,토요일,경상북도 칠곡군 가산면,부상신고사고,0,0,0,1,차대차 - 기타,안전운전불이행,건조,맑음,단일로 - 기타,농기계,남,75세,부상신고,승용,기타불명,기타불명,기타불명
2016080600100229,2016년 8월 6일 12시,토요일,경상북도 영천시 망정동,경상사고,0,0,3,0,차대차 - 측면직각충돌,신호위반,건조,맑음,교차로 - 교차로안,승합,남,36세,상해없음,승용,남,36세,상해없음
2016080600100230,2016년 8월 6일 12시,토요일,경상북도 영천시 신령면,경상사고,0,0,1,0,차대차 - 기타,중앙선침범,건조,맑음,단일로 - 기타,승용,남,51세,상해없음,원동기,남,72세,경상
2016080600100231,2016년 8월 6일 12시,토요일,경상북도 영양군 입암면,중상사고,0,2,1,0,차대차 - 측면직각충돌,기타,건조,맑음,교차로 - 교차로안,승용,남,72세,중상,화물,남,72세,중상
2016080600100262,2016년 8월 6일 13시,토요일,경상북도 포항시 북구 기북면,중상사고,0,1,0,0,차량단독 - 전도전복,안전운전불이행,건조,맑음,단일로 - 기타,승용,남,36세,상해없음,,,,
2016080600100295,2016년 8월 6일 14시,토요일,경상북도 영주시 가흥동,경상사고,0,0,1,0,차대차 - 측면충돌,안전운전불이행,건조,맑음,교차로 - 교차로안,승용,여,46세,경상,승용,남,38세,상해없음
2016080600100296,2016년 8월 6일 14시,토요일,경상북도 봉화군 봉화읍,경상사고,0,0,1,0,차대차 - 기타,안전운전불이행,건조,맑음,기타 - 기타,승용,남,54세,상해없음,이륜,남,16세,경상
2016080600100331,2016년 8월 6일 15시,토요일,경상북도 경주시 황오동,경상사고,0,0,1,0,차대사람 - 차도통행중,안전운전불이행,건조,맑음,단일로 - 기타,승용,여,36세,상해없음,보행자,남,25세,경상
2016080600100362,2016년 8월 6일 16시,토요일,경상북도 울진군 기성면,경상사고,0,0,1,0,차량단독 - 전도전복,안전운전불이행,건조,맑음,단일로 - 기타,승용,여,36세,경상,,,,
2016080600100363,2016년 8월 6일 16시,토요일,경상북도 포항시 남구 송도동,중상사고,0,1,0,0,차대차 - 기타,안전운전불이행,건조,맑음,교차로 - 교차로부근,승용,남,31세,상해없음,이륜,남,27세,중상
2016080600100387,2016년 8월 6일 17시,토요일,경상북도 안동시 옥동,중상사고,0,1,0,0,차대차 - 추돌,안전운전불이행,건조,맑음,교차로 - 교차로부근,승용,여,59세,상해없음,승용,남,54세,중상
2016080600100388,2016년 8월 6일 17시,토요일,경상북도 영덕군 영덕읍,경상사고,0,0,1,0,차대차 - 기타,안전운전불이행,건조,맑음,단일로 - 기타,승용,남,56세,기타불명,자전거,남,15세,경상
2016080600100389,2016년 8월 6일 17시,토요일,경상북도 성주군 가천면,부상신고사고,0,0,0,1,차대사람 - 길가장자리구역통행중,안전운전불이행,건조,맑음,단일로 - 기타,화물,남,25세,상해없음,보행자,남,19세,부상신고
2016080600100390,2016년 8월 6일 17시,토요일,경상북도 포항시 남구 해도동,경상사고,0,0,1,0,차대차 - 추돌,안전운전불이행,건조,맑음,교차로 - 교차로부근,승용,남,45세,상해없음,승용,여,53세,상해없음
2016080600100410,2016년 8월 6일 18시,토요일,경상북도 경산시 압량면,중상사고,0,2,2,0,차대차 - 추돌,안전운전불이행,건조,맑음,단일로 - 기타,승용,남,57세,경상,승용,남,36세,중상
2016080600100411,2016년 8월 6일 18시,토요일,경상북도 포항시 남구 장기면,중상사고,0,1,0,0,차대차 - 기타,직진우회전진행방해,건조,맑음,교차로 - 교차로안,이륜,남,79세,중상,승용,남,50세,상해없음
2016080600100438,2016년 8월 6일 19시,토요일,경상북도 안동시 송현동,중상사고,0,1,0,0,차대사람 - 횡단중,신호위반,건조,맑음,교차로 - 교차로안,화물,여,58세,상해없음,보행자,여,45세,중상
2016080600100439,2016년 8월 6일 19시,토요일,경상북도 안동시 화성동,중상사고,0,2,2,0,차대차 - 정면충돌,안전운전불이행,건조,맑음,교차로 - 교차로안,화물,남,38세,상해없음,승용,남,68세,경상
2016080600100440,2016년 8월 6일 19시,토요일,경상북도 영덕군 병곡면,경상사고,0,0,1,0,차대사람 - 기타,기타,건조,맑음,단일로 - 기타,승용,여,43세,상해없음,보행자,남,59세,경상
2016080600100441,2016년 8월 6일 19시,토요일,경상북도 울진군 북면,경상사고,0,0,1,0,차대차 - 측면직각충돌,교차로운행방법위반,건조,맑음,교차로 - 교차로안,승용,남,60세,상해없음,승용,남,69세,경상
2016080600100442,2016년 8월 6일 19시,토요일,경상북도 포항시 남구 구룡포읍,경상사고,0,0,1,0,차대차 - 측면직각충돌,안전운전불이행,건조,맑음,단일로 - 기타,승용,남,56세,상해없음,이륜,남,21세,경상
2016080600100472,2016년 8월 6일 20시,토요일,경상북도 울진군 후포면,경상사고,0,0,1,0,차대차 - 측면직각충돌,안전운전불이행,건조,맑음,단일로 - 기타,기타불명,기타불명,기타불명,기타불명,승용,남,50세,경상
2016080600100511,2016년 8월 6일 21시,토요일,경상북도 안동시 남문동,경상사고,0,0,1,0,차대차 - 측면충돌,교차로운행방법위반,건조,맑음,교차로 - 교차로안,승용,여,50세,상해없음,원동기,남,73세,경상
2016080600100532,2016년 8월 6일 22시,토요일,경상북도 경산시 조영동,경상사고,0,0,1,0,차대차 - 측면충돌,안전운전불이행,건조,맑음,단일로 - 기타,승용,남,20세,상해없음,승용,남,42세,경상
2016080600100533,2016년 8월 6일 22시,토요일,경상북도 구미시 구포동,경상사고,0,0,2,0,차대사람 - 보도통행중,기타,건조,맑음,단일로 - 교량,이륜,남,51세,경상,보행자,남,16세,경상
2016080600100550,2016년 8월 6일 23시,토요일,경상북도 포항시 북구 장성동,경상사고,0,0,2,0,차대차 - 측면충돌,신호위반,건조,맑음,교차로 - 교차로안,승용,남,49세,상해없음,승용,남,58세,경상
2016080600100551,2016년 8월 6일 23시,토요일,경상북도 고령군 쌍림면,경상사고,0,0,1,0,차대차 - 측면직각충돌,안전운전불이행,건조,맑음,단일로 - 기타,승용,남,20세,상해없음,승용,남,41세,경상
2016080700100008,2016년 8월 7일 00시,일요일,경상북도 경주시 동천동,중상사고,0,1,1,0,차대차 - 측면직각충돌,안전운전불이행,건조,맑음,교차로 - 교차로안,승용,남,34세,경상,승용,남,50세,중상
2016080700100009,2016년 8월 7일 00시,일요일,경상북도 경산시 하양읍,경상사고,0,0,4,0,차대차 - 정면충돌,안전운전불이행,건조,맑음,교차로 - 교차로부근,승용,남,46세,상해없음,승용,남,18세,경상
2016080700100026,2016년 8월 7일 01시,일요일,경상북도 포항시 북구 송라면,경상사고,0,0,1,0,차량단독 - 전도전복,안전운전불이행,건조,맑음,교차로 - 교차로부근,이륜,남,62세,경상,,,,
2016080700100060,2016년 8월 7일 05시,일요일,경상북도 상주시 성하동,중상사고,0,1,0,0,차대차 - 측면충돌,교차로운행방법위반,건조,맑음,교차로 - 교차로안,승용,여,47세,상해없음,승용,여,54세,중상
2016080700100099,2016년 8월 7일 09시,일요일,경상북도 경주시 구황동,중상사고,0,1,1,0,차대차 - 정면충돌,중앙선침범,건조,맑음,단일로 - 기타,승용,여,33세,경상,승용,남,22세,중상
2016080700100100,2016년 8월 7일 09시,일요일,경상북도 경산시 하양읍,경상사고,0,0,1,0,차대차 - 정면충돌,신호위반,건조,맑음,교차로 - 교차로안,승용,남,23세,상해없음,승용,남,24세,경상
2016080700100101,2016년 8월 7일 09시,일요일,경상북도 김천시 삼락동,경상사고,0,0,3,0,차대차 - 추돌,안전운전불이행,건조,맑음,단일로 - 기타,승용,남,42세,상해없음,승용,남,31세,경상
2016080700100122,2016년 8월 7일 10시,일요일,경상북도 의성군 봉양면,경상사고,0,0,1,0,차대차 - 측면직각충돌,차로위반,건조,맑음,단일로 - 기타,승용,남,58세,상해없음,승용,남,53세,경상
2016080700100123,2016년 8월 7일 10시,일요일,경상북도 구미시 오태동,경상사고,0,0,2,0,차대차 - 추돌,안전운전불이행,건조,맑음,교차로 - 교차로부근,화물,남,60세,상해없음,승용,남,34세,경상
2016080700100138,2016년 8월 7일 11시,일요일,경상북도 의성군 봉양면,중상사고,0,1,0,0,차대차 - 측면충돌,안전운전불이행,건조,맑음,교차로 - 교차로안,승용,남,43세,상해없음,승용,여,60세,중상
2016080700100139,2016년 8월 7일 11시,일요일,경상북도 구미시 구포동,중상사고,0,1,2,0,차대차 - 측면충돌,신호위반,건조,맑음,교차로 - 교차로안,승용,여,36세,기타불명,승용,여,39세,중상
2016080700100159,2016년 8월 7일 12시,일요일,경상북도 안동시 수상동,중상사고,0,1,0,0,차량단독 - 전도전복,안전운전불이행,건조,맑음,교차로 - 교차로안,이륜,남,20세,중상,,,,
2016080700100183,2016년 8월 7일 13시,일요일,경상북도 포항시 북구 죽도동,경상사고,0,0,1,0,차대차 - 기타,안전운전불이행,건조,맑음,단일로 - 기타,승용,여,22세,상해없음,자전거,남,57세,경상
2016080700100184,2016년 8월 7일 13시,일요일,경상북도 안동시 태화동,경상사고,0,0,3,0,차대차 - 정면충돌,안전운전불이행,건조,맑음,교차로 - 교차로안,승용,남,38세,상해없음,승용,남,57세,경상
2016080700100185,2016년 8월 7일 13시,일요일,경상북도 경산시 계양동,중상사고,0,1,0,0,차대차 - 기타,안전운전불이행,건조,맑음,교차로 - 교차로안,승용,남,49세,상해없음,승용,남,35세,상해없음
2016080700100186,2016년 8월 7일 13시,일요일,경상북도 청송군 현서면,경상사고,0,0,2,0,차대차 - 측면직각충돌,교차로운행방법위반,건조,맑음,교차로 - 교차로안,승용,남,34세,상해없음,승용,여,34세,경상
2016080700100206,2016년 8월 7일 14시,일요일,경상북도 경주시 안강읍,경상사고,0,0,3,0,차대차 - 측면직각충돌,안전운전불이행,건조,맑음,단일로 - 기타,승용,여,33세,상해없음,승용,남,40세,경상
2016080700100207,2016년 8월 7일 14시,일요일,경상북도 청도군 운문면,경상사고,0,0,2,0,차대차 - 추돌,안전운전불이행,건조,맑음,단일로 - 기타,승용,남,37세,상해없음,승용,남,33세,경상
2016080700100208,2016년 8월 7일 14시,일요일,경상북도 울진군 근남면,경상사고,0,0,3,0,차대차 - 정면충돌,중앙선침범,습기,비,단일로 - 기타,화물,남,67세,경상,승용,남,53세,경상
2016080700100234,2016년 8월 7일 15시,일요일,경상북도 상주시 낙동면,중상사고,0,1,5,0,차대차 - 추돌,안전운전불이행,건조,맑음,단일로 - 기타,승용,남,24세,상해없음,승용,남,23세,경상
2016080700100256,2016년 8월 7일 16시,일요일,경상북도 포항시 북구 두호동,중상사고,0,1,0,0,차대차 - 측면충돌,안전운전불이행,건조,맑음,단일로 - 기타,원동기,남,68세,중상,승용,남,48세,상해없음
2016080700100287,2016년 8월 7일 17시,일요일,경상북도 의성군 의성읍,경상사고,0,0,5,0,차대차 - 측면충돌,신호위반,건조,맑음,교차로 - 교차로안,화물,남,48세,상해없음,승용,남,36세,경상
2016080700100288,2016년 8월 7일 17시,일요일,경상북도 칠곡군 가산면,경상사고,0,0,1,0,차대차 - 추돌,안전운전불이행,건조,맑음,단일로 - 기타,승용,여,58세,상해없음,승용,여,59세,경상
2016080700100289,2016년 8월 7일 17시,일요일,경상북도 청도군 청도읍,중상사고,0,1,2,0,차대차 - 추돌,안전운전불이행,건조,맑음,단일로 - 기타,승용,남,49세,상해없음,승용,남,56세,중상
2016080700100314,2016년 8월 7일 18시,일요일,경상북도 경주시 성동동,중상사고,0,1,0,0,차대사람 - 횡단중,보행자보호의무위반,건조,맑음,단일로 - 횡단보도상,승용,여,46세,상해없음,보행자,여,18세,중상
2016080700100315,2016년 8월 7일 18시,일요일,경상북도 문경시 모전동,경상사고,0,0,1,0,차대사람 - 길가장자리구역통행중,안전운전불이행,건조,맑음,단일로 - 기타,승용,남,61세,상해없음,보행자,여,81세,경상
2016080700100316,2016년 8월 7일 18시,일요일,경상북도 고령군 쌍림면,경상사고,0,0,3,0,차대차 - 측면직각충돌,안전운전불이행,건조,맑음,단일로 - 기타,승용,여,61세,상해없음,승용,여,63세,경상
2016080700100332,2016년 8월 7일 19시,일요일,경상북도 경주시 구황동,경상사고,0,0,3,0,차대차 - 측면충돌,안전운전불이행,건조,맑음,교차로 - 교차로안,승용,남,72세,경상,승용,남,30세,경상
2016080700100333,2016년 8월 7일 19시,일요일,경상북도 경산시 중방동,중상사고,0,1,1,0,차대차 - 측면직각충돌,안전운전불이행,건조,맑음,교차로 - 교차로안,승용,남,58세,상해없음,이륜,남,18세,경상
2016080700100383,2016년 8월 7일 21시,일요일,경상북도 김천시 조마면,중상사고,0,1,1,0,차대차 - 정면충돌,안전운전불이행,건조,맑음,교차로 - 교차로안,이륜,남,70세,경상,이륜,남,64세,중상
2016080800100020,2016년 8월 8일 02시,월요일,경상북도 포항시 북구 남빈동,경상사고,0,0,1,0,차대차 - 추돌,안전운전불이행,건조,맑음,단일로 - 기타,승용,남,32세,상해없음,승용,남,24세,경상
2016080800100034,2016년 8월 8일 04시,월요일,경상북도 영천시 야사동,중상사고,0,1,0,0,차대사람 - 기타,안전운전불이행,건조,맑음,단일로 - 기타,승용,남,37세,상해없음,보행자,여,68세,중상
2016080800100041,2016년 8월 8일 05시,월요일,경상북도 안동시 운흥동,경상사고,0,0,2,0,차대차 - 정면충돌,교차로운행방법위반,건조,맑음,교차로 - 교차로안,승용,남,64세,경상,화물,남,55세,경상
2016080800100066,2016년 8월 8일 07시,월요일,경상북도 예천군 예천읍,중상사고,0,1,1,0,차대차 - 측면충돌,안전운전불이행,건조,맑음,단일로 - 기타,승합,남,40세,상해없음,농기계,남,51세,경상
2016080800100067,2016년 8월 8일 07시,월요일,경상북도 울진군 울진읍,부상신고사고,0,0,0,1,차대차 - 추돌,안전운전불이행,건조,맑음,단일로 - 기타,승용,남,45세,부상신고,승용,남,55세,상해없음
2016080800100100,2016년 8월 8일 08시,월요일,경상북도 포항시 북구 송라면,중상사고,0,1,1,0,차대차 - 측면충돌,안전거리미확보,건조,맑음,단일로 - 기타,건설기계,남,32세,상해없음,승용,남,61세,경상
2016080800100101,2016년 8월 8일 08시,월요일,경상북도 안동시 용상동,경상사고,0,0,1,0,차대차 - 측면직각충돌,기타,건조,맑음,교차로 - 교차로안,자전거,여,47세,경상,승용,여,57세,상해없음
2016080800100102,2016년 8월 8일 08시,월요일,경상북도 구미시 공단동,중상사고,0,1,0,0,차대차 - 추돌,안전거리미확보,건조,맑음,교차로 - 교차로부근,승용,남,43세,상해없음,승용,여,35세,중상
2016080800100103,2016년 8월 8일 08시,월요일,경상북도 구미시 송정동,경상사고,0,0,2,0,차대차 - 추돌,안전거리미확보,건조,맑음,교차로 - 교차로부근,승용,여,47세,기타불명,승용,여,26세,경상
2016080800100145,2016년 8월 8일 09시,월요일,경상북도 포항시 북구 용흥동,경상사고,0,0,1,0,차대차 - 정면충돌,안전운전불이행,건조,맑음,단일로 - 기타,화물,남,32세,상해없음,승용,남,54세,경상
2016080800100180,2016년 8월 8일 10시,월요일,경상북도 경주시 외동읍,중상사고,0,1,1,0,차대차 - 측면충돌,교차로운행방법위반,건조,맑음,교차로 - 교차로안,화물,남,68세,경상,승용,남,65세,상해없음
2016080800100181,2016년 8월 8일 10시,월요일,경상북도 의성군 안계면,중상사고,0,1,0,0,차대차 - 측면충돌,안전운전불이행,건조,맑음,단일로 - 기타,화물,여,49세,상해없음,이륜,남,73세,중상
2016080800100182,2016년 8월 8일 10시,월요일,경상북도 칠곡군 왜관읍,경상사고,0,0,2,0,차대차 - 측면충돌,교차로운행방법위반,건조,맑음,교차로 - 교차로안,승용,여,32세,경상,승용,여,38세,경상
2016080800100217,2016년 8월 8일 11시,월요일,경상북도 경주시 황성동,경상사고,0,0,1,0,차대사람 - 횡단중,보행자보호의무위반,건조,맑음,교차로 - 교차로부근,승용,여,41세,상해없음,보행자,남,8세,경상
2016080800100218,2016년 8월 8일 11시,월요일,경상북도 영주시 휴천동,경상사고,0,0,1,0,차대사람 - 차도통행중,안전운전불이행,건조,맑음,기타 - 기타,승용,남,28세,상해없음,보행자,남,11세,경상
2016080800100219,2016년 8월 8일 11시,월요일,경상북도 영주시 휴천동,경상사고,0,0,1,0,차대차 - 측면충돌,안전운전불이행,건조,맑음,교차로 - 교차로안,승용,남,37세,상해없음,승용,남,51세,경상
2016080800100220,2016년 8월 8일 11시,월요일,경상북도 영주시 풍기읍,경상사고,0,0,2,0,차대차 - 측면충돌,교차로운행방법위반,건조,맑음,교차로 - 교차로안,화물,남,56세,상해없음,승용,남,69세,경상
2016080800100221,2016년 8월 8일 11시,월요일,경상북도 구미시 구평동,중상사고,0,3,3,0,차대차 - 추돌,안전운전불이행,건조,맑음,교차로 - 교차로부근,승용,남,73세,상해없음,승용,남,39세,중상
2016080800100222,2016년 8월 8일 11시,월요일,경상북도 포항시 남구 오천읍,중상사고,0,1,0,0,차대차 - 측면직각충돌,안전운전불이행,건조,맑음,교차로 - 교차로안,승용,남,72세,상해없음,원동기,남,41세,중상
2016080800100252,2016년 8월 8일 12시,월요일,경상북도 포항시 남구 상도동,경상사고,0,0,1,0,차대차 - 정면충돌,신호위반,건조,흐림,단일로 - 횡단보도상,원동기,남,16세,상해없음,자전거,남,61세,경상
2016080800100253,2016년 8월 8일 12시,월요일,경상북도 경산시 하양읍,중상사고,0,1,0,0,차대차 - 측면충돌,교차로운행방법위반,건조,맑음,교차로 - 교차로안,승용,남,58세,상해없음,이륜,남,50세,중상
2016080800100254,2016년 8월 8일 12시,월요일,경상북도 영덕군 영덕읍,사망사고,1,1,0,0,차대차 - 정면충돌,중앙선침범,건조,맑음,단일로 - 기타,이륜,남,27세,사망,승용,남,45세,중상
2016080800100288,2016년 8월 8일 13시,월요일,경상북도 경주시 동부동,경상사고,0,0,2,0,차대차 - 추돌,안전운전불이행,건조,맑음,단일로 - 기타,승용,남,29세,상해없음,승용,남,56세,경상
2016080800100321,2016년 8월 8일 14시,월요일,경상북도 상주시 계산동,중상사고,0,1,0,0,차대차 - 측면직각충돌,교차로운행방법위반,건조,맑음,교차로 - 교차로안,승용,남,27세,상해없음,이륜,여,56세,중상
2016080800100351,2016년 8월 8일 15시,월요일,경상북도 포항시 북구 죽도동,경상사고,0,0,1,0,차대차 - 측면충돌,차로위반,건조,맑음,교차로 - 교차로부근,승용,여,27세,상해없음,승합,남,48세,경상
2016080800100352,2016년 8월 8일 15시,월요일,경상북도 문경시 모전동,경상사고,0,0,1,0,차대차 - 측면직각충돌,안전운전불이행,건조,맑음,기타 - 기타,승용,남,74세,상해없음,승용,남,33세,경상
2016080800100400,2016년 8월 8일 16시,월요일,경상북도 포항시 북구 죽도동,중상사고,0,1,0,0,차대차 - 기타,안전운전불이행,건조,맑음,단일로 - 기타,승용,여,37세,상해없음,이륜,남,41세,중상
2016080800100401,2016년 8월 8일 16시,월요일,경상북도 포항시 북구 죽도동,경상사고,0,0,1,0,차대차 - 정면충돌,직진우회전진행방해,건조,맑음,교차로 - 교차로안,승용,남,64세,상해없음,승용,남,27세,경상
2016080800100402,2016년 8월 8일 16시,월요일,경상북도 칠곡군 왜관읍,경상사고,0,0,1,0,차대차 - 측면충돌,교차로운행방법위반,습기,비,교차로 - 교차로안,화물,남,41세,상해없음,화물,남,67세,경상
2016080800100435,2016년 8월 8일 17시,월요일,경상북도 상주시 낙동면,중상사고,0,1,0,0,차대차 - 측면충돌,안전운전불이행,건조,맑음,단일로 - 기타,승합,남,56세,상해없음,원동기,여,66세,중상
2016080800100436,2016년 8월 8일 17시,월요일,경상북도 문경시 흥덕동,중상사고,0,1,0,0,차대차 - 측면충돌,안전운전불이행,습기,흐림,단일로 - 기타,자전거,남,70세,중상,화물,남,46세,상해없음
2016080800100437,2016년 8월 8일 17시,월요일,경상북도 구미시 신평동,경상사고,0,0,2,0,차대차 - 정면충돌,신호위반,습기,비,교차로 - 교차로안,승용,여,42세,상해없음,승용,여,48세,경상
2016080800100438,2016년 8월 8일 17시,월요일,경상북도 포항시 남구 연일읍,경상사고,0,0,1,0,차대차 - 측면충돌,중앙선침범,건조,맑음,단일로 - 기타,승용,남,66세,상해없음,승용,남,34세,경상
2016080800100478,2016년 8월 8일 18시,월요일,경상북도 경주시 양남면,중상사고,0,2,0,0,차량단독 - 전도전복,안전운전불이행,건조,맑음,단일로 - 기타,승용,남,60세,상해없음,,,,
2016080800100507,2016년 8월 8일 19시,월요일,경상북도 청도군 청도읍,경상사고,0,0,1,0,차대차 - 측면충돌,직진우회전진행방해,건조,맑음,교차로 - 교차로부근,이륜,여,52세,경상,승용,여,64세,상해없음
2016080800100508,2016년 8월 8일 19시,월요일,경상북도 고령군 쌍림면,사망사고,1,0,0,0,차대사람 - 길가장자리구역통행중,안전운전불이행,습기,흐림,단일로 - 기타,화물,남,54세,상해없음,보행자,여,78세,사망
2016080800100560,2016년 8월 8일 21시,월요일,경상북도 경주시 충효동,경상사고,0,0,1,0,차대사람 - 횡단중,안전운전불이행,건조,맑음,단일로 - 기타,기타불명,기타불명,기타불명,기타불명,보행자,여,67세,경상