사고번호,사고일시,요일,시군구,사고내용,사망자수,중상자수,경상자수,부상신고자수,사고유형,법규위반,노면상태,기상상태,도로형태,가해운전자 차종,가해운전자 성별,가해운전자 연령,가해운전자 상해정도,피해운전자 차종,피해운전자 성별,피해운전자 연령,피해운전자 상해정도
2016080800100579,2016년 8월 8일 22시,월요일,경상북도 포항시 북구 항구동,중상사고,0,1,0,0,차대사람 - 횡단중,안전운전불이행,건조,맑음,단일로 - 기타,승용,남,64세,상해없음,보행자,남,51세,중상
2016080800100600,2016년 8월 8일 23시,월요일,경상북도 구미시 봉곡동,중상사고,0,2,0,0,차대차 - 기타,직진우회전진행방해,건조,맑음,교차로 - 교차로부근,이륜,남,42세,중상,승용,여,31세,중상
2016080800100601,2016년 8월 8일 23시,월요일,경상북도 구미시 광평동,경상사고,0,0,1,0,차대사람 - 횡단중,안전운전불이행,건조,맑음,교차로 - 교차로안,승합,남,39세,상해없음,보행자,남,18세,경상
2016080900100016,2016년 8월 9일 00시,화요일,경상북도 포항시 남구 오천읍,중상사고,0,1,0,0,차대차 - 측면충돌,안전운전불이행,건조,맑음,단일로 - 기타,승용,남,32세,상해없음,이륜,남,21세,중상
2016080900100036,2016년 8월 9일 02시,화요일,경상북도 구미시 시미동,경상사고,0,0,6,0,차대차 - 추돌,안전운전불이행,건조,맑음,교차로 - 교차로부근,승용,여,38세,상해없음,승용,남,57세,경상
2016080900100049,2016년 8월 9일 04시,화요일,경상북도 포항시 남구 대잠동,사망사고,1,0,0,0,차대사람 - 횡단중,안전운전불이행,건조,맑음,단일로 - 횡단보도상,승용,여,48세,상해없음,보행자,남,42세,사망
2016080900100100,2016년 8월 9일 07시,화요일,경상북도 영양군 수비면,경상사고,0,0,1,0,차량단독 - 공작물충돌,안전운전불이행,건조,맑음,단일로 - 기타,화물,남,54세,경상,,,,
2016080900100125,2016년 8월 9일 08시,화요일,경상북도 상주시 화서면,경상사고,0,0,2,0,차대차 - 측면충돌,교차로운행방법위반,건조,맑음,교차로 - 교차로안,승용,여,59세,상해없음,승용,남,55세,경상
2016080900100126,2016년 8월 9일 08시,화요일,경상북도 영주시 휴천동,경상사고,0,0,1,0,차대차 - 정면충돌,안전운전불이행,건조,맑음,단일로 - 기타,승용,남,36세,상해없음,승용,여,39세,경상
2016080900100127,2016년 8월 9일 08시,화요일,경상북도 영천시 봉동,경상사고,0,0,2,0,차대차 - 추돌,안전운전불이행,건조,맑음,교차로 - 교차로부근,승용,남,60세,상해없음,승용,남,35세,경상
2016080900100128,2016년 8월 9일 08시,화요일,경상북도 울진군 평해읍,중상사고,0,1,0,0,차대차 - 측면충돌,안전운전불이행,건조,맑음,교차로 - 교차로안,승용,남,36세,상해없음,승용,남,31세,중상
2016080900100129,2016년 8월 9일 08시,화요일,경상북도 포항시 남구 청림동,중상사고,0,1,0,0,차대차 - 측면직각충돌,안전운전불이행,건조,맑음,단일로 - 기타,건설기계,남,53세,상해없음,승용,여,34세,중상
2016080900100155,2016년 8월 9일 09시,화요일,경상북도 경주시 노서동,중상사고,0,1,0,0,차대차 - 기타,안전운전불이행,건조,맑음,교차로 - 교차로안,건설기계,남,45세,상해없음,자전거,여,77세,중상
2016080900100156,2016년 8월 9일 09시,화요일,경상북도 영주시 휴천동,중상사고,0,1,0,0,차대사람 - 횡단중,보행자보호의무위반,건조,맑음,교차로 - 교차로안,화물,남,40세,상해없음,보행자,여,45세,중상
2016080900100157,2016년 8월 9일 09시,화요일,경상북도 경산시 옥곡동,경상사고,0,0,3,0,차대차 - 정면충돌,교차로운행방법위반,건조,맑음,교차로 - 교차로부근,승용,여,64세,경상,승합,남,53세,경상
2016080900100158,2016년 8월 9일 09시,화요일,경상북도 봉화군 법전면,중상사고,0,1,0,0,차대차 - 추돌,안전운전불이행,건조,맑음,단일로 - 기타,화물,남,77세,중상,승용,남,37세,상해없음
2016080900100192,2016년 8월 9일 10시,화요일,경상북도 영주시 풍기읍,경상사고,0,0,1,0,차대차 - 측면충돌,안전운전불이행,건조,맑음,교차로 - 교차로안,승용,남,50세,상해없음,승용,남,58세,경상
2016080900100193,2016년 8월 9일 10시,화요일,경상북도 문경시 영순면,중상사고,0,1,0,0,차량단독 - 공작물충돌,안전운전불이행,건조,맑음,교차로 - 교차로안,승용,남,65세,중상,,,,
2016080900100194,2016년 8월 9일 10시,화요일,경상북도 경산시 점촌동,경상사고,0,0,1,0,차대차 - 측면충돌,중앙선침범,건조,맑음,교차로 - 교차로부근,승용,남,67세,상해없음,승합,여,36세,경상
2016080900100195,2016년 8월 9일 10시,화요일,경상북도 봉화군 물야면,부상신고사고,0,0,0,1,차대차 - 측면직각충돌,중앙선침범,건조,맑음,교차로 - 교차로부근,이륜,남,83세,부상신고,화물,남,55세,상해없음
2016080900100196,2016년 8월 9일 10시,화요일,경상북도 포항시 남구 구룡포읍,부상신고사고,0,0,0,1,차량단독 - 기타,안전운전불이행,건조,맑음,단일로 - 기타,화물,남,60세,상해없음,,,,
2016080900100222,2016년 8월 9일 11시,화요일,경상북도 울진군 울진읍,경상사고,0,0,2,0,차대차 - 측면충돌,안전운전불이행,건조,맑음,교차로 - 교차로안,승용,여,54세,경상,승용,여,53세,경상
2016080900100223,2016년 8월 9일 11시,화요일,경상북도 구미시 공단동,경상사고,0,0,2,1,차대차 - 추돌,안전거리미확보,건조,맑음,단일로 - 기타,승용,남,56세,부상신고,화물,남,63세,경상
2016080900100282,2016년 8월 9일 13시,화요일,경상북도 경주시 동부동,경상사고,0,0,2,0,차대차 - 측면충돌,안전운전불이행,건조,맑음,교차로 - 교차로안,원동기,남,19세,경상,승용,여,48세,상해없음
2016080900100315,2016년 8월 9일 14시,화요일,경상북도 경주시 양북면,부상신고사고,0,0,0,1,차량단독 - 전도전복,안전운전불이행,건조,맑음,단일로 - 기타,원동기,남,83세,부상신고,,,,
2016080900100316,2016년 8월 9일 14시,화요일,경상북도 영천시 신령면,중상사고,0,2,3,0,차대차 - 정면충돌,안전운전불이행,건조,맑음,교차로 - 교차로안,승용,여,44세,중상,승용,남,52세,경상
2016080900100349,2016년 8월 9일 15시,화요일,경상북도 문경시 산북면,경상사고,0,0,1,0,차대차 - 측면충돌,안전거리미확보,건조,맑음,단일로 - 기타,이륜,남,34세,경상,승용,남,47세,상해없음
2016080900100350,2016년 8월 9일 15시,화요일,경상북도 문경시 산북면,경상사고,0,0,1,0,차량단독 - 전도전복,안전운전불이행,건조,맑음,단일로 - 기타,화물,남,60세,상해없음,,,,
2016080900100378,2016년 8월 9일 16시,화요일,경상북도 의성군 구천면,사망사고,1,0,0,0,차대차 - 측면충돌,교차로운행방법위반,건조,맑음,교차로 - 교차로안,승용,여,49세,상해없음,이륜,남,76세,사망
2016080900100403,2016년 8월 9일 17시,화요일,경상북도 포항시 북구 용흥동,중상사고,0,1,0,0,차대차 - 측면충돌,안전운전불이행,건조,맑음,단일로 - 기타,승용,여,28세,상해없음,이륜,남,40세,중상
2016080900100439,2016년 8월 9일 18시,화요일,경상북도 경주시 황성동,중상사고,0,1,0,0,차대사람 - 횡단중,보행자보호의무위반,건조,맑음,교차로 - 교차로부근,승용,남,33세,상해없음,보행자,남,64세,중상
2016080900100440,2016년 8월 9일 18시,화요일,경상북도 군위군 우보면,사망사고,1,0,0,0,차대차 - 정면충돌,안전운전불이행,건조,맑음,교차로 - 교차로안,승용,여,54세,상해없음,이륜,남,68세,사망
2016080900100475,2016년 8월 9일 19시,화요일,경상북도 상주시 함창읍,경상사고,0,0,6,0,차대차 - 측면직각충돌,교차로운행방법위반,건조,맑음,교차로 - 교차로안,승용,남,38세,경상,승용,남,72세,경상
2016080900100476,2016년 8월 9일 19시,화요일,경상북도 포항시 남구 구룡포읍,경상사고,0,0,1,0,차대차 - 정면충돌,안전운전불이행,건조,맑음,교차로 - 교차로안,원동기,남,37세,경상,승용,남,62세,상해없음
2016080900100477,2016년 8월 9일 19시,화요일,경상북도 포항시 남구 동해면,경상사고,0,0,2,1,차대차 - 추돌,안전운전불이행,건조,맑음,단일로 - 기타,화물,남,39세,상해없음,승용,여,35세,경상
2016080900100507,2016년 8월 9일 20시,화요일,경상북도 경산시 중방동,중상사고,0,2,0,0,차대사람 - 횡단중,안전운전불이행,건조,맑음,단일로 - 기타,이륜,남,22세,중상,보행자,여,32세,중상
2016080900100541,2016년 8월 9일 21시,화요일,경상북도 포항시 북구 두호동,중상사고,0,1,0,0,차대사람 - 기타,안전운전불이행,건조,맑음,단일로 - 기타,승용,남,60세,상해없음,보행자,남,26세,중상
2016080900100542,2016년 8월 9일 21시,화요일,경상북도 칠곡군 석적읍,경상사고,0,0,1,0,차대차 - 정면충돌,안전운전불이행,건조,맑음,교차로 - 교차로안,승용,남,27세,상해없음,승용,여,25세,경상
2016080900100560,2016년 8월 9일 22시,화요일,경상북도 경주시 충효동,중상사고,0,1,2,0,차대차 - 측면충돌,안전운전불이행,건조,맑음,단일로 - 기타,승용,여,24세,중상,승용,남,23세,경상
2016080900100561,2016년 8월 9일 22시,화요일,경상북도 포항시 남구 상도동,경상사고,0,0,2,0,차대차 - 측면충돌,불법유턴,건조,맑음,단일로 - 기타,승용,남,63세,상해없음,승용,남,51세,경상
2016080900100572,2016년 8월 9일 23시,화요일,경상북도 상주시 외답동,경상사고,0,0,1,0,차량단독 - 전도전복,안전운전불이행,건조,맑음,단일로 - 기타,화물,남,39세,경상,,,,
2016080900100573,2016년 8월 9일 23시,화요일,경상북도 포항시 남구 청림동,중상사고,0,1,0,0,차대차 - 추돌,안전운전불이행,건조,맑음,단일로 - 기타,승용,남,34세,상해없음,승용,남,50세,중상
2016081000100053,2016년 8월 10일 04시,수요일,경상북도 상주시 공성면,경상사고,0,0,2,0,차대차 - 측면직각충돌,안전운전불이행,건조,맑음,단일로 - 기타,화물,남,81세,상해없음,원동기,남,69세,경상
2016081000100067,2016년 8월 10일 05시,수요일,경상북도 경주시 인왕동,경상사고,0,0,1,0,차대차 - 추돌,안전운전불이행,건조,맑음,교차로 - 교차로부근,승용,남,53세,상해없음,승용,여,42세,경상
2016081000100082,2016년 8월 10일 06시,수요일,경상북도 포항시 북구 흥해읍,중상사고,0,1,0,0,차대차 - 기타,불법유턴,건조,맑음,단일로 - 기타,승용,남,35세,상해없음,자전거,남,39세,중상
2016081000100083,2016년 8월 10일 06시,수요일,경상북도 김천시 남면,중상사고,0,2,1,0,차대차 - 추돌,안전운전불이행,건조,맑음,기타 - 기타,화물,남,41세,상해없음,화물,남,48세,중상
2016081000100101,2016년 8월 10일 07시,수요일,경상북도 구미시 공단동,중상사고,0,1,0,0,차대차 - 기타,신호위반,건조,맑음,교차로 - 교차로안,승용,여,35세,상해없음,승용,여,54세,중상
2016081000100135,2016년 8월 10일 08시,수요일,경상북도 상주시 남적동,사망사고,1,0,0,0,차대차 - 측면직각충돌,교차로운행방법위반,건조,맑음,단일로 - 기타,원동기,남,80세,사망,화물,남,61세,상해없음
2016081000100136,2016년 8월 10일 08시,수요일,경상북도 영주시 풍기읍,경상사고,0,0,1,0,차대차 - 기타,안전운전불이행,건조,맑음,교차로 - 교차로부근,건설기계,남,51세,상해없음,승용,여,54세,경상
2016081000100137,2016년 8월 10일 08시,수요일,경상북도 경산시 자인면,중상사고,0,2,1,0,차대차 - 정면충돌,안전운전불이행,건조,맑음,교차로 - 교차로안,승용,여,63세,경상,승용,남,42세,중상
2016081000100165,2016년 8월 10일 09시,수요일,경상북도 구미시 형곡동,부상신고사고,0,0,0,1,차대차 - 정면충돌,중앙선침범,건조,맑음,단일로 - 기타,자전거,남,32세,부상신고,승용,남,54세,상해없음
2016081000100190,2016년 8월 10일 10시,수요일,경상북도 상주시 남성동,중상사고,0,1,0,0,차대차 - 측면충돌,안전운전불이행,건조,맑음,단일로 - 기타,승용,여,54세,상해없음,자전거,여,78세,중상
2016081000100191,2016년 8월 10일 10시,수요일,경상북도 영천시 청통면,중상사고,0,1,0,0,차대차 - 측면직각충돌,안전운전불이행,건조,맑음,단일로 - 기타,승용,남,58세,상해없음,승용,여,41세,중상
2016081000100192,2016년 8월 10일 10시,수요일,경상북도 구미시 송정동,경상사고,0,0,1,0,차대차 - 측면충돌,중앙선침범,건조,맑음,단일로 - 기타,자전거,남,67세,경상,승용,남,62세,상해없음
2016081000100248,2016년 8월 10일 12시,수요일,경상북도 김천시 봉산면,경상사고,0,0,1,0,차대차 - 측면충돌,안전운전불이행,건조,맑음,교차로 - 교차로부근,이륜,남,84세,경상,화물,남,61세,상해없음
2016081000100249,2016년 8월 10일 12시,수요일,경상북도 포항시 남구 대도동,경상사고,0,0,2,0,차대차 - 기타,직진우회전진행방해,건조,맑음,교차로 - 교차로안,승용,여,36세,경상,승용,남,43세,경상
2016081000100277,2016년 8월 10일 13시,수요일,경상북도 상주시 화북면,중상사고,0,1,0,0,차대차 - 추돌,안전거리미확보,건조,맑음,단일로 - 기타,승합,남,40세,상해없음,농기계,남,64세,중상
2016081000100310,2016년 8월 10일 14시,수요일,경상북도 경주시 양남면,경상사고,0,0,1,0,차대차 - 기타,중앙선침범,건조,맑음,단일로 - 기타,승용,남,60세,기타불명,화물,남,62세,경상
2016081000100311,2016년 8월 10일 14시,수요일,경상북도 포항시 북구 장성동,경상사고,0,0,1,0,차대차 - 기타,안전운전불이행,건조,맑음,교차로 - 교차로안,승용,남,36세,상해없음,승용,남,55세,경상
2016081000100312,2016년 8월 10일 14시,수요일,경상북도 안동시 풍산읍,중상사고,0,1,0,0,차량단독 - 공작물충돌,안전운전불이행,건조,맑음,단일로 - 기타,이륜,남,80세,중상,,,,
2016081000100313,2016년 8월 10일 14시,수요일,경상북도 포항시 남구 상도동,중상사고,0,1,0,0,차대차 - 측면직각충돌,직진우회전진행방해,건조,맑음,교차로 - 교차로안,승용,남,31세,상해없음,이륜,남,67세,중상
2016081000100345,2016년 8월 10일 15시,수요일,경상북도 안동시 송현동,경상사고,0,0,1,0,차대차 - 기타,교차로운행방법위반,건조,맑음,교차로 - 교차로안,승용,여,34세,기타불명,승합,여,46세,경상
2016081000100346,2016년 8월 10일 15시,수요일,경상북도 상주시 함창읍,사망사고,1,2,0,0,차대차 - 정면충돌,중앙선침범,건조,맑음,단일로 - 기타,승용,남,57세,사망,화물,남,47세,중상
2016081000100347,2016년 8월 10일 15시,수요일,경상북도 경산시 자인면,경상사고,0,0,1,0,차대차 - 측면충돌,안전운전불이행,건조,맑음,단일로 - 기타,승용,여,48세,상해없음,승용,여,52세,경상
2016081000100348,2016년 8월 10일 15시,수요일,경상북도 포항시 남구 대도동,경상사고,0,0,1,0,차대차 - 측면직각충돌,교차로운행방법위반,건조,맑음,교차로 - 교차로안,승용,여,33세,경상,승용,남,38세,상해없음
2016081000100386,2016년 8월 10일 16시,수요일,경상북도 경주시 용강동,경상사고,0,0,1,0,차대차 - 측면충돌,안전운전불이행,건조,맑음,교차로 - 교차로안,원동기,남,62세,경상,승용,여,38세,상해없음
2016081000100388,2016년 8월 10일 16시,수요일,경상북도 영덕군 창수면,중상사고,0,1,0,0,차대차 - 정면충돌,중앙선침범,건조,맑음,단일로 - 기타,승용,남,36세,상해없음,화물,남,45세,중상
2016081000100389,2016년 8월 10일 16시,수요일,경상북도 봉화군 소천면,경상사고,0,0,2,0,차대차 - 기타,안전운전불이행,건조,맑음,기타 - 기타,화물,남,65세,상해없음,승용,여,40세,경상
2016081000100390,2016년 8월 10일 16시,수요일,경상북도 포항시 남구 상도동,부상신고사고,0,0,0,1,차대차 - 기타,중앙선침범,건조,맑음,단일로 - 기타,자전거,남,74세,부상신고,승합,남,66세,상해없음
2016081000100435,2016년 8월 10일 17시,수요일,경상북도 김천시 개령면,중상사고,0,1,0,0,차대차 - 측면충돌,안전운전불이행,건조,맑음,교차로 - 교차로안,이륜,여,64세,중상,특수,남,53세,상해없음
2016081000100436,2016년 8월 10일 17시,수요일,경상북도 구미시 고아읍,경상사고,0,0,1,0,차대차 - 추돌,안전거리미확보,건조,맑음,단일로 - 기타,승용,여,23세,상해없음,승용,여,45세,경상
2016081000100476,2016년 8월 10일 18시,수요일,경상북도 구미시 공단동,경상사고,0,0,1,0,차대차 - 측면직각충돌,교차로운행방법위반,건조,맑음,교차로 - 교차로안,승용,남,37세,상해없음,승용,남,62세,경상
2016081000100477,2016년 8월 10일 18시,수요일,경상북도 포항시 남구 오천읍,부상신고사고,0,0,0,1,차대사람 - 기타,안전운전불이행,건조,맑음,단일로 - 기타,승용,남,69세,상해없음,보행자,남,37세,부상신고
2016081000100513,2016년 8월 10일 19시,수요일,경상북도 경주시 서면,중상사고,0,1,0,0,차대차 - 측면충돌,안전운전불이행,건조,맑음,교차로 - 교차로안,농기계,남,59세,중상,화물,남,74세,상해없음
2016081000100514,2016년 8월 10일 19시,수요일,경상북도 안동시 동부동,경상사고,0,0,1,0,차대차 - 정면충돌,안전운전불이행,건조,맑음,단일로 - 기타,이륜,남,62세,경상,승용,남,58세,상해없음
2016081000100515,2016년 8월 10일 19시,수요일,경상북도 구미시 장천면,중상사고,0,1,0,0,차대차 - 측면충돌,안전운전불이행,건조,맑음,교차로 - 교차로안,이륜,남,21세,중상,화물,남,34세,상해없음
2016081000100516,2016년 8월 10일 19시,수요일,경상북도 포항시 남구 장기면,중상사고,0,1,0,0,차대차 - 기타,중앙선침범,건조,맑음,교차로 - 교차로부근,승용,여,59세,중상,화물,남,59세,상해없음
2016081000100541,2016년 8월 10일 20시,수요일,경상북도 영주시 영주동,경상사고,0,0,2,0,차대차 - 측면충돌,안전운전불이행,건조,맑음,단일로 - 기타,화물,남,48세,상해없음,승용,여,35세,경상
2016081000100542,2016년 8월 10일 20시,수요일,경상북도 영천시 창구동,경상사고,0,0,2,0,차대차 - 측면충돌,교차로운행방법위반,건조,맑음,교차로 - 교차로안,승용,여,66세,경상,승용,남,40세,경상
2016081000100543,2016년 8월 10일 20시,수요일,경상북도 경산시 중방동,중상사고,0,1,0,0,차대사람 - 횡단중,안전운전불이행,건조,맑음,단일로 - 기타,승용,남,24세,상해없음,보행자,여,79세,중상
2016081000100544,2016년 8월 10일 20시,수요일,경상북도 구미시 사곡동,경상사고,0,0,1,0,차대차 - 측면충돌,안전운전불이행,건조,맑음,기타 - 기타,승합,남,64세,상해없음,자전거,남,13세,경상
2016081000100545,2016년 8월 10일 20시,수요일,경상북도 포항시 남구 오천읍,경상사고,0,0,2,0,차대차 - 기타,중앙선침범,건조,맑음,단일로 - 기타,승용,남,53세,상해없음,승용,남,69세,경상
2016081000100579,2016년 8월 10일 21시,수요일,경상북도 영천시 야사동,경상사고,0,0,1,0,차대차 - 측면직각충돌,차로위반,건조,맑음,단일로 - 기타,승용,여,48세,상해없음,원동기,남,18세,경상
2016081000100580,2016년 8월 10일 21시,수요일,경상북도 경산시 서상동,경상사고,0,0,1,0,차대차 - 측면충돌,안전운전불이행,건조,맑음,단일로 - 기타,화물,남,38세,상해없음,자전거,남,29세,경상
2016081000100581,2016년 8월 10일 21시,수요일,경상북도 구미시 원평동,경상사고,0,0,1,0,차대차 - 추돌,안전운전불이행,건조,맑음,교차로 - 교차로부근,이륜,남,17세,경상,승용,여,37세,상해없음
2016081100100035,2016년 8월 11일 03시,목요일,경상북도 영천시 망정동,경상사고,0,0,1,0,차량단독 - 전도전복,안전운전불이행,건조,맑음,단일로 - 기타,승용,여,45세,경상,,,,
2016081100100036,2016년 8월 11일 03시,목요일,경상북도 구미시 선산읍,중상사고,0,1,2,0,차대차 - 측면직각충돌,안전운전불이행,건조,맑음,단일로 - 기타,화물,여,45세,중상,특수,남,24세,상해없음
2016081100100120,2016년 8월 11일 08시,목요일,경상북도 칠곡군 동명면,중상사고,0,1,0,0,차대차 - 정면충돌,신호위반,건조,맑음,교차로 - 교차로안,승용,남,47세,상해없음,이륜,남,79세,중상
2016081100100149,2016년 8월 11일 09시,목요일,경상북도 칠곡군 석적읍,경상사고,0,0,1,1,차대차 - 정면충돌,안전운전불이행,건조,맑음,단일로 - 기타,화물,남,44세,상해없음,승용,남,39세,경상
2016081100100150,2016년 8월 11일 09시,목요일,경상북도 울진군 후포면,부상신고사고,0,0,0,1,차대차 - 정면충돌,안전운전불이행,건조,맑음,교차로 - 교차로안,자전거,남,67세,부상신고,승용,여,50세,상해없음
2016081100100177,2016년 8월 11일 10시,목요일,경상북도 경주시 충효동,중상사고,0,1,1,0,차대차 - 측면충돌,신호위반,건조,맑음,교차로 - 교차로안,승용,남,65세,상해없음,승용,남,71세,중상
2016081100100178,2016년 8월 11일 10시,목요일,경상북도 구미시 장천면,중상사고,0,2,0,0,차대차 - 측면충돌,직진우회전진행방해,건조,맑음,교차로 - 교차로안,화물,남,38세,상해없음,이륜,남,69세,중상
2016081100100201,2016년 8월 11일 11시,목요일,경상북도 안동시 남후면,부상신고사고,0,0,0,1,차대차 - 측면직각충돌,안전운전불이행,건조,맑음,단일로 - 기타,화물,남,31세,상해없음,승용,남,53세,부상신고
2016081100100202,2016년 8월 11일 11시,목요일,경상북도 구미시 선산읍,경상사고,0,0,3,0,차대차 - 추돌,안전운전불이행,건조,맑음,단일로 - 기타,승용,남,55세,상해없음,승용,남,51세,경상
2016081100100233,2016년 8월 11일 12시,목요일,경상북도 경주시 안강읍,중상사고,0,1,0,0,차대차 - 측면직각충돌,신호위반,건조,맑음,교차로 - 교차로안,화물,남,23세,상해없음,원동기,여,56세,중상
2016081100100234,2016년 8월 11일 12시,목요일,경상북도 포항시 북구 장성동,경상사고,0,0,2,0,차대차 - 측면충돌,신호위반,건조,맑음,교차로 - 교차로부근,승용,여,69세,경상,승용,남,59세,경상
2016081100100268,2016년 8월 11일 13시,목요일,경상북도 경산시 삼북동,중상사고,0,1,0,0,차대차 - 측면충돌,안전거리미확보,건조,맑음,단일로 - 기타,승용,남,36세,상해없음,이륜,남,21세,중상
2016081100100269,2016년 8월 11일 13시,목요일,경상북도 포항시 남구 장기면,경상사고,0,0,4,0,차대차 - 기타,신호위반,건조,맑음,교차로 - 교차로안,승용,여,53세,경상,승용,남,70세,경상
2016081100100270,2016년 8월 11일 13시,목요일,경상북도 포항시 남구 장흥동,경상사고,0,0,1,1,차대차 - 기타,신호위반,건조,맑음,교차로 - 교차로안,승용,여,47세,상해없음,화물,남,39세,부상신고
2016081100100299,2016년 8월 11일 14시,목요일,경상북도 포항시 북구 용흥동,부상신고사고,0,0,0,1,차대차 - 측면충돌,직진우회전진행방해,건조,맑음,단일로 - 기타,승용,여,40세,상해없음,승용,남,58세,상해없음
2016081100100300,2016년 8월 11일 14시,목요일,경상북도 포항시 남구 상도동,중상사고,0,1,0,0,차대차 - 기타,안전운전불이행,건조,맑음,단일로 - 기타,승용,남,31세,상해없음,승용,남,29세,중상
2016081100100326,2016년 8월 11일 15시,목요일,경상북도 포항시 북구 덕산동,경상사고,0,0,1,0,차대차 - 정면충돌,중앙선침범,건조,맑음,단일로 - 횡단보도상,승용,남,58세,상해없음,승용,남,40세,경상
2016081100100357,2016년 8월 11일 16시,목요일,경상북도 포항시 북구 덕수동,경상사고,0,0,1,0,차대차 - 정면충돌,안전운전불이행,건조,맑음,교차로 - 교차로부근,승용,남,62세,상해없음,승합,남,53세,경상
2016081100100358,2016년 8월 11일 16시,목요일,경상북도 안동시 천리동,경상사고,0,0,2,0,차대차 - 측면직각충돌,안전운전불이행,건조,맑음,단일로 - 기타,원동기,여,55세,경상,이륜,여,69세,경상
2016081100100359,2016년 8월 11일 16시,목요일,경상북도 영천시 화북면,경상사고,0,0,4,0,차대차 - 측면충돌,안전운전불이행,건조,맑음,단일로 - 기타,승용,남,61세,상해없음,승용,여,40세,경상
2016081100100360,2016년 8월 11일 16시,목요일,경상북도 포항시 남구 대송면,경상사고,0,0,1,0,차대차 - 기타,기타,건조,맑음,단일로 - 기타,승용,남,63세,상해없음,승합,남,44세,상해없음
2016081100100405,2016년 8월 11일 17시,목요일,경상북도 칠곡군 약목면,사망사고,1,0,0,0,차량단독 - 전도전복,안전운전불이행,건조,맑음,단일로 - 기타,승용,남,76세,사망,,,,
2016081100100406,2016년 8월 11일 17시,목요일,경상북도 봉화군 춘양면,중상사고,0,2,0,0,차대차 - 정면충돌,중앙선침범,건조,맑음,기타 - 기타,승용,여,65세,중상,화물,남,55세,중상
2016081100100445,2016년 8월 11일 18시,목요일,경상북도 안동시 풍산읍,경상사고,0,0,4,0,차대차 - 측면직각충돌,교차로운행방법위반,건조,맑음,교차로 - 교차로안,승용,여,65세,경상,승용,남,31세,경상
2016081100100478,2016년 8월 11일 19시,목요일,경상북도 안동시 옥야동,중상사고,0,1,1,0,차대차 - 측면직각충돌,신호위반,건조,맑음,교차로 - 교차로안,화물,남,59세,중상,승용,여,42세,경상
2016081100100479,2016년 8월 11일 19시,목요일,경상북도 칠곡군 석적읍,경상사고,0,0,1,0,차대차 - 추돌,교차로운행방법위반,건조,맑음,교차로 - 교차로안,승용,여,34세,상해없음,승용,여,45세,경상
2016081100100507,2016년 8월 11일 20시,목요일,경상북도 안동시 옥야동,중상사고,0,1,0,0,차대사람 - 횡단중,안전운전불이행,건조,맑음,교차로 - 교차로안,승용,남,60세,상해없음,보행자,남,58세,중상
2016081100100535,2016년 8월 11일 21시,목요일,경상북도 포항시 북구 항구동,중상사고,0,1,0,0,차대사람 - 횡단중,안전운전불이행,건조,맑음,단일로 - 기타,화물,여,59세,상해없음,보행자,여,68세,중상
2016081100100536,2016년 8월 11일 21시,목요일,경상북도 칠곡군 왜관읍,중상사고,0,1,0,0,차대사람 - 횡단중,보행자보호의무위반,건조,맑음,교차로 - 교차로안,승용,남,61세,상해없음,보행자,여,28세,중상
2016081100100537,2016년 8월 11일 21시,목요일,경상북도 칠곡군 석적읍,경상사고,0,0,2,0,차대차 - 측면직각충돌,신호위반,건조,맑음,단일로 - 횡단보도상,승용,남,27세,상해없음,승용,남,40세,경상
2016081100100538,2016년 8월 11일 21시,목요일,경상북도 구미시 임은동,부상신고사고,0,0,0,1,차량단독 - 전도전복,안전운전불이행,건조,맑음,단일로 - 기타,이륜,남,33세,부상신고,,,,
2016081100100558,2016년 8월 11일 22시,목요일,경상북도 경주시 강동면,사망사고,1,0,0,0,차대차 - 측면직각충돌,안전운전불이행,건조,맑음,단일로 - 기타,승용,남,21세,상해없음,승용,여,36세,상해없음
2016081100100559,2016년 8월 11일 22시,목요일,경상북도 포항시 북구 양덕동,경상사고,0,0,1,0,차대차 - 기타,안전운전불이행,건조,맑음,단일로 - 기타,승용,남,26세,상해없음,원동기,남,19세,경상
2016081100100578,2016년 8월 11일 23시,목요일,경상북도 칠곡군 동명면,경상사고,0,0,1,0,차대차 - 기타,안전운전불이행,건조,맑음,단일로 - 기타,화물,남,35세,경상,화물,남,34세,기타불명
2016081100100579,2016년 8월 11일 23시,목요일,경상북도 경산시 압량면,경상사고,0,0,1,0,차대차 - 기타,신호위반,건조,맑음,교차로 - 교차로부근,승용,남,29세,상해없음,자전거,여,20세,경상
2016081200100014,2016년 8월 12일 00시,금요일,경상북도 경산시 진량읍,중상사고,0,1,1,0,차대사람 - 횡단중,안전운전불이행,건조,맑음,단일로 - 기타,승용,여,41세,경상,보행자,남,27세,중상
2016081200100037,2016년 8월 12일 02시,금요일,경상북도 포항시 북구 흥해읍,경상사고,0,0,3,0,차대차 - 측면충돌,안전운전불이행,건조,맑음,단일로 - 기타,화물,남,47세,상해없음,승용,여,30세,경상
2016081200100066,2016년 8월 12일 06시,금요일,경상북도 경주시 석장동,경상사고,0,0,1,0,차대사람 - 횡단중,안전운전불이행,건조,맑음,단일로 - 기타,승용,남,44세,상해없음,보행자,남,64세,경상