사고번호,사고일시,요일,시군구,사고내용,사망자수,중상자수,경상자수,부상신고자수,사고유형,법규위반,노면상태,기상상태,도로형태,가해운전자 차종,가해운전자 성별,가해운전자 연령,가해운전자 상해정도,피해운전자 차종,피해운전자 성별,피해운전자 연령,피해운전자 상해정도
2016081400100269,2016년 8월 14일 15시,일요일,경상북도 칠곡군 북삼읍,부상신고사고,0,0,0,1,차대차 - 정면충돌,교차로운행방법위반,건조,맑음,교차로 - 교차로안,승용,남,55세,상해없음,이륜,남,31세,부상신고
2016081400100270,2016년 8월 14일 15시,일요일,경상북도 영천시 고경면,중상사고,0,1,2,0,차대차 - 추돌,안전운전불이행,건조,맑음,교차로 - 교차로부근,승용,남,21세,상해없음,승용,남,45세,경상
2016081400100271,2016년 8월 14일 15시,일요일,경상북도 문경시 흥덕동,중상사고,0,1,0,0,차대차 - 측면직각충돌,안전거리미확보,건조,맑음,교차로 - 교차로부근,승용,여,47세,상해없음,승용,여,66세,중상
2016081400100303,2016년 8월 14일 16시,일요일,경상북도 경주시 현곡면,중상사고,0,1,0,0,차량단독 - 공작물충돌,안전운전불이행,건조,맑음,단일로 - 기타,승용,남,65세,상해없음,,,,
2016081400100304,2016년 8월 14일 16시,일요일,경상북도 경주시 용강동,경상사고,0,0,1,0,차대차 - 정면충돌,기타,건조,맑음,단일로 - 기타,자전거,여,69세,경상,승용,여,47세,상해없음
2016081400100305,2016년 8월 14일 16시,일요일,경상북도 포항시 북구 환호동,경상사고,0,0,1,0,차대차 - 기타,안전운전불이행,건조,맑음,교차로 - 교차로안,승용,남,27세,상해없음,승용,남,38세,기타불명
2016081400100306,2016년 8월 14일 16시,일요일,경상북도 영덕군 영덕읍,중상사고,0,3,9,0,차대차 - 측면충돌,교차로운행방법위반,건조,맑음,교차로 - 교차로안,승용,남,54세,경상,승용,여,26세,경상
2016081400100340,2016년 8월 14일 17시,일요일,경상북도 안동시 태화동,경상사고,0,0,3,0,차대차 - 측면충돌,안전운전불이행,건조,맑음,단일로 - 기타,승용,남,41세,상해없음,승용,남,33세,경상
2016081400100341,2016년 8월 14일 17시,일요일,경상북도 의성군 금성면,중상사고,0,1,0,0,차대차 - 측면충돌,안전운전불이행,건조,맑음,단일로 - 기타,화물,남,57세,상해없음,자전거,남,55세,중상
2016081400100342,2016년 8월 14일 17시,일요일,경상북도 경산시 사동,중상사고,0,1,0,0,차대사람 - 기타,안전운전불이행,건조,맑음,단일로 - 기타,승용,여,49세,기타불명,보행자,여,15세,중상
2016081400100343,2016년 8월 14일 17시,일요일,경상북도 울진군 후포면,중상사고,0,1,0,0,차대차 - 측면충돌,안전운전불이행,건조,맑음,단일로 - 기타,승용,여,54세,상해없음,자전거,여,66세,중상
2016081400100344,2016년 8월 14일 17시,일요일,경상북도 구미시 공단동,중상사고,0,1,3,0,차대차 - 측면충돌,불법유턴,건조,맑음,교차로 - 교차로안,승용,남,28세,상해없음,승용,남,54세,경상
2016081400100345,2016년 8월 14일 17시,일요일,경상북도 구미시 도량동,경상사고,0,0,1,1,차대차 - 측면충돌,교차로운행방법위반,건조,맑음,교차로 - 교차로안,승용,여,42세,부상신고,승용,여,33세,경상
2016081400100366,2016년 8월 14일 18시,일요일,경상북도 영양군 청기면,중상사고,0,1,2,0,차량단독 - 전도전복,안전운전불이행,건조,맑음,단일로 - 기타,화물,남,73세,상해없음,,,,
2016081400100389,2016년 8월 14일 19시,일요일,경상북도 경주시 동천동,경상사고,0,0,1,0,차대차 - 측면직각충돌,안전운전불이행,건조,맑음,교차로 - 교차로안,승용,남,62세,상해없음,자전거,남,50세,경상
2016081400100390,2016년 8월 14일 19시,일요일,경상북도 김천시 모암동,경상사고,0,0,1,0,차대차 - 측면직각충돌,안전운전불이행,건조,맑음,교차로 - 교차로부근,화물,남,55세,상해없음,자전거,남,49세,경상
2016081400100391,2016년 8월 14일 19시,일요일,경상북도 칠곡군 석적읍,경상사고,0,0,1,0,차대차 - 측면충돌,안전운전불이행,건조,맑음,교차로 - 교차로안,이륜,남,33세,경상,승용,남,49세,상해없음
2016081400100420,2016년 8월 14일 20시,일요일,경상북도 안동시 풍천면,중상사고,0,5,0,0,차량단독 - 전도전복,안전운전불이행,건조,맑음,단일로 - 기타,승용,남,68세,중상,,,,
2016081400100421,2016년 8월 14일 20시,일요일,경상북도 의성군 사곡면,사망사고,1,0,0,0,차대사람 - 길가장자리구역통행중,안전운전불이행,건조,맑음,단일로 - 기타,화물,남,74세,상해없음,보행자,여,77세,사망
2016081400100451,2016년 8월 14일 21시,일요일,경상북도 성주군 수륜면,중상사고,0,1,0,0,차대사람 - 기타,안전운전불이행,건조,흐림,기타 - 기타,승용,남,36세,상해없음,보행자,남,54세,중상
2016081400100452,2016년 8월 14일 21시,일요일,경상북도 포항시 남구 상도동,중상사고,0,1,0,0,차대차 - 기타,안전운전불이행,건조,맑음,단일로 - 기타,화물,남,64세,상해없음,원동기,남,25세,중상
2016081400100453,2016년 8월 14일 21시,일요일,경상북도 포항시 남구 해도동,경상사고,0,0,1,0,차대차 - 측면충돌,안전운전불이행,건조,맑음,단일로 - 기타,승용,남,62세,상해없음,승용,남,29세,경상
2016081500100035,2016년 8월 15일 03시,월요일,경상북도 구미시 신평동,경상사고,0,0,1,0,차대차 - 측면충돌,안전거리미확보,건조,맑음,단일로 - 기타,승용,남,31세,경상,승용,남,32세,상해없음
2016081500100049,2016년 8월 15일 05시,월요일,경상북도 경주시 충효동,경상사고,0,0,1,0,차대차 - 추돌,안전운전불이행,건조,맑음,단일로 - 기타,승용,남,26세,상해없음,승용,여,59세,경상
2016081500100073,2016년 8월 15일 07시,월요일,경상북도 경산시 진량읍,경상사고,0,0,1,0,차대차 - 측면직각충돌,직진우회전진행방해,건조,맑음,교차로 - 교차로안,원동기,남,26세,경상,승용,남,46세,상해없음
2016081500100087,2016년 8월 15일 08시,월요일,경상북도 영천시 망정동,경상사고,0,0,1,0,차대차 - 측면직각충돌,안전운전불이행,건조,맑음,단일로 - 기타,특수,남,21세,상해없음,승용,여,40세,경상
2016081500100088,2016년 8월 15일 08시,월요일,경상북도 경산시 계양동,경상사고,0,0,2,0,차대차 - 추돌,안전운전불이행,건조,맑음,교차로 - 교차로안,이륜,남,16세,경상,승용,남,41세,상해없음
2016081500100131,2016년 8월 15일 10시,월요일,경상북도 의성군 의성읍,중상사고,0,1,0,0,차대차 - 측면충돌,불법유턴,건조,맑음,단일로 - 기타,화물,남,51세,상해없음,이륜,남,83세,중상
2016081500100132,2016년 8월 15일 10시,월요일,경상북도 문경시 산북면,사망사고,1,0,0,0,차량단독 - 도로외이탈 - 추락,안전운전불이행,건조,맑음,단일로 - 기타,농기계,남,56세,사망,,,,
2016081500100156,2016년 8월 15일 11시,월요일,경상북도 안동시 삼산동,경상사고,0,0,1,0,차대차 - 정면충돌,안전운전불이행,건조,맑음,교차로 - 교차로안,이륜,남,20세,경상,승용,남,51세,상해없음
2016081500100157,2016년 8월 15일 11시,월요일,경상북도 의성군 봉양면,경상사고,0,0,2,0,차대차 - 측면충돌,안전운전불이행,건조,맑음,단일로 - 기타,화물,남,58세,상해없음,이륜,남,54세,경상
2016081500100158,2016년 8월 15일 11시,월요일,경상북도 문경시 마성면,경상사고,0,0,1,0,차대차 - 측면직각충돌,안전운전불이행,건조,맑음,단일로 - 기타,승용,남,46세,상해없음,승용,여,31세,경상
2016081500100159,2016년 8월 15일 11시,월요일,경상북도 구미시 선산읍,중상사고,0,5,3,0,차대차 - 추돌,안전운전불이행,건조,맑음,단일로 - 기타,승합,남,53세,중상,승용,여,57세,상해없음
2016081500100177,2016년 8월 15일 12시,월요일,경상북도 포항시 북구 용흥동,경상사고,0,0,2,0,차대차 - 측면충돌,안전운전불이행,건조,맑음,단일로 - 기타,건설기계,남,65세,상해없음,승용,남,31세,경상
2016081500100178,2016년 8월 15일 12시,월요일,경상북도 청도군 이서면,중상사고,0,1,0,0,차량단독 - 전도전복,안전운전불이행,건조,맑음,단일로 - 기타,승용,남,67세,중상,,,,
2016081500100201,2016년 8월 15일 13시,월요일,경상북도 김천시 대덕면,중상사고,0,1,0,0,차대차 - 기타,안전운전불이행,건조,맑음,단일로 - 기타,승용,남,38세,상해없음,승용,남,61세,중상
2016081500100202,2016년 8월 15일 13시,월요일,경상북도 구미시 고아읍,중상사고,0,2,2,0,차대차 - 측면충돌,안전운전불이행,건조,맑음,교차로 - 교차로부근,화물,남,54세,중상,화물,남,38세,경상
2016081500100229,2016년 8월 15일 14시,월요일,경상북도 영천시 대창면,중상사고,0,1,1,1,차량단독 - 공작물충돌,안전운전불이행,건조,맑음,단일로 - 기타,승용,여,35세,상해없음,,,,
2016081500100288,2016년 8월 15일 16시,월요일,경상북도 경산시 용성면,경상사고,0,0,3,0,차대차 - 정면충돌,중앙선침범,건조,맑음,단일로 - 기타,화물,남,59세,상해없음,승용,남,58세,경상
2016081500100290,2016년 8월 15일 16시,월요일,경상북도 구미시 광평동,경상사고,0,0,3,0,차대차 - 기타,안전운전불이행,건조,맑음,기타 - 기타,승용,남,47세,상해없음,승용,여,33세,경상
2016081500100291,2016년 8월 15일 16시,월요일,경상북도 구미시 진평동,중상사고,0,1,0,1,차대차 - 측면충돌,안전운전불이행,건조,맑음,단일로 - 기타,승용,남,40세,부상신고,승용,남,34세,중상
2016081500100316,2016년 8월 15일 17시,월요일,경상북도 포항시 북구 남빈동,중상사고,0,1,0,0,차대차 - 기타,중앙선침범,건조,맑음,단일로 - 기타,승용,남,29세,상해없음,원동기,남,18세,중상
2016081500100317,2016년 8월 15일 17시,월요일,경상북도 영천시 금호읍,중상사고,0,1,0,0,차대차 - 측면직각충돌,안전운전불이행,건조,맑음,단일로 - 기타,승용,남,77세,상해없음,원동기,남,30세,중상
2016081500100318,2016년 8월 15일 17시,월요일,경상북도 봉화군 춘양면,경상사고,0,0,1,0,차량단독 - 전도전복,안전운전불이행,습기,비,단일로 - 기타,이륜,남,76세,경상,,,,
2016081500100319,2016년 8월 15일 17시,월요일,경상북도 고령군 성산면,경상사고,0,0,1,0,차대차 - 측면직각충돌,안전운전불이행,건조,맑음,교차로 - 교차로부근,승용,여,62세,상해없음,자전거,남,40세,경상
2016081500100320,2016년 8월 15일 17시,월요일,경상북도 구미시 공단동,경상사고,0,0,1,0,차대차 - 측면충돌,안전운전불이행,건조,맑음,교차로 - 교차로안,승용,여,54세,상해없음,승용,여,49세,경상
2016081500100350,2016년 8월 15일 18시,월요일,경상북도 칠곡군 석적읍,경상사고,0,0,1,0,차대차 - 측면충돌,안전운전불이행,건조,맑음,단일로 - 기타,화물,남,35세,상해없음,승용,여,61세,경상
2016081500100351,2016년 8월 15일 18시,월요일,경상북도 포항시 남구 호미곶면,중상사고,0,1,0,0,차대차 - 기타,안전운전불이행,건조,맑음,교차로 - 교차로부근,승용,여,35세,상해없음,이륜,남,77세,중상
2016081500100384,2016년 8월 15일 19시,월요일,경상북도 경주시 교동,중상사고,0,1,0,0,차대차 - 측면충돌,안전운전불이행,건조,맑음,단일로 - 기타,농기계,남,72세,중상,승용,남,35세,상해없음
2016081500100385,2016년 8월 15일 19시,월요일,경상북도 상주시 무양동,중상사고,0,1,1,0,차대차 - 측면충돌,교차로운행방법위반,건조,맑음,교차로 - 교차로안,승용,여,60세,상해없음,승용,여,60세,중상
2016081500100386,2016년 8월 15일 19시,월요일,경상북도 영주시 영주동,중상사고,0,1,0,0,차대사람 - 횡단중,안전운전불이행,건조,맑음,단일로 - 기타,승용,남,67세,기타불명,보행자,남,79세,중상
2016081500100387,2016년 8월 15일 19시,월요일,경상북도 경산시 압량면,사망사고,1,0,0,0,차대사람 - 기타,안전운전불이행,건조,맑음,단일로 - 기타,승용,남,29세,상해없음,보행자,남,45세,사망
2016081500100407,2016년 8월 15일 20시,월요일,경상북도 경산시 옥산동,경상사고,0,0,1,0,차대차 - 기타,안전운전불이행,건조,맑음,단일로 - 기타,이륜,남,19세,경상,승용,남,47세,상해없음
2016081500100408,2016년 8월 15일 20시,월요일,경상북도 경산시 대평동,중상사고,0,1,1,0,차대차 - 추돌,안전운전불이행,건조,기타,단일로 - 기타,승용,남,49세,상해없음,승용,남,44세,중상
2016081500100409,2016년 8월 15일 20시,월요일,경상북도 구미시 신평동,경상사고,0,0,1,0,차대차 - 추돌,안전운전불이행,건조,맑음,교차로 - 교차로안,승용,여,42세,상해없음,승용,남,56세,경상
2016081600100009,2016년 8월 16일 00시,화요일,경상북도 김천시 조마면,부상신고사고,0,0,0,1,차량단독 - 전도전복,안전운전불이행,건조,맑음,교차로 - 교차로부근,승용,남,41세,부상신고,,,,
2016081600100036,2016년 8월 16일 03시,화요일,경상북도 구미시 옥계동,경상사고,0,0,2,0,차대차 - 추돌,안전운전불이행,건조,맑음,교차로 - 교차로부근,승용,남,29세,상해없음,승용,남,28세,경상
2016081600100062,2016년 8월 16일 06시,화요일,경상북도 경주시 외동읍,중상사고,0,1,0,0,차대차 - 측면충돌,안전운전불이행,습기,비,교차로 - 교차로안,원동기,남,74세,중상,화물,남,28세,상해없음
2016081600100063,2016년 8월 16일 06시,화요일,경상북도 포항시 북구 죽장면,중상사고,0,2,3,0,차량단독 - 공작물충돌,안전운전불이행,건조,맑음,단일로 - 기타,승합,여,55세,상해없음,,,,
2016081600100089,2016년 8월 16일 07시,화요일,경상북도 포항시 남구 대도동,경상사고,0,0,1,0,차대차 - 기타,직진우회전진행방해,건조,맑음,교차로 - 교차로안,승용,남,30세,상해없음,승용,남,42세,경상
2016081600100119,2016년 8월 16일 08시,화요일,경상북도 영천시 완산동,경상사고,0,0,1,0,차대사람 - 횡단중,보행자보호의무위반,건조,맑음,교차로 - 교차로안,승용,여,62세,상해없음,보행자,여,72세,경상
2016081600100120,2016년 8월 16일 08시,화요일,경상북도 경산시 대동,경상사고,0,0,1,0,차대차 - 정면충돌,안전거리미확보,건조,맑음,단일로 - 기타,승용,남,76세,상해없음,승용,남,30세,경상
2016081600100121,2016년 8월 16일 08시,화요일,경상북도 영덕군 영덕읍,경상사고,0,0,1,0,차대차 - 추돌,기타,건조,맑음,단일로 - 기타,승용,여,35세,상해없음,자전거,여,59세,경상
2016081600100122,2016년 8월 16일 08시,화요일,경상북도 구미시 도량동,경상사고,0,0,1,0,차대차 - 기타,교차로운행방법위반,건조,맑음,교차로 - 교차로안,승용,여,29세,상해없음,자전거,남,23세,경상
2016081600100152,2016년 8월 16일 09시,화요일,경상북도 포항시 북구 학산동,경상사고,0,0,2,0,차대차 - 측면충돌,직진우회전진행방해,건조,맑음,교차로 - 교차로안,승용,남,67세,상해없음,승용,여,27세,경상
2016081600100153,2016년 8월 16일 09시,화요일,경상북도 안동시 운흥동,중상사고,0,1,0,0,차대차 - 측면직각충돌,안전운전불이행,건조,맑음,교차로 - 교차로안,승용,남,68세,상해없음,이륜,여,29세,중상
2016081600100154,2016년 8월 16일 09시,화요일,경상북도 김천시 성내동,경상사고,0,0,1,0,차대사람 - 횡단중,보행자보호의무위반,건조,맑음,단일로 - 기타,승용,남,79세,상해없음,보행자,여,73세,경상
2016081600100190,2016년 8월 16일 10시,화요일,경상북도 안동시 태화동,중상사고,0,1,0,0,차대사람 - 횡단중,안전운전불이행,건조,맑음,기타 - 기타,승용,여,73세,상해없음,보행자,여,56세,중상
2016081600100221,2016년 8월 16일 11시,화요일,경상북도 상주시 서문동,경상사고,0,0,2,0,차대차 - 측면직각충돌,안전거리미확보,건조,맑음,교차로 - 교차로안,화물,남,73세,상해없음,승용,남,53세,경상
2016081600100253,2016년 8월 16일 12시,화요일,경상북도 안동시 북후면,중상사고,0,1,0,0,차대차 - 측면직각충돌,안전운전불이행,건조,맑음,단일로 - 기타,이륜,남,77세,중상,승용,여,60세,상해없음
2016081600100254,2016년 8월 16일 12시,화요일,경상북도 성주군 월항면,사망사고,2,0,0,0,차대차 - 추돌,안전운전불이행,건조,맑음,교차로 - 교차로부근,승합,남,58세,상해없음,농기계,남,81세,사망
2016081600100255,2016년 8월 16일 12시,화요일,경상북도 포항시 남구 효자동,부상신고사고,0,0,0,1,차대차 - 기타,안전운전불이행,건조,맑음,교차로 - 교차로부근,승용,남,56세,상해없음,자전거,남,8세,부상신고
2016081600100283,2016년 8월 16일 13시,화요일,경상북도 상주시 함창읍,중상사고,0,1,0,0,차대차 - 측면충돌,차로위반,건조,맑음,단일로 - 기타,화물,남,59세,상해없음,이륜,남,75세,중상
2016081600100284,2016년 8월 16일 13시,화요일,경상북도 봉화군 봉성면,중상사고,0,2,1,0,차대차 - 정면충돌,중앙선침범,건조,맑음,단일로 - 기타,화물,남,60세,상해없음,화물,남,64세,중상
2016081600100316,2016년 8월 16일 14시,화요일,경상북도 경주시 마동,경상사고,0,0,1,0,차대차 - 측면충돌,안전운전불이행,건조,맑음,교차로 - 교차로안,승용,남,53세,상해없음,자전거,남,12세,경상
2016081600100317,2016년 8월 16일 14시,화요일,경상북도 안동시 태화동,경상사고,0,0,1,0,차대차 - 추돌,안전운전불이행,건조,맑음,교차로 - 교차로부근,승용,남,48세,상해없음,승용,여,29세,상해없음
2016081600100318,2016년 8월 16일 14시,화요일,경상북도 구미시 공단동,경상사고,0,0,1,0,차대차 - 추돌,안전운전불이행,건조,맑음,교차로 - 교차로부근,승용,여,35세,상해없음,승용,남,28세,경상
2016081600100319,2016년 8월 16일 14시,화요일,경상북도 포항시 남구 상도동,경상사고,0,0,1,1,차대차 - 측면충돌,직진우회전진행방해,건조,맑음,교차로 - 교차로안,화물,남,42세,부상신고,승용,남,62세,경상
2016081600100358,2016년 8월 16일 15시,화요일,경상북도 상주시 내서면,중상사고,0,1,0,0,차대차 - 추돌,안전운전불이행,건조,맑음,단일로 - 기타,화물,여,56세,상해없음,자전거,남,82세,중상
2016081600100388,2016년 8월 16일 16시,화요일,경상북도 포항시 북구 장성동,중상사고,0,1,0,0,차대사람 - 횡단중,안전운전불이행,건조,맑음,교차로 - 교차로부근,화물,남,40세,상해없음,보행자,여,76세,중상
2016081600100425,2016년 8월 16일 17시,화요일,경상북도 경주시 노서동,경상사고,0,0,1,0,차대차 - 측면충돌,안전운전불이행,건조,맑음,교차로 - 교차로안,승용,남,51세,상해없음,승용,여,43세,경상
2016081600100426,2016년 8월 16일 17시,화요일,경상북도 영주시 봉현면,경상사고,0,0,1,0,차대사람 - 길가장자리구역통행중,안전운전불이행,건조,맑음,단일로 - 기타,화물,남,76세,상해없음,보행자,남,19세,경상
2016081600100427,2016년 8월 16일 17시,화요일,경상북도 문경시 모전동,경상사고,0,0,1,0,차대사람 - 기타,안전운전불이행,건조,맑음,단일로 - 기타,화물,남,59세,상해없음,보행자,여,55세,경상
2016081600100467,2016년 8월 16일 18시,화요일,경상북도 상주시 외남면,경상사고,0,0,1,0,차대차 - 측면충돌,안전운전불이행,건조,맑음,단일로 - 기타,승용,여,54세,상해없음,승용,남,28세,경상
2016081600100468,2016년 8월 16일 18시,화요일,경상북도 영주시 부석면,경상사고,0,0,1,0,차대차 - 정면충돌,안전운전불이행,건조,맑음,단일로 - 기타,화물,남,69세,상해없음,원동기,남,66세,경상
2016081600100469,2016년 8월 16일 18시,화요일,경상북도 경산시 중방동,부상신고사고,0,0,0,1,차대차 - 측면직각충돌,신호위반,건조,맑음,교차로 - 교차로안,이륜,남,61세,부상신고,승용,남,40세,상해없음
2016081600100470,2016년 8월 16일 18시,화요일,경상북도 구미시 광평동,경상사고,0,0,1,0,차대차 - 기타,안전운전불이행,건조,맑음,교차로 - 교차로부근,승용,남,47세,상해없음,자전거,남,54세,경상
2016081600100471,2016년 8월 16일 18시,화요일,경상북도 포항시 남구 연일읍,경상사고,0,0,2,0,차대차 - 기타,직진우회전진행방해,건조,맑음,교차로 - 교차로안,승용,남,56세,경상,승용,남,64세,상해없음
2016081600100472,2016년 8월 16일 18시,화요일,경상북도 포항시 남구 오천읍,경상사고,0,0,1,0,차대차 - 기타,중앙선침범,건조,맑음,교차로 - 교차로부근,이륜,남,72세,상해없음,승용,남,56세,경상
2016081600100473,2016년 8월 16일 18시,화요일,경상북도 포항시 남구 오천읍,경상사고,0,0,1,0,차대차 - 기타,안전거리미확보,건조,맑음,단일로 - 기타,이륜,남,40세,경상,승용,남,24세,상해없음
2016081600100507,2016년 8월 16일 19시,화요일,경상북도 영주시 휴천동,중상사고,0,1,0,0,차대사람 - 횡단중,보행자보호의무위반,건조,맑음,단일로 - 횡단보도상,승합,남,61세,상해없음,보행자,남,44세,중상
2016081600100508,2016년 8월 16일 19시,화요일,경상북도 영천시 봉동,경상사고,0,0,1,0,차량단독 - 공작물충돌,안전운전불이행,건조,맑음,단일로 - 기타,원동기,남,29세,경상,,,,
2016081600100509,2016년 8월 16일 19시,화요일,경상북도 포항시 남구 해도동,경상사고,0,0,1,0,차대사람 - 횡단중,신호위반,건조,맑음,단일로 - 횡단보도상,승용,남,50세,상해없음,보행자,여,50세,경상
2016081600100541,2016년 8월 16일 20시,화요일,경상북도 문경시 가은읍북부출장,경상사고,0,0,1,0,차대사람 - 기타,안전운전불이행,건조,맑음,단일로 - 기타,승용,여,55세,상해없음,보행자,남,56세,경상
2016081600100542,2016년 8월 16일 20시,화요일,경상북도 청도군 청도읍,중상사고,0,1,2,0,차대차 - 측면충돌,교차로운행방법위반,건조,맑음,교차로 - 교차로안,승용,여,36세,상해없음,승용,여,30세,경상
2016081600100543,2016년 8월 16일 20시,화요일,경상북도 군위군 부계면,사망사고,1,0,0,0,차대사람 - 길가장자리구역통행중,안전운전불이행,건조,맑음,단일로 - 기타,승용,남,36세,상해없음,보행자,여,78세,사망
2016081600100566,2016년 8월 16일 21시,화요일,경상북도 포항시 남구 상도동,경상사고,0,0,2,0,차대차 - 추돌,안전거리미확보,건조,맑음,교차로 - 교차로부근,승용,남,56세,상해없음,승용,남,33세,경상
2016081600100591,2016년 8월 16일 22시,화요일,경상북도 청도군 화양읍,중상사고,0,1,0,0,차대차 - 추돌,과속,건조,맑음,단일로 - 기타,승용,남,52세,상해없음,농기계,남,38세,중상
2016081700100017,2016년 8월 17일 00시,수요일,경상북도 경주시 노서동,중상사고,0,2,0,0,차대차 - 측면충돌,안전운전불이행,건조,맑음,교차로 - 교차로안,승용,남,61세,상해없음,승용,남,67세,중상
2016081700100018,2016년 8월 17일 00시,수요일,경상북도 포항시 남구 상도동,경상사고,0,0,2,0,차대차 - 측면충돌,안전거리미확보,건조,맑음,교차로 - 교차로부근,승용,남,43세,상해없음,승용,남,59세,경상
2016081700100049,2016년 8월 17일 03시,수요일,경상북도 상주시 남성동,중상사고,0,1,0,0,차대사람 - 기타,안전운전불이행,건조,맑음,단일로 - 기타,승용,여,53세,상해없음,보행자,남,34세,중상
2016081700100063,2016년 8월 17일 05시,수요일,경상북도 안동시 용상동,중상사고,0,1,1,0,차대차 - 측면직각충돌,교차로운행방법위반,건조,맑음,교차로 - 교차로안,승용,남,55세,상해없음,승용,남,57세,중상
2016081700100088,2016년 8월 17일 07시,수요일,경상북도 칠곡군 북삼읍,경상사고,0,0,6,0,차대차 - 추돌,안전거리미확보,건조,맑음,단일로 - 기타,승용,남,46세,경상,승합,남,54세,경상
2016081700100122,2016년 8월 17일 08시,수요일,경상북도 경산시 압량면,중상사고,0,1,0,0,차대차 - 측면직각충돌,안전운전불이행,건조,맑음,교차로 - 교차로안,농기계,남,74세,중상,화물,남,49세,상해없음
2016081700100123,2016년 8월 17일 08시,수요일,경상북도 구미시 양호동,경상사고,0,0,1,2,차대차 - 추돌,안전거리미확보,건조,맑음,단일로 - 기타,승용,남,70세,부상신고,화물,남,44세,부상신고
2016081700100165,2016년 8월 17일 09시,수요일,경상북도 구미시 선산읍,경상사고,0,0,1,0,차량단독 - 전도전복,안전운전불이행,건조,맑음,단일로 - 교량,화물,남,25세,경상,,,,
2016081700100205,2016년 8월 17일 10시,수요일,경상북도 포항시 북구 남빈동,경상사고,0,0,1,0,차대차 - 기타,안전운전불이행,건조,맑음,교차로 - 교차로안,이륜,남,43세,경상,화물,남,68세,상해없음
2016081700100206,2016년 8월 17일 10시,수요일,경상북도 문경시 점촌동,중상사고,0,1,0,0,차대차 - 측면직각충돌,안전운전불이행,건조,맑음,교차로 - 교차로안,승용,남,49세,상해없음,이륜,남,74세,상해없음
2016081700100233,2016년 8월 17일 11시,수요일,경상북도 안동시 풍산읍,부상신고사고,0,0,0,1,차대차 - 추돌,안전운전불이행,건조,맑음,교차로 - 교차로부근,승용,남,53세,상해없음,화물,남,53세,상해없음
2016081700100234,2016년 8월 17일 11시,수요일,경상북도 청도군 화양읍,중상사고,0,1,1,0,차대차 - 측면충돌,안전운전불이행,건조,맑음,교차로 - 교차로안,승용,남,61세,상해없음,승용,남,63세,중상
2016081700100235,2016년 8월 17일 11시,수요일,경상북도 울진군 후포면,부상신고사고,0,0,0,1,차대차 - 기타,기타,건조,맑음,교차로 - 교차로부근,자전거,남,14세,부상신고,기타불명,기타불명,기타불명,기타불명
2016081700100236,2016년 8월 17일 11시,수요일,경상북도 구미시 선산읍,경상사고,0,0,1,0,차대차 - 기타,안전운전불이행,건조,맑음,단일로 - 기타,승용,여,58세,상해없음,승용,남,29세,경상
2016081700100237,2016년 8월 17일 11시,수요일,경상북도 포항시 남구 장기면,경상사고,0,0,2,0,차대차 - 측면충돌,안전운전불이행,건조,맑음,단일로 - 기타,승용,남,56세,상해없음,승용,여,54세,경상
2016081700100260,2016년 8월 17일 12시,수요일,경상북도 경주시 성건동,경상사고,0,0,1,0,차대차 - 정면충돌,안전운전불이행,건조,맑음,교차로 - 교차로부근,승용,남,63세,상해없음,자전거,남,11세,경상
2016081700100261,2016년 8월 17일 12시,수요일,경상북도 경주시 석장동,중상사고,0,1,0,1,차대차 - 측면충돌,안전운전불이행,건조,맑음,단일로 - 기타,승용,남,19세,부상신고,승용,남,36세,상해없음
2016081700100262,2016년 8월 17일 12시,수요일,경상북도 상주시 화서면,중상사고,0,3,1,0,차대차 - 정면충돌,교차로운행방법위반,건조,맑음,교차로 - 교차로안,승용,남,39세,중상,화물,남,41세,중상
2016081700100263,2016년 8월 17일 12시,수요일,경상북도 영주시 영주동,경상사고,0,0,2,0,차대차 - 측면충돌,교차로운행방법위반,건조,맑음,교차로 - 교차로안,승용,여,51세,상해없음,승용,남,37세,경상
2016081700100264,2016년 8월 17일 12시,수요일,경상북도 문경시 점촌동,경상사고,0,0,1,0,차대차 - 기타,안전운전불이행,건조,맑음,교차로 - 교차로안,원동기,여,51세,경상,승용,남,50세,상해없음
2016081700100290,2016년 8월 17일 13시,수요일,경상북도 구미시 인의동,부상신고사고,0,0,0,1,차대차 - 측면충돌,안전운전불이행,건조,맑음,교차로 - 교차로안,승용,여,45세,부상신고,승용,남,41세,상해없음
2016081700100291,2016년 8월 17일 13시,수요일,경상북도 포항시 남구 대잠동,경상사고,0,0,2,0,차대차 - 추돌,안전운전불이행,건조,맑음,단일로 - 기타,화물,남,39세,상해없음,승용,남,65세,경상
2016081700100335,2016년 8월 17일 14시,수요일,경상북도 포항시 북구 환호동,경상사고,0,0,1,0,차대차 - 측면충돌,안전운전불이행,건조,맑음,교차로 - 교차로안,승용,남,62세,상해없음,승용,여,35세,경상
2016081700100336,2016년 8월 17일 14시,수요일,경상북도 경산시 용성면,경상사고,0,0,1,0,차대차 - 측면충돌,안전운전불이행,건조,맑음,교차로 - 교차로안,화물,남,61세,상해없음,이륜,남,40세,경상