사고번호,사고일시,요일,시군구,사고내용,사망자수,중상자수,경상자수,부상신고자수,사고유형,법규위반,노면상태,기상상태,도로형태,가해운전자 차종,가해운전자 성별,가해운전자 연령,가해운전자 상해정도,피해운전자 차종,피해운전자 성별,피해운전자 연령,피해운전자 상해정도
2016082000100101,2016년 8월 20일 06시,토요일,경상북도 상주시 모서면,중상사고,0,1,2,0,차대차 - 측면직각충돌,신호위반,건조,맑음,교차로 - 교차로안,화물,남,69세,경상,화물,남,37세,중상
2016082000100102,2016년 8월 20일 06시,토요일,경상북도 영주시 영주동,사망사고,1,0,0,0,차대사람 - 횡단중,보행자보호의무위반,건조,맑음,교차로 - 교차로안,화물,남,67세,상해없음,보행자,여,61세,사망
2016082000100115,2016년 8월 20일 07시,토요일,경상북도 경주시 성동동,중상사고,0,1,0,0,차대차 - 측면충돌,안전운전불이행,건조,맑음,단일로 - 기타,승용,남,65세,상해없음,자전거,남,65세,중상
2016082000100116,2016년 8월 20일 07시,토요일,경상북도 안동시 태화동,경상사고,0,0,1,0,차대차 - 정면충돌,교차로운행방법위반,건조,맑음,교차로 - 교차로안,원동기,남,47세,경상,승용,여,58세,상해없음
2016082000100136,2016년 8월 20일 08시,토요일,경상북도 성주군 성주읍,경상사고,0,0,1,0,차대차 - 정면충돌,안전운전불이행,건조,맑음,기타 - 기타,이륜,남,80세,상해없음,승용,여,50세,경상
2016082000100162,2016년 8월 20일 09시,토요일,경상북도 안동시 옥야동,중상사고,0,1,0,0,차대사람 - 기타,안전운전불이행,건조,맑음,단일로 - 기타,승용,여,61세,상해없음,보행자,여,83세,중상
2016082000100227,2016년 8월 20일 11시,토요일,경상북도 포항시 북구 죽도동,중상사고,0,1,0,0,차대사람 - 기타,안전운전불이행,건조,맑음,단일로 - 기타,화물,남,56세,상해없음,보행자,남,70세,중상
2016082000100228,2016년 8월 20일 11시,토요일,경상북도 영덕군 지품면,중상사고,0,1,0,0,차대차 - 측면충돌,안전운전불이행,건조,맑음,단일로 - 기타,이륜,남,77세,중상,화물,남,85세,상해없음
2016082000100229,2016년 8월 20일 11시,토요일,경상북도 구미시 사곡동,경상사고,0,0,1,0,차대차 - 측면충돌,안전운전불이행,건조,맑음,단일로 - 기타,이륜,남,70세,경상,승용,여,49세,상해없음
2016082000100230,2016년 8월 20일 11시,토요일,경상북도 구미시 임수동,중상사고,0,1,1,0,차대차 - 기타,안전운전불이행,건조,맑음,단일로 - 기타,승용,여,52세,경상,승용,남,39세,중상
2016082000100231,2016년 8월 20일 11시,토요일,경상북도 포항시 남구 상도동,경상사고,0,0,1,0,차대차 - 기타,중앙선침범,건조,맑음,단일로 - 기타,승용,남,60세,상해없음,승용,남,45세,경상
2016082000100268,2016년 8월 20일 12시,토요일,경상북도 안동시 길안면,중상사고,0,2,1,0,차량단독 - 공작물충돌,안전운전불이행,건조,맑음,단일로 - 기타,승용,남,58세,상해없음,,,,
2016082000100327,2016년 8월 20일 14시,토요일,경상북도 경주시 강동면,경상사고,0,0,2,0,차대차 - 기타,안전운전불이행,건조,맑음,단일로 - 기타,승합,남,58세,상해없음,승용,여,34세,경상
2016082000100328,2016년 8월 20일 14시,토요일,경상북도 구미시 옥계동,경상사고,0,0,1,0,차대차 - 정면충돌,교차로운행방법위반,건조,맑음,교차로 - 교차로안,승용,남,30세,상해없음,자전거,남,22세,경상
2016082000100364,2016년 8월 20일 15시,토요일,경상북도 포항시 북구 창포동,경상사고,0,0,1,0,차대차 - 정면충돌,안전운전불이행,건조,맑음,단일로 - 기타,승용,남,36세,상해없음,승용,남,30세,경상
2016082000100396,2016년 8월 20일 16시,토요일,경상북도 구미시 장천면,부상신고사고,0,0,0,1,차량단독 - 전도전복,안전운전불이행,건조,맑음,단일로 - 기타,승용,여,18세,부상신고,,,,
2016082000100441,2016년 8월 20일 17시,토요일,경상북도 포항시 북구 용흥동,중상사고,0,1,1,0,차량단독 - 전도전복,안전운전불이행,건조,맑음,단일로 - 기타,승용,여,58세,상해없음,,,,
2016082000100442,2016년 8월 20일 17시,토요일,경상북도 상주시 화서면,경상사고,0,0,1,0,차대차 - 정면충돌,안전운전불이행,건조,맑음,교차로 - 교차로안,승용,남,53세,상해없음,승용,남,55세,경상
2016082000100480,2016년 8월 20일 18시,토요일,경상북도 경주시 산내면,중상사고,0,1,2,0,차대차 - 측면직각충돌,안전운전불이행,건조,맑음,교차로 - 교차로안,승용,남,25세,경상,승용,남,30세,중상
2016082000100481,2016년 8월 20일 18시,토요일,경상북도 경주시 용강동,경상사고,0,0,1,0,차대차 - 기타,안전운전불이행,건조,맑음,미분류 - 미분류,승합,남,47세,상해없음,자전거,남,21세,경상
2016082000100482,2016년 8월 20일 18시,토요일,경상북도 포항시 북구 기계면,중상사고,0,1,0,0,차량단독 - 기타,안전운전불이행,건조,맑음,단일로 - 기타,원동기,남,67세,중상,,,,
2016082000100483,2016년 8월 20일 18시,토요일,경상북도 포항시 남구 해도동,중상사고,0,1,0,0,차대차 - 측면충돌,차로위반,건조,맑음,단일로 - 기타,승용,남,68세,상해없음,이륜,남,57세,중상
2016082000100484,2016년 8월 20일 18시,토요일,경상북도 경산시 와촌면,경상사고,0,0,2,0,차대차 - 측면직각충돌,안전운전불이행,건조,맑음,단일로 - 기타,승용,남,60세,상해없음,승용,남,19세,경상
2016082000100523,2016년 8월 20일 19시,토요일,경상북도 포항시 북구 동빈1가,경상사고,0,0,1,0,차대차 - 기타,직진우회전진행방해,건조,맑음,교차로 - 교차로안,자전거,여,63세,경상,승용,남,30세,상해없음
2016082000100524,2016년 8월 20일 19시,토요일,경상북도 칠곡군 석적읍,부상신고사고,0,0,0,1,차대차 - 추돌,안전운전불이행,건조,맑음,단일로 - 기타,이륜,남,32세,부상신고,승용,남,29세,상해없음
2016082000100525,2016년 8월 20일 19시,토요일,경상북도 영천시 화산면,중상사고,0,1,0,0,차대사람 - 횡단중,안전운전불이행,건조,맑음,교차로 - 교차로안,화물,남,58세,상해없음,보행자,여,73세,중상
2016082000100579,2016년 8월 20일 21시,토요일,경상북도 포항시 북구 흥해읍,중상사고,0,1,1,1,차대차 - 기타,안전거리미확보,건조,맑음,단일로 - 기타,승용,남,24세,상해없음,승합,남,51세,중상
2016082000100608,2016년 8월 20일 22시,토요일,경상북도 김천시 봉산면,중상사고,0,1,0,0,차대사람 - 기타,안전운전불이행,건조,맑음,단일로 - 기타,승합,남,55세,상해없음,보행자,남,3세,중상
2016082000100627,2016년 8월 20일 23시,토요일,경상북도 칠곡군 석적읍,중상사고,0,1,0,0,차량단독 - 기타,기타,건조,맑음,단일로 - 기타,승용,여,32세,상해없음,,,,
2016082000100628,2016년 8월 20일 23시,토요일,경상북도 영천시 금노동,중상사고,0,1,3,0,차대차 - 측면충돌,안전운전불이행,건조,맑음,교차로 - 교차로부근,승용,남,37세,중상,화물,남,29세,경상
2016082000100629,2016년 8월 20일 23시,토요일,경상북도 고령군 대가야읍,중상사고,0,1,0,0,차량단독 - 기타,안전운전불이행,건조,맑음,단일로 - 기타,이륜,남,53세,중상,,,,
2016082100100015,2016년 8월 21일 00시,일요일,경상북도 경주시 동천동,경상사고,0,0,2,0,차대차 - 측면충돌,중앙선침범,건조,맑음,교차로 - 교차로부근,승용,남,51세,상해없음,승용,남,33세,경상
2016082100100016,2016년 8월 21일 00시,일요일,경상북도 구미시 도량동,중상사고,0,1,0,0,차대차 - 측면직각충돌,안전거리미확보,건조,맑음,단일로 - 기타,이륜,남,18세,중상,승용,남,46세,상해없음
2016082100100063,2016년 8월 21일 03시,일요일,경상북도 안동시 옥동,경상사고,0,0,1,0,차대사람 - 기타,안전운전불이행,건조,맑음,단일로 - 기타,승용,남,24세,상해없음,보행자,남,24세,경상
2016082100100075,2016년 8월 21일 04시,일요일,경상북도 포항시 남구 오천읍,중상사고,0,1,0,0,차량단독 - 기타,안전운전불이행,건조,맑음,교차로 - 교차로안,승용,남,45세,상해없음,,,,
2016082100100126,2016년 8월 21일 08시,일요일,경상북도 구미시 공단동,경상사고,0,0,5,0,차대차 - 추돌,안전운전불이행,건조,맑음,단일로 - 기타,승용,여,44세,상해없음,승용,남,31세,경상
2016082100100142,2016년 8월 21일 09시,일요일,경상북도 포항시 남구 동해면,중상사고,0,1,0,0,차대사람 - 기타,안전운전불이행,건조,맑음,단일로 - 기타,화물,남,65세,상해없음,보행자,남,63세,중상
2016082100100169,2016년 8월 21일 10시,일요일,경상북도 영주시 문수면,경상사고,0,0,1,0,차대사람 - 기타,안전운전불이행,건조,맑음,단일로 - 기타,승용,남,42세,상해없음,보행자,남,47세,경상
2016082100100170,2016년 8월 21일 10시,일요일,경상북도 문경시 산북면,중상사고,0,1,1,0,차대차 - 측면충돌,안전운전불이행,건조,맑음,단일로 - 기타,승용,여,42세,중상,화물,남,63세,경상
2016082100100191,2016년 8월 21일 11시,일요일,경상북도 구미시 해평면,중상사고,0,1,1,0,차대차 - 측면직각충돌,교차로운행방법위반,건조,맑음,교차로 - 교차로안,화물,남,65세,경상,승용,여,60세,중상
2016082100100261,2016년 8월 21일 14시,일요일,경상북도 경주시 양북면,중상사고,0,2,9,0,차대차 - 측면직각충돌,안전운전불이행,건조,맑음,교차로 - 교차로부근,승용,남,63세,상해없음,승용,남,34세,경상
2016082100100262,2016년 8월 21일 14시,일요일,경상북도 의성군 금성면,중상사고,0,1,0,0,차대차 - 측면충돌,안전운전불이행,건조,맑음,단일로 - 기타,승용,남,27세,상해없음,이륜,남,77세,중상
2016082100100263,2016년 8월 21일 14시,일요일,경상북도 포항시 남구 효자동,중상사고,0,1,1,0,차대차 - 추돌,안전운전불이행,건조,맑음,단일로 - 기타,승용,남,38세,상해없음,승용,여,54세,경상
2016082100100284,2016년 8월 21일 15시,일요일,경상북도 성주군 대가면,경상사고,0,0,2,0,차대차 - 정면충돌,중앙선침범,건조,맑음,기타 - 기타,화물,남,27세,상해없음,화물,남,35세,경상
2016082100100313,2016년 8월 21일 16시,일요일,경상북도 의성군 봉양면,중상사고,0,1,0,0,차량단독 - 전도전복,안전운전불이행,건조,맑음,단일로 - 기타,승용,남,45세,중상,,,,
2016082100100314,2016년 8월 21일 16시,일요일,경상북도 경산시 임당동,경상사고,0,0,1,0,차대차 - 추돌,안전운전불이행,건조,맑음,교차로 - 교차로부근,승용,남,59세,상해없음,승용,남,31세,경상
2016082100100315,2016년 8월 21일 16시,일요일,경상북도 고령군 쌍림면,경상사고,0,0,1,0,차대차 - 기타,중앙선침범,건조,맑음,단일로 - 기타,승용,남,37세,상해없음,이륜,남,71세,경상
2016082100100316,2016년 8월 21일 16시,일요일,경상북도 구미시 지산동,경상사고,0,0,1,0,차대차 - 기타,신호위반,건조,맑음,교차로 - 교차로안,승용,여,40세,상해없음,화물,남,40세,경상
2016082100100341,2016년 8월 21일 17시,일요일,경상북도 경주시 천군동,중상사고,0,2,0,0,차량단독 - 전도전복,안전운전불이행,건조,맑음,단일로 - 기타,원동기,남,22세,중상,,,,
2016082100100342,2016년 8월 21일 17시,일요일,경상북도 칠곡군 왜관읍,경상사고,0,0,3,0,차대차 - 정면충돌,안전거리미확보,건조,맑음,단일로 - 기타,승용,남,51세,상해없음,승용,여,36세,경상
2016082100100343,2016년 8월 21일 17시,일요일,경상북도 영덕군 지품면,중상사고,0,1,1,0,차대차 - 정면충돌,교차로운행방법위반,건조,맑음,교차로 - 교차로안,승용,남,54세,상해없음,승용,남,26세,경상
2016082100100344,2016년 8월 21일 17시,일요일,경상북도 구미시 비산동,중상사고,0,1,4,0,차대차 - 추돌,안전운전불이행,건조,맑음,단일로 - 기타,승용,남,60세,경상,승용,남,26세,경상
2016082100100379,2016년 8월 21일 18시,일요일,경상북도 경주시 안강읍,경상사고,0,0,2,0,차대사람 - 횡단중,보행자보호의무위반,건조,맑음,교차로 - 교차로안,이륜,남,15세,경상,보행자,여,32세,경상
2016082100100380,2016년 8월 21일 18시,일요일,경상북도 경주시 신평동,경상사고,0,0,1,0,차대차 - 정면충돌,안전운전불이행,건조,맑음,교차로 - 교차로안,승용,여,39세,상해없음,승용,남,54세,경상
2016082100100410,2016년 8월 21일 19시,일요일,경상북도 칠곡군 왜관읍,중상사고,0,1,1,1,차대차 - 측면충돌,신호위반,건조,맑음,교차로 - 교차로안,승용,남,50세,부상신고,화물,남,51세,중상
2016082100100411,2016년 8월 21일 19시,일요일,경상북도 영천시 임고면,중상사고,0,1,0,0,차대차 - 추돌,안전운전불이행,건조,맑음,단일로 - 기타,승용,남,47세,상해없음,농기계,남,55세,중상
2016082100100443,2016년 8월 21일 20시,일요일,경상북도 경주시 황오동,중상사고,0,1,1,0,차대차 - 추돌,안전운전불이행,건조,맑음,교차로 - 교차로부근,승용,남,74세,상해없음,승용,남,59세,상해없음
2016082100100444,2016년 8월 21일 20시,일요일,경상북도 포항시 남구 상도동,경상사고,0,0,1,0,차대사람 - 차도통행중,안전운전불이행,건조,맑음,교차로 - 교차로안,기타불명,기타불명,기타불명,기타불명,보행자,남,47세,경상
2016082100100469,2016년 8월 21일 21시,일요일,경상북도 경산시 계양동,경상사고,0,0,2,0,차대차 - 측면충돌,안전운전불이행,건조,맑음,단일로 - 기타,이륜,남,20세,경상,승용,남,23세,경상
2016082100100516,2016년 8월 21일 23시,일요일,경상북도 포항시 북구 용흥동,경상사고,0,0,1,0,차대차 - 정면충돌,차로위반,건조,맑음,단일로 - 기타,승용,남,65세,상해없음,승용,남,25세,경상
2016082200100032,2016년 8월 22일 02시,월요일,경상북도 포항시 남구 오천읍,경상사고,0,0,1,0,차량단독 - 기타,안전운전불이행,건조,맑음,단일로 - 기타,승용,남,27세,경상,,,,
2016082200100052,2016년 8월 22일 05시,월요일,경상북도 경주시 성건동,중상사고,0,1,0,0,차대사람 - 횡단중,보행자보호의무위반,건조,맑음,단일로 - 기타,화물,여,61세,상해없음,보행자,여,74세,중상
2016082200100053,2016년 8월 22일 05시,월요일,경상북도 경산시 정평동,경상사고,0,0,1,0,차대차 - 측면직각충돌,안전운전불이행,건조,맑음,교차로 - 교차로안,승용,남,29세,상해없음,승용,남,63세,경상
2016082200100054,2016년 8월 22일 05시,월요일,경상북도 예천군 보문면,사망사고,1,0,0,0,차대차 - 측면직각충돌,안전운전불이행,건조,맑음,교차로 - 교차로안,화물,남,62세,상해없음,농기계,남,55세,사망
2016082200100068,2016년 8월 22일 06시,월요일,경상북도 구미시 도량동,중상사고,0,1,0,0,차대차 - 측면충돌,중앙선침범,건조,맑음,단일로 - 기타,승용,남,65세,기타불명,승용,남,37세,중상
2016082200100103,2016년 8월 22일 07시,월요일,경상북도 상주시 낙양동,중상사고,0,1,0,1,차대차 - 추돌,기타,건조,맑음,단일로 - 기타,화물,남,40세,부상신고,자전거,여,74세,중상
2016082200100146,2016년 8월 22일 08시,월요일,경상북도 영주시 봉현면,중상사고,0,1,0,0,차량단독 - 전도전복,안전운전불이행,건조,맑음,단일로 - 기타,화물,남,65세,중상,,,,
2016082200100147,2016년 8월 22일 08시,월요일,경상북도 칠곡군 기산면,중상사고,0,1,0,0,차대차 - 추돌,안전운전불이행,건조,맑음,교차로 - 교차로부근,이륜,남,39세,중상,화물,남,67세,상해없음
2016082200100148,2016년 8월 22일 08시,월요일,경상북도 성주군 성주읍,경상사고,0,0,1,0,차대차 - 측면직각충돌,안전운전불이행,건조,맑음,교차로 - 교차로부근,자전거,남,82세,경상,승용,남,58세,상해없음
2016082200100194,2016년 8월 22일 09시,월요일,경상북도 포항시 북구 흥해읍,중상사고,0,1,0,0,차대차 - 측면충돌,직진우회전진행방해,건조,맑음,교차로 - 교차로안,승용,여,41세,상해없음,이륜,남,67세,중상
2016082200100195,2016년 8월 22일 09시,월요일,경상북도 안동시 임동면,경상사고,0,0,1,0,차대차 - 기타,중앙선침범,건조,맑음,단일로 - 교량,승용,여,23세,상해없음,승용,남,39세,경상
2016082200100196,2016년 8월 22일 09시,월요일,경상북도 봉화군 석포면,중상사고,0,1,0,0,차대사람 - 횡단중,안전운전불이행,건조,맑음,단일로 - 기타,화물,남,68세,상해없음,보행자,남,79세,중상
2016082200100197,2016년 8월 22일 09시,월요일,경상북도 구미시 인의동,경상사고,0,0,1,0,차대사람 - 횡단중,보행자보호의무위반,건조,맑음,교차로 - 교차로부근,기타불명,기타불명,기타불명,기타불명,보행자,남,20세,경상
2016082200100237,2016년 8월 22일 10시,월요일,경상북도 포항시 북구 상원동,중상사고,0,1,0,0,차대사람 - 횡단중,중앙선침범,건조,맑음,단일로 - 기타,승합,남,27세,상해없음,보행자,여,72세,중상
2016082200100238,2016년 8월 22일 10시,월요일,경상북도 칠곡군 가산면,중상사고,0,1,0,0,차대사람 - 횡단중,안전운전불이행,건조,맑음,단일로 - 기타,화물,남,29세,상해없음,보행자,여,73세,중상
2016082200100239,2016년 8월 22일 10시,월요일,경상북도 문경시 점촌동,경상사고,0,0,1,0,차대사람 - 횡단중,안전운전불이행,건조,맑음,교차로 - 교차로안,승용,남,50세,상해없음,보행자,여,57세,경상
2016082200100240,2016년 8월 22일 10시,월요일,경상북도 포항시 남구 오천읍,경상사고,0,0,1,0,차대차 - 기타,신호위반,건조,맑음,단일로 - 횡단보도상,자전거,남,18세,경상,승용,남,31세,상해없음
2016082200100275,2016년 8월 22일 11시,월요일,경상북도 경주시 현곡면,경상사고,0,0,1,0,차대차 - 측면충돌,안전운전불이행,건조,맑음,단일로 - 기타,건설기계,남,62세,상해없음,승용,여,31세,경상
2016082200100276,2016년 8월 22일 11시,월요일,경상북도 영덕군 영덕읍,중상사고,0,1,0,0,차대사람 - 기타,안전운전불이행,건조,맑음,단일로 - 기타,승용,남,77세,상해없음,보행자,여,65세,중상
2016082200100277,2016년 8월 22일 11시,월요일,경상북도 청송군 진보면,중상사고,0,1,0,0,차대차 - 측면충돌,안전운전불이행,건조,맑음,단일로 - 기타,이륜,여,82세,중상,승용,남,60세,상해없음
2016082200100278,2016년 8월 22일 11시,월요일,경상북도 포항시 남구 대도동,경상사고,0,0,1,0,차대차 - 측면충돌,신호위반,건조,맑음,단일로 - 횡단보도상,자전거,남,63세,경상,승용,남,67세,상해없음
2016082200100306,2016년 8월 22일 12시,월요일,경상북도 칠곡군 석적읍,경상사고,0,0,1,0,차대사람 - 보도통행중,기타,건조,맑음,단일로 - 기타,승용,남,51세,상해없음,보행자,여,28세,경상
2016082200100307,2016년 8월 22일 12시,월요일,경상북도 영덕군 영덕읍,경상사고,0,0,1,0,차대사람 - 기타,안전운전불이행,건조,맑음,단일로 - 기타,승용,여,51세,상해없음,보행자,남,57세,경상
2016082200100308,2016년 8월 22일 12시,월요일,경상북도 포항시 남구 구룡포읍,중상사고,0,1,0,0,차대차 - 측면충돌,중앙선침범,건조,맑음,단일로 - 기타,승용,남,33세,상해없음,화물,남,55세,중상
2016082200100337,2016년 8월 22일 13시,월요일,경상북도 경주시 충효동,경상사고,0,0,1,0,차대차 - 기타,안전운전불이행,건조,맑음,단일로 - 기타,승용,여,23세,상해없음,승용,남,59세,상해없음
2016082200100338,2016년 8월 22일 13시,월요일,경상북도 청도군 금천면,중상사고,0,2,0,0,차량단독 - 전도전복,안전운전불이행,건조,맑음,교차로 - 교차로부근,승용,남,60세,중상,,,,
2016082200100361,2016년 8월 22일 14시,월요일,경상북도 봉화군 명호면,중상사고,0,1,0,0,차량단독 - 전도전복,안전운전불이행,건조,맑음,기타 - 기타,화물,여,64세,기타불명,,,,
2016082200100362,2016년 8월 22일 14시,월요일,경상북도 군위군 의흥면,사망사고,1,0,0,0,차대사람 - 횡단중,안전운전불이행,건조,맑음,교차로 - 교차로안,화물,남,48세,상해없음,보행자,남,38세,사망
2016082200100363,2016년 8월 22일 14시,월요일,경상북도 포항시 남구 동해면,경상사고,0,0,3,0,차대차 - 추돌,안전운전불이행,건조,맑음,단일로 - 기타,승용,여,55세,경상,승용,남,35세,상해없음
2016082200100396,2016년 8월 22일 15시,월요일,경상북도 구미시 송정동,경상사고,0,0,1,0,차대차 - 기타,안전운전불이행,건조,맑음,교차로 - 교차로안,자전거,남,26세,경상,승용,남,33세,상해없음
2016082200100397,2016년 8월 22일 15시,월요일,경상북도 구미시 형곡동,경상사고,0,0,1,0,차대사람 - 횡단중,신호위반,건조,맑음,교차로 - 교차로부근,기타불명,기타불명,기타불명,기타불명,보행자,남,12세,경상
2016082200100446,2016년 8월 22일 16시,월요일,경상북도 경주시 덕동,중상사고,0,1,0,0,차량단독 - 전도전복,안전운전불이행,건조,맑음,단일로 - 기타,원동기,남,19세,상해없음,,,,
2016082200100447,2016년 8월 22일 16시,월요일,경상북도 영덕군 지품면,경상사고,0,0,1,0,차대차 - 측면충돌,안전운전불이행,건조,맑음,단일로 - 기타,화물,남,77세,상해없음,승용,여,38세,경상
2016082200100448,2016년 8월 22일 16시,월요일,경상북도 포항시 남구 효자동,경상사고,0,0,1,0,차대사람 - 횡단중,보행자보호의무위반,건조,맑음,교차로 - 교차로안,승용,여,53세,상해없음,보행자,여,14세,경상
2016082200100497,2016년 8월 22일 17시,월요일,경상북도 울진군 울진읍,경상사고,0,0,2,1,차대차 - 측면충돌,직진우회전진행방해,건조,맑음,교차로 - 교차로안,승용,여,56세,경상,승용,남,71세,경상
2016082200100498,2016년 8월 22일 17시,월요일,경상북도 구미시 공단동,중상사고,0,1,0,0,차대차 - 측면충돌,안전운전불이행,건조,맑음,교차로 - 교차로부근,승합,남,60세,상해없음,승합,남,31세,중상
2016082200100499,2016년 8월 22일 17시,월요일,경상북도 구미시 원평동,경상사고,0,0,1,0,차대차 - 측면충돌,안전운전불이행,건조,맑음,기타 - 기타,기타불명,기타불명,기타불명,기타불명,자전거,남,76세,경상
2016082200100500,2016년 8월 22일 17시,월요일,경상북도 포항시 남구 오천읍,중상사고,0,1,0,0,차대차 - 정면충돌,안전운전불이행,건조,맑음,교차로 - 교차로안,승용,남,47세,상해없음,승용,남,71세,중상
2016082200100501,2016년 8월 22일 17시,월요일,경상북도 포항시 남구 효자동,경상사고,0,0,1,0,차대사람 - 횡단중,안전운전불이행,건조,맑음,단일로 - 기타,이륜,남,42세,상해없음,보행자,남,8세,경상
2016082200100532,2016년 8월 22일 18시,월요일,경상북도 고령군 쌍림면,경상사고,0,0,1,1,차대차 - 측면직각충돌,직진우회전진행방해,건조,맑음,교차로 - 교차로안,승용,여,54세,경상,승용,남,65세,부상신고
2016082200100533,2016년 8월 22일 18시,월요일,경상북도 포항시 남구 해도동,경상사고,0,0,2,0,차대차 - 측면충돌,안전운전불이행,건조,맑음,교차로 - 교차로안,승용,여,54세,상해없음,승용,남,30세,경상
2016082200100575,2016년 8월 22일 19시,월요일,경상북도 김천시 황금동,중상사고,0,1,0,0,차대사람 - 횡단중,안전운전불이행,건조,맑음,단일로 - 기타,승용,남,67세,상해없음,보행자,여,84세,중상
2016082200100615,2016년 8월 22일 20시,월요일,경상북도 경주시 배반동,경상사고,0,0,1,0,차대차 - 측면충돌,교차로운행방법위반,건조,맑음,교차로 - 교차로부근,승용,남,23세,경상,화물,남,46세,상해없음
2016082200100651,2016년 8월 22일 21시,월요일,경상북도 포항시 북구 죽도동,중상사고,0,1,4,1,차대차 - 정면충돌,안전운전불이행,건조,맑음,단일로 - 기타,승용,남,24세,상해없음,승용,여,53세,중상
2016082200100679,2016년 8월 22일 22시,월요일,경상북도 경산시 계양동,경상사고,0,0,1,0,차대차 - 측면충돌,안전운전불이행,건조,맑음,단일로 - 기타,승용,여,44세,상해없음,이륜,남,25세,경상
2016082200100699,2016년 8월 22일 23시,월요일,경상북도 경주시 양북면,부상신고사고,0,0,0,1,차량단독 - 기타,기타,건조,맑음,단일로 - 기타,승용,남,38세,상해없음,,,,
2016082300100009,2016년 8월 23일 00시,화요일,경상북도 경산시 압량면,중상사고,0,1,0,0,차대사람 - 길가장자리구역통행중,안전운전불이행,건조,맑음,단일로 - 기타,기타불명,기타불명,기타불명,기타불명,보행자,여,22세,중상
2016082300100036,2016년 8월 23일 02시,화요일,경상북도 경주시 용강동,경상사고,0,0,1,0,차대차 - 측면충돌,안전운전불이행,건조,맑음,교차로 - 교차로안,승용,남,38세,상해없음,자전거,여,45세,경상
2016082300100051,2016년 8월 23일 04시,화요일,경상북도 경주시 건천읍,중상사고,0,1,0,0,차대차 - 추돌,안전운전불이행,건조,맑음,단일로 - 기타,화물,남,43세,상해없음,원동기,남,53세,중상
2016082300100079,2016년 8월 23일 07시,화요일,경상북도 안동시 남선면,중상사고,0,1,0,0,차대사람 - 길가장자리구역통행중,안전운전불이행,건조,맑음,단일로 - 기타,화물,남,77세,상해없음,보행자,여,75세,중상
2016082300100104,2016년 8월 23일 08시,화요일,경상북도 구미시 구포동,경상사고,0,0,1,0,차대차 - 기타,기타,건조,맑음,교차로 - 교차로부근,승용,남,36세,상해없음,이륜,남,32세,경상
2016082300100105,2016년 8월 23일 08시,화요일,경상북도 포항시 남구 괴동동,경상사고,0,0,1,0,차대차 - 기타,안전운전불이행,건조,맑음,교차로 - 교차로안,승용,남,57세,상해없음,원동기,남,29세,경상
2016082300100106,2016년 8월 23일 08시,화요일,경상북도 포항시 남구 송내동,경상사고,0,0,4,0,차대차 - 측면충돌,안전거리미확보,습기,비,단일로 - 기타,승용,남,63세,경상,승용,남,26세,경상
2016082300100138,2016년 8월 23일 09시,화요일,경상북도 김천시 성내동,경상사고,0,0,1,0,차대차 - 측면충돌,신호위반,건조,맑음,단일로 - 횡단보도상,승용,여,41세,상해없음,자전거,여,70세,경상
2016082300100139,2016년 8월 23일 09시,화요일,경상북도 영천시 망정동,중상사고,0,1,0,0,차대사람 - 횡단중,안전운전불이행,건조,맑음,단일로 - 기타,승용,여,59세,상해없음,보행자,여,69세,중상
2016082300100140,2016년 8월 23일 09시,화요일,경상북도 경산시 평산동,중상사고,0,1,1,0,차대차 - 측면충돌,안전운전불이행,건조,맑음,단일로 - 기타,승용,여,51세,상해없음,승용,남,60세,중상
2016082300100165,2016년 8월 23일 10시,화요일,경상북도 경주시 천북면,경상사고,0,0,1,0,차량단독 - 전도전복,안전운전불이행,건조,맑음,단일로 - 기타,건설기계,남,59세,경상,,,,
2016082300100166,2016년 8월 23일 10시,화요일,경상북도 칠곡군 석적읍,부상신고사고,0,0,0,1,차량단독 - 전도전복,안전운전불이행,건조,맑음,단일로 - 기타,이륜,남,36세,부상신고,,,,
2016082300100197,2016년 8월 23일 11시,화요일,경상북도 안동시 옥동,중상사고,0,1,0,0,차대차 - 측면직각충돌,안전운전불이행,건조,맑음,단일로 - 기타,승용,남,48세,상해없음,승용,여,47세,상해없음
2016082300100198,2016년 8월 23일 11시,화요일,경상북도 영천시 조교동,경상사고,0,0,2,0,차대차 - 추돌,안전운전불이행,건조,맑음,단일로 - 기타,특수,남,22세,경상,승용,남,65세,경상
2016082300100199,2016년 8월 23일 11시,화요일,경상북도 문경시 유곡동,경상사고,0,0,2,0,차대차 - 측면직각충돌,안전운전불이행,건조,맑음,단일로 - 기타,화물,남,61세,경상,승용,남,71세,경상
2016082300100200,2016년 8월 23일 11시,화요일,경상북도 영덕군 강구면,중상사고,0,1,0,0,차대사람 - 길가장자리구역통행중,안전운전불이행,건조,맑음,단일로 - 기타,화물,여,54세,상해없음,보행자,여,69세,중상
2016082300100222,2016년 8월 23일 12시,화요일,경상북도 문경시 흥덕동,중상사고,0,1,0,0,차대차 - 측면충돌,안전운전불이행,건조,맑음,교차로 - 교차로부근,승용,남,43세,상해없음,이륜,남,72세,중상