사고번호,사고일시,요일,시군구,사고내용,사망자수,중상자수,경상자수,부상신고자수,사고유형,법규위반,노면상태,기상상태,도로형태,가해운전자 차종,가해운전자 성별,가해운전자 연령,가해운전자 상해정도,피해운전자 차종,피해운전자 성별,피해운전자 연령,피해운전자 상해정도
2016082300100223,2016년 8월 23일 12시,화요일,경상북도 고령군 대가야읍,경상사고,0,0,1,0,차량단독 - 전도전복,안전운전불이행,건조,맑음,기타 - 기타,원동기,남,59세,경상,,,,
2016082300100257,2016년 8월 23일 13시,화요일,경상북도 의성군 의성읍,중상사고,0,1,0,0,차대사람 - 기타,안전운전불이행,건조,맑음,단일로 - 기타,승합,남,66세,상해없음,보행자,남,55세,중상
2016082300100284,2016년 8월 23일 14시,화요일,경상북도 예천군 개포면,중상사고,0,1,0,0,차대차 - 정면충돌,안전운전불이행,건조,맑음,단일로 - 기타,이륜,남,69세,중상,화물,남,25세,상해없음
2016082300100314,2016년 8월 23일 15시,화요일,경상북도 경주시 외동읍,경상사고,0,0,1,0,차대차 - 추돌,안전운전불이행,건조,맑음,단일로 - 기타,승용,남,48세,상해없음,승용,여,53세,경상
2016082300100315,2016년 8월 23일 15시,화요일,경상북도 상주시 함창읍,경상사고,0,0,1,0,차대차 - 기타,안전운전불이행,건조,맑음,교차로 - 교차로안,이륜,남,69세,상해없음,자전거,남,60세,경상
2016082300100317,2016년 8월 23일 15시,화요일,경상북도 문경시 마성면,경상사고,0,0,2,0,차대차 - 정면충돌,안전운전불이행,건조,맑음,단일로 - 기타,화물,남,65세,상해없음,승용,남,69세,경상
2016082300100353,2016년 8월 23일 16시,화요일,경상북도 문경시 흥덕동,중상사고,0,1,2,0,차대차 - 기타,직진우회전진행방해,건조,맑음,교차로 - 교차로안,승용,여,64세,상해없음,승용,남,63세,중상
2016082300100427,2016년 8월 23일 18시,화요일,경상북도 안동시 운흥동,경상사고,0,0,3,0,차대차 - 추돌,안전거리미확보,건조,맑음,단일로 - 기타,승용,남,32세,상해없음,화물,남,51세,경상
2016082300100428,2016년 8월 23일 18시,화요일,경상북도 포항시 남구 청림동,경상사고,0,0,1,0,차대차 - 추돌,안전거리미확보,건조,맑음,단일로 - 기타,승용,여,63세,상해없음,승용,남,58세,경상
2016082300100472,2016년 8월 23일 19시,화요일,경상북도 영천시 망정동,중상사고,0,1,0,0,차대차 - 측면충돌,안전운전불이행,건조,맑음,단일로 - 기타,승용,남,44세,상해없음,자전거,남,16세,중상
2016082300100473,2016년 8월 23일 19시,화요일,경상북도 포항시 남구 해도동,경상사고,0,0,1,0,차대사람 - 횡단중,안전운전불이행,건조,맑음,단일로 - 기타,화물,남,45세,상해없음,보행자,남,43세,경상
2016082300100511,2016년 8월 23일 20시,화요일,경상북도 경주시 신평동,경상사고,0,0,1,0,차대차 - 기타,안전운전불이행,건조,맑음,교차로 - 교차로안,승용,남,62세,상해없음,자전거,남,37세,경상
2016082300100512,2016년 8월 23일 20시,화요일,경상북도 안동시 태화동,경상사고,0,0,1,0,차대사람 - 길가장자리구역통행중,안전운전불이행,건조,맑음,단일로 - 기타,승용,여,44세,상해없음,보행자,남,25세,경상
2016082300100513,2016년 8월 23일 20시,화요일,경상북도 경산시 대평동,경상사고,0,0,1,0,차대차 - 추돌,안전운전불이행,건조,맑음,단일로 - 기타,승용,남,46세,상해없음,승용,여,41세,경상
2016082300100514,2016년 8월 23일 20시,화요일,경상북도 포항시 남구 오천읍,경상사고,0,0,1,0,차대차 - 기타,안전운전불이행,건조,맑음,단일로 - 기타,자전거,남,52세,경상,승용,남,53세,상해없음
2016082300100539,2016년 8월 23일 21시,화요일,경상북도 영천시 야사동,경상사고,0,0,2,0,차대차 - 추돌,안전운전불이행,건조,맑음,교차로 - 교차로부근,화물,남,77세,상해없음,승용,남,44세,경상
2016082300100540,2016년 8월 23일 21시,화요일,경상북도 포항시 남구 연일읍,중상사고,0,1,1,0,차대사람 - 횡단중,보행자보호의무위반,건조,맑음,교차로 - 교차로부근,승용,여,58세,상해없음,보행자,여,56세,중상
2016082300100590,2016년 8월 23일 23시,화요일,경상북도 구미시 형곡동,부상신고사고,0,0,0,1,차대차 - 측면충돌,안전운전불이행,건조,맑음,단일로 - 기타,이륜,남,16세,부상신고,승용,여,46세,상해없음
2016082400100008,2016년 8월 24일 00시,수요일,경상북도 영천시 완산동,중상사고,0,1,0,0,차대차 - 측면직각충돌,신호위반,건조,맑음,교차로 - 교차로안,승용,여,28세,상해없음,승용,남,45세,중상
2016082400100036,2016년 8월 24일 02시,수요일,경상북도 포항시 남구 대잠동,경상사고,0,0,1,0,차량단독 - 전도전복,안전운전불이행,습기,맑음,단일로 - 기타,승용,남,66세,상해없음,,,,
2016082400100125,2016년 8월 24일 08시,수요일,경상북도 경주시 양남면,중상사고,0,3,0,0,차대차 - 측면충돌,안전운전불이행,건조,맑음,교차로 - 교차로안,승용,남,33세,중상,화물,남,75세,중상
2016082400100126,2016년 8월 24일 08시,수요일,경상북도 포항시 북구 동빈1가,경상사고,0,0,1,0,차대차 - 추돌,안전운전불이행,건조,맑음,단일로 - 기타,승용,남,51세,상해없음,승용,여,52세,경상
2016082400100127,2016년 8월 24일 08시,수요일,경상북도 영천시 대창면,경상사고,0,0,1,0,차대차 - 측면직각충돌,교차로운행방법위반,건조,맑음,교차로 - 교차로안,화물,남,25세,상해없음,화물,남,43세,경상
2016082400100128,2016년 8월 24일 08시,수요일,경상북도 문경시 점촌동,중상사고,0,1,0,0,차대차 - 측면직각충돌,기타,건조,맑음,교차로 - 교차로안,화물,남,58세,상해없음,자전거,남,10세,중상
2016082400100129,2016년 8월 24일 08시,수요일,경상북도 경산시 상방동,경상사고,0,0,1,0,차대차 - 측면직각충돌,안전운전불이행,건조,맑음,단일로 - 기타,승합,남,64세,상해없음,자전거,남,36세,경상
2016082400100130,2016년 8월 24일 08시,수요일,경상북도 울진군 평해읍,부상신고사고,0,0,0,1,차대차 - 측면직각충돌,기타,건조,맑음,단일로 - 기타,기타불명,기타불명,기타불명,기타불명,자전거,남,78세,부상신고
2016082400100170,2016년 8월 24일 09시,수요일,경상북도 안동시 옥동,경상사고,0,0,1,0,차대차 - 측면직각충돌,신호위반,건조,맑음,단일로 - 기타,승용,남,21세,상해없음,승용,남,45세,경상
2016082400100193,2016년 8월 24일 10시,수요일,경상북도 경주시 서면,부상신고사고,0,0,0,1,차대차 - 정면충돌,중앙선침범,건조,맑음,단일로 - 기타,화물,남,60세,부상신고,화물,남,64세,상해없음
2016082400100194,2016년 8월 24일 10시,수요일,경상북도 구미시 구포동,부상신고사고,0,0,0,1,차대차 - 측면충돌,안전운전불이행,건조,맑음,단일로 - 기타,승용,여,35세,부상신고,건설기계,남,48세,상해없음
2016082400100195,2016년 8월 24일 10시,수요일,경상북도 구미시 진평동,경상사고,0,0,1,0,차대차 - 추돌,안전운전불이행,건조,맑음,교차로 - 교차로부근,승용,여,60세,상해없음,승용,여,53세,경상
2016082400100224,2016년 8월 24일 11시,수요일,경상북도 경주시 성건동,중상사고,0,1,0,0,차대차 - 측면충돌,안전운전불이행,건조,맑음,교차로 - 교차로안,승용,남,40세,상해없음,원동기,남,39세,중상
2016082400100225,2016년 8월 24일 11시,수요일,경상북도 문경시 점촌동,경상사고,0,0,3,0,차대차 - 추돌,안전거리미확보,건조,맑음,단일로 - 기타,승용,남,59세,경상,승용,남,41세,경상
2016082400100226,2016년 8월 24일 11시,수요일,경상북도 울진군 기성면,중상사고,0,1,1,0,차대차 - 측면직각충돌,교차로운행방법위반,건조,맑음,교차로 - 교차로안,승용,남,48세,경상,승용,여,61세,중상
2016082400100263,2016년 8월 24일 12시,수요일,경상북도 포항시 북구 장성동,중상사고,0,2,0,0,차대차 - 정면충돌,교차로운행방법위반,건조,맑음,교차로 - 교차로안,기타불명,기타불명,기타불명,기타불명,승용,남,47세,중상
2016082400100264,2016년 8월 24일 12시,수요일,경상북도 상주시 낙동면,중상사고,0,1,2,0,차대차 - 측면직각충돌,교차로운행방법위반,건조,맑음,교차로 - 교차로안,승용,여,42세,경상,승합,남,52세,상해없음
2016082400100265,2016년 8월 24일 12시,수요일,경상북도 포항시 남구 대도동,중상사고,0,1,1,0,차대차 - 기타,안전거리미확보,건조,맑음,단일로 - 기타,승용,남,27세,상해없음,승합,남,51세,상해없음
2016082400100266,2016년 8월 24일 12시,수요일,경상북도 포항시 남구 이동,경상사고,0,0,1,0,차대차 - 기타,직진우회전진행방해,건조,맑음,교차로 - 교차로안,화물,남,44세,상해없음,승용,남,68세,경상
2016082400100304,2016년 8월 24일 13시,수요일,경상북도 구미시 광평동,경상사고,0,0,1,0,차대차 - 추돌,안전거리미확보,건조,맑음,교차로 - 교차로안,화물,남,48세,상해없음,승용,남,44세,경상
2016082400100305,2016년 8월 24일 13시,수요일,경상북도 구미시 고아읍,경상사고,0,0,1,1,차대차 - 측면직각충돌,신호위반,건조,맑음,교차로 - 교차로안,승용,여,33세,부상신고,화물,남,44세,경상
2016082400100339,2016년 8월 24일 14시,수요일,경상북도 울진군 울진읍,부상신고사고,0,0,0,1,차대차 - 기타,기타,건조,맑음,단일로 - 기타,기타불명,기타불명,기타불명,기타불명,승용,여,60세,부상신고
2016082400100340,2016년 8월 24일 14시,수요일,경상북도 구미시 진평동,중상사고,0,1,0,0,차대차 - 측면직각충돌,안전운전불이행,건조,맑음,단일로 - 기타,승용,남,62세,상해없음,이륜,남,24세,중상
2016082400100368,2016년 8월 24일 15시,수요일,경상북도 경주시 충효동,경상사고,0,0,1,0,차대차 - 측면직각충돌,안전운전불이행,건조,맑음,교차로 - 교차로안,승용,여,49세,상해없음,자전거,남,11세,경상
2016082400100401,2016년 8월 24일 16시,수요일,경상북도 경산시 와촌면,경상사고,0,0,1,0,차대차 - 기타,안전거리미확보,건조,맑음,교차로 - 교차로부근,화물,남,42세,상해없음,화물,남,49세,기타불명
2016082400100446,2016년 8월 24일 17시,수요일,경상북도 울진군 울진읍,중상사고,0,1,0,0,차대사람 - 횡단중,교차로운행방법위반,건조,맑음,교차로 - 교차로안,건설기계,남,57세,상해없음,보행자,남,90세 이상,중상
2016082400100447,2016년 8월 24일 17시,수요일,경상북도 포항시 남구 대도동,경상사고,0,0,1,0,차대사람 - 기타,안전운전불이행,건조,맑음,교차로 - 교차로안,승용,남,65세,상해없음,보행자,여,53세,경상
2016082400100489,2016년 8월 24일 18시,수요일,경상북도 칠곡군 왜관읍,중상사고,0,1,0,1,차대차 - 측면직각충돌,직진우회전진행방해,건조,맑음,교차로 - 교차로안,화물,여,49세,부상신고,승용,남,28세,상해없음
2016082400100490,2016년 8월 24일 18시,수요일,경상북도 포항시 남구 연일읍,경상사고,0,0,1,0,차대차 - 측면충돌,안전운전불이행,건조,맑음,단일로 - 기타,자전거,남,75세,경상,승용,남,39세,상해없음
2016082400100519,2016년 8월 24일 19시,수요일,경상북도 경주시 배반동,경상사고,0,0,1,0,차대차 - 추돌,안전운전불이행,건조,맑음,교차로 - 교차로부근,승용,남,43세,상해없음,승용,남,32세,경상
2016082400100520,2016년 8월 24일 19시,수요일,경상북도 포항시 북구 우현동,중상사고,0,1,1,0,차대차 - 추돌,안전거리미확보,건조,맑음,단일로 - 기타,승용,남,68세,상해없음,승용,여,62세,상해없음
2016082400100521,2016년 8월 24일 19시,수요일,경상북도 영주시 문정동,경상사고,0,0,1,0,차대차 - 측면충돌,안전운전불이행,건조,맑음,교차로 - 교차로안,승용,남,31세,상해없음,자전거,남,58세,경상
2016082400100522,2016년 8월 24일 19시,수요일,경상북도 문경시 모전동,중상사고,0,1,1,0,차대차 - 정면충돌,안전운전불이행,건조,맑음,단일로 - 기타,이륜,남,20세,경상,이륜,남,19세,중상
2016082400100559,2016년 8월 24일 20시,수요일,경상북도 경주시 현곡면,중상사고,0,1,2,0,차량단독 - 공작물충돌,안전운전불이행,건조,맑음,단일로 - 기타,승용,남,18세,경상,,,,
2016082400100560,2016년 8월 24일 20시,수요일,경상북도 영주시 가흥동,경상사고,0,0,1,0,차대차 - 추돌,안전운전불이행,건조,맑음,단일로 - 기타,승용,남,50세,상해없음,승용,남,45세,경상
2016082400100561,2016년 8월 24일 20시,수요일,경상북도 고령군 쌍림면,경상사고,0,0,1,0,차대사람 - 횡단중,안전운전불이행,건조,맑음,단일로 - 기타,승용,남,54세,상해없음,보행자,남,63세,경상
2016082400100597,2016년 8월 24일 21시,수요일,경상북도 영천시 문외동,중상사고,0,1,0,0,차대사람 - 횡단중,안전운전불이행,건조,맑음,단일로 - 횡단보도상,승용,남,56세,상해없음,보행자,남,68세,중상
2016082400100630,2016년 8월 24일 22시,수요일,경상북도 청도군 청도읍,경상사고,0,0,1,0,차대사람 - 횡단중,보행자보호의무위반,건조,맑음,단일로 - 횡단보도상,승용,여,22세,상해없음,보행자,남,43세,경상
2016082400100631,2016년 8월 24일 22시,수요일,경상북도 구미시 봉곡동,중상사고,0,1,0,0,차대차 - 측면직각충돌,교차로운행방법위반,건조,맑음,교차로 - 교차로안,승용,남,18세,상해없음,이륜,남,30세,중상
2016082400100632,2016년 8월 24일 22시,수요일,경상북도 구미시 옥계동,중상사고,0,1,0,0,차대차 - 기타,신호위반,건조,맑음,교차로 - 교차로안,승용,남,42세,상해없음,화물,남,54세,중상
2016082400100653,2016년 8월 24일 23시,수요일,경상북도 경주시 황오동,경상사고,0,0,1,0,차대차 - 측면충돌,안전운전불이행,건조,맑음,교차로 - 교차로부근,승용,남,33세,상해없음,원동기,남,17세,경상
2016082500100015,2016년 8월 25일 00시,목요일,경상북도 상주시 모동면,경상사고,0,0,1,0,차량단독 - 도로외이탈 - 추락,안전운전불이행,건조,맑음,단일로 - 기타,이륜,남,22세,경상,,,,
2016082500100016,2016년 8월 25일 00시,목요일,경상북도 구미시 공단동,경상사고,0,0,2,2,차대차 - 추돌,안전거리미확보,건조,맑음,단일로 - 기타,승용,남,44세,상해없음,승용,남,32세,경상
2016082500100031,2016년 8월 25일 01시,목요일,경상북도 구미시 임수동,경상사고,0,0,1,0,차대차 - 측면충돌,안전운전불이행,건조,맑음,교차로 - 교차로안,승용,남,37세,상해없음,화물,남,36세,경상
2016082500100039,2016년 8월 25일 02시,목요일,경상북도 포항시 북구 두호동,중상사고,0,1,1,0,차대차 - 측면충돌,직진우회전진행방해,건조,맑음,교차로 - 교차로안,승용,남,65세,경상,승용,남,34세,중상
2016082500100050,2016년 8월 25일 04시,목요일,경상북도 상주시 모동면,경상사고,0,0,1,0,차량단독 - 공작물충돌,안전운전불이행,건조,맑음,단일로 - 기타,승용,남,26세,경상,,,,
2016082500100095,2016년 8월 25일 07시,목요일,경상북도 칠곡군 석적읍,중상사고,0,1,0,1,차대차 - 정면충돌,중앙선침범,건조,맑음,단일로 - 기타,승용,남,52세,부상신고,승용,남,27세,중상
2016082500100122,2016년 8월 25일 08시,목요일,경상북도 포항시 북구 송라면,중상사고,0,2,0,0,차대차 - 측면충돌,중앙선침범,건조,맑음,단일로 - 기타,화물,남,50세,상해없음,승용,남,67세,중상
2016082500100123,2016년 8월 25일 08시,목요일,경상북도 안동시 운흥동,경상사고,0,0,1,0,차대차 - 측면직각충돌,안전운전불이행,건조,맑음,단일로 - 기타,승합,남,61세,상해없음,승용,여,41세,경상
2016082500100155,2016년 8월 25일 09시,목요일,경상북도 구미시 도량동,경상사고,0,0,1,0,차대차 - 정면충돌,안전운전불이행,건조,맑음,단일로 - 기타,승용,남,60세,상해없음,자전거,남,24세,경상
2016082500100182,2016년 8월 25일 10시,목요일,경상북도 상주시 남성동,중상사고,0,1,0,0,차대차 - 측면직각충돌,교차로운행방법위반,건조,맑음,교차로 - 교차로안,화물,남,51세,상해없음,원동기,남,66세,중상
2016082500100183,2016년 8월 25일 10시,목요일,경상북도 영덕군 강구면,경상사고,0,0,1,0,차대차 - 추돌,차로위반,건조,맑음,단일로 - 기타,승용,여,61세,경상,건설기계,남,55세,상해없음
2016082500100221,2016년 8월 25일 11시,목요일,경상북도 문경시 점촌동,중상사고,0,1,0,0,차대차 - 기타,안전운전불이행,건조,맑음,단일로 - 기타,승용,남,62세,상해없음,이륜,남,84세,중상
2016082500100222,2016년 8월 25일 11시,목요일,경상북도 포항시 남구 지곡동,경상사고,0,0,1,0,차대차 - 기타,안전운전불이행,건조,맑음,단일로 - 기타,자전거,남,69세,경상,승용,여,50세,상해없음
2016082500100249,2016년 8월 25일 12시,목요일,경상북도 포항시 북구 죽도동,경상사고,0,0,2,0,차대차 - 정면충돌,안전운전불이행,건조,맑음,단일로 - 기타,승용,남,21세,경상,승합,남,45세,경상
2016082500100250,2016년 8월 25일 12시,목요일,경상북도 영천시 완산동,경상사고,0,0,1,0,차대사람 - 횡단중,보행자보호의무위반,건조,맑음,교차로 - 교차로안,승용,남,56세,상해없음,보행자,여,57세,경상
2016082500100251,2016년 8월 25일 12시,목요일,경상북도 영덕군 남정면,경상사고,0,0,1,2,차대차 - 추돌,안전운전불이행,건조,맑음,교차로 - 교차로부근,화물,남,66세,경상,승용,여,59세,부상신고
2016082500100252,2016년 8월 25일 12시,목요일,경상북도 군위군 의흥면,중상사고,0,2,0,0,차대차 - 측면직각충돌,중앙선침범,건조,맑음,단일로 - 기타,화물,남,51세,상해없음,이륜,여,67세,중상
2016082500100253,2016년 8월 25일 12시,목요일,경상북도 포항시 남구 오천읍,경상사고,0,0,2,0,차대차 - 정면충돌,교차로운행방법위반,건조,맑음,교차로 - 교차로안,승용,여,60세,경상,화물,남,54세,상해없음
2016082500100279,2016년 8월 25일 13시,목요일,경상북도 포항시 북구 흥해읍,경상사고,0,0,1,0,차대차 - 정면충돌,안전운전불이행,건조,맑음,교차로 - 교차로안,승용,여,60세,상해없음,승용,여,36세,경상
2016082500100280,2016년 8월 25일 13시,목요일,경상북도 안동시 풍산읍,경상사고,0,0,1,0,차량단독 - 전도전복,안전운전불이행,건조,맑음,단일로 - 기타,건설기계,남,67세,경상,,,,
2016082500100281,2016년 8월 25일 13시,목요일,경상북도 경산시 계양동,경상사고,0,0,2,0,차대차 - 정면충돌,안전운전불이행,건조,맑음,단일로 - 기타,승용,남,73세,상해없음,화물,남,24세,경상
2016082500100307,2016년 8월 25일 14시,목요일,경상북도 상주시 남성동,경상사고,0,0,1,0,차대차 - 추돌,안전운전불이행,습기,비,교차로 - 교차로부근,승용,여,47세,상해없음,자전거,남,54세,경상
2016082500100308,2016년 8월 25일 14시,목요일,경상북도 봉화군 소천면,경상사고,0,0,1,0,차대차 - 기타,안전운전불이행,건조,맑음,기타 - 기타,화물,남,63세,상해없음,화물,남,38세,경상
2016082500100387,2016년 8월 25일 16시,목요일,경상북도 경주시 황오동,사망사고,1,0,0,0,차대사람 - 기타,안전운전불이행,건조,맑음,단일로 - 기타,승용,여,61세,상해없음,보행자,남,52세,사망
2016082500100417,2016년 8월 25일 17시,목요일,경상북도 경주시 구황동,사망사고,1,0,1,0,차대차 - 기타,안전운전불이행,건조,맑음,단일로 - 기타,승용,남,43세,경상,이륜,남,76세,사망
2016082500100418,2016년 8월 25일 17시,목요일,경상북도 포항시 북구 죽도동,경상사고,0,0,1,0,차대차 - 측면충돌,안전운전불이행,건조,맑음,단일로 - 기타,승용,남,66세,상해없음,화물,남,59세,경상
2016082500100419,2016년 8월 25일 17시,목요일,경상북도 상주시 남성동,경상사고,0,0,1,0,차대사람 - 보도통행중,보행자보호의무위반,건조,맑음,교차로 - 교차로안,승용,여,57세,상해없음,보행자,남,64세,경상
2016082500100420,2016년 8월 25일 17시,목요일,경상북도 경산시 압량면,경상사고,0,0,1,0,차대사람 - 횡단중,안전운전불이행,건조,맑음,단일로 - 기타,승용,남,61세,상해없음,보행자,남,26세,경상
2016082500100421,2016년 8월 25일 17시,목요일,경상북도 청도군 풍각면,중상사고,0,1,0,0,차대차 - 측면충돌,안전운전불이행,건조,맑음,기타 - 기타,승용,남,50세,상해없음,원동기,남,67세,중상
2016082500100422,2016년 8월 25일 17시,목요일,경상북도 구미시 공단동,부상신고사고,0,0,0,1,차대차 - 측면충돌,중앙선침범,건조,맑음,단일로 - 기타,자전거,남,56세,부상신고,승합,남,36세,상해없음
2016082500100457,2016년 8월 25일 18시,목요일,경상북도 경주시 동천동,경상사고,0,0,1,0,차대차 - 측면충돌,안전운전불이행,건조,맑음,단일로 - 기타,자전거,여,17세,경상,승용,남,56세,상해없음
2016082500100458,2016년 8월 25일 18시,목요일,경상북도 경주시 동부동,경상사고,0,0,1,0,차대차 - 측면충돌,안전운전불이행,건조,맑음,교차로 - 교차로부근,승용,남,37세,상해없음,승용,여,51세,경상
2016082500100459,2016년 8월 25일 18시,목요일,경상북도 영천시 금호읍,부상신고사고,0,0,0,1,차대차 - 측면직각충돌,직진우회전진행방해,건조,맑음,교차로 - 교차로안,화물,남,27세,상해없음,원동기,남,64세,부상신고
2016082500100460,2016년 8월 25일 18시,목요일,경상북도 경산시 진량읍,경상사고,0,0,2,0,차대차 - 측면직각충돌,직진우회전진행방해,건조,맑음,교차로 - 교차로안,승용,남,28세,경상,승용,남,46세,경상
2016082500100497,2016년 8월 25일 19시,목요일,경상북도 경주시 현곡면,경상사고,0,0,1,0,차대차 - 기타,불법유턴,건조,맑음,교차로 - 교차로안,자전거,남,62세,경상,승용,여,51세,상해없음
2016082500100498,2016년 8월 25일 19시,목요일,경상북도 포항시 북구 대흥동,경상사고,0,0,1,0,차대사람 - 횡단중,안전운전불이행,습기,맑음,단일로 - 기타,승합,남,66세,상해없음,보행자,남,61세,경상
2016082500100499,2016년 8월 25일 19시,목요일,경상북도 안동시 풍산읍,경상사고,0,0,1,0,차량단독 - 공작물충돌,안전운전불이행,건조,맑음,단일로 - 기타,승용,여,39세,경상,,,,
2016082500100500,2016년 8월 25일 19시,목요일,경상북도 안동시 태화동,경상사고,0,0,2,0,차대차 - 기타,차로위반,건조,맑음,단일로 - 기타,승용,여,56세,경상,승용,남,50세,경상
2016082500100501,2016년 8월 25일 19시,목요일,경상북도 영주시 휴천동,중상사고,0,1,0,0,차대차 - 정면충돌,안전운전불이행,건조,맑음,단일로 - 기타,화물,남,73세,상해없음,승용,남,43세,중상
2016082500100502,2016년 8월 25일 19시,목요일,경상북도 구미시 봉곡동,경상사고,0,0,1,0,차대차 - 측면충돌,중앙선침범,건조,맑음,교차로 - 교차로안,승용,남,54세,상해없음,승용,여,52세,경상
2016082500100542,2016년 8월 25일 20시,목요일,경상북도 경주시 충효동,경상사고,0,0,1,0,차량단독 - 전도전복,안전운전불이행,건조,맑음,단일로 - 기타,이륜,남,22세,경상,,,,
2016082500100573,2016년 8월 25일 21시,목요일,경상북도 김천시 평화동,경상사고,0,0,1,0,차대사람 - 길가장자리구역통행중,교차로운행방법위반,건조,맑음,교차로 - 교차로안,승용,남,27세,상해없음,보행자,남,66세,경상
2016082500100574,2016년 8월 25일 21시,목요일,경상북도 구미시 산동면,경상사고,0,0,2,1,차대차 - 측면충돌,신호위반,건조,맑음,교차로 - 교차로안,승용,여,27세,부상신고,승용,남,28세,경상
2016082500100609,2016년 8월 25일 22시,목요일,경상북도 경주시 탑동,중상사고,0,3,5,0,차대차 - 기타,안전운전불이행,건조,맑음,교차로 - 교차로부근,승용,남,32세,경상,승용,남,49세,중상
2016082600100015,2016년 8월 26일 00시,금요일,경상북도 구미시 옥계동,중상사고,0,1,0,0,차대사람 - 횡단중,안전운전불이행,건조,맑음,단일로 - 기타,승용,남,49세,상해없음,보행자,남,39세,중상
2016082600100016,2016년 8월 26일 00시,금요일,경상북도 구미시 원평동,경상사고,0,0,1,0,차량단독 - 전도전복,안전운전불이행,건조,맑음,기타 - 기타,자전거,남,45세,경상,,,,
2016082600100017,2016년 8월 26일 00시,금요일,경상북도 포항시 남구 해도동,중상사고,0,1,0,0,차대사람 - 차도통행중,교차로운행방법위반,건조,맑음,교차로 - 교차로안,승합,여,37세,상해없음,보행자,남,38세,중상
2016082600100061,2016년 8월 26일 02시,금요일,경상북도 영덕군 강구면,중상사고,0,1,3,0,차대차 - 측면직각충돌,교차로운행방법위반,건조,맑음,교차로 - 교차로안,승용,남,30세,경상,화물,남,31세,중상
2016082600100083,2016년 8월 26일 03시,금요일,경상북도 구미시 광평동,경상사고,0,0,1,0,차대차 - 추돌,안전운전불이행,건조,맑음,교차로 - 교차로부근,승용,남,25세,상해없음,승용,남,60세,경상
2016082600100117,2016년 8월 26일 05시,금요일,경상북도 안동시 와룡면,경상사고,0,0,2,0,차대차 - 추돌,기타,건조,흐림,교차로 - 교차로안,화물,남,59세,상해없음,승용,남,60세,경상
2016082600100118,2016년 8월 26일 05시,금요일,경상북도 영주시 영주동,중상사고,0,1,1,0,차량단독 - 전도전복,안전운전불이행,습기,비,교차로 - 교차로안,화물,남,63세,중상,,,,
2016082600100119,2016년 8월 26일 05시,금요일,경상북도 구미시 도량동,경상사고,0,0,1,0,차대차 - 기타,안전운전불이행,건조,맑음,단일로 - 기타,승용,남,40세,상해없음,승용,남,43세,경상
2016082600100163,2016년 8월 26일 07시,금요일,경상북도 포항시 북구 두호동,중상사고,0,1,1,0,차대차 - 정면충돌,신호위반,건조,맑음,교차로 - 교차로안,화물,남,55세,상해없음,승용,남,62세,경상
2016082600100164,2016년 8월 26일 07시,금요일,경상북도 영천시 금호읍,중상사고,0,1,0,0,차량단독 - 전도전복,안전운전불이행,습기,비,단일로 - 기타,화물,남,30세,중상,,,,
2016082600100193,2016년 8월 26일 08시,금요일,경상북도 경주시 황오동,중상사고,0,1,0,0,차대차 - 정면충돌,안전운전불이행,건조,맑음,단일로 - 기타,이륜,남,64세,중상,승용,남,44세,상해없음
2016082600100194,2016년 8월 26일 08시,금요일,경상북도 안동시 운흥동,중상사고,0,1,0,0,차대차 - 측면직각충돌,직진우회전진행방해,습기,비,교차로 - 교차로안,원동기,남,48세,중상,승용,남,68세,상해없음
2016082600100195,2016년 8월 26일 08시,금요일,경상북도 김천시 율곡동,중상사고,0,1,0,0,차대사람 - 횡단중,교차로운행방법위반,습기,비,단일로 - 횡단보도상,승용,남,38세,상해없음,보행자,여,43세,중상
2016082600100196,2016년 8월 26일 08시,금요일,경상북도 경산시 압량면,중상사고,0,1,0,0,차대사람 - 횡단중,보행자보호의무위반,건조,흐림,교차로 - 교차로안,승합,남,48세,상해없음,보행자,여,60세,중상
2016082600100197,2016년 8월 26일 08시,금요일,경상북도 경산시 평산동,경상사고,0,0,2,0,차대차 - 기타,안전운전불이행,건조,맑음,단일로 - 기타,승용,남,55세,상해없음,승용,남,33세,상해없음
2016082600100228,2016년 8월 26일 09시,금요일,경상북도 상주시 무양동,경상사고,0,0,1,0,차대차 - 측면직각충돌,교차로운행방법위반,습기,비,교차로 - 교차로안,화물,남,59세,상해없음,승용,여,58세,경상
2016082600100229,2016년 8월 26일 09시,금요일,경상북도 청도군 풍각면,경상사고,0,0,1,0,차대차 - 측면충돌,안전운전불이행,건조,흐림,단일로 - 기타,이륜,여,65세,경상,승용,남,62세,상해없음
2016082600100259,2016년 8월 26일 10시,금요일,경상북도 안동시 풍산읍,중상사고,0,1,2,0,차대차 - 추돌,안전운전불이행,습기,비,교차로 - 교차로부근,승용,남,67세,경상,승용,남,66세,중상
2016082600100260,2016년 8월 26일 10시,금요일,경상북도 김천시 덕곡동,경상사고,0,0,1,0,차대사람 - 기타,안전운전불이행,습기,비,기타 - 기타,화물,남,57세,상해없음,보행자,남,18세,경상
2016082600100261,2016년 8월 26일 10시,금요일,경상북도 상주시 내서면,중상사고,0,2,1,0,차대차 - 측면직각충돌,중앙선침범,습기,비,단일로 - 기타,승합,남,59세,중상,화물,남,41세,경상