사고번호,사고일시,요일,시군구,사고내용,사망자수,중상자수,경상자수,부상신고자수,사고유형,법규위반,노면상태,기상상태,도로형태,가해운전자 차종,가해운전자 성별,가해운전자 연령,가해운전자 상해정도,피해운전자 차종,피해운전자 성별,피해운전자 연령,피해운전자 상해정도
2016082600100262,2016년 8월 26일 10시,금요일,경상북도 영주시 순흥면,경상사고,0,0,3,0,차대차 - 측면충돌,교차로운행방법위반,습기,비,교차로 - 교차로안,승합,남,54세,경상,화물,남,41세,경상
2016082600100263,2016년 8월 26일 10시,금요일,경상북도 문경시 마성면,경상사고,0,0,1,0,차대차 - 측면충돌,신호위반,건조,흐림,교차로 - 교차로안,화물,남,74세,기타불명,승용,여,48세,경상
2016082600100289,2016년 8월 26일 11시,금요일,경상북도 포항시 남구 오천읍,중상사고,0,4,2,0,차대차 - 기타,기타,습기,비,교차로 - 교차로안,승용,남,23세,상해없음,화물,남,45세,경상
2016082600100314,2016년 8월 26일 12시,금요일,경상북도 포항시 북구 양덕동,경상사고,0,0,1,0,차대차 - 측면충돌,직진우회전진행방해,습기,비,교차로 - 교차로안,승용,여,42세,상해없음,승용,여,39세,경상
2016082600100315,2016년 8월 26일 12시,금요일,경상북도 김천시 양천동,중상사고,0,1,1,0,차대차 - 측면충돌,중앙선침범,습기,비,단일로 - 기타,화물,남,53세,경상,승용,남,45세,중상
2016082600100316,2016년 8월 26일 12시,금요일,경상북도 예천군 예천읍,경상사고,0,0,1,0,차대사람 - 횡단중,보행자보호의무위반,습기,비,교차로 - 교차로안,화물,남,74세,상해없음,보행자,남,78세,경상
2016082600100317,2016년 8월 26일 12시,금요일,경상북도 구미시 진평동,경상사고,0,0,1,0,차대차 - 정면충돌,중앙선침범,건조,맑음,단일로 - 기타,승용,여,57세,상해없음,이륜,남,19세,경상
2016082600100341,2016년 8월 26일 13시,금요일,경상북도 문경시 흥덕동,경상사고,0,0,1,0,차대차 - 추돌,안전거리미확보,습기,비,교차로 - 교차로부근,화물,남,54세,상해없음,승용,남,56세,상해없음
2016082600100342,2016년 8월 26일 13시,금요일,경상북도 청도군 금천면,중상사고,0,1,0,0,차대차 - 추돌,안전운전불이행,건조,맑음,기타 - 기타,화물,여,39세,상해없음,승용,남,42세,중상
2016082600100384,2016년 8월 26일 14시,금요일,경상북도 안동시 태화동,중상사고,0,1,0,0,차대차 - 측면직각충돌,안전운전불이행,건조,맑음,단일로 - 기타,화물,남,54세,상해없음,자전거,남,74세,중상
2016082600100385,2016년 8월 26일 14시,금요일,경상북도 김천시 부곡동,중상사고,0,1,0,0,차대차 - 측면충돌,신호위반,습기,비,교차로 - 교차로안,승용,남,24세,상해없음,이륜,남,81세,중상
2016082600100386,2016년 8월 26일 14시,금요일,경상북도 경산시 압량면,중상사고,0,1,0,0,차량단독 - 전도전복,안전운전불이행,습기,비,단일로 - 기타,건설기계,남,56세,중상,,,,
2016082600100420,2016년 8월 26일 15시,금요일,경상북도 경주시 사정동,경상사고,0,0,2,0,차대차 - 추돌,안전운전불이행,습기,비,단일로 - 기타,화물,남,54세,경상,승용,남,48세,경상
2016082600100421,2016년 8월 26일 15시,금요일,경상북도 안동시 금곡동,경상사고,0,0,2,0,차대차 - 측면직각충돌,교차로운행방법위반,건조,흐림,교차로 - 교차로안,승용,여,47세,상해없음,승용,남,54세,경상
2016082600100422,2016년 8월 26일 15시,금요일,경상북도 상주시 서문동,중상사고,0,1,0,0,차대차 - 측면직각충돌,교차로운행방법위반,습기,비,교차로 - 교차로안,승용,여,38세,상해없음,이륜,여,53세,중상
2016082600100423,2016년 8월 26일 15시,금요일,경상북도 문경시 동로면,경상사고,0,0,2,0,차대차 - 기타,중앙선침범,건조,맑음,단일로 - 기타,승용,여,24세,상해없음,화물,남,38세,경상
2016082600100424,2016년 8월 26일 15시,금요일,경상북도 영양군 영양읍,중상사고,0,1,0,1,차대차 - 측면직각충돌,교차로운행방법위반,건조,맑음,교차로 - 교차로안,승용,남,34세,부상신고,승용,여,27세,중상
2016082600100469,2016년 8월 26일 16시,금요일,경상북도 포항시 북구 두호동,부상신고사고,0,0,0,1,차대사람 - 횡단중,보행자보호의무위반,건조,맑음,교차로 - 교차로부근,기타불명,기타불명,기타불명,기타불명,보행자,남,6세,부상신고
2016082600100470,2016년 8월 26일 16시,금요일,경상북도 영천시 임고면,중상사고,0,1,1,0,차대차 - 측면충돌,불법유턴,습기,흐림,교차로 - 교차로안,승용,여,44세,상해없음,승용,남,69세,경상
2016082600100471,2016년 8월 26일 16시,금요일,경상북도 구미시 인의동,경상사고,0,0,2,0,차대차 - 정면충돌,안전운전불이행,건조,맑음,교차로 - 교차로안,승용,남,33세,상해없음,승용,여,29세,경상
2016082600100472,2016년 8월 26일 16시,금요일,경상북도 포항시 남구 오천읍,경상사고,0,0,1,0,차대차 - 측면충돌,직진우회전진행방해,습기,비,교차로 - 교차로안,화물,남,30세,상해없음,승용,여,36세,경상
2016082600100511,2016년 8월 26일 17시,금요일,경상북도 포항시 북구 양덕동,경상사고,0,0,1,0,차대사람 - 횡단중,안전운전불이행,건조,맑음,단일로 - 기타,승용,여,57세,상해없음,보행자,남,6세,경상
2016082600100512,2016년 8월 26일 17시,금요일,경상북도 상주시 무양동,경상사고,0,0,4,0,차대차 - 측면직각충돌,신호위반,습기,비,교차로 - 교차로안,화물,남,46세,상해없음,승합,여,48세,경상
2016082600100513,2016년 8월 26일 17시,금요일,경상북도 영덕군 강구면,중상사고,0,1,0,0,차대사람 - 횡단중,보행자보호의무위반,건조,맑음,단일로 - 기타,승용,여,57세,상해없음,보행자,여,63세,중상
2016082600100514,2016년 8월 26일 17시,금요일,경상북도 구미시 황상동,경상사고,0,0,1,0,차대차 - 측면충돌,안전운전불이행,건조,맑음,단일로 - 기타,승용,남,49세,상해없음,승용,여,53세,경상
2016082600100515,2016년 8월 26일 17시,금요일,경상북도 포항시 남구 동해면,중상사고,0,1,0,0,차량단독 - 전도전복,안전운전불이행,건조,맑음,단일로 - 기타,승용,남,70세,중상,,,,
2016082600100568,2016년 8월 26일 18시,금요일,경상북도 경주시 황성동,경상사고,0,0,3,1,차대차 - 측면충돌,안전운전불이행,건조,맑음,교차로 - 교차로안,원동기,남,53세,부상신고,승용,남,65세,상해없음
2016082600100569,2016년 8월 26일 18시,금요일,경상북도 칠곡군 동명면,경상사고,0,0,1,0,차대차 - 추돌,안전거리미확보,건조,맑음,교차로 - 교차로부근,승용,남,68세,상해없음,승용,여,48세,경상
2016082600100570,2016년 8월 26일 18시,금요일,경상북도 영천시 금호읍,중상사고,0,2,0,0,차대차 - 기타,중앙선침범,건조,맑음,단일로 - 기타,화물,남,33세,기타불명,승용,남,45세,중상
2016082600100571,2016년 8월 26일 18시,금요일,경상북도 구미시 장천면,경상사고,0,0,1,0,차대차 - 측면충돌,교차로운행방법위반,건조,맑음,교차로 - 교차로안,승용,여,39세,상해없음,승용,남,55세,경상
2016082600100621,2016년 8월 26일 19시,금요일,경상북도 경주시 하동,중상사고,0,3,0,0,차량단독 - 전도전복,안전운전불이행,습기,비,단일로 - 기타,승용,남,22세,상해없음,,,,
2016082600100622,2016년 8월 26일 19시,금요일,경상북도 포항시 남구 오천읍,경상사고,0,0,1,0,차대차 - 측면충돌,직진우회전진행방해,건조,맑음,교차로 - 교차로안,화물,남,36세,상해없음,승용,여,20세,경상
2016082600100666,2016년 8월 26일 20시,금요일,경상북도 영주시 풍기읍,중상사고,0,1,0,0,차대사람 - 차도통행중,안전운전불이행,건조,맑음,단일로 - 기타,자전거,남,12세,상해없음,보행자,여,74세,중상
2016082600100667,2016년 8월 26일 20시,금요일,경상북도 구미시 구평동,중상사고,0,1,0,0,차대차 - 기타,안전운전불이행,건조,맑음,기타 - 기타,승용,남,26세,상해없음,이륜,남,27세,중상
2016082600100668,2016년 8월 26일 20시,금요일,경상북도 포항시 남구 장흥동,경상사고,0,0,1,0,차대차 - 추돌,교차로운행방법위반,건조,맑음,교차로 - 교차로부근,승용,남,36세,상해없음,승용,남,37세,경상
2016082600100702,2016년 8월 26일 21시,금요일,경상북도 안동시 송현동,경상사고,0,0,1,0,차대사람 - 보도통행중,보행자보호의무위반,건조,맑음,단일로 - 기타,승용,남,46세,상해없음,보행자,여,5세,경상
2016082600100737,2016년 8월 26일 22시,금요일,경상북도 영천시 야사동,부상신고사고,0,0,0,1,차대사람 - 길가장자리구역통행중,안전운전불이행,건조,맑음,단일로 - 기타,승용,남,51세,상해없음,보행자,여,68세,부상신고
2016082600100738,2016년 8월 26일 22시,금요일,경상북도 구미시 봉곡동,경상사고,0,0,1,0,차대차 - 측면충돌,안전운전불이행,건조,맑음,기타 - 기타,승용,남,67세,상해없음,승용,여,52세,경상
2016082700100029,2016년 8월 27일 01시,토요일,경상북도 포항시 북구 덕산동,경상사고,0,0,2,0,차대차 - 정면충돌,신호위반,건조,맑음,교차로 - 교차로안,승용,여,31세,상해없음,승합,남,29세,경상
2016082700100070,2016년 8월 27일 03시,토요일,경상북도 칠곡군 북삼읍,부상신고사고,0,0,0,1,차대차 - 정면충돌,안전운전불이행,건조,맑음,단일로 - 기타,승용,여,40세,부상신고,승용,남,53세,기타불명
2016082700100082,2016년 8월 27일 04시,토요일,경상북도 영덕군 영덕읍,사망사고,1,0,0,0,차대사람 - 차도통행중,안전운전불이행,건조,맑음,단일로 - 기타,화물,남,45세,상해없음,보행자,남,54세,사망
2016082700100097,2016년 8월 27일 05시,토요일,경상북도 구미시 광평동,경상사고,0,0,1,0,차량단독 - 공작물충돌,안전운전불이행,건조,맑음,교차로 - 교차로부근,승용,남,29세,경상,,,,
2016082700100119,2016년 8월 27일 06시,토요일,경상북도 영주시 가흥동,중상사고,0,1,0,0,차대사람 - 횡단중,신호위반,건조,맑음,교차로 - 교차로안,승용,남,74세,상해없음,보행자,여,69세,중상
2016082700100120,2016년 8월 27일 06시,토요일,경상북도 구미시 임은동,중상사고,0,1,0,0,차대차 - 측면직각충돌,교차로운행방법위반,건조,맑음,교차로 - 교차로안,승용,남,37세,상해없음,승용,남,59세,중상
2016082700100121,2016년 8월 27일 06시,토요일,경상북도 포항시 남구 대송면,경상사고,0,0,1,0,차대차 - 추돌,안전운전불이행,건조,맑음,교차로 - 교차로부근,화물,남,24세,상해없음,화물,남,50세,경상
2016082700100158,2016년 8월 27일 08시,토요일,경상북도 경주시 현곡면,경상사고,0,0,1,0,차대차 - 측면충돌,안전운전불이행,건조,흐림,교차로 - 교차로안,승용,여,59세,상해없음,승용,여,49세,경상
2016082700100159,2016년 8월 27일 08시,토요일,경상북도 경주시 강동면,사망사고,1,0,1,0,차대차 - 정면충돌,중앙선침범,건조,맑음,단일로 - 기타,승합,남,65세,사망,건설기계,남,60세,경상
2016082700100160,2016년 8월 27일 08시,토요일,경상북도 김천시 양천동,중상사고,0,1,0,0,차대차 - 추돌,직진우회전진행방해,건조,맑음,교차로 - 교차로안,승용,여,47세,상해없음,이륜,남,48세,중상
2016082700100161,2016년 8월 27일 08시,토요일,경상북도 경산시 하양읍,중상사고,0,1,0,0,차대차 - 기타,교차로운행방법위반,건조,맑음,교차로 - 교차로안,이륜,남,87세,중상,화물,남,44세,상해없음
2016082700100162,2016년 8월 27일 08시,토요일,경상북도 울진군 평해읍,중상사고,0,1,0,0,차대사람 - 횡단중,안전운전불이행,건조,맑음,교차로 - 교차로안,화물,남,34세,상해없음,보행자,여,79세,중상
2016082700100196,2016년 8월 27일 09시,토요일,경상북도 봉화군 명호면,경상사고,0,0,1,1,차대차 - 정면충돌,교차로운행방법위반,건조,맑음,교차로 - 교차로안,승용,여,53세,부상신고,승용,남,46세,경상
2016082700100236,2016년 8월 27일 10시,토요일,경상북도 포항시 북구 양덕동,중상사고,0,1,0,0,차대사람 - 횡단중,보행자보호의무위반,건조,맑음,단일로 - 횡단보도상,승용,여,38세,상해없음,보행자,남,12세,중상
2016082700100237,2016년 8월 27일 10시,토요일,경상북도 문경시 모전동,경상사고,0,0,1,0,차대차 - 측면직각충돌,안전운전불이행,건조,맑음,교차로 - 교차로부근,승용,남,52세,상해없음,자전거,남,46세,경상
2016082700100272,2016년 8월 27일 11시,토요일,경상북도 경주시 마동,경상사고,0,0,2,0,차대차 - 정면충돌,안전운전불이행,건조,맑음,교차로 - 교차로안,승용,남,26세,상해없음,승용,여,29세,경상
2016082700100273,2016년 8월 27일 11시,토요일,경상북도 경주시 안강읍,중상사고,0,1,0,1,차대차 - 측면충돌,안전운전불이행,건조,맑음,교차로 - 교차로안,승용,여,50세,부상신고,승용,여,64세,중상
2016082700100274,2016년 8월 27일 11시,토요일,경상북도 안동시 남문동,중상사고,0,1,0,0,차대사람 - 보도통행중,보행자보호의무위반,건조,맑음,단일로 - 기타,승용,남,74세,상해없음,보행자,여,15세,중상
2016082700100275,2016년 8월 27일 11시,토요일,경상북도 성주군 용암면,중상사고,0,4,0,0,차대차 - 정면충돌,안전운전불이행,건조,맑음,기타 - 기타,승용,남,43세,상해없음,승용,여,26세,중상
2016082700100315,2016년 8월 27일 12시,토요일,경상북도 의성군 의성읍,경상사고,0,0,1,0,차대사람 - 횡단중,안전운전불이행,건조,맑음,단일로 - 기타,승용,남,54세,상해없음,보행자,여,56세,경상
2016082700100316,2016년 8월 27일 12시,토요일,경상북도 문경시 모전동,중상사고,0,1,0,0,차대차 - 측면충돌,안전운전불이행,건조,맑음,교차로 - 교차로안,승용,남,57세,상해없음,원동기,남,57세,중상
2016082700100317,2016년 8월 27일 12시,토요일,경상북도 구미시 공단동,부상신고사고,0,0,0,1,차대차 - 추돌,안전운전불이행,건조,맑음,단일로 - 기타,화물,남,49세,부상신고,특수,남,47세,상해없음
2016082700100318,2016년 8월 27일 12시,토요일,경상북도 포항시 남구 상도동,중상사고,0,1,0,0,차대차 - 측면충돌,기타,건조,맑음,단일로 - 기타,승용,남,58세,상해없음,이륜,남,27세,중상
2016082700100355,2016년 8월 27일 13시,토요일,경상북도 문경시 호계면,경상사고,0,0,2,0,차대차 - 추돌,안전운전불이행,건조,맑음,교차로 - 교차로안,승용,여,74세,상해없음,승용,여,48세,경상
2016082700100356,2016년 8월 27일 13시,토요일,경상북도 청송군 파천면,중상사고,0,1,0,0,차량단독 - 도로외이탈 - 기타,안전운전불이행,건조,맑음,단일로 - 기타,승용,남,74세,상해없음,,,,
2016082700100426,2016년 8월 27일 15시,토요일,경상북도 상주시 무양동,중상사고,0,1,2,0,차대차 - 측면직각충돌,신호위반,건조,맑음,교차로 - 교차로안,승용,여,26세,상해없음,승용,여,45세,중상
2016082700100427,2016년 8월 27일 15시,토요일,경상북도 칠곡군 석적읍,중상사고,0,1,0,0,차량단독 - 전도전복,안전운전불이행,건조,맑음,기타 - 기타,승용,여,40세,중상,,,,
2016082700100428,2016년 8월 27일 15시,토요일,경상북도 포항시 남구 구룡포읍,경상사고,0,0,1,0,차대차 - 정면충돌,안전운전불이행,건조,맑음,교차로 - 교차로부근,승용,여,44세,상해없음,승용,남,29세,상해없음
2016082700100459,2016년 8월 27일 16시,토요일,경상북도 경주시 진현동,경상사고,0,0,4,0,차대차 - 정면충돌,중앙선침범,건조,맑음,단일로 - 기타,승용,남,28세,상해없음,승용,여,60세,경상
2016082700100460,2016년 8월 27일 16시,토요일,경상북도 영천시 금노동,중상사고,0,1,0,0,차대차 - 추돌,안전운전불이행,건조,맑음,단일로 - 기타,승용,남,48세,상해없음,승용,여,55세,중상
2016082700100461,2016년 8월 27일 16시,토요일,경상북도 울진군 금강송면,중상사고,0,1,0,0,차대차 - 기타,안전운전불이행,건조,맑음,단일로 - 기타,원동기,남,49세,상해없음,자전거,남,50세,중상
2016082700100501,2016년 8월 27일 17시,토요일,경상북도 경주시 외동읍,경상사고,0,0,1,0,차대차 - 측면충돌,안전운전불이행,건조,맑음,단일로 - 기타,승용,여,61세,상해없음,승용,남,66세,경상
2016082700100502,2016년 8월 27일 17시,토요일,경상북도 영천시 완산동,경상사고,0,0,1,0,차대차 - 측면직각충돌,신호위반,건조,맑음,교차로 - 교차로안,승용,남,45세,상해없음,승합,남,56세,상해없음
2016082700100543,2016년 8월 27일 18시,토요일,경상북도 포항시 북구 환호동,경상사고,0,0,1,0,차대차 - 측면충돌,신호위반,건조,맑음,교차로 - 교차로부근,원동기,남,17세,경상,승용,남,56세,상해없음
2016082700100544,2016년 8월 27일 18시,토요일,경상북도 안동시 송현동,경상사고,0,0,3,0,차대차 - 정면충돌,안전운전불이행,건조,맑음,단일로 - 기타,승용,남,54세,상해없음,승용,남,35세,경상
2016082700100545,2016년 8월 27일 18시,토요일,경상북도 칠곡군 석적읍,중상사고,0,1,0,0,차대차 - 기타,직진우회전진행방해,건조,맑음,교차로 - 교차로안,승용,남,25세,상해없음,이륜,남,28세,중상
2016082700100546,2016년 8월 27일 18시,토요일,경상북도 문경시 모전동,경상사고,0,0,3,0,차대차 - 정면충돌,중앙선침범,건조,맑음,교차로 - 교차로부근,원동기,남,68세,경상,원동기,남,16세,경상
2016082700100547,2016년 8월 27일 18시,토요일,경상북도 포항시 남구 해도동,경상사고,0,0,2,0,차대차 - 추돌,안전운전불이행,건조,맑음,교차로 - 교차로안,승용,남,47세,상해없음,승용,여,51세,경상
2016082700100572,2016년 8월 27일 19시,토요일,경상북도 경주시 외동읍,경상사고,0,0,1,0,차대차 - 측면충돌,안전운전불이행,건조,맑음,단일로 - 기타,승용,여,38세,상해없음,승용,남,29세,경상
2016082700100573,2016년 8월 27일 19시,토요일,경상북도 영천시 금호읍,경상사고,0,0,1,0,차대사람 - 기타,안전운전불이행,건조,맑음,단일로 - 기타,승용,남,64세,상해없음,보행자,여,90세 이상,경상
2016082700100574,2016년 8월 27일 19시,토요일,경상북도 문경시 점촌동,중상사고,0,1,0,0,차대사람 - 횡단중,보행자보호의무위반,건조,맑음,교차로 - 교차로부근,승용,여,42세,상해없음,보행자,남,35세,중상
2016082700100575,2016년 8월 27일 19시,토요일,경상북도 구미시 옥계동,경상사고,0,0,4,0,차대차 - 추돌,안전운전불이행,건조,맑음,교차로 - 교차로부근,승용,남,47세,상해없음,승용,여,49세,경상
2016082700100576,2016년 8월 27일 19시,토요일,경상북도 구미시 도량동,경상사고,0,0,1,0,차대차 - 기타,안전운전불이행,건조,맑음,기타 - 기타,승용,여,55세,상해없음,원동기,남,59세,경상
2016082700100607,2016년 8월 27일 20시,토요일,경상북도 경주시 외동읍,중상사고,0,1,0,0,차대차 - 정면충돌,신호위반,건조,맑음,단일로 - 기타,원동기,남,37세,중상,승용,여,50세,상해없음
2016082700100608,2016년 8월 27일 20시,토요일,경상북도 경산시 사동,중상사고,0,1,15,0,차대차 - 측면충돌,신호위반,건조,맑음,교차로 - 교차로안,승용,남,44세,경상,승합,남,59세,경상
2016082700100633,2016년 8월 27일 21시,토요일,경상북도 포항시 남구 대도동,중상사고,0,1,0,0,차대차 - 정면충돌,안전운전불이행,건조,맑음,단일로 - 기타,자전거,여,55세,중상,승용,남,31세,상해없음
2016082700100661,2016년 8월 27일 22시,토요일,경상북도 안동시 송천동,중상사고,0,1,0,0,차대차 - 정면충돌,안전운전불이행,건조,맑음,단일로 - 기타,이륜,남,22세,중상,승용,남,26세,상해없음
2016082800100019,2016년 8월 28일 00시,일요일,경상북도 김천시 평화동,사망사고,1,0,0,0,차대사람 - 차도통행중,안전운전불이행,습기,비,단일로 - 기타,승용,여,41세,상해없음,보행자,남,56세,사망
2016082800100048,2016년 8월 28일 02시,일요일,경상북도 안동시 송천동,경상사고,0,0,3,0,차대차 - 정면충돌,신호위반,건조,맑음,교차로 - 교차로안,승용,여,49세,경상,승용,남,40세,경상
2016082800100062,2016년 8월 28일 03시,일요일,경상북도 칠곡군 동명면,경상사고,0,0,2,0,차대차 - 추돌,안전운전불이행,습기,비,단일로 - 기타,승용,남,35세,기타불명,승용,남,64세,경상
2016082800100063,2016년 8월 28일 03시,일요일,경상북도 포항시 남구 대잠동,경상사고,0,0,1,0,차대사람 - 기타,안전운전불이행,습기,비,교차로 - 교차로안,승용,남,62세,상해없음,보행자,여,21세,경상
2016082800100075,2016년 8월 28일 04시,일요일,경상북도 포항시 북구 죽도동,중상사고,0,1,0,0,차대차 - 측면충돌,차로위반,습기,비,단일로 - 기타,승용,남,62세,상해없음,이륜,남,24세,중상
2016082800100076,2016년 8월 28일 04시,일요일,경상북도 경산시 대동,경상사고,0,0,4,0,차대차 - 측면직각충돌,안전거리미확보,습기,비,단일로 - 기타,승용,남,29세,상해없음,승용,남,24세,경상
2016082800100107,2016년 8월 28일 07시,일요일,경상북도 경주시 덕동,경상사고,0,0,5,0,차대차 - 정면충돌,중앙선침범,습기,비,단일로 - 기타,승용,남,65세,상해없음,승합,남,57세,경상
2016082800100108,2016년 8월 28일 07시,일요일,경상북도 영천시 북안면,경상사고,0,0,1,0,차량단독 - 전도전복,안전운전불이행,습기,비,단일로 - 기타,승용,남,55세,경상,,,,
2016082800100139,2016년 8월 28일 09시,일요일,경상북도 포항시 북구 흥해읍,경상사고,0,0,1,0,차대차 - 추돌,안전운전불이행,습기,비,단일로 - 기타,승용,남,56세,경상,건설기계,남,62세,상해없음
2016082800100140,2016년 8월 28일 09시,일요일,경상북도 구미시 고아읍,경상사고,0,0,1,0,차대차 - 추돌,안전거리미확보,습기,비,단일로 - 기타,승용,남,69세,상해없음,승용,여,35세,경상
2016082800100158,2016년 8월 28일 10시,일요일,경상북도 경주시 진현동,중상사고,0,2,0,0,차대차 - 측면직각충돌,중앙선침범,습기,비,단일로 - 기타,승용,여,58세,상해없음,승용,여,77세,중상
2016082800100159,2016년 8월 28일 10시,일요일,경상북도 안동시 용상동,경상사고,0,0,2,0,차대차 - 측면충돌,안전운전불이행,습기,비,단일로 - 기타,승용,남,30세,경상,승용,남,48세,경상
2016082800100160,2016년 8월 28일 10시,일요일,경상북도 문경시 점촌동,중상사고,0,1,0,0,차량단독 - 전도전복,안전운전불이행,습기,흐림,교차로 - 교차로부근,승용,남,80세,중상,,,,
2016082800100161,2016년 8월 28일 10시,일요일,경상북도 경산시 대평동,경상사고,0,0,1,0,차대차 - 추돌,안전운전불이행,습기,비,교차로 - 교차로부근,화물,남,46세,상해없음,승용,여,65세,경상
2016082800100162,2016년 8월 28일 10시,일요일,경상북도 경산시 대평동,경상사고,0,0,2,0,차대차 - 기타,안전운전불이행,습기,비,교차로 - 교차로안,승용,남,29세,경상,승용,남,25세,경상
2016082800100163,2016년 8월 28일 10시,일요일,경상북도 구미시 공단동,중상사고,0,1,0,0,차대사람 - 횡단중,안전운전불이행,습기,비,교차로 - 교차로안,승용,남,33세,상해없음,보행자,남,53세,중상
2016082800100180,2016년 8월 28일 11시,일요일,경상북도 경주시 감포읍,중상사고,0,2,1,0,차량단독 - 전도전복,안전운전불이행,습기,비,단일로 - 기타,승합,남,60세,상해없음,,,,
2016082800100181,2016년 8월 28일 11시,일요일,경상북도 안동시 풍산읍,경상사고,0,0,2,0,차대차 - 추돌,안전운전불이행,습기,흐림,단일로 - 기타,승합,남,54세,상해없음,승용,남,59세,경상
2016082800100201,2016년 8월 28일 12시,일요일,경상북도 안동시 길안면,사망사고,1,1,0,0,차량단독 - 공작물충돌,안전운전불이행,습기,비,단일로 - 기타,화물,남,39세,중상,,,,
2016082800100215,2016년 8월 28일 13시,일요일,경상북도 영양군 영양읍,중상사고,0,1,0,0,차대사람 - 횡단중,안전운전불이행,건조,흐림,교차로 - 교차로안,승용,여,37세,상해없음,보행자,남,80세,중상
2016082800100224,2016년 8월 28일 13시,일요일,경상북도 경주시 배반동,경상사고,0,0,5,0,차대차 - 추돌,안전운전불이행,습기,비,단일로 - 기타,승용,남,53세,상해없음,승용,남,27세,경상
2016082800100225,2016년 8월 28일 13시,일요일,경상북도 구미시 고아읍,중상사고,0,1,5,0,차대차 - 정면충돌,안전운전불이행,습기,비,교차로 - 교차로안,승용,남,38세,경상,승용,남,43세,중상
2016082800100253,2016년 8월 28일 14시,일요일,경상북도 경주시 안강읍,경상사고,0,0,1,0,차대사람 - 횡단중,안전운전불이행,습기,비,단일로 - 기타,승용,남,50세,상해없음,보행자,여,50세,경상
2016082800100254,2016년 8월 28일 14시,일요일,경상북도 칠곡군 동명면,중상사고,0,3,1,0,차대차 - 기타,안전운전불이행,습기,흐림,단일로 - 기타,승용,여,53세,상해없음,승용,여,51세,경상
2016082800100255,2016년 8월 28일 14시,일요일,경상북도 영천시 고경면,경상사고,0,0,1,0,차량단독 - 전도전복,안전운전불이행,습기,비,단일로 - 기타,이륜,여,85세,경상,,,,
2016082800100256,2016년 8월 28일 14시,일요일,경상북도 영천시 완산동,경상사고,0,0,1,0,차대차 - 측면직각충돌,안전운전불이행,습기,비,단일로 - 기타,화물,남,80세,상해없음,화물,남,55세,상해없음
2016082800100297,2016년 8월 28일 15시,일요일,경상북도 칠곡군 석적읍,경상사고,0,0,1,0,차대차 - 기타,직진우회전진행방해,습기,비,교차로 - 교차로안,승용,여,40세,상해없음,이륜,남,23세,경상
2016082800100298,2016년 8월 28일 15시,일요일,경상북도 칠곡군 동명면,중상사고,0,1,1,0,차대차 - 측면충돌,안전거리미확보,습기,비,단일로 - 기타,승용,여,76세,상해없음,승용,남,46세,경상
2016082800100299,2016년 8월 28일 15시,일요일,경상북도 영천시 망정동,경상사고,0,0,1,0,차대차 - 측면직각충돌,안전거리미확보,습기,비,교차로 - 교차로부근,화물,남,64세,기타불명,승용,여,54세,경상
2016082800100300,2016년 8월 28일 15시,일요일,경상북도 경산시 압량면,경상사고,0,0,1,0,차대차 - 측면충돌,교차로운행방법위반,건조,맑음,교차로 - 교차로안,승용,남,52세,상해없음,승용,남,64세,상해없음
2016082800100332,2016년 8월 28일 16시,일요일,경상북도 경주시 성동동,경상사고,0,0,1,0,차대차 - 추돌,안전운전불이행,결빙,비,교차로 - 교차로부근,승합,남,59세,상해없음,승용,여,65세,경상
2016082800100333,2016년 8월 28일 16시,일요일,경상북도 경주시 안강읍,경상사고,0,0,5,0,차대차 - 측면충돌,중앙선침범,습기,비,단일로 - 기타,승합,남,51세,경상,승용,남,47세,경상
2016082800100334,2016년 8월 28일 16시,일요일,경상북도 영주시 영주동,경상사고,0,0,5,1,차대차 - 측면충돌,직진우회전진행방해,습기,흐림,교차로 - 교차로안,승용,남,55세,부상신고,승용,남,34세,경상
2016082800100335,2016년 8월 28일 16시,일요일,경상북도 구미시 황상동,경상사고,0,0,2,0,차대차 - 측면직각충돌,안전운전불이행,건조,맑음,단일로 - 기타,승용,여,60세,경상,승용,여,43세,경상
2016082800100336,2016년 8월 28일 16시,일요일,경상북도 포항시 남구 대도동,경상사고,0,0,1,0,차대차 - 측면충돌,안전운전불이행,습기,비,단일로 - 기타,승합,남,69세,상해없음,승용,남,45세,경상
2016082800100359,2016년 8월 28일 17시,일요일,경상북도 경주시 황성동,경상사고,0,0,1,0,차대차 - 추돌,안전운전불이행,습기,비,교차로 - 교차로부근,승용,남,74세,상해없음,승합,남,42세,경상
2016082800100360,2016년 8월 28일 17시,일요일,경상북도 안동시 길안면,중상사고,0,1,1,0,차량단독 - 공작물충돌,안전운전불이행,습기,비,단일로 - 기타,화물,남,54세,중상,,,,
2016082800100361,2016년 8월 28일 17시,일요일,경상북도 영천시 완산동,중상사고,0,2,1,0,차대차 - 정면충돌,직진우회전진행방해,습기,비,교차로 - 교차로안,승용,여,61세,경상,승용,남,63세,중상
2016082800100396,2016년 8월 28일 18시,일요일,경상북도 안동시 옥동,중상사고,0,3,1,1,차대차 - 측면직각충돌,교차로운행방법위반,습기,비,교차로 - 교차로안,승용,남,53세,부상신고,승용,남,39세,중상