사고번호,사고일시,요일,시군구,사고내용,사망자수,중상자수,경상자수,부상신고자수,사고유형,법규위반,노면상태,기상상태,도로형태,가해운전자 차종,가해운전자 성별,가해운전자 연령,가해운전자 상해정도,피해운전자 차종,피해운전자 성별,피해운전자 연령,피해운전자 상해정도
2016082800100397,2016년 8월 28일 18시,일요일,경상북도 경산시 신교동,경상사고,0,0,2,0,차대차 - 추돌,안전운전불이행,건조,맑음,교차로 - 교차로부근,화물,남,63세,상해없음,승용,남,67세,경상
2016082800100398,2016년 8월 28일 18시,일요일,경상북도 경산시 옥산동,경상사고,0,0,1,0,차대차 - 측면충돌,안전거리미확보,습기,비,단일로 - 기타,승용,남,46세,상해없음,이륜,남,17세,경상
2016082800100399,2016년 8월 28일 18시,일요일,경상북도 경산시 중방동,사망사고,1,0,0,0,차대사람 - 횡단중,보행자보호의무위반,습기,비,단일로 - 횡단보도상,승용,남,62세,상해없음,보행자,여,61세,사망
2016082800100433,2016년 8월 28일 19시,일요일,경상북도 안동시 운흥동,경상사고,0,0,1,0,차대차 - 정면충돌,안전운전불이행,습기,맑음,교차로 - 교차로안,승용,여,50세,상해없음,이륜,남,31세,경상
2016082800100434,2016년 8월 28일 19시,일요일,경상북도 칠곡군 가산면,경상사고,0,0,4,1,차대차 - 추돌,안전운전불이행,습기,비,교차로 - 교차로안,승용,남,57세,부상신고,승용,남,44세,경상
2016082800100435,2016년 8월 28일 19시,일요일,경상북도 예천군 용문면,경상사고,0,0,1,0,차대사람 - 횡단중,안전운전불이행,습기,비,단일로 - 기타,화물,남,56세,상해없음,보행자,남,61세,경상
2016082800100436,2016년 8월 28일 19시,일요일,경상북도 구미시 임은동,경상사고,0,0,1,0,차대차 - 측면충돌,신호위반,습기,비,교차로 - 교차로안,승용,여,43세,상해없음,승용,남,43세,경상
2016082800100437,2016년 8월 28일 19시,일요일,경상북도 구미시 형곡동,경상사고,0,0,1,0,차대차 - 정면충돌,안전운전불이행,습기,비,단일로 - 기타,승용,남,62세,상해없음,이륜,남,31세,경상
2016082800100438,2016년 8월 28일 19시,일요일,경상북도 칠곡군 동명면,중상사고,0,3,1,0,차대차 - 추돌,안전운전불이행,습기,비,단일로 - 기타,승용,남,57세,상해없음,승용,남,36세,중상
2016082800100507,2016년 8월 28일 21시,일요일,경상북도 안동시 신안동,경상사고,0,0,1,0,차대차 - 기타,안전운전불이행,습기,비,단일로 - 기타,승용,여,53세,상해없음,이륜,남,20세,경상
2016082800100508,2016년 8월 28일 21시,일요일,경상북도 경산시 정평동,중상사고,0,1,0,0,차대사람 - 기타,신호위반,습기,비,교차로 - 교차로안,이륜,남,47세,상해없음,보행자,남,42세,중상
2016082800100509,2016년 8월 28일 21시,일요일,경상북도 구미시 원평동,중상사고,0,1,0,0,차대사람 - 횡단중,안전운전불이행,습기,비,단일로 - 기타,승용,남,47세,상해없음,보행자,여,54세,중상
2016082800100531,2016년 8월 28일 22시,일요일,경상북도 경산시 진량읍,경상사고,0,0,1,0,차대차 - 정면충돌,안전운전불이행,습기,비,교차로 - 교차로안,기타불명,기타불명,기타불명,기타불명,이륜,남,18세,경상
2016082800100551,2016년 8월 28일 23시,일요일,경상북도 포항시 남구 송도동,경상사고,0,0,1,0,차대사람 - 횡단중,안전운전불이행,습기,비,단일로 - 기타,승용,남,47세,상해없음,보행자,남,63세,경상
2016082900100011,2016년 8월 29일 00시,월요일,경상북도 포항시 북구 죽도동,중상사고,0,1,3,0,차대차 - 측면충돌,안전운전불이행,습기,맑음,단일로 - 기타,승용,남,30세,상해없음,승용,남,52세,경상
2016082900100012,2016년 8월 29일 00시,월요일,경상북도 구미시 상모동,경상사고,0,0,1,0,차대차 - 정면충돌,안전운전불이행,습기,비,교차로 - 교차로안,승용,남,36세,상해없음,승용,여,36세,경상
2016082900100022,2016년 8월 29일 01시,월요일,경상북도 포항시 북구 양덕동,경상사고,0,0,1,0,차대사람 - 횡단중,보행자보호의무위반,습기,비,단일로 - 횡단보도상,승용,남,26세,기타불명,보행자,남,20세,경상
2016082900100035,2016년 8월 29일 03시,월요일,경상북도 포항시 북구 장성동,중상사고,0,1,0,0,차대사람 - 횡단중,안전운전불이행,습기,비,단일로 - 기타,승용,남,61세,상해없음,보행자,남,26세,중상
2016082900100121,2016년 8월 29일 08시,월요일,경상북도 안동시 옥동,경상사고,0,0,1,0,차대차 - 측면직각충돌,직진우회전진행방해,건조,맑음,교차로 - 교차로부근,승용,남,62세,상해없음,승용,남,38세,상해없음
2016082900100122,2016년 8월 29일 08시,월요일,경상북도 상주시 남성동,중상사고,0,1,0,0,차대차 - 기타,안전운전불이행,건조,맑음,단일로 - 기타,승용,여,37세,상해없음,자전거,남,14세,중상
2016082900100123,2016년 8월 29일 08시,월요일,경상북도 청송군 현서면,경상사고,0,0,1,0,차대사람 - 횡단중,안전운전불이행,건조,맑음,기타 - 기타,화물,남,34세,상해없음,보행자,남,58세,경상
2016082900100170,2016년 8월 29일 09시,월요일,경상북도 포항시 북구 덕수동,경상사고,0,0,1,0,차대차 - 측면충돌,안전거리미확보,건조,맑음,단일로 - 기타,이륜,남,67세,경상,화물,여,55세,상해없음
2016082900100171,2016년 8월 29일 09시,월요일,경상북도 구미시 진평동,경상사고,0,0,1,0,차대차 - 측면충돌,직진우회전진행방해,건조,맑음,교차로 - 교차로안,승용,남,48세,상해없음,승용,남,56세,경상
2016082900100207,2016년 8월 29일 10시,월요일,경상북도 의성군 의성읍,중상사고,0,1,0,0,차대사람 - 횡단중,보행자보호의무위반,건조,맑음,교차로 - 교차로안,화물,남,47세,상해없음,보행자,여,63세,중상
2016082900100208,2016년 8월 29일 10시,월요일,경상북도 영주시 하망동,경상사고,0,0,1,0,차대사람 - 횡단중,보행자보호의무위반,건조,맑음,단일로 - 횡단보도상,화물,남,56세,상해없음,보행자,남,82세,경상
2016082900100209,2016년 8월 29일 10시,월요일,경상북도 포항시 남구 대송면,경상사고,0,0,1,0,차대차 - 측면직각충돌,안전운전불이행,건조,맑음,단일로 - 기타,화물,남,60세,상해없음,승용,여,35세,경상
2016082900100280,2016년 8월 29일 12시,월요일,경상북도 경주시 외동읍,경상사고,0,0,1,0,차대차 - 추돌,안전운전불이행,건조,맑음,단일로 - 기타,승용,남,27세,상해없음,승용,남,62세,경상
2016082900100281,2016년 8월 29일 12시,월요일,경상북도 의성군 의성읍,중상사고,0,3,0,0,차량단독 - 전도전복,안전운전불이행,건조,맑음,단일로 - 기타,승용,남,24세,중상,,,,
2016082900100282,2016년 8월 29일 12시,월요일,경상북도 영천시 도림동,경상사고,0,0,1,0,차대차 - 추돌,안전거리미확보,건조,맑음,단일로 - 기타,건설기계,남,56세,상해없음,화물,남,81세,경상
2016082900100306,2016년 8월 29일 13시,월요일,경상북도 김천시 감천면,중상사고,0,1,0,0,차대차 - 측면충돌,안전운전불이행,건조,맑음,단일로 - 기타,화물,남,61세,상해없음,이륜,남,84세,중상
2016082900100307,2016년 8월 29일 13시,월요일,경상북도 상주시 함창읍,경상사고,0,0,1,0,차대차 - 측면충돌,안전운전불이행,건조,맑음,교차로 - 교차로부근,화물,남,73세,상해없음,이륜,남,87세,경상
2016082900100345,2016년 8월 29일 14시,월요일,경상북도 영주시 하망동,중상사고,0,1,0,0,차대차 - 측면충돌,안전운전불이행,건조,맑음,교차로 - 교차로안,건설기계,남,52세,상해없음,보행자,남,84세,중상
2016082900100377,2016년 8월 29일 15시,월요일,경상북도 경주시 안강읍,중상사고,0,1,1,0,차대차 - 정면충돌,중앙선침범,건조,맑음,단일로 - 기타,승용,여,35세,상해없음,승용,여,44세,경상
2016082900100378,2016년 8월 29일 15시,월요일,경상북도 칠곡군 가산면,경상사고,0,0,1,0,차대차 - 측면충돌,안전운전불이행,건조,맑음,단일로 - 기타,화물,남,73세,상해없음,이륜,남,45세,경상
2016082900100379,2016년 8월 29일 15시,월요일,경상북도 영덕군 영덕읍,경상사고,0,0,1,0,차대차 - 정면충돌,교차로운행방법위반,건조,맑음,교차로 - 교차로안,승용,남,44세,상해없음,승용,여,48세,경상
2016082900100463,2016년 8월 29일 17시,월요일,경상북도 안동시 북후면,경상사고,0,0,1,0,차량단독 - 전도전복,안전운전불이행,건조,맑음,단일로 - 기타,화물,남,79세,경상,,,,
2016082900100465,2016년 8월 29일 17시,월요일,경상북도 영주시 휴천동,중상사고,0,1,0,0,차대차 - 기타,중앙선침범,건조,맑음,단일로 - 기타,승합,남,66세,상해없음,원동기,남,69세,중상
2016082900100466,2016년 8월 29일 17시,월요일,경상북도 경산시 옥산동,경상사고,0,0,1,0,차대사람 - 기타,안전운전불이행,건조,맑음,교차로 - 교차로부근,승용,여,30세,상해없음,보행자,여,81세,경상
2016082900100467,2016년 8월 29일 17시,월요일,경상북도 구미시 황상동,경상사고,0,0,2,0,차대차 - 추돌,안전운전불이행,건조,맑음,교차로 - 교차로부근,승용,남,55세,상해없음,승용,남,61세,경상
2016082900100468,2016년 8월 29일 17시,월요일,경상북도 포항시 남구 오천읍,경상사고,0,0,1,0,차대차 - 측면충돌,직진우회전진행방해,건조,맑음,교차로 - 교차로안,승용,남,44세,상해없음,원동기,남,22세,경상
2016082900100507,2016년 8월 29일 18시,월요일,경상북도 김천시 삼락동,중상사고,0,1,0,0,차대사람 - 기타,안전운전불이행,건조,맑음,기타 - 기타,승합,남,65세,상해없음,보행자,여,39세,중상
2016082900100508,2016년 8월 29일 18시,월요일,경상북도 상주시 남성동,경상사고,0,0,1,0,차대차 - 정면충돌,중앙선침범,건조,맑음,교차로 - 교차로안,승용,여,80세,상해없음,승용,남,64세,경상
2016082900100509,2016년 8월 29일 18시,월요일,경상북도 상주시 서성동,경상사고,0,0,2,0,차대차 - 측면직각충돌,교차로운행방법위반,건조,맑음,교차로 - 교차로안,원동기,남,18세,경상,원동기,여,48세,경상
2016082900100510,2016년 8월 29일 18시,월요일,경상북도 구미시 임은동,경상사고,0,0,1,0,차대차 - 측면직각충돌,기타,건조,맑음,교차로 - 교차로안,승용,남,51세,상해없음,자전거,남,6세,경상
2016082900100551,2016년 8월 29일 19시,월요일,경상북도 안동시 상아동,경상사고,0,0,1,0,차대차 - 정면충돌,안전운전불이행,건조,맑음,단일로 - 기타,이륜,남,33세,경상,승용,남,55세,상해없음
2016082900100553,2016년 8월 29일 19시,월요일,경상북도 포항시 남구 이동,경상사고,0,0,1,0,차대차 - 정면충돌,신호위반,건조,맑음,교차로 - 교차로안,승용,남,65세,상해없음,이륜,남,40세,경상
2016082900100592,2016년 8월 29일 20시,월요일,경상북도 영주시 문정동,경상사고,0,0,1,0,차대차 - 추돌,안전운전불이행,건조,맑음,교차로 - 교차로부근,승용,남,45세,상해없음,승용,남,44세,경상
2016082900100593,2016년 8월 29일 20시,월요일,경상북도 칠곡군 지천면,사망사고,1,2,0,0,차대차 - 추돌,안전운전불이행,건조,맑음,단일로 - 기타,승용,남,79세,중상,건설기계,남,43세,중상
2016082900100621,2016년 8월 29일 21시,월요일,경상북도 경산시 대동,중상사고,0,1,3,0,차대차 - 정면충돌,안전운전불이행,건조,맑음,단일로 - 기타,승용,남,33세,기타불명,승용,남,23세,경상
2016082900100622,2016년 8월 29일 21시,월요일,경상북도 경산시 진량읍,부상신고사고,0,0,0,1,차대차 - 추돌,안전운전불이행,건조,맑음,단일로 - 기타,승용,남,23세,상해없음,승용,남,48세,부상신고
2016082900100647,2016년 8월 29일 22시,월요일,경상북도 경산시 중방동,중상사고,0,1,1,0,차대차 - 정면충돌,신호위반,건조,맑음,교차로 - 교차로안,승용,여,22세,경상,승용,남,37세,중상
2016082900100648,2016년 8월 29일 22시,월요일,경상북도 경산시 압량면,중상사고,0,1,1,0,차대사람 - 횡단중,신호위반,건조,맑음,교차로 - 교차로안,원동기,남,32세,경상,보행자,여,54세,중상
2016082900100649,2016년 8월 29일 22시,월요일,경상북도 구미시 구포동,부상신고사고,0,0,0,1,차량단독 - 전도전복,안전운전불이행,건조,맑음,단일로 - 기타,원동기,남,43세,부상신고,,,,
2016083000100031,2016년 8월 30일 02시,화요일,경상북도 칠곡군 지천면,사망사고,1,0,1,0,차대차 - 추돌,안전운전불이행,건조,맑음,단일로 - 기타,화물,남,47세,사망,화물,남,50세,경상
2016083000100045,2016년 8월 30일 04시,화요일,경상북도 봉화군 소천면,경상사고,0,0,1,0,차량단독 - 전도전복,안전운전불이행,습기,비,단일로 - 기타,화물,남,65세,경상,,,,
2016083000100139,2016년 8월 30일 08시,화요일,경상북도 의성군 금성면,중상사고,0,1,0,0,차대차 - 추돌,안전거리미확보,건조,맑음,단일로 - 기타,이륜,여,56세,중상,화물,남,66세,상해없음
2016083000100140,2016년 8월 30일 08시,화요일,경상북도 영덕군 영해면,경상사고,0,0,1,0,차대차 - 측면충돌,교차로운행방법위반,습기,흐림,교차로 - 교차로안,승용,남,62세,상해없음,자전거,남,12세,경상
2016083000100205,2016년 8월 30일 10시,화요일,경상북도 안동시 와룡면,중상사고,0,4,0,0,차대차 - 측면직각충돌,직진우회전진행방해,건조,맑음,교차로 - 교차로안,화물,남,61세,중상,승용,남,69세,중상
2016083000100206,2016년 8월 30일 10시,화요일,경상북도 상주시 남장동,사망사고,1,1,0,0,차대차 - 추돌,안전운전불이행,건조,맑음,단일로 - 기타,승용,남,41세,상해없음,농기계,남,78세,사망
2016083000100207,2016년 8월 30일 10시,화요일,경상북도 구미시 사곡동,경상사고,0,0,1,0,차대차 - 측면충돌,안전운전불이행,건조,맑음,단일로 - 기타,승용,남,37세,상해없음,화물,남,43세,경상
2016083000100250,2016년 8월 30일 11시,화요일,경상북도 봉화군 봉성면,경상사고,0,0,1,0,차대차 - 기타,교차로운행방법위반,건조,맑음,교차로 - 교차로안,승용,남,69세,기타불명,화물,남,43세,경상
2016083000100251,2016년 8월 30일 11시,화요일,경상북도 구미시 공단동,경상사고,0,0,1,0,차대차 - 추돌,안전운전불이행,건조,맑음,단일로 - 기타,승용,남,40세,상해없음,승용,남,34세,경상
2016083000100252,2016년 8월 30일 11시,화요일,경상북도 포항시 남구 장기면,경상사고,0,0,3,0,차대차 - 측면충돌,기타,건조,맑음,교차로 - 교차로안,승용,남,48세,상해없음,승용,남,18세,경상
2016083000100274,2016년 8월 30일 12시,화요일,경상북도 김천시 율곡동,중상사고,0,1,0,0,차대차 - 측면충돌,안전운전불이행,건조,맑음,기타 - 기타,이륜,남,20세,상해없음,자전거,남,9세,중상
2016083000100275,2016년 8월 30일 12시,화요일,경상북도 영천시 언하동,경상사고,0,0,2,0,차대차 - 정면충돌,중앙선침범,건조,맑음,교차로 - 교차로부근,승용,여,55세,상해없음,승용,남,28세,경상
2016083000100276,2016년 8월 30일 12시,화요일,경상북도 구미시 형곡동,경상사고,0,0,1,0,차대사람 - 기타,기타,건조,맑음,단일로 - 기타,승합,남,55세,상해없음,보행자,여,70세,경상
2016083000100307,2016년 8월 30일 13시,화요일,경상북도 상주시 무양동,중상사고,0,3,0,0,차대차 - 측면충돌,교차로운행방법위반,건조,맑음,교차로 - 교차로안,화물,남,73세,상해없음,승용,여,57세,중상
2016083000100308,2016년 8월 30일 13시,화요일,경상북도 문경시 농암면,경상사고,0,0,1,0,차대차 - 기타,중앙선침범,건조,맑음,단일로 - 기타,승용,남,27세,상해없음,승용,남,52세,경상
2016083000100309,2016년 8월 30일 13시,화요일,경상북도 영덕군 영해면,경상사고,0,0,1,0,차대사람 - 길가장자리구역통행중,안전운전불이행,건조,맑음,단일로 - 기타,화물,남,50세,상해없음,보행자,남,18세,경상
2016083000100310,2016년 8월 30일 13시,화요일,경상북도 예천군 용궁면,중상사고,0,1,0,0,차대차 - 측면직각충돌,직진우회전진행방해,건조,맑음,교차로 - 교차로안,화물,남,46세,상해없음,자전거,남,79세,중상
2016083000100358,2016년 8월 30일 15시,화요일,경상북도 포항시 북구 죽도동,경상사고,0,0,1,0,차대차 - 기타,신호위반,건조,맑음,단일로 - 기타,승용,남,58세,상해없음,이륜,남,31세,경상
2016083000100359,2016년 8월 30일 15시,화요일,경상북도 포항시 북구 죽도동,경상사고,0,0,1,0,차대사람 - 횡단중,안전운전불이행,건조,맑음,단일로 - 기타,승용,여,35세,상해없음,보행자,여,57세,경상
2016083000100360,2016년 8월 30일 15시,화요일,경상북도 포항시 남구 청림동,경상사고,0,0,2,0,차대차 - 측면충돌,직진우회전진행방해,건조,맑음,교차로 - 교차로안,승합,남,58세,상해없음,승용,남,24세,경상
2016083000100396,2016년 8월 30일 16시,화요일,경상북도 구미시 도량동,중상사고,0,1,1,1,차대차 - 추돌,안전운전불이행,건조,맑음,단일로 - 교량,화물,남,57세,부상신고,화물,남,37세,중상
2016083000100433,2016년 8월 30일 17시,화요일,경상북도 경주시 노서동,중상사고,0,1,0,0,차대사람 - 횡단중,보행자보호의무위반,건조,맑음,단일로 - 횡단보도상,화물,남,60세,상해없음,보행자,여,64세,중상
2016083000100434,2016년 8월 30일 17시,화요일,경상북도 상주시 성동동,경상사고,0,0,1,0,차대차 - 기타,안전운전불이행,건조,맑음,단일로 - 기타,기타불명,기타불명,기타불명,기타불명,자전거,여,71세,경상
2016083000100465,2016년 8월 30일 18시,화요일,경상북도 성주군 성주읍,경상사고,0,0,1,0,차대차 - 정면충돌,안전운전불이행,건조,맑음,기타 - 기타,화물,남,52세,상해없음,자전거,여,84세,경상
2016083000100466,2016년 8월 30일 18시,화요일,경상북도 성주군 월항면,경상사고,0,0,1,0,차대차 - 측면직각충돌,안전운전불이행,건조,흐림,교차로 - 교차로안,승용,남,37세,상해없음,승용,남,57세,경상
2016083000100498,2016년 8월 30일 19시,화요일,경상북도 고령군 대가야읍,중상사고,0,1,0,0,차대차 - 정면충돌,중앙선침범,건조,맑음,단일로 - 기타,승용,남,68세,상해없음,이륜,남,78세,중상
2016083000100558,2016년 8월 30일 21시,화요일,경상북도 경주시 성건동,경상사고,0,0,1,0,차량단독 - 전도전복,안전운전불이행,건조,맑음,단일로 - 기타,승용,남,58세,상해없음,,,,
2016083000100559,2016년 8월 30일 21시,화요일,경상북도 문경시 문경읍,중상사고,0,1,0,0,차대차 - 측면직각충돌,안전운전불이행,습기,비,단일로 - 터널,승합,남,61세,상해없음,화물,남,46세,중상
2016083100100014,2016년 8월 31일 00시,수요일,경상북도 포항시 북구 대흥동,경상사고,0,0,1,0,차대차 - 정면충돌,신호위반,건조,맑음,교차로 - 교차로안,승용,남,42세,상해없음,승용,남,60세,경상
2016083100100031,2016년 8월 31일 01시,수요일,경상북도 구미시 송정동,경상사고,0,0,1,0,차대차 - 정면충돌,안전운전불이행,건조,맑음,단일로 - 기타,승용,남,33세,상해없음,승용,남,47세,경상
2016083100100059,2016년 8월 31일 03시,수요일,경상북도 포항시 남구 연일읍,중상사고,0,1,0,0,차대차 - 추돌,안전거리미확보,건조,맑음,단일로 - 기타,승용,남,30세,상해없음,승용,남,51세,중상
2016083100100097,2016년 8월 31일 06시,수요일,경상북도 포항시 남구 송도동,중상사고,0,1,0,0,차대차 - 측면충돌,안전운전불이행,건조,맑음,교차로 - 교차로안,승용,남,66세,상해없음,자전거,여,66세,중상
2016083100100126,2016년 8월 31일 07시,수요일,경상북도 김천시 대항면,경상사고,0,0,1,0,차량단독 - 전도전복,안전운전불이행,습기,비,단일로 - 기타,승용,남,25세,경상,,,,
2016083100100127,2016년 8월 31일 07시,수요일,경상북도 칠곡군 석적읍,중상사고,0,1,2,0,차대사람 - 보도통행중,기타,습기,비,단일로 - 횡단보도부근,자전거,남,26세,경상,보행자,여,52세,경상
2016083100100170,2016년 8월 31일 08시,수요일,경상북도 경산시 계양동,중상사고,0,1,0,0,차대차 - 정면충돌,안전운전불이행,건조,맑음,단일로 - 기타,승용,남,63세,상해없음,자전거,여,51세,중상
2016083100100171,2016년 8월 31일 08시,수요일,경상북도 구미시 공단동,경상사고,0,0,2,1,차대차 - 기타,교차로운행방법위반,습기,비,교차로 - 교차로안,승용,남,30세,부상신고,승용,남,57세,상해없음
2016083100100172,2016년 8월 31일 08시,수요일,경상북도 고령군 성산면,중상사고,0,1,0,0,차량단독 - 기타,안전운전불이행,건조,흐림,단일로 - 기타,승용,남,24세,상해없음,,,,
2016083100100243,2016년 8월 31일 10시,수요일,경상북도 경주시 동방동,중상사고,0,1,0,0,차대차 - 추돌,안전운전불이행,건조,맑음,단일로 - 기타,화물,남,45세,상해없음,승용,남,73세,중상
2016083100100244,2016년 8월 31일 10시,수요일,경상북도 성주군 성주읍,경상사고,0,0,4,0,차대차 - 측면충돌,직진우회전진행방해,건조,맑음,교차로 - 교차로안,승용,남,40세,경상,승용,남,21세,경상
2016083100100265,2016년 8월 31일 11시,수요일,경상북도 포항시 북구 송라면,경상사고,0,0,1,0,차대차 - 정면충돌,안전운전불이행,건조,맑음,단일로 - 기타,건설기계,남,61세,상해없음,화물,남,64세,경상
2016083100100287,2016년 8월 31일 12시,수요일,경상북도 안동시 풍산읍,경상사고,0,0,1,0,차대차 - 추돌,안전운전불이행,습기,흐림,교차로 - 교차로부근,화물,남,41세,상해없음,승용,남,37세,경상
2016083100100288,2016년 8월 31일 12시,수요일,경상북도 군위군 소보면,중상사고,0,1,0,0,차대차 - 측면충돌,안전운전불이행,건조,맑음,단일로 - 기타,화물,남,61세,상해없음,원동기,남,63세,중상
2016083100100316,2016년 8월 31일 13시,수요일,경상북도 경산시 중방동,경상사고,0,0,1,0,차대사람 - 횡단중,안전운전불이행,건조,맑음,교차로 - 교차로부근,화물,남,24세,상해없음,보행자,여,57세,경상
2016083100100317,2016년 8월 31일 13시,수요일,경상북도 경산시 중방동,경상사고,0,0,1,0,차대사람 - 횡단중,보행자보호의무위반,건조,맑음,단일로 - 횡단보도상,승용,남,48세,상해없음,보행자,남,8세,경상
2016083100100318,2016년 8월 31일 13시,수요일,경상북도 구미시 해평면,중상사고,0,1,0,0,차대차 - 측면충돌,중앙선침범,습기,흐림,단일로 - 기타,건설기계,남,46세,상해없음,화물,남,50세,중상
2016083100100392,2016년 8월 31일 15시,수요일,경상북도 경주시 천북면,중상사고,0,1,1,0,차대차 - 추돌,안전운전불이행,건조,맑음,단일로 - 기타,승용,남,42세,상해없음,승용,남,38세,중상
2016083100100393,2016년 8월 31일 15시,수요일,경상북도 영천시 금호읍,경상사고,0,0,2,0,차대차 - 측면직각충돌,안전운전불이행,건조,맑음,단일로 - 기타,승용,남,76세,경상,화물,남,45세,경상
2016083100100394,2016년 8월 31일 15시,수요일,경상북도 포항시 남구 연일읍,경상사고,0,0,1,0,차대사람 - 기타,안전운전불이행,건조,맑음,단일로 - 기타,승용,여,36세,상해없음,보행자,남,9세,경상
2016083100100432,2016년 8월 31일 16시,수요일,경상북도 영천시 화남면,중상사고,0,1,2,0,차대차 - 측면충돌,안전운전불이행,건조,맑음,단일로 - 기타,승용,여,56세,경상,승용,남,53세,경상
2016083100100458,2016년 8월 31일 17시,수요일,경상북도 경주시 내남면,중상사고,0,1,0,0,차대차 - 측면충돌,중앙선침범,건조,맑음,교차로 - 교차로안,자전거,남,65세,중상,화물,남,67세,상해없음
2016083100100459,2016년 8월 31일 17시,수요일,경상북도 경주시 용강동,경상사고,0,0,2,0,차대차 - 정면충돌,안전운전불이행,건조,맑음,교차로 - 교차로부근,자전거,남,13세,경상,승용,여,45세,상해없음
2016083100100460,2016년 8월 31일 17시,수요일,경상북도 문경시 농암면,사망사고,1,0,0,0,차량단독 - 전도전복,안전운전불이행,건조,맑음,단일로 - 기타,승용,남,48세,사망,,,,
2016083100100493,2016년 8월 31일 18시,수요일,경상북도 상주시 서문동,중상사고,0,1,0,0,차대차 - 측면직각충돌,교차로운행방법위반,건조,맑음,교차로 - 교차로안,승용,여,26세,상해없음,승용,남,48세,중상
2016083100100525,2016년 8월 31일 19시,수요일,경상북도 안동시 풍산읍,경상사고,0,0,1,0,차대차 - 정면충돌,안전거리미확보,건조,맑음,교차로 - 교차로안,화물,남,41세,상해없음,승용,남,53세,경상
2016083100100526,2016년 8월 31일 19시,수요일,경상북도 경산시 압량면,경상사고,0,0,1,0,차대차 - 측면충돌,안전운전불이행,건조,맑음,교차로 - 교차로안,이륜,남,19세,경상,승용,여,36세,상해없음
2016083100100563,2016년 8월 31일 20시,수요일,경상북도 안동시 용상동,경상사고,0,0,1,0,차대차 - 측면충돌,안전운전불이행,건조,맑음,단일로 - 기타,화물,남,56세,상해없음,원동기,남,20세,경상
2016083100100564,2016년 8월 31일 20시,수요일,경상북도 상주시 화서면,사망사고,1,0,0,0,차대차 - 정면충돌,중앙선침범,건조,맑음,교차로 - 교차로안,화물,남,58세,상해없음,이륜,남,55세,사망
2016083100100565,2016년 8월 31일 20시,수요일,경상북도 구미시 원평동,부상신고사고,0,0,0,1,차대차 - 측면충돌,안전운전불이행,습기,비,교차로 - 교차로안,이륜,남,59세,부상신고,승용,남,49세,상해없음
2016083100100618,2016년 8월 31일 22시,수요일,경상북도 김천시 백옥동,중상사고,0,1,1,0,차대차 - 추돌,안전운전불이행,건조,맑음,교차로 - 교차로안,승용,여,53세,상해없음,승용,남,49세,경상
2016083100100619,2016년 8월 31일 22시,수요일,경상북도 칠곡군 약목면,경상사고,0,0,1,0,차대차 - 추돌,안전운전불이행,건조,맑음,교차로 - 교차로부근,승용,남,28세,경상,특수,남,63세,상해없음
2016083100100646,2016년 8월 31일 23시,수요일,경상북도 칠곡군 왜관읍,중상사고,0,1,0,0,차대차 - 추돌,안전운전불이행,건조,맑음,단일로 - 기타,승용,남,50세,상해없음,이륜,남,35세,중상
2016090100100007,2016년 9월 1일 00시,목요일,경상북도 경주시 동방동,중상사고,0,1,5,0,차대차 - 추돌,안전운전불이행,건조,맑음,단일로 - 횡단보도부근,승용,남,42세,상해없음,승합,남,57세,상해없음
2016090100100058,2016년 9월 1일 05시,목요일,경상북도 안동시 정하동,경상사고,0,0,3,0,차대차 - 측면충돌,안전운전불이행,건조,맑음,단일로 - 기타,승용,여,42세,상해없음,승용,남,19세,경상
2016090100100069,2016년 9월 1일 06시,목요일,경상북도 상주시 화북면,경상사고,0,0,1,0,차대차 - 측면직각충돌,중앙선침범,건조,맑음,단일로 - 기타,자전거,남,8세,경상,화물,남,56세,상해없음
2016090100100070,2016년 9월 1일 06시,목요일,경상북도 영주시 봉현면,중상사고,0,1,0,0,차대차 - 측면충돌,기타,건조,맑음,교차로 - 교차로안,화물,여,47세,상해없음,자전거,남,33세,중상
2016090100100071,2016년 9월 1일 06시,목요일,경상북도 봉화군 봉성면,중상사고,0,1,0,0,차량단독 - 전도전복,안전운전불이행,습기,비,단일로 - 기타,화물,남,47세,상해없음,,,,
2016090100100093,2016년 9월 1일 07시,목요일,경상북도 영덕군 지품면,경상사고,0,0,1,0,차대차 - 정면충돌,안전운전불이행,건조,맑음,단일로 - 기타,승합,여,64세,경상,건설기계,남,37세,상해없음
2016090100100131,2016년 9월 1일 08시,목요일,경상북도 상주시 낙양동,경상사고,0,0,2,0,차대차 - 추돌,안전거리미확보,건조,맑음,단일로 - 기타,승용,여,33세,경상,승용,여,58세,경상
2016090100100132,2016년 9월 1일 08시,목요일,경상북도 포항시 남구 상도동,중상사고,0,1,1,0,차대차 - 측면충돌,신호위반,건조,맑음,교차로 - 교차로안,승용,남,66세,경상,승용,여,50세,중상
2016090100100168,2016년 9월 1일 09시,목요일,경상북도 경주시 서악동,중상사고,0,2,0,0,차대차 - 측면직각충돌,중앙선침범,건조,맑음,단일로 - 기타,승용,남,74세,상해없음,승용,여,66세,중상