사고번호,사고일시,요일,시군구,사고내용,사망자수,중상자수,경상자수,부상신고자수,사고유형,법규위반,노면상태,기상상태,도로형태,가해운전자 차종,가해운전자 성별,가해운전자 연령,가해운전자 상해정도,피해운전자 차종,피해운전자 성별,피해운전자 연령,피해운전자 상해정도
2016090900100426,2016년 9월 9일 16시,금요일,경상북도 경주시 성건동,경상사고,0,0,1,0,차대차 - 측면충돌,안전운전불이행,건조,맑음,교차로 - 교차로부근,원동기,여,34세,경상,승용,여,35세,상해없음
2016090900100474,2016년 9월 9일 17시,금요일,경상북도 김천시 신음동,경상사고,0,0,1,0,차대차 - 정면충돌,안전운전불이행,건조,맑음,기타 - 기타,승용,남,44세,상해없음,이륜,남,71세,경상
2016090900100475,2016년 9월 9일 17시,금요일,경상북도 칠곡군 동명면,부상신고사고,0,0,0,1,차대차 - 추돌,차로위반,건조,맑음,단일로 - 기타,이륜,남,75세,부상신고,승용,여,29세,상해없음
2016090900100476,2016년 9월 9일 17시,금요일,경상북도 문경시 가은읍,중상사고,0,1,1,0,차량단독 - 전도전복,안전운전불이행,건조,맑음,단일로 - 기타,승용,여,50세,경상,,,,
2016090900100477,2016년 9월 9일 17시,금요일,경상북도 문경시 산북면,중상사고,0,1,1,0,차대차 - 추돌,안전거리미확보,건조,맑음,단일로 - 기타,화물,남,62세,중상,승용,여,52세,경상
2016090900100527,2016년 9월 9일 18시,금요일,경상북도 경산시 옥산동,경상사고,0,0,1,0,차대차 - 측면충돌,안전운전불이행,건조,맑음,기타 - 기타,승용,남,58세,상해없음,자전거,남,68세,경상
2016090900100528,2016년 9월 9일 18시,금요일,경상북도 포항시 남구 해도동,경상사고,0,0,1,0,차대차 - 추돌,안전운전불이행,습기,비,교차로 - 교차로부근,승용,기타불명,기타불명,기타불명,자전거,남,54세,경상
2016090900100586,2016년 9월 9일 19시,금요일,경상북도 경주시 외동읍,중상사고,0,1,0,0,차대사람 - 기타,안전운전불이행,건조,맑음,단일로 - 기타,화물,남,38세,상해없음,보행자,남,59세,중상
2016090900100587,2016년 9월 9일 19시,금요일,경상북도 울진군 죽변면,중상사고,0,1,1,0,차대차 - 측면충돌,안전운전불이행,건조,흐림,교차로 - 교차로부근,승용,여,27세,상해없음,승용,남,33세,기타불명
2016090900100588,2016년 9월 9일 19시,금요일,경상북도 청송군 현서면,중상사고,0,1,0,0,차대사람 - 횡단중,보행자보호의무위반,건조,맑음,단일로 - 기타,승용,남,80세,상해없음,보행자,남,49세,중상
2016090900100633,2016년 9월 9일 20시,금요일,경상북도 성주군 성주읍,중상사고,0,1,0,0,차대사람 - 횡단중,안전운전불이행,습기,비,단일로 - 기타,이륜,남,16세,상해없음,보행자,여,74세,중상
2016090900100634,2016년 9월 9일 20시,금요일,경상북도 고령군 다산면,경상사고,0,0,2,0,차대차 - 측면직각충돌,교차로운행방법위반,건조,맑음,교차로 - 교차로안,승용,여,65세,경상,승용,남,39세,경상
2016090900100680,2016년 9월 9일 21시,금요일,경상북도 경주시 안강읍,경상사고,0,0,1,0,차대차 - 정면충돌,안전운전불이행,건조,맑음,교차로 - 교차로안,승용,남,34세,상해없음,자전거,남,13세,경상
2016090900100681,2016년 9월 9일 21시,금요일,경상북도 포항시 북구 환호동,경상사고,0,0,3,0,차대차 - 기타,안전운전불이행,건조,맑음,단일로 - 기타,승용,남,64세,상해없음,승용,남,64세,경상
2016090900100682,2016년 9월 9일 21시,금요일,경상북도 영주시 휴천동,중상사고,0,1,1,0,차대차 - 측면충돌,교차로운행방법위반,습기,비,교차로 - 교차로안,승용,남,53세,상해없음,승용,여,56세,경상
2016090900100683,2016년 9월 9일 21시,금요일,경상북도 영천시 임고면,경상사고,0,0,1,0,차대차 - 추돌,안전운전불이행,습기,비,단일로 - 기타,화물,남,40세,상해없음,자전거,여,57세,경상
2016090900100711,2016년 9월 9일 22시,금요일,경상북도 경주시 성건동,중상사고,0,1,0,0,차대차 - 기타,교차로운행방법위반,건조,맑음,교차로 - 교차로안,승용,남,18세,상해없음,이륜,남,26세,중상
2016090900100712,2016년 9월 9일 22시,금요일,경상북도 구미시 시미동,중상사고,0,1,1,0,차대차 - 측면충돌,직진우회전진행방해,건조,맑음,교차로 - 교차로안,승용,남,31세,상해없음,승용,여,32세,경상
2016090900100713,2016년 9월 9일 22시,금요일,경상북도 구미시 도개면,경상사고,0,0,2,0,차대차 - 기타,안전운전불이행,습기,비,단일로 - 기타,승합,남,46세,상해없음,승용,남,52세,경상
2016090900100714,2016년 9월 9일 22시,금요일,경상북도 포항시 남구 해도동,경상사고,0,0,3,0,차대차 - 기타,신호위반,건조,맑음,교차로 - 교차로안,승용,여,48세,경상,승용,남,39세,경상
2016090900100748,2016년 9월 9일 23시,금요일,경상북도 경산시 정평동,경상사고,0,0,1,0,차대차 - 측면직각충돌,직진우회전진행방해,건조,맑음,교차로 - 교차로안,승용,남,36세,상해없음,자전거,남,19세,경상
2016090900100749,2016년 9월 9일 23시,금요일,경상북도 포항시 남구 구룡포읍,경상사고,0,0,1,0,차대사람 - 기타,안전운전불이행,건조,맑음,교차로 - 교차로안,승용,여,37세,상해없음,보행자,여,49세,경상
2016090900100750,2016년 9월 9일 23시,금요일,경상북도 포항시 남구 연일읍,경상사고,0,0,1,0,차대사람 - 기타,안전운전불이행,건조,맑음,단일로 - 기타,승용,여,45세,상해없음,보행자,남,32세,경상
2016091000100036,2016년 9월 10일 01시,토요일,경상북도 상주시 함창읍,경상사고,0,0,1,0,차대차 - 측면충돌,안전운전불이행,건조,맑음,교차로 - 교차로안,승용,여,45세,상해없음,승용,여,46세,경상
2016091000100037,2016년 9월 10일 01시,토요일,경상북도 구미시 진평동,경상사고,0,0,1,0,차대사람 - 횡단중,보행자보호의무위반,건조,맑음,교차로 - 교차로부근,승용,남,43세,상해없음,보행자,남,29세,경상
2016091000100109,2016년 9월 10일 06시,토요일,경상북도 상주시 냉림동,중상사고,0,1,0,0,차대차 - 측면직각충돌,안전운전불이행,건조,맑음,단일로 - 기타,승용,남,50세,상해없음,승용,여,64세,중상
2016091000100141,2016년 9월 10일 08시,토요일,경상북도 상주시 함창읍,중상사고,0,1,0,0,차대차 - 추돌,안전운전불이행,건조,맑음,단일로 - 교량,승용,남,60세,중상,화물,남,55세,상해없음
2016091000100142,2016년 9월 10일 08시,토요일,경상북도 성주군 초전면,경상사고,0,0,1,0,차대차 - 기타,불법유턴,건조,맑음,기타 - 기타,화물,남,48세,상해없음,특수,남,28세,경상
2016091000100163,2016년 9월 10일 09시,토요일,경상북도 상주시 낙양동,중상사고,0,1,3,0,차대차 - 측면직각충돌,교차로운행방법위반,건조,흐림,교차로 - 교차로안,승용,남,31세,상해없음,화물,남,66세,중상
2016091000100164,2016년 9월 10일 09시,토요일,경상북도 군위군 군위읍,중상사고,0,2,1,0,차대차 - 측면충돌,기타,건조,흐림,단일로 - 기타,화물,남,56세,상해없음,승용,남,67세,경상
2016091000100165,2016년 9월 10일 09시,토요일,경상북도 구미시 봉곡동,경상사고,0,0,1,0,차대차 - 기타,신호위반,건조,맑음,교차로 - 교차로안,승용,여,55세,상해없음,화물,남,54세,경상
2016091000100203,2016년 9월 10일 10시,토요일,경상북도 문경시 영신동,경상사고,0,0,1,0,차대차 - 정면충돌,직진우회전진행방해,건조,흐림,교차로 - 교차로안,승용,여,35세,상해없음,승용,남,39세,경상
2016091000100234,2016년 9월 10일 11시,토요일,경상북도 포항시 북구 동빈1가,중상사고,0,1,0,0,차대차 - 측면충돌,안전운전불이행,습기,비,교차로 - 교차로안,승용,남,60세,상해없음,승합,남,51세,중상
2016091000100272,2016년 9월 10일 12시,토요일,경상북도 안동시 서후면,중상사고,0,2,2,0,차대차 - 정면충돌,안전운전불이행,건조,맑음,단일로 - 기타,화물,남,55세,상해없음,승용,남,24세,중상
2016091000100273,2016년 9월 10일 12시,토요일,경상북도 김천시 평화동,중상사고,0,1,0,0,차대차 - 측면충돌,안전운전불이행,건조,맑음,교차로 - 교차로안,승용,남,59세,상해없음,자전거,남,78세,중상
2016091000100274,2016년 9월 10일 12시,토요일,경상북도 의성군 단촌면,경상사고,0,0,1,0,차대사람 - 차도통행중,안전운전불이행,건조,맑음,단일로 - 기타,승용,남,47세,상해없음,보행자,여,73세,경상
2016091000100308,2016년 9월 10일 13시,토요일,경상북도 경주시 배반동,경상사고,0,0,2,0,차대차 - 기타,안전거리미확보,습기,비,교차로 - 교차로안,승용,남,25세,상해없음,승용,남,35세,경상
2016091000100309,2016년 9월 10일 13시,토요일,경상북도 포항시 남구 구룡포읍,경상사고,0,0,1,0,차대사람 - 횡단중,안전운전불이행,습기,비,단일로 - 기타,승용,남,35세,상해없음,보행자,남,79세,경상
2016091000100340,2016년 9월 10일 14시,토요일,경상북도 경주시 황성동,경상사고,0,0,1,0,차대차 - 추돌,안전운전불이행,습기,비,교차로 - 교차로부근,화물,남,58세,상해없음,이륜,남,73세,경상
2016091000100341,2016년 9월 10일 14시,토요일,경상북도 칠곡군 약목면,중상사고,0,1,0,0,차대차 - 정면충돌,중앙선침범,건조,맑음,단일로 - 기타,승용,남,65세,상해없음,승용,여,40세,중상
2016091000100378,2016년 9월 10일 15시,토요일,경상북도 구미시 인의동,경상사고,0,0,1,0,차대차 - 기타,안전운전불이행,건조,맑음,교차로 - 교차로부근,승용,남,43세,상해없음,이륜,남,48세,경상
2016091000100379,2016년 9월 10일 15시,토요일,경상북도 포항시 남구 대송면,중상사고,0,2,0,0,차대차 - 측면직각충돌,기타,습기,비,교차로 - 교차로안,승용,남,43세,중상,화물,남,49세,중상
2016091000100463,2016년 9월 10일 17시,토요일,경상북도 경주시 현곡면,경상사고,0,0,1,0,차대차 - 추돌,안전운전불이행,건조,맑음,단일로 - 기타,승용,남,60세,상해없음,승용,남,31세,경상
2016091000100464,2016년 9월 10일 17시,토요일,경상북도 포항시 북구 학잠동,경상사고,0,0,1,0,차대사람 - 기타,안전운전불이행,건조,맑음,단일로 - 기타,승용,남,65세,상해없음,보행자,여,55세,경상
2016091000100465,2016년 9월 10일 17시,토요일,경상북도 포항시 남구 오천읍,경상사고,0,0,2,0,차대차 - 추돌,안전운전불이행,습기,비,교차로 - 교차로부근,화물,남,58세,상해없음,승용,남,37세,경상
2016091000100537,2016년 9월 10일 19시,토요일,경상북도 영주시 상망동,부상신고사고,0,0,0,1,차량단독 - 전도전복,안전운전불이행,건조,맑음,단일로 - 기타,원동기,남,82세,부상신고,,,,
2016091000100538,2016년 9월 10일 19시,토요일,경상북도 구미시 형곡동,중상사고,0,1,0,0,차대차 - 기타,교차로운행방법위반,습기,비,교차로 - 교차로안,승용,남,30세,상해없음,이륜,남,64세,중상
2016091000100539,2016년 9월 10일 19시,토요일,경상북도 구미시 원평동,경상사고,0,0,2,0,차대차 - 기타,안전운전불이행,습기,비,교차로 - 교차로부근,승용,남,33세,상해없음,승용,남,63세,경상
2016091000100574,2016년 9월 10일 20시,토요일,경상북도 경산시 하양읍,경상사고,0,0,2,0,차대차 - 측면직각충돌,안전운전불이행,건조,맑음,교차로 - 교차로안,화물,남,48세,상해없음,승용,남,34세,경상
2016091000100605,2016년 9월 10일 21시,토요일,경상북도 포항시 남구 대잠동,경상사고,0,0,1,0,차대차 - 측면직각충돌,신호위반,습기,맑음,교차로 - 교차로안,원동기,남,19세,상해없음,승용,여,47세,경상
2016091000100633,2016년 9월 10일 22시,토요일,경상북도 포항시 북구 죽도동,경상사고,0,0,1,0,차대차 - 측면충돌,차로위반,건조,맑음,단일로 - 기타,승용,여,24세,상해없음,승용,남,41세,경상
2016091000100634,2016년 9월 10일 22시,토요일,경상북도 구미시 임은동,중상사고,0,1,0,0,차대사람 - 횡단중,과속,습기,비,단일로 - 기타,승용,남,37세,상해없음,보행자,여,21세,중상
2016091000100635,2016년 9월 10일 22시,토요일,경상북도 구미시 원평동,경상사고,0,0,1,0,차대차 - 추돌,안전운전불이행,습기,비,단일로 - 기타,승용,남,55세,상해없음,승용,남,29세,경상
2016091000100675,2016년 9월 10일 23시,토요일,경상북도 안동시 송현동,경상사고,0,0,1,0,차대차 - 정면충돌,안전거리미확보,건조,맑음,단일로 - 기타,승용,여,63세,상해없음,승용,여,55세,경상
2016091100100040,2016년 9월 11일 02시,일요일,경상북도 포항시 북구 죽도동,중상사고,0,1,0,0,차대사람 - 횡단중,안전운전불이행,건조,맑음,단일로 - 기타,승용,남,58세,상해없음,보행자,여,14세,중상
2016091100100053,2016년 9월 11일 03시,일요일,경상북도 영주시 휴천동,중상사고,0,1,0,0,차대차 - 측면충돌,교차로운행방법위반,건조,맑음,교차로 - 교차로안,승용,남,21세,상해없음,원동기,남,21세,중상
2016091100100082,2016년 9월 11일 06시,일요일,경상북도 포항시 남구 오천읍,경상사고,0,0,2,0,차대차 - 측면충돌,안전운전불이행,건조,맑음,단일로 - 기타,승용,남,66세,경상,승용,남,39세,경상
2016091100100099,2016년 9월 11일 07시,일요일,경상북도 문경시 모전동,경상사고,0,0,3,0,차대차 - 기타,신호위반,건조,맑음,교차로 - 교차로안,승용,남,64세,상해없음,승용,남,57세,경상
2016091100100111,2016년 9월 11일 08시,일요일,경상북도 상주시 함창읍,경상사고,0,0,1,0,차대차 - 측면직각충돌,안전운전불이행,건조,맑음,교차로 - 교차로안,화물,남,40세,상해없음,승용,여,26세,경상
2016091100100112,2016년 9월 11일 08시,일요일,경상북도 경산시 하양읍,중상사고,0,1,0,0,차대사람 - 횡단중,신호위반,건조,맑음,단일로 - 횡단보도상,승용,남,24세,상해없음,보행자,여,68세,중상
2016091100100135,2016년 9월 11일 09시,일요일,경상북도 경주시 서면,경상사고,0,0,1,0,차대차 - 측면충돌,중앙선침범,건조,맑음,단일로 - 기타,승용,남,66세,상해없음,승용,여,42세,경상
2016091100100136,2016년 9월 11일 09시,일요일,경상북도 안동시 일직면,중상사고,0,1,0,0,차량단독 - 기타,기타,건조,맑음,단일로 - 기타,승용,남,59세,중상,,,,
2016091100100137,2016년 9월 11일 09시,일요일,경상북도 영주시 영주동,중상사고,0,1,0,0,차대차 - 측면충돌,안전운전불이행,건조,맑음,교차로 - 교차로안,승용,남,55세,상해없음,자전거,남,74세,중상
2016091100100138,2016년 9월 11일 09시,일요일,경상북도 칠곡군 가산면,중상사고,0,1,0,0,차량단독 - 전도전복,안전운전불이행,건조,맑음,단일로 - 기타,승용,남,43세,중상,,,,
2016091100100139,2016년 9월 11일 09시,일요일,경상북도 문경시 모전동,경상사고,0,0,2,0,차대차 - 정면충돌,안전운전불이행,건조,맑음,교차로 - 교차로안,승용,남,47세,상해없음,승용,여,53세,경상
2016091100100161,2016년 9월 11일 10시,일요일,경상북도 경주시 안강읍,경상사고,0,0,1,0,차대사람 - 횡단중,안전운전불이행,건조,맑음,교차로 - 교차로안,승용,남,35세,상해없음,보행자,여,75세,경상
2016091100100180,2016년 9월 11일 11시,일요일,경상북도 안동시 용상동,경상사고,0,0,1,0,차대사람 - 기타,안전운전불이행,건조,맑음,단일로 - 기타,기타불명,기타불명,기타불명,기타불명,보행자,여,64세,경상
2016091100100203,2016년 9월 11일 12시,일요일,경상북도 상주시 화남면,사망사고,1,0,0,0,차대차 - 정면충돌,안전운전불이행,건조,맑음,단일로 - 기타,화물,남,53세,상해없음,이륜,남,23세,사망
2016091100100204,2016년 9월 11일 12시,일요일,경상북도 경산시 하양읍,경상사고,0,0,1,0,차대차 - 측면충돌,중앙선침범,건조,맑음,단일로 - 기타,승용,여,53세,상해없음,승합,남,47세,경상
2016091100100205,2016년 9월 11일 12시,일요일,경상북도 경산시 중방동,중상사고,0,1,0,0,차대사람 - 기타,기타,건조,맑음,단일로 - 기타,승합,남,40세,상해없음,보행자,여,71세,중상
2016091100100228,2016년 9월 11일 13시,일요일,경상북도 경산시 계양동,경상사고,0,0,2,0,차대차 - 정면충돌,교차로운행방법위반,건조,맑음,교차로 - 교차로안,승용,남,50세,상해없음,승용,남,36세,상해없음
2016091100100254,2016년 9월 11일 14시,일요일,경상북도 포항시 북구 장성동,부상신고사고,0,0,0,1,차대차 - 측면충돌,신호위반,건조,맑음,교차로 - 교차로안,승용,남,44세,상해없음,이륜,남,23세,부상신고
2016091100100255,2016년 9월 11일 14시,일요일,경상북도 포항시 북구 죽도동,경상사고,0,0,2,0,차대차 - 추돌,안전운전불이행,건조,맑음,교차로 - 교차로부근,승용,여,58세,상해없음,승용,남,53세,상해없음
2016091100100256,2016년 9월 11일 14시,일요일,경상북도 청도군 운문면,중상사고,0,1,0,0,차대차 - 기타,안전운전불이행,건조,맑음,단일로 - 기타,이륜,남,35세,중상,승용,남,64세,상해없음
2016091100100283,2016년 9월 11일 15시,일요일,경상북도 칠곡군 왜관읍,부상신고사고,0,0,0,1,차대차 - 측면충돌,직진우회전진행방해,건조,맑음,교차로 - 교차로안,승용,여,47세,상해없음,이륜,남,17세,부상신고
2016091100100284,2016년 9월 11일 15시,일요일,경상북도 영천시 화남면,경상사고,0,0,1,0,차대차 - 측면충돌,안전운전불이행,건조,맑음,교차로 - 교차로안,자전거,여,7세,경상,승용,남,29세,상해없음
2016091100100285,2016년 9월 11일 15시,일요일,경상북도 영천시 자양면,경상사고,0,0,1,0,차대사람 - 길가장자리구역통행중,기타,건조,맑음,단일로 - 기타,기타불명,기타불명,기타불명,기타불명,보행자,남,60세,경상
2016091100100286,2016년 9월 11일 15시,일요일,경상북도 경산시 하양읍,부상신고사고,0,0,0,1,차대차 - 측면직각충돌,안전운전불이행,건조,맑음,교차로 - 교차로부근,승용,여,35세,부상신고,승용,남,52세,상해없음
2016091100100287,2016년 9월 11일 15시,일요일,경상북도 구미시 원평동,경상사고,0,0,1,0,차대차 - 측면충돌,안전운전불이행,건조,맑음,교차로 - 교차로부근,승용,여,61세,상해없음,승용,남,52세,경상
2016091100100308,2016년 9월 11일 16시,일요일,경상북도 영양군 영양읍,경상사고,0,0,1,0,차대차 - 기타,직진우회전진행방해,건조,맑음,교차로 - 교차로안,승용,여,71세,상해없음,자전거,남,75세,경상
2016091100100309,2016년 9월 11일 16시,일요일,경상북도 구미시 송정동,중상사고,0,1,0,0,차대차 - 추돌,안전운전불이행,습기,흐림,교차로 - 교차로부근,승용,남,53세,상해없음,승용,여,60세,중상
2016091100100331,2016년 9월 11일 17시,일요일,경상북도 안동시 남문동,경상사고,0,0,1,0,차대사람 - 횡단중,안전운전불이행,건조,맑음,단일로 - 기타,승용,여,53세,상해없음,보행자,남,58세,경상
2016091100100332,2016년 9월 11일 17시,일요일,경상북도 구미시 광평동,경상사고,0,0,5,0,차대차 - 추돌,안전거리미확보,건조,맑음,단일로 - 기타,승용,남,52세,상해없음,승용,남,39세,경상
2016091100100361,2016년 9월 11일 18시,일요일,경상북도 포항시 북구 동빈1가,경상사고,0,0,1,0,차대차 - 측면충돌,안전운전불이행,건조,맑음,교차로 - 교차로안,승용,남,57세,상해없음,자전거,남,53세,경상
2016091100100362,2016년 9월 11일 18시,일요일,경상북도 포항시 남구 오천읍,경상사고,0,0,1,0,차대차 - 측면충돌,불법유턴,건조,맑음,교차로 - 교차로부근,승용,남,34세,상해없음,이륜,남,39세,경상
2016091100100390,2016년 9월 11일 19시,일요일,경상북도 김천시 부곡동,경상사고,0,0,1,0,차대차 - 측면충돌,신호위반,건조,맑음,교차로 - 교차로부근,이륜,남,42세,경상,승용,남,38세,상해없음
2016091100100453,2016년 9월 11일 21시,일요일,경상북도 구미시 상모동,경상사고,0,0,1,0,차대차 - 측면충돌,안전운전불이행,습기,비,교차로 - 교차로안,승용,남,45세,상해없음,승용,여,42세,경상
2016091100100470,2016년 9월 11일 22시,일요일,경상북도 구미시 인의동,경상사고,0,0,1,0,차대차 - 측면충돌,신호위반,건조,맑음,교차로 - 교차로부근,승용,여,48세,상해없음,이륜,남,20세,경상
2016091100100484,2016년 9월 11일 23시,일요일,경상북도 경산시 중산동,경상사고,0,0,2,0,차대차 - 기타,안전운전불이행,건조,맑음,교차로 - 교차로부근,승용,남,39세,상해없음,승용,남,48세,경상
2016091200100016,2016년 9월 12일 01시,월요일,경상북도 영주시 장수면,중상사고,0,1,0,0,차대차 - 추돌,안전운전불이행,건조,맑음,단일로 - 기타,승용,남,54세,상해없음,화물,남,51세,중상
2016091200100061,2016년 9월 12일 05시,월요일,경상북도 김천시 교동,경상사고,0,0,1,0,차대차 - 측면충돌,안전운전불이행,습기,비,단일로 - 기타,화물,남,43세,상해없음,승용,남,26세,경상
2016091200100062,2016년 9월 12일 05시,월요일,경상북도 예천군 예천읍,중상사고,0,2,0,0,차대차 - 측면충돌,교차로운행방법위반,습기,비,교차로 - 교차로안,승용,여,38세,중상,승용,여,58세,중상
2016091200100103,2016년 9월 12일 07시,월요일,경상북도 칠곡군 지천면,중상사고,0,1,1,0,차대차 - 정면충돌,교차로운행방법위반,습기,비,교차로 - 교차로안,승용,여,61세,경상,화물,남,39세,중상
2016091200100126,2016년 9월 12일 08시,월요일,경상북도 포항시 북구 죽도동,경상사고,0,0,1,1,차대차 - 정면충돌,교차로운행방법위반,습기,비,교차로 - 교차로부근,승용,여,62세,경상,승용,남,46세,부상신고
2016091200100127,2016년 9월 12일 08시,월요일,경상북도 상주시 사벌면,중상사고,0,2,0,0,차대차 - 기타,안전거리미확보,습기,비,단일로 - 기타,화물,남,53세,상해없음,이륜,남,74세,중상
2016091200100128,2016년 9월 12일 08시,월요일,경상북도 영천시 고경면,중상사고,0,1,0,0,차량단독 - 전도전복,안전운전불이행,습기,비,단일로 - 기타,승용,여,53세,중상,,,,
2016091200100129,2016년 9월 12일 08시,월요일,경상북도 영덕군 병곡면,경상사고,0,0,1,0,차대차 - 측면직각충돌,교차로운행방법위반,습기,비,교차로 - 교차로안,승용,남,50세,상해없음,승용,여,57세,경상
2016091200100130,2016년 9월 12일 08시,월요일,경상북도 포항시 남구 오천읍,경상사고,0,0,2,0,차대차 - 측면직각충돌,안전운전불이행,습기,비,단일로 - 기타,승용,남,60세,상해없음,승용,여,36세,경상
2016091200100165,2016년 9월 12일 09시,월요일,경상북도 경주시 산내면,중상사고,0,1,2,0,차대차 - 측면충돌,중앙선침범,습기,비,단일로 - 기타,승용,남,42세,상해없음,화물,남,65세,경상
2016091200100166,2016년 9월 12일 09시,월요일,경상북도 경주시 충효동,경상사고,0,0,1,0,차량단독 - 기타,안전운전불이행,습기,비,단일로 - 기타,승합,남,48세,상해없음,,,,
2016091200100167,2016년 9월 12일 09시,월요일,경상북도 영천시 화남면,중상사고,0,3,14,0,차대차 - 정면충돌,안전운전불이행,습기,흐림,단일로 - 기타,승용,여,43세,경상,승합,남,55세,경상
2016091200100168,2016년 9월 12일 09시,월요일,경상북도 포항시 남구 일월동,경상사고,0,0,5,0,차대차 - 추돌,안전거리미확보,습기,비,단일로 - 기타,화물,남,59세,상해없음,승용,남,37세,경상
2016091200100202,2016년 9월 12일 10시,월요일,경상북도 경주시 황성동,경상사고,0,0,1,0,차대차 - 측면충돌,안전운전불이행,습기,비,단일로 - 기타,화물,남,24세,상해없음,승용,여,56세,경상
2016091200100203,2016년 9월 12일 10시,월요일,경상북도 포항시 북구 흥해읍,중상사고,0,1,0,0,차대사람 - 기타,안전운전불이행,습기,비,교차로 - 교차로안,승용,여,60세,상해없음,보행자,여,62세,중상
2016091200100204,2016년 9월 12일 10시,월요일,경상북도 포항시 북구 송라면,경상사고,0,0,3,0,차대차 - 정면충돌,안전거리미확보,습기,비,교차로 - 교차로부근,승합,남,58세,상해없음,화물,남,44세,경상
2016091200100205,2016년 9월 12일 10시,월요일,경상북도 영주시 영주동,경상사고,0,0,1,0,차대사람 - 횡단중,보행자보호의무위반,건조,맑음,교차로 - 교차로부근,승용,여,69세,상해없음,보행자,남,70세,경상
2016091200100206,2016년 9월 12일 10시,월요일,경상북도 칠곡군 동명면,경상사고,0,0,2,0,차대차 - 추돌,안전운전불이행,습기,비,교차로 - 교차로부근,화물,남,53세,상해없음,승용,여,43세,경상
2016091200100207,2016년 9월 12일 10시,월요일,경상북도 영천시 문외동,중상사고,0,1,1,0,차대차 - 측면직각충돌,직진우회전진행방해,습기,비,교차로 - 교차로안,화물,남,44세,상해없음,화물,남,65세,경상
2016091200100208,2016년 9월 12일 10시,월요일,경상북도 봉화군 봉화읍,중상사고,0,2,1,0,차대차 - 측면직각충돌,교차로운행방법위반,건조,맑음,교차로 - 교차로안,승용,여,55세,경상,승용,여,52세,중상
2016091200100209,2016년 9월 12일 10시,월요일,경상북도 군위군 부계면,중상사고,0,1,2,0,차대차 - 측면직각충돌,교차로운행방법위반,습기,비,교차로 - 교차로안,승용,남,32세,경상,승용,남,54세,중상
2016091200100250,2016년 9월 12일 11시,월요일,경상북도 상주시 남성동,경상사고,0,0,1,0,차대차 - 측면충돌,교차로운행방법위반,건조,맑음,교차로 - 교차로안,승용,여,67세,상해없음,승용,여,32세,경상
2016091200100251,2016년 9월 12일 11시,월요일,경상북도 경산시 진량읍,중상사고,0,1,0,0,차대차 - 정면충돌,교차로운행방법위반,습기,비,교차로 - 교차로안,승용,남,43세,상해없음,승용,남,53세,중상
2016091200100285,2016년 9월 12일 12시,월요일,경상북도 경주시 충효동,사망사고,2,1,0,0,차대차 - 기타,중앙선침범,습기,비,교차로 - 교차로부근,승용,남,80세,사망,화물,남,47세,중상
2016091200100286,2016년 9월 12일 12시,월요일,경상북도 포항시 북구 청하면,경상사고,0,0,4,0,차대차 - 정면충돌,직진우회전진행방해,건조,맑음,교차로 - 교차로안,승합,남,69세,상해없음,승용,남,55세,경상
2016091200100287,2016년 9월 12일 12시,월요일,경상북도 김천시 농소면,경상사고,0,0,1,0,차량단독 - 전도전복,안전운전불이행,건조,맑음,단일로 - 기타,승용,남,43세,경상,,,,
2016091200100288,2016년 9월 12일 12시,월요일,경상북도 상주시 서성동,경상사고,0,0,2,0,차대차 - 기타,안전운전불이행,건조,맑음,단일로 - 기타,이륜,남,69세,경상,자전거,남,68세,경상
2016091200100289,2016년 9월 12일 12시,월요일,경상북도 포항시 남구 해도동,경상사고,0,0,2,0,차대차 - 추돌,안전거리미확보,습기,비,단일로 - 기타,승용,남,66세,상해없음,승용,남,49세,경상
2016091200100314,2016년 9월 12일 13시,월요일,경상북도 포항시 북구 죽도동,경상사고,0,0,1,0,차대차 - 측면충돌,교차로운행방법위반,건조,맑음,교차로 - 교차로안,승용,남,24세,상해없음,승용,남,28세,경상
2016091200100315,2016년 9월 12일 13시,월요일,경상북도 문경시 가은읍,중상사고,0,1,0,0,차대차 - 추돌,안전운전불이행,건조,맑음,단일로 - 기타,화물,남,63세,상해없음,이륜,남,77세,중상
2016091200100316,2016년 9월 12일 13시,월요일,경상북도 경산시 평산동,중상사고,0,1,0,0,차대차 - 정면충돌,신호위반,건조,맑음,교차로 - 교차로안,화물,남,78세,상해없음,화물,남,40세,중상
2016091200100317,2016년 9월 12일 13시,월요일,경상북도 예천군 예천읍,경상사고,0,0,1,0,차대차 - 추돌,안전운전불이행,건조,맑음,교차로 - 교차로안,승용,여,39세,상해없음,승용,여,46세,경상
2016091200100318,2016년 9월 12일 13시,월요일,경상북도 구미시 사곡동,경상사고,0,0,1,0,차대차 - 측면충돌,안전운전불이행,건조,맑음,교차로 - 교차로안,승용,여,42세,상해없음,이륜,남,29세,경상
2016091200100366,2016년 9월 12일 14시,월요일,경상북도 안동시 용상동,경상사고,0,0,1,0,차대차 - 측면직각충돌,안전운전불이행,건조,맑음,교차로 - 교차로안,건설기계,남,23세,상해없음,화물,남,38세,경상