사고번호,사고일시,요일,시군구,사고내용,사망자수,중상자수,경상자수,부상신고자수,사고유형,법규위반,노면상태,기상상태,도로형태,가해운전자 차종,가해운전자 성별,가해운전자 연령,가해운전자 상해정도,피해운전자 차종,피해운전자 성별,피해운전자 연령,피해운전자 상해정도
2016091800100387,2016년 9월 18일 21시,일요일,경상북도 구미시 해평면,중상사고,0,1,0,1,차대차 - 정면충돌,중앙선침범,건조,맑음,단일로 - 기타,승용,남,60세,부상신고,화물,여,48세,중상
2016091800100405,2016년 9월 18일 22시,일요일,경상북도 포항시 북구 장성동,경상사고,0,0,1,0,차대사람 - 횡단중,보행자보호의무위반,건조,맑음,교차로 - 교차로안,승용,여,48세,상해없음,보행자,여,47세,경상
2016091800100416,2016년 9월 18일 23시,일요일,경상북도 포항시 남구 상도동,경상사고,0,0,1,0,차대차 - 기타,안전운전불이행,건조,맑음,교차로 - 교차로안,자전거,남,22세,경상,승용,남,32세,상해없음
2016091900100109,2016년 9월 19일 08시,월요일,경상북도 포항시 북구 대흥동,경상사고,0,0,1,0,차대차 - 측면충돌,신호위반,건조,맑음,교차로 - 교차로안,승용,여,20세,상해없음,원동기,남,25세,경상
2016091900100110,2016년 9월 19일 08시,월요일,경상북도 영천시 화룡동,중상사고,0,1,0,0,차대차 - 측면직각충돌,안전운전불이행,건조,맑음,단일로 - 기타,승용,남,42세,상해없음,원동기,남,30세,중상
2016091900100111,2016년 9월 19일 08시,월요일,경상북도 청송군 진보면,경상사고,0,0,1,0,차대차 - 측면직각충돌,교차로운행방법위반,건조,맑음,교차로 - 교차로안,원동기,남,84세,경상,승용,남,33세,상해없음
2016091900100112,2016년 9월 19일 08시,월요일,경상북도 포항시 남구 괴동동,경상사고,0,0,2,0,차대차 - 기타,불법유턴,건조,맑음,단일로 - 기타,승용,남,35세,경상,승용,남,32세,상해없음
2016091900100140,2016년 9월 19일 09시,월요일,경상북도 영천시 청통면,중상사고,0,4,0,0,차대차 - 정면충돌,중앙선침범,건조,맑음,단일로 - 기타,승용,여,52세,중상,화물,남,54세,중상
2016091900100176,2016년 9월 19일 10시,월요일,경상북도 상주시 남성동,중상사고,0,1,0,0,차대차 - 측면직각충돌,안전운전불이행,건조,맑음,단일로 - 기타,화물,남,77세,상해없음,이륜,남,81세,중상
2016091900100177,2016년 9월 19일 10시,월요일,경상북도 경산시 남산면,중상사고,0,1,0,0,차대차 - 측면직각충돌,교차로운행방법위반,건조,맑음,교차로 - 교차로안,화물,남,59세,상해없음,이륜,남,51세,중상
2016091900100207,2016년 9월 19일 11시,월요일,경상북도 경주시 내남면,중상사고,0,1,0,0,차량단독 - 전도전복,안전운전불이행,건조,맑음,단일로 - 기타,농기계,남,80세,중상,,,,
2016091900100208,2016년 9월 19일 11시,월요일,경상북도 포항시 북구 장성동,경상사고,0,0,1,0,차대차 - 정면충돌,안전운전불이행,건조,맑음,교차로 - 교차로부근,승용,남,61세,상해없음,승용,여,50세,경상
2016091900100232,2016년 9월 19일 12시,월요일,경상북도 포항시 남구 대도동,중상사고,0,1,1,0,차대사람 - 기타,안전운전불이행,건조,맑음,단일로 - 횡단보도상,자전거,남,75세,경상,보행자,여,78세,중상
2016091900100264,2016년 9월 19일 13시,월요일,경상북도 경주시 강동면,중상사고,0,1,3,0,차량단독 - 전도전복,안전운전불이행,습기,비,단일로 - 터널,승용,여,18세,경상,,,,
2016091900100265,2016년 9월 19일 13시,월요일,경상북도 포항시 남구 대송면,중상사고,0,1,0,0,차대사람 - 횡단중,안전운전불이행,건조,맑음,단일로 - 기타,화물,남,53세,상해없음,보행자,여,60세,중상
2016091900100287,2016년 9월 19일 14시,월요일,경상북도 영주시 휴천동,중상사고,0,1,0,0,차대사람 - 횡단중,안전운전불이행,건조,맑음,교차로 - 교차로안,승용,여,48세,상해없음,보행자,여,72세,중상
2016091900100338,2016년 9월 19일 16시,월요일,경상북도 포항시 북구 용흥동,중상사고,0,1,0,0,차대사람 - 기타,안전운전불이행,건조,맑음,단일로 - 기타,승용,남,54세,상해없음,보행자,여,80세,중상
2016091900100381,2016년 9월 19일 17시,월요일,경상북도 안동시 수상동,경상사고,0,0,3,0,차대차 - 추돌,안전운전불이행,건조,맑음,단일로 - 교량,화물,남,44세,상해없음,승용,남,23세,경상
2016091900100382,2016년 9월 19일 17시,월요일,경상북도 문경시 모전동,경상사고,0,0,1,0,차대차 - 기타,직진우회전진행방해,건조,맑음,교차로 - 교차로안,승합,남,61세,상해없음,승용,남,61세,상해없음
2016091900100383,2016년 9월 19일 17시,월요일,경상북도 구미시 부곡동,경상사고,0,0,8,0,차대차 - 추돌,안전운전불이행,건조,맑음,단일로 - 기타,승용,남,45세,경상,승용,여,21세,경상
2016091900100417,2016년 9월 19일 18시,월요일,경상북도 경산시 자인면,중상사고,0,1,1,0,차대차 - 측면충돌,신호위반,건조,맑음,교차로 - 교차로안,승용,남,51세,상해없음,승용,여,43세,경상
2016091900100467,2016년 9월 19일 19시,월요일,경상북도 경주시 노서동,경상사고,0,0,1,0,차대차 - 정면충돌,신호위반,건조,맑음,교차로 - 교차로안,승용,남,38세,상해없음,승용,남,18세,경상
2016091900100468,2016년 9월 19일 19시,월요일,경상북도 포항시 남구 대송면,경상사고,0,0,1,0,차대사람 - 기타,안전운전불이행,건조,맑음,단일로 - 기타,승용,여,61세,상해없음,보행자,남,56세,경상
2016091900100501,2016년 9월 19일 20시,월요일,경상북도 경주시 안강읍,경상사고,0,0,2,1,차대차 - 정면충돌,중앙선침범,건조,맑음,단일로 - 기타,화물,남,59세,상해없음,승합,남,49세,경상
2016091900100502,2016년 9월 19일 20시,월요일,경상북도 칠곡군 기산면,중상사고,0,1,0,0,차대차 - 측면충돌,안전운전불이행,건조,맑음,교차로 - 교차로안,승용,남,29세,상해없음,이륜,남,19세,중상
2016091900100503,2016년 9월 19일 20시,월요일,경상북도 성주군 선남면,사망사고,1,0,0,0,차대차 - 추돌,과속,건조,맑음,기타 - 기타,승용,남,38세,상해없음,농기계,남,61세,사망
2016091900100521,2016년 9월 19일 21시,월요일,경상북도 경주시 외동읍,경상사고,0,0,1,0,차대차 - 기타,안전운전불이행,건조,맑음,단일로 - 기타,승합,남,25세,상해없음,승용,남,35세,경상
2016091900100522,2016년 9월 19일 21시,월요일,경상북도 포항시 북구 상원동,경상사고,0,0,2,0,차대차 - 추돌,안전운전불이행,건조,맑음,단일로 - 기타,승용,남,50세,상해없음,승용,남,31세,경상
2016091900100545,2016년 9월 19일 22시,월요일,경상북도 경산시 사정동,경상사고,0,0,1,0,차대차 - 추돌,안전운전불이행,건조,맑음,단일로 - 기타,승용,남,48세,상해없음,승용,남,54세,경상
2016091900100546,2016년 9월 19일 22시,월요일,경상북도 포항시 남구 이동,중상사고,0,1,0,0,차대사람 - 횡단중,안전운전불이행,건조,맑음,교차로 - 교차로안,승용,남,34세,상해없음,보행자,남,37세,중상
2016091900100563,2016년 9월 19일 23시,월요일,경상북도 영주시 조암동,경상사고,0,0,1,0,차대차 - 측면충돌,안전운전불이행,건조,맑음,단일로 - 기타,자전거,남,51세,경상,화물,남,54세,기타불명
2016092000100008,2016년 9월 20일 00시,화요일,경상북도 포항시 북구 장성동,중상사고,0,1,0,0,차대차 - 기타,중앙선침범,건조,맑음,단일로 - 기타,승용,남,58세,상해없음,승용,남,56세,상해없음
2016092000100039,2016년 9월 20일 04시,화요일,경상북도 영천시 문외동,부상신고사고,0,0,0,2,차대차 - 정면충돌,신호위반,건조,맑음,교차로 - 교차로안,승용,남,29세,상해없음,승용,남,46세,부상신고
2016092000100050,2016년 9월 20일 05시,화요일,경상북도 구미시 인의동,중상사고,0,1,0,0,차대차 - 정면충돌,중앙선침범,건조,맑음,단일로 - 기타,이륜,남,27세,중상,승용,남,53세,상해없음
2016092000100064,2016년 9월 20일 06시,화요일,경상북도 김천시 부곡동,경상사고,0,0,1,0,차대차 - 정면충돌,교차로운행방법위반,건조,맑음,교차로 - 교차로안,승용,남,35세,상해없음,이륜,남,38세,경상
2016092000100095,2016년 9월 20일 07시,화요일,경상북도 경주시 석장동,중상사고,0,1,3,0,차대차 - 기타,신호위반,건조,맑음,교차로 - 교차로안,승용,남,41세,경상,승용,남,73세,중상
2016092000100096,2016년 9월 20일 07시,화요일,경상북도 구미시 봉곡동,경상사고,0,0,1,0,차대차 - 측면충돌,안전거리미확보,기타,기타,교차로 - 교차로부근,승용,남,69세,상해없음,승용,여,55세,경상
2016092000100141,2016년 9월 20일 08시,화요일,경상북도 경산시 진량읍,중상사고,0,1,2,0,차대차 - 정면충돌,중앙선침범,건조,맑음,교차로 - 교차로부근,승용,남,49세,상해없음,승합,남,63세,경상
2016092000100142,2016년 9월 20일 08시,화요일,경상북도 포항시 남구 오천읍,경상사고,0,0,5,0,차대차 - 정면충돌,안전운전불이행,건조,맑음,교차로 - 교차로부근,승용,여,39세,경상,승용,여,46세,경상
2016092000100183,2016년 9월 20일 09시,화요일,경상북도 안동시 와룡면,사망사고,1,0,0,0,차량단독 - 전도전복,안전운전불이행,건조,맑음,단일로 - 기타,이륜,여,68세,사망,,,,
2016092000100184,2016년 9월 20일 09시,화요일,경상북도 칠곡군 왜관읍,경상사고,0,0,1,1,차대차 - 정면충돌,안전운전불이행,건조,맑음,단일로 - 기타,자전거,남,32세,부상신고,자전거,남,44세,경상
2016092000100185,2016년 9월 20일 09시,화요일,경상북도 경산시 자인면,중상사고,0,1,1,0,차대차 - 정면충돌,안전운전불이행,건조,맑음,단일로 - 기타,승용,남,67세,상해없음,이륜,남,19세,중상
2016092000100186,2016년 9월 20일 09시,화요일,경상북도 포항시 남구 지곡동,경상사고,0,0,1,0,차대사람 - 횡단중,안전운전불이행,건조,맑음,단일로 - 기타,승합,여,51세,상해없음,보행자,남,24세,경상
2016092000100221,2016년 9월 20일 10시,화요일,경상북도 칠곡군 가산면,경상사고,0,0,1,0,차대사람 - 기타,안전운전불이행,건조,맑음,단일로 - 기타,화물,남,54세,상해없음,보행자,남,54세,경상
2016092000100222,2016년 9월 20일 10시,화요일,경상북도 칠곡군 북삼읍,경상사고,0,0,1,0,차대차 - 측면직각충돌,안전운전불이행,건조,맑음,단일로 - 기타,화물,남,62세,상해없음,승용,여,54세,경상
2016092000100255,2016년 9월 20일 11시,화요일,경상북도 포항시 북구 항구동,중상사고,0,1,0,0,차대차 - 정면충돌,안전운전불이행,건조,맑음,단일로 - 기타,승용,여,49세,상해없음,자전거,여,74세,중상
2016092000100256,2016년 9월 20일 11시,화요일,경상북도 경산시 압량면,중상사고,0,1,0,0,차대차 - 정면충돌,중앙선침범,건조,맑음,단일로 - 기타,승용,여,58세,상해없음,이륜,남,80세,중상
2016092000100257,2016년 9월 20일 11시,화요일,경상북도 구미시 봉곡동,경상사고,0,0,2,0,차대차 - 측면충돌,신호위반,건조,맑음,교차로 - 교차로부근,승용,남,64세,상해없음,승용,남,38세,경상
2016092000100258,2016년 9월 20일 11시,화요일,경상북도 포항시 남구 해도동,중상사고,0,1,0,0,차대차 - 기타,안전운전불이행,건조,맑음,단일로 - 기타,자전거,남,79세,중상,화물,남,69세,상해없음
2016092000100277,2016년 9월 20일 12시,화요일,경상북도 포항시 북구 용흥동,경상사고,0,0,1,0,차대차 - 정면충돌,안전운전불이행,건조,맑음,기타 - 기타,승용,여,37세,상해없음,승용,남,68세,경상
2016092000100360,2016년 9월 20일 15시,화요일,경상북도 포항시 북구 죽도동,경상사고,0,0,1,0,차대사람 - 보도통행중,안전운전불이행,건조,맑음,교차로 - 교차로안,승용,남,26세,상해없음,보행자,여,58세,경상
2016092000100423,2016년 9월 20일 17시,화요일,경상북도 경주시 인왕동,경상사고,0,0,1,0,차대차 - 기타,안전운전불이행,건조,맑음,교차로 - 교차로부근,화물,남,60세,상해없음,승용,여,48세,경상
2016092000100424,2016년 9월 20일 17시,화요일,경상북도 안동시 안기동,경상사고,0,0,1,0,차대차 - 정면충돌,안전운전불이행,건조,맑음,교차로 - 교차로안,승용,남,34세,상해없음,자전거,남,71세,경상
2016092000100425,2016년 9월 20일 17시,화요일,경상북도 경산시 삼북동,경상사고,0,0,1,0,차대차 - 기타,신호위반,건조,맑음,교차로 - 교차로안,승용,여,56세,상해없음,자전거,남,15세,경상
2016092000100426,2016년 9월 20일 17시,화요일,경상북도 구미시 봉곡동,중상사고,0,1,0,0,차대차 - 기타,안전운전불이행,건조,맑음,단일로 - 기타,승용,남,50세,상해없음,원동기,남,29세,중상
2016092000100473,2016년 9월 20일 18시,화요일,경상북도 경주시 현곡면,경상사고,0,0,1,0,차대차 - 측면충돌,차로위반,건조,맑음,단일로 - 기타,승용,남,77세,상해없음,승용,여,48세,경상
2016092000100474,2016년 9월 20일 18시,화요일,경상북도 안동시 운흥동,중상사고,0,1,0,0,차대차 - 정면충돌,안전운전불이행,건조,맑음,단일로 - 기타,승용,여,65세,상해없음,자전거,남,70세,중상
2016092000100475,2016년 9월 20일 18시,화요일,경상북도 예천군 예천읍,중상사고,0,1,0,0,차대차 - 측면직각충돌,안전운전불이행,건조,맑음,단일로 - 기타,승용,남,44세,상해없음,자전거,남,28세,중상
2016092000100476,2016년 9월 20일 18시,화요일,경상북도 영양군 석보면,중상사고,0,2,0,0,차대차 - 정면충돌,안전운전불이행,건조,맑음,단일로 - 기타,화물,남,66세,중상,화물,남,72세,중상
2016092000100477,2016년 9월 20일 18시,화요일,경상북도 구미시 임수동,경상사고,0,0,1,0,차대차 - 측면충돌,교차로운행방법위반,건조,맑음,교차로 - 교차로부근,승용,남,36세,상해없음,승용,남,38세,경상
2016092000100525,2016년 9월 20일 19시,화요일,경상북도 김천시 아포읍,경상사고,0,0,1,0,차대차 - 추돌,안전운전불이행,건조,맑음,교차로 - 교차로부근,화물,남,60세,기타불명,승용,여,66세,경상
2016092000100526,2016년 9월 20일 19시,화요일,경상북도 구미시 송정동,경상사고,0,0,1,0,차대차 - 추돌,안전운전불이행,건조,맑음,교차로 - 교차로안,승용,남,47세,상해없음,승용,남,30세,경상
2016092000100556,2016년 9월 20일 20시,화요일,경상북도 안동시 정하동,경상사고,0,0,1,0,차대차 - 정면충돌,신호위반,건조,맑음,교차로 - 교차로안,화물,남,67세,상해없음,승용,여,52세,경상
2016092000100557,2016년 9월 20일 20시,화요일,경상북도 경산시 중방동,경상사고,0,0,5,0,차대차 - 추돌,안전거리미확보,건조,맑음,단일로 - 기타,승용,여,29세,기타불명,승용,남,29세,경상
2016092000100558,2016년 9월 20일 20시,화요일,경상북도 성주군 선남면,중상사고,0,1,0,0,차대사람 - 횡단중,안전운전불이행,건조,맑음,교차로 - 교차로부근,승용,여,28세,상해없음,보행자,남,50세,중상
2016092000100559,2016년 9월 20일 20시,화요일,경상북도 구미시 옥계동,경상사고,0,0,1,0,차대차 - 측면충돌,안전운전불이행,기타,기타,교차로 - 교차로안,승용,남,56세,상해없음,자전거,남,60세,경상
2016092000100584,2016년 9월 20일 21시,화요일,경상북도 김천시 신음동,중상사고,0,1,0,0,차량단독 - 전도전복,안전운전불이행,건조,맑음,단일로 - 기타,승용,남,59세,중상,,,,
2016092000100614,2016년 9월 20일 22시,화요일,경상북도 안동시 운흥동,부상신고사고,0,0,0,1,차대사람 - 횡단중,안전운전불이행,건조,맑음,단일로 - 기타,화물,남,55세,상해없음,보행자,남,49세,부상신고
2016092100100012,2016년 9월 21일 00시,수요일,경상북도 포항시 남구 해도동,경상사고,0,0,1,0,차대차 - 기타,신호위반,건조,맑음,교차로 - 교차로안,승용,남,57세,상해없음,승용,남,45세,경상
2016092100100024,2016년 9월 21일 01시,수요일,경상북도 안동시 당북동,경상사고,0,0,1,0,차대사람 - 기타,안전운전불이행,건조,맑음,단일로 - 기타,승용,남,42세,상해없음,보행자,남,47세,경상
2016092100100025,2016년 9월 21일 01시,수요일,경상북도 안동시 송현동,경상사고,0,0,1,0,차대차 - 정면충돌,안전거리미확보,건조,맑음,교차로 - 교차로부근,승용,남,67세,상해없음,승용,남,27세,경상
2016092100100034,2016년 9월 21일 02시,수요일,경상북도 포항시 북구 죽도동,경상사고,0,0,1,0,차대사람 - 기타,안전운전불이행,건조,맑음,단일로 - 기타,승용,남,65세,상해없음,보행자,남,24세,경상
2016092100100035,2016년 9월 21일 02시,수요일,경상북도 성주군 성주읍,중상사고,0,1,1,0,차량단독 - 공작물충돌,안전운전불이행,건조,맑음,단일로 - 기타,승용,남,43세,경상,,,,
2016092100100049,2016년 9월 21일 05시,수요일,경상북도 안동시 태화동,사망사고,1,1,0,0,차대사람 - 횡단중,보행자보호의무위반,건조,흐림,교차로 - 교차로안,승용,여,53세,상해없음,보행자,여,71세,중상
2016092100100050,2016년 9월 21일 05시,수요일,경상북도 김천시 지례면,중상사고,0,1,3,0,차대차 - 측면직각충돌,중앙선침범,습기,맑음,단일로 - 기타,승용,여,54세,상해없음,화물,남,57세,상해없음
2016092100100051,2016년 9월 21일 05시,수요일,경상북도 구미시 옥계동,부상신고사고,0,0,0,1,차대차 - 추돌,안전운전불이행,건조,맑음,교차로 - 교차로부근,승용,여,47세,부상신고,승합,남,61세,상해없음
2016092100100086,2016년 9월 21일 07시,수요일,경상북도 영천시 금호읍,경상사고,0,0,1,0,차대차 - 측면직각충돌,안전운전불이행,건조,맑음,교차로 - 교차로부근,원동기,남,17세,경상,화물,남,60세,상해없음
2016092100100121,2016년 9월 21일 08시,수요일,경상북도 구미시 선산읍,중상사고,0,1,0,0,차대차 - 측면직각충돌,교차로운행방법위반,건조,맑음,교차로 - 교차로안,승용,여,26세,상해없음,이륜,여,54세,중상
2016092100100153,2016년 9월 21일 09시,수요일,경상북도 김천시 모암동,경상사고,0,0,1,0,차대차 - 측면충돌,안전거리미확보,건조,맑음,단일로 - 기타,승용,남,61세,상해없음,승용,남,58세,상해없음
2016092100100154,2016년 9월 21일 09시,수요일,경상북도 영주시 조암동,경상사고,0,0,2,0,차대차 - 측면충돌,중앙선침범,건조,맑음,단일로 - 기타,승용,남,76세,상해없음,화물,남,60세,경상
2016092100100177,2016년 9월 21일 10시,수요일,경상북도 안동시 북후면,중상사고,0,1,0,0,차량단독 - 전도전복,안전운전불이행,건조,맑음,교차로 - 교차로부근,자전거,남,86세,중상,,,,
2016092100100178,2016년 9월 21일 10시,수요일,경상북도 의성군 안계면,중상사고,0,1,0,0,차대차 - 측면충돌,안전운전불이행,건조,맑음,교차로 - 교차로안,승용,남,51세,상해없음,화물,남,36세,상해없음
2016092100100179,2016년 9월 21일 10시,수요일,경상북도 군위군 군위읍,중상사고,0,1,0,0,차대사람 - 기타,안전운전불이행,건조,맑음,기타 - 기타,승용,남,23세,상해없음,보행자,여,71세,중상
2016092100100199,2016년 9월 21일 11시,수요일,경상북도 포항시 북구 우현동,중상사고,0,1,0,0,차대차 - 기타,안전운전불이행,건조,맑음,교차로 - 교차로부근,화물,남,60세,상해없음,이륜,남,53세,중상
2016092100100200,2016년 9월 21일 11시,수요일,경상북도 포항시 북구 청하면,경상사고,0,0,2,0,차대차 - 정면충돌,안전운전불이행,건조,맑음,단일로 - 기타,화물,남,55세,상해없음,승용,남,26세,경상
2016092100100201,2016년 9월 21일 11시,수요일,경상북도 상주시 무양동,중상사고,0,1,0,0,차대차 - 측면충돌,안전운전불이행,건조,맑음,단일로 - 기타,화물,남,32세,상해없음,자전거,여,85세,중상
2016092100100202,2016년 9월 21일 11시,수요일,경상북도 칠곡군 왜관읍,부상신고사고,0,0,0,1,차대차 - 측면직각충돌,안전거리미확보,건조,맑음,단일로 - 교량,이륜,남,81세,부상신고,화물,남,59세,상해없음
2016092100100203,2016년 9월 21일 11시,수요일,경상북도 구미시 공단동,중상사고,0,1,0,0,차대차 - 측면충돌,직진우회전진행방해,건조,맑음,교차로 - 교차로안,승용,남,39세,상해없음,이륜,남,25세,중상
2016092100100227,2016년 9월 21일 12시,수요일,경상북도 구미시 산동면,부상신고사고,0,0,0,1,차대차 - 추돌,안전운전불이행,건조,맑음,교차로 - 교차로안,자전거,남,31세,부상신고,승용,여,37세,상해없음
2016092100100248,2016년 9월 21일 13시,수요일,경상북도 김천시 성내동,중상사고,0,1,1,0,차대차 - 추돌,안전운전불이행,건조,맑음,단일로 - 기타,승용,남,31세,상해없음,승용,여,35세,경상
2016092100100249,2016년 9월 21일 13시,수요일,경상북도 청도군 청도읍,경상사고,0,0,1,0,차대사람 - 차도통행중,안전운전불이행,건조,맑음,기타 - 기타,승용,여,61세,상해없음,보행자,남,61세,경상
2016092100100250,2016년 9월 21일 13시,수요일,경상북도 영양군 수비면,중상사고,0,1,0,0,차대사람 - 횡단중,안전운전불이행,건조,맑음,단일로 - 기타,승용,남,65세,상해없음,보행자,여,76세,중상
2016092100100251,2016년 9월 21일 13시,수요일,경상북도 구미시 도량동,경상사고,0,0,1,0,차대차 - 추돌,안전운전불이행,건조,맑음,단일로 - 기타,승용,남,31세,상해없음,승용,여,34세,경상
2016092100100277,2016년 9월 21일 14시,수요일,경상북도 포항시 북구 송라면,경상사고,0,0,1,0,차대차 - 정면충돌,안전운전불이행,건조,맑음,교차로 - 교차로부근,승합,남,65세,상해없음,승용,남,33세,상해없음
2016092100100278,2016년 9월 21일 14시,수요일,경상북도 안동시 옥야동,경상사고,0,0,1,0,차대차 - 정면충돌,안전운전불이행,건조,맑음,교차로 - 교차로부근,화물,남,62세,상해없음,자전거,남,77세,경상
2016092100100279,2016년 9월 21일 14시,수요일,경상북도 문경시 마성면,경상사고,0,0,1,0,차대차 - 측면충돌,안전운전불이행,건조,맑음,단일로 - 기타,승용,남,71세,상해없음,화물,남,50세,상해없음
2016092100100310,2016년 9월 21일 15시,수요일,경상북도 경주시 건천읍,중상사고,0,1,2,1,차대차 - 측면충돌,안전운전불이행,건조,맑음,교차로 - 교차로안,승용,남,70세,부상신고,승용,남,58세,중상
2016092100100367,2016년 9월 21일 17시,수요일,경상북도 울진군 근남면,경상사고,0,0,1,0,차대사람 - 길가장자리구역통행중,안전운전불이행,건조,맑음,단일로 - 기타,승용,여,65세,상해없음,보행자,여,84세,경상
2016092100100398,2016년 9월 21일 18시,수요일,경상북도 예천군 은풍면,중상사고,0,2,0,0,차대차 - 측면직각충돌,안전운전불이행,건조,맑음,교차로 - 교차로안,화물,남,73세,중상,화물,여,33세,중상
2016092100100477,2016년 9월 21일 20시,수요일,경상북도 김천시 아포읍,경상사고,0,0,2,0,차대차 - 추돌,안전운전불이행,건조,맑음,단일로 - 기타,승합,남,24세,상해없음,승용,남,33세,경상
2016092100100478,2016년 9월 21일 20시,수요일,경상북도 상주시 성동동,경상사고,0,0,1,0,차대차 - 측면충돌,교차로운행방법위반,건조,맑음,교차로 - 교차로안,승용,남,45세,상해없음,자전거,남,17세,경상
2016092100100479,2016년 9월 21일 20시,수요일,경상북도 구미시 인의동,중상사고,0,1,0,0,차대차 - 측면충돌,신호위반,건조,맑음,교차로 - 교차로안,승용,남,46세,상해없음,이륜,남,24세,중상
2016092100100522,2016년 9월 21일 22시,수요일,경상북도 구미시 구평동,경상사고,0,0,1,0,차대차 - 측면충돌,안전운전불이행,건조,맑음,교차로 - 교차로안,이륜,남,44세,경상,승용,여,27세,상해없음
2016092100100523,2016년 9월 21일 22시,수요일,경상북도 구미시 고아읍,경상사고,0,0,2,0,차대차 - 측면충돌,안전운전불이행,건조,맑음,교차로 - 교차로부근,승용,남,58세,상해없음,승용,여,52세,경상
2016092100100524,2016년 9월 21일 22시,수요일,경상북도 구미시 송정동,중상사고,0,2,0,0,차대차 - 측면충돌,신호위반,건조,맑음,교차로 - 교차로안,승용,여,18세,상해없음,승용,남,58세,중상
2016092200100007,2016년 9월 22일 00시,목요일,경상북도 구미시 오태동,사망사고,1,1,2,0,차량단독 - 전도전복,안전운전불이행,건조,맑음,단일로 - 기타,승용,남,24세,경상,,,,
2016092200100047,2016년 9월 22일 05시,목요일,경상북도 영양군 영양읍,사망사고,1,0,0,0,차대사람 - 횡단중,안전운전불이행,건조,맑음,단일로 - 기타,승용,남,51세,상해없음,보행자,남,72세,사망
2016092200100056,2016년 9월 22일 06시,목요일,경상북도 경주시 서면,중상사고,0,1,0,0,차대차 - 추돌,안전운전불이행,건조,맑음,단일로 - 기타,승용,남,41세,상해없음,화물,남,72세,중상
2016092200100069,2016년 9월 22일 07시,목요일,경상북도 구미시 고아읍,중상사고,0,1,1,0,차대차 - 정면충돌,안전운전불이행,건조,맑음,단일로 - 기타,승용,여,48세,상해없음,이륜,남,72세,경상
2016092200100106,2016년 9월 22일 08시,목요일,경상북도 안동시 임하면,중상사고,0,2,1,0,차대차 - 정면충돌,직진우회전진행방해,건조,맑음,교차로 - 교차로안,승용,남,55세,경상,승용,남,77세,중상
2016092200100107,2016년 9월 22일 08시,목요일,경상북도 포항시 남구 대도동,경상사고,0,0,1,0,차대차 - 측면직각충돌,안전운전불이행,건조,흐림,단일로 - 기타,승용,여,49세,상해없음,원동기,남,31세,경상
2016092200100143,2016년 9월 22일 09시,목요일,경상북도 청송군 부남면,중상사고,0,1,0,0,차대차 - 기타,교차로운행방법위반,건조,맑음,교차로 - 교차로안,화물,남,54세,상해없음,승용,남,49세,중상
2016092200100144,2016년 9월 22일 09시,목요일,경상북도 포항시 남구 구룡포읍,경상사고,0,0,1,0,차대사람 - 길가장자리구역통행중,안전운전불이행,건조,흐림,단일로 - 기타,화물,남,52세,상해없음,보행자,여,74세,경상
2016092200100195,2016년 9월 22일 11시,목요일,경상북도 안동시 풍산읍,중상사고,0,2,0,0,차대차 - 정면충돌,안전운전불이행,건조,맑음,기타 - 기타,승용,남,61세,상해없음,농기계,남,77세,중상
2016092200100221,2016년 9월 22일 12시,목요일,경상북도 안동시 안흥동,경상사고,0,0,1,0,차대차 - 정면충돌,신호위반,건조,맑음,교차로 - 교차로안,승용,남,67세,상해없음,이륜,남,80세,경상
2016092200100238,2016년 9월 22일 13시,목요일,경상북도 김천시 농소면,부상신고사고,0,0,0,1,차대차 - 측면충돌,신호위반,건조,맑음,교차로 - 교차로안,승용,남,53세,상해없음,승합,남,26세,부상신고
2016092200100254,2016년 9월 22일 14시,목요일,경상북도 포항시 북구 죽장면,경상사고,0,0,3,0,차대차 - 정면충돌,안전거리미확보,건조,맑음,단일로 - 기타,화물,남,49세,상해없음,승용,남,68세,경상
2016092200100255,2016년 9월 22일 14시,목요일,경상북도 봉화군 봉화읍,경상사고,0,0,1,0,차대사람 - 횡단중,안전운전불이행,건조,맑음,교차로 - 교차로부근,승용,남,79세,상해없음,보행자,남,81세,경상
2016092200100256,2016년 9월 22일 14시,목요일,경상북도 포항시 남구 오천읍,중상사고,0,1,0,0,차량단독 - 전도전복,안전운전불이행,건조,맑음,단일로 - 기타,이륜,남,32세,중상,,,,
2016092200100287,2016년 9월 22일 15시,목요일,경상북도 경주시 건천읍,중상사고,0,1,4,0,차대차 - 정면충돌,안전운전불이행,건조,맑음,단일로 - 기타,승용,남,40세,경상,승용,남,51세,경상
2016092200100288,2016년 9월 22일 15시,목요일,경상북도 경산시 용성면,경상사고,0,0,1,0,차대사람 - 기타,안전운전불이행,건조,맑음,기타 - 기타,승용,남,73세,상해없음,보행자,남,37세,경상
2016092200100354,2016년 9월 22일 17시,목요일,경상북도 경산시 조영동,경상사고,0,0,1,0,차대사람 - 차도통행중,안전운전불이행,건조,맑음,단일로 - 기타,승용,여,49세,상해없음,보행자,여,19세,경상
2016092200100355,2016년 9월 22일 17시,목요일,경상북도 구미시 원평동,중상사고,0,1,0,0,차대차 - 기타,교차로운행방법위반,건조,맑음,교차로 - 교차로안,승용,여,51세,상해없음,자전거,남,54세,중상