사고번호,사고일시,요일,시군구,사고내용,사망자수,중상자수,경상자수,부상신고자수,사고유형,법규위반,노면상태,기상상태,도로형태,가해운전자 차종,가해운전자 성별,가해운전자 연령,가해운전자 상해정도,피해운전자 차종,피해운전자 성별,피해운전자 연령,피해운전자 상해정도
2016092200100356,2016년 9월 22일 17시,목요일,경상북도 포항시 남구 오천읍,중상사고,0,1,0,0,차대사람 - 횡단중,안전운전불이행,건조,맑음,단일로 - 기타,승용,남,38세,상해없음,보행자,남,10세,중상
2016092200100388,2016년 9월 22일 18시,목요일,경상북도 경주시 노서동,경상사고,0,0,1,0,차대차 - 측면충돌,안전운전불이행,건조,맑음,교차로 - 교차로안,승용,남,46세,상해없음,이륜,남,64세,경상
2016092200100389,2016년 9월 22일 18시,목요일,경상북도 안동시 당북동,경상사고,0,0,1,0,차대차 - 정면충돌,안전거리미확보,건조,맑음,교차로 - 교차로부근,승용,여,48세,상해없음,원동기,남,19세,경상
2016092200100390,2016년 9월 22일 18시,목요일,경상북도 포항시 남구 송내동,경상사고,0,0,1,0,차대차 - 측면직각충돌,안전거리미확보,건조,흐림,단일로 - 기타,화물,남,59세,상해없음,승용,여,25세,경상
2016092200100432,2016년 9월 22일 19시,목요일,경상북도 김천시 어모면,중상사고,0,1,0,0,차대차 - 추돌,교차로운행방법위반,건조,맑음,교차로 - 교차로안,승용,남,28세,상해없음,이륜,여,49세,중상
2016092200100433,2016년 9월 22일 19시,목요일,경상북도 영천시 문외동,중상사고,0,1,0,0,차대차 - 측면직각충돌,교차로운행방법위반,건조,맑음,교차로 - 교차로안,화물,남,57세,상해없음,승용,여,47세,중상
2016092200100434,2016년 9월 22일 19시,목요일,경상북도 경산시 상방동,경상사고,0,0,1,0,차대차 - 정면충돌,안전운전불이행,건조,맑음,단일로 - 기타,승용,여,52세,상해없음,자전거,여,29세,경상
2016092200100435,2016년 9월 22일 19시,목요일,경상북도 포항시 남구 효자동,중상사고,0,1,0,0,차대사람 - 횡단중,보행자보호의무위반,건조,맑음,교차로 - 교차로부근,승용,남,63세,상해없음,보행자,여,9세,중상
2016092200100436,2016년 9월 22일 19시,목요일,경상북도 포항시 남구 해도동,경상사고,0,0,1,0,차대차 - 측면직각충돌,차로위반,건조,흐림,단일로 - 기타,승용,남,59세,상해없음,원동기,남,19세,경상
2016092200100467,2016년 9월 22일 20시,목요일,경상북도 경주시 황성동,경상사고,0,0,2,0,차대차 - 추돌,안전운전불이행,건조,맑음,교차로 - 교차로부근,승용,남,43세,상해없음,승용,여,55세,경상
2016092200100468,2016년 9월 22일 20시,목요일,경상북도 칠곡군 약목면,중상사고,0,2,0,0,차대차 - 정면충돌,신호위반,건조,맑음,교차로 - 교차로안,승용,남,28세,중상,승용,여,40세,중상
2016092200100503,2016년 9월 22일 21시,목요일,경상북도 포항시 북구 동빈2가,경상사고,0,0,3,0,차대차 - 정면충돌,신호위반,건조,맑음,교차로 - 교차로안,승용,남,62세,상해없음,승용,남,30세,경상
2016092200100504,2016년 9월 22일 21시,목요일,경상북도 경산시 중산동,경상사고,0,0,1,0,차대차 - 정면충돌,안전운전불이행,건조,맑음,교차로 - 교차로안,화물,남,44세,상해없음,승용,남,31세,경상
2016092200100505,2016년 9월 22일 21시,목요일,경상북도 구미시 상모동,경상사고,0,0,1,0,차대사람 - 차도통행중,안전운전불이행,건조,맑음,교차로 - 교차로안,승용,남,37세,상해없음,보행자,남,42세,경상
2016092200100522,2016년 9월 22일 22시,목요일,경상북도 포항시 북구 환호동,경상사고,0,0,1,0,차대사람 - 횡단중,안전운전불이행,건조,맑음,단일로 - 횡단보도상,승용,남,56세,상해없음,보행자,여,55세,경상
2016092200100523,2016년 9월 22일 22시,목요일,경상북도 성주군 선남면,중상사고,0,1,0,0,차량단독 - 전도전복,안전운전불이행,습기,안개,단일로 - 기타,승용,남,26세,중상,,,,
2016092200100524,2016년 9월 22일 22시,목요일,경상북도 울진군 울진읍,중상사고,0,3,0,0,차대차 - 정면충돌,중앙선침범,건조,맑음,단일로 - 기타,승용,남,37세,중상,승용,남,62세,중상
2016092300100020,2016년 9월 23일 00시,금요일,경상북도 김천시 남산동,경상사고,0,0,1,0,차대사람 - 기타,안전운전불이행,건조,맑음,기타 - 기타,승용,남,21세,상해없음,보행자,남,52세,경상
2016092300100040,2016년 9월 23일 01시,금요일,경상북도 김천시 개령면,경상사고,0,0,1,0,차대차 - 측면충돌,중앙선침범,건조,맑음,단일로 - 기타,승용,남,34세,상해없음,화물,남,25세,경상
2016092300100106,2016년 9월 23일 07시,금요일,경상북도 문경시 모전동,중상사고,0,2,1,0,차대차 - 측면직각충돌,안전운전불이행,건조,맑음,단일로 - 기타,승용,여,45세,경상,승용,남,26세,중상
2016092300100107,2016년 9월 23일 07시,금요일,경상북도 구미시 인의동,부상신고사고,0,0,0,1,차대차 - 정면충돌,중앙선침범,건조,맑음,단일로 - 기타,자전거,남,32세,부상신고,승용,남,44세,상해없음
2016092300100148,2016년 9월 23일 08시,금요일,경상북도 포항시 북구 두호동,중상사고,0,1,0,0,차대차 - 기타,신호위반,건조,맑음,교차로 - 교차로안,화물,남,52세,상해없음,이륜,남,29세,중상
2016092300100187,2016년 9월 23일 09시,금요일,경상북도 김천시 대광동,중상사고,0,1,0,0,차대차 - 측면충돌,교차로운행방법위반,건조,맑음,교차로 - 교차로안,화물,남,26세,상해없음,화물,남,50세,상해없음
2016092300100188,2016년 9월 23일 09시,금요일,경상북도 경산시 삼북동,경상사고,0,0,1,0,차대차 - 정면충돌,교차로운행방법위반,건조,맑음,교차로 - 교차로안,화물,남,42세,상해없음,승용,여,59세,경상
2016092300100189,2016년 9월 23일 09시,금요일,경상북도 울진군 근남면,경상사고,0,0,1,0,차대차 - 측면직각충돌,안전운전불이행,건조,맑음,교차로 - 교차로안,승용,남,71세,상해없음,승용,남,33세,경상
2016092300100190,2016년 9월 23일 09시,금요일,경상북도 구미시 황상동,경상사고,0,0,2,0,차대차 - 측면직각충돌,안전운전불이행,건조,맑음,교차로 - 교차로안,승용,여,30세,상해없음,승용,남,23세,경상
2016092300100222,2016년 9월 23일 10시,금요일,경상북도 칠곡군 약목면,경상사고,0,0,1,0,차대차 - 정면충돌,신호위반,건조,맑음,교차로 - 교차로안,건설기계,남,31세,상해없음,화물,남,34세,경상
2016092300100250,2016년 9월 23일 11시,금요일,경상북도 안동시 옥동,경상사고,0,0,1,0,차대사람 - 기타,보행자보호의무위반,건조,맑음,단일로 - 횡단보도상,승용,남,52세,상해없음,보행자,여,55세,경상
2016092300100251,2016년 9월 23일 11시,금요일,경상북도 안동시 태화동,중상사고,0,1,0,0,차대사람 - 횡단중,안전운전불이행,건조,맑음,단일로 - 기타,승용,여,64세,상해없음,보행자,여,65세,중상
2016092300100252,2016년 9월 23일 11시,금요일,경상북도 경산시 진량읍,경상사고,0,0,2,0,차대차 - 정면충돌,신호위반,건조,맑음,교차로 - 교차로안,화물,남,59세,상해없음,승용,남,63세,경상
2016092300100253,2016년 9월 23일 11시,금요일,경상북도 경산시 옥산동,중상사고,0,1,0,0,차대차 - 정면충돌,중앙선침범,건조,맑음,단일로 - 기타,승용,여,54세,상해없음,화물,남,41세,중상
2016092300100254,2016년 9월 23일 11시,금요일,경상북도 봉화군 봉성면,중상사고,0,2,0,0,차대차 - 기타,안전운전불이행,건조,맑음,단일로 - 기타,이륜,남,55세,중상,화물,남,67세,상해없음
2016092300100255,2016년 9월 23일 11시,금요일,경상북도 성주군 성주읍,중상사고,0,1,0,0,차대차 - 정면충돌,중앙선침범,건조,맑음,단일로 - 기타,승용,남,67세,상해없음,화물,남,58세,상해없음
2016092300100374,2016년 9월 23일 15시,금요일,경상북도 포항시 북구 기계면,중상사고,0,1,0,0,차대사람 - 기타,안전운전불이행,건조,맑음,교차로 - 교차로부근,승용,여,54세,상해없음,보행자,여,76세,중상
2016092300100375,2016년 9월 23일 15시,금요일,경상북도 영주시 문수면,중상사고,0,2,0,0,차대차 - 추돌,안전운전불이행,건조,맑음,단일로 - 기타,화물,남,60세,중상,건설기계,남,42세,중상
2016092300100376,2016년 9월 23일 15시,금요일,경상북도 영주시 봉현면,경상사고,0,0,1,0,차대사람 - 횡단중,안전운전불이행,건조,맑음,단일로 - 기타,승용,남,52세,상해없음,보행자,남,37세,경상
2016092300100377,2016년 9월 23일 15시,금요일,경상북도 칠곡군 약목면,중상사고,0,1,0,0,차대차 - 정면충돌,안전거리미확보,건조,맑음,단일로 - 기타,화물,남,66세,상해없음,승용,여,39세,중상
2016092300100378,2016년 9월 23일 15시,금요일,경상북도 경산시 자인면,중상사고,0,1,0,0,차대차 - 정면충돌,안전운전불이행,건조,맑음,교차로 - 교차로안,화물,남,55세,상해없음,이륜,여,73세,중상
2016092300100408,2016년 9월 23일 16시,금요일,경상북도 포항시 북구 죽도동,경상사고,0,0,1,0,차대차 - 정면충돌,신호위반,건조,맑음,교차로 - 교차로안,승용,여,63세,상해없음,승용,남,46세,경상
2016092300100409,2016년 9월 23일 16시,금요일,경상북도 고령군 성산면,경상사고,0,0,1,0,차대사람 - 횡단중,안전운전불이행,건조,맑음,단일로 - 기타,화물,남,33세,상해없음,보행자,여,15세,경상
2016092300100448,2016년 9월 23일 17시,금요일,경상북도 안동시 이천동,중상사고,0,1,0,0,차량단독 - 전도전복,안전운전불이행,건조,맑음,교차로 - 교차로안,화물,남,49세,중상,,,,
2016092300100449,2016년 9월 23일 17시,금요일,경상북도 안동시 풍산읍,중상사고,0,1,3,0,차대차 - 추돌,안전운전불이행,건조,맑음,단일로 - 기타,승용,남,60세,상해없음,승용,남,48세,경상
2016092300100485,2016년 9월 23일 18시,금요일,경상북도 안동시 길안면,사망사고,1,2,0,0,차대차 - 기타,직진우회전진행방해,건조,맑음,교차로 - 교차로안,승용,남,69세,상해없음,농기계,남,68세,사망
2016092300100486,2016년 9월 23일 18시,금요일,경상북도 안동시 옥동,경상사고,0,0,1,0,차대차 - 측면직각충돌,안전운전불이행,건조,맑음,단일로 - 기타,승용,여,42세,상해없음,승용,남,38세,경상
2016092300100487,2016년 9월 23일 18시,금요일,경상북도 상주시 무양동,경상사고,0,0,1,0,차대사람 - 기타,안전운전불이행,건조,맑음,단일로 - 기타,승용,남,57세,상해없음,보행자,남,62세,경상
2016092300100488,2016년 9월 23일 18시,금요일,경상북도 영주시 순흥면,경상사고,0,0,1,0,차대차 - 측면충돌,안전운전불이행,건조,맑음,단일로 - 기타,원동기,남,71세,경상,승합,여,46세,상해없음
2016092300100489,2016년 9월 23일 18시,금요일,경상북도 문경시 가은읍,경상사고,0,0,3,0,차대차 - 측면충돌,안전운전불이행,건조,맑음,교차로 - 교차로안,승용,여,52세,경상,승용,남,64세,경상
2016092300100490,2016년 9월 23일 18시,금요일,경상북도 경산시 자인면,경상사고,0,0,1,0,차대차 - 기타,안전운전불이행,건조,맑음,교차로 - 교차로안,화물,남,75세,상해없음,원동기,여,73세,경상
2016092300100491,2016년 9월 23일 18시,금요일,경상북도 성주군 대가면,중상사고,0,1,2,0,차대차 - 정면충돌,중앙선침범,건조,맑음,단일로 - 기타,농기계,남,83세,경상,승용,여,58세,경상
2016092300100492,2016년 9월 23일 18시,금요일,경상북도 구미시 도량동,중상사고,0,2,0,0,차대차 - 측면충돌,교차로운행방법위반,건조,맑음,교차로 - 교차로부근,이륜,남,56세,중상,승용,남,32세,상해없음
2016092300100493,2016년 9월 23일 18시,금요일,경상북도 구미시 선산읍,중상사고,0,1,0,0,차대차 - 추돌,안전운전불이행,건조,맑음,단일로 - 기타,승용,여,53세,상해없음,농기계,남,68세,중상
2016092300100494,2016년 9월 23일 18시,금요일,경상북도 구미시 고아읍,중상사고,0,1,0,0,차대차 - 기타,안전거리미확보,건조,맑음,단일로 - 기타,승용,남,43세,상해없음,농기계,남,60세,중상
2016092300100566,2016년 9월 23일 20시,금요일,경상북도 구미시 도량동,중상사고,0,1,0,0,차대차 - 측면충돌,안전거리미확보,건조,맑음,교차로 - 교차로부근,승용,남,20세,상해없음,이륜,남,39세,중상
2016092300100645,2016년 9월 23일 22시,금요일,경상북도 의성군 의성읍,경상사고,0,0,2,0,차대차 - 정면충돌,안전운전불이행,건조,맑음,단일로 - 기타,승용,여,55세,경상,화물,남,51세,상해없음
2016092300100671,2016년 9월 23일 23시,금요일,경상북도 경산시 대동,경상사고,0,0,1,0,차대사람 - 횡단중,안전운전불이행,건조,맑음,단일로 - 기타,승용,남,23세,상해없음,보행자,여,23세,경상
2016092300100672,2016년 9월 23일 23시,금요일,경상북도 포항시 남구 해도동,중상사고,0,1,0,0,차대사람 - 횡단중,안전운전불이행,건조,맑음,단일로 - 횡단보도상,승용,남,64세,상해없음,보행자,남,71세,중상
2016092400100012,2016년 9월 24일 00시,토요일,경상북도 안동시 운흥동,중상사고,0,1,3,0,차대차 - 정면충돌,교차로운행방법위반,건조,맑음,교차로 - 교차로안,승용,남,52세,상해없음,승용,남,22세,중상
2016092400100013,2016년 9월 24일 00시,토요일,경상북도 구미시 고아읍,경상사고,0,0,1,0,차대차 - 기타,안전운전불이행,건조,맑음,단일로 - 기타,승용,남,68세,상해없음,이륜,남,38세,경상
2016092400100031,2016년 9월 24일 01시,토요일,경상북도 포항시 남구 장기면,경상사고,0,0,1,0,차대사람 - 횡단중,안전운전불이행,건조,맑음,단일로 - 기타,승용,남,60세,상해없음,보행자,남,56세,경상
2016092400100051,2016년 9월 24일 03시,토요일,경상북도 칠곡군 약목면,부상신고사고,0,0,0,1,차량단독 - 전도전복,안전운전불이행,건조,맑음,단일로 - 기타,승용,남,24세,부상신고,,,,
2016092400100082,2016년 9월 24일 06시,토요일,경상북도 영주시 풍기읍,경상사고,0,0,1,0,차대차 - 측면충돌,교차로운행방법위반,건조,맑음,교차로 - 교차로안,승용,남,35세,상해없음,화물,남,56세,경상
2016092400100105,2016년 9월 24일 07시,토요일,경상북도 경주시 외동읍,경상사고,0,0,1,0,차대차 - 측면충돌,기타,건조,맑음,교차로 - 교차로안,승용,남,30세,상해없음,승용,남,24세,경상
2016092400100106,2016년 9월 24일 07시,토요일,경상북도 구미시 임은동,부상신고사고,0,0,0,1,차대차 - 측면직각충돌,기타,건조,맑음,단일로 - 기타,이륜,남,64세,부상신고,기타불명,기타불명,기타불명,기타불명
2016092400100119,2016년 9월 24일 08시,토요일,경상북도 성주군 가천면,중상사고,0,1,0,0,차대차 - 추돌,안전운전불이행,건조,맑음,기타 - 기타,승용,남,50세,상해없음,이륜,남,75세,중상
2016092400100147,2016년 9월 24일 09시,토요일,경상북도 경주시 성건동,부상신고사고,0,0,0,1,차대차 - 측면충돌,중앙선침범,건조,맑음,교차로 - 교차로부근,자전거,남,90세 이상,부상신고,승용,여,53세,상해없음
2016092400100148,2016년 9월 24일 09시,토요일,경상북도 안동시 수상동,중상사고,0,1,1,0,차대차 - 정면충돌,교차로운행방법위반,건조,맑음,교차로 - 교차로안,승용,여,55세,중상,승용,남,52세,경상
2016092400100149,2016년 9월 24일 09시,토요일,경상북도 포항시 남구 대도동,경상사고,0,0,1,0,차대차 - 기타,안전운전불이행,건조,맑음,단일로 - 기타,승용,남,60세,상해없음,자전거,남,25세,경상
2016092400100180,2016년 9월 24일 10시,토요일,경상북도 경산시 계양동,중상사고,0,1,0,0,차대차 - 정면충돌,안전운전불이행,건조,맑음,단일로 - 기타,이륜,남,21세,중상,승용,남,34세,상해없음
2016092400100182,2016년 9월 24일 10시,토요일,경상북도 구미시 상모동,경상사고,0,0,3,0,차대차 - 기타,안전운전불이행,건조,맑음,교차로 - 교차로안,승용,여,56세,경상,승용,남,25세,경상
2016092400100183,2016년 9월 24일 10시,토요일,경상북도 구미시 사곡동,중상사고,0,1,0,0,차대사람 - 횡단중,안전운전불이행,건조,맑음,교차로 - 교차로부근,승용,여,46세,상해없음,보행자,여,65세,중상
2016092400100184,2016년 9월 24일 10시,토요일,경상북도 포항시 남구 오천읍,중상사고,0,1,0,0,차대사람 - 기타,안전운전불이행,건조,맑음,교차로 - 교차로부근,화물,남,43세,상해없음,보행자,남,59세,중상
2016092400100185,2016년 9월 24일 10시,토요일,경상북도 포항시 남구 송내동,경상사고,0,0,2,0,차대차 - 측면직각충돌,안전운전불이행,건조,맑음,단일로 - 기타,화물,남,59세,상해없음,승용,남,75세,경상
2016092400100214,2016년 9월 24일 11시,토요일,경상북도 경주시 노서동,경상사고,0,0,2,0,차대차 - 측면충돌,안전운전불이행,건조,맑음,교차로 - 교차로안,화물,남,65세,상해없음,승용,남,48세,경상
2016092400100215,2016년 9월 24일 11시,토요일,경상북도 경주시 안강읍,경상사고,0,0,4,0,차대차 - 추돌,안전운전불이행,건조,맑음,단일로 - 기타,승용,여,55세,상해없음,승용,남,47세,경상
2016092400100216,2016년 9월 24일 11시,토요일,경상북도 안동시 풍천면,중상사고,0,1,0,0,차대사람 - 횡단중,안전운전불이행,건조,맑음,단일로 - 기타,승용,여,35세,상해없음,보행자,남,89세,중상
2016092400100247,2016년 9월 24일 12시,토요일,경상북도 경주시 건천읍,경상사고,0,0,1,1,차대차 - 측면충돌,안전운전불이행,건조,맑음,단일로 - 기타,승용,남,51세,부상신고,승용,남,56세,경상
2016092400100248,2016년 9월 24일 12시,토요일,경상북도 경주시 동방동,중상사고,0,1,0,0,차대차 - 추돌,안전운전불이행,건조,맑음,단일로 - 기타,승용,남,71세,상해없음,화물,남,42세,중상
2016092400100249,2016년 9월 24일 12시,토요일,경상북도 안동시 일직면,중상사고,0,1,1,0,차대차 - 정면충돌,안전운전불이행,건조,맑음,교차로 - 교차로안,화물,남,57세,상해없음,승용,남,37세,경상
2016092400100250,2016년 9월 24일 12시,토요일,경상북도 영덕군 영덕읍,중상사고,0,1,0,0,차대차 - 측면충돌,안전운전불이행,건조,맑음,단일로 - 기타,화물,남,50세,상해없음,자전거,남,68세,중상
2016092400100251,2016년 9월 24일 12시,토요일,경상북도 포항시 남구 동촌동,중상사고,0,1,0,0,차대차 - 기타,안전운전불이행,건조,맑음,단일로 - 기타,승용,남,64세,상해없음,이륜,남,71세,중상
2016092400100287,2016년 9월 24일 13시,토요일,경상북도 예천군 예천읍,중상사고,0,1,3,0,차대차 - 측면충돌,신호위반,건조,맑음,교차로 - 교차로안,승용,여,30세,중상,승용,남,57세,경상
2016092400100288,2016년 9월 24일 13시,토요일,경상북도 구미시 광평동,중상사고,0,1,0,0,차대차 - 측면직각충돌,안전운전불이행,건조,맑음,단일로 - 기타,이륜,남,31세,상해없음,자전거,여,63세,중상
2016092400100289,2016년 9월 24일 13시,토요일,경상북도 포항시 남구 대잠동,중상사고,0,2,0,0,차대차 - 기타,신호위반,건조,맑음,교차로 - 교차로안,이륜,남,73세,중상,승용,남,41세,상해없음
2016092400100330,2016년 9월 24일 14시,토요일,경상북도 안동시 법흥동,경상사고,0,0,1,0,차대차 - 측면충돌,안전운전불이행,건조,맑음,단일로 - 기타,자전거,남,68세,경상,승용,남,43세,상해없음
2016092400100368,2016년 9월 24일 15시,토요일,경상북도 경주시 신평동,중상사고,0,1,0,0,차량단독 - 전도전복,안전운전불이행,건조,맑음,단일로 - 기타,이륜,남,37세,상해없음,,,,
2016092400100369,2016년 9월 24일 15시,토요일,경상북도 상주시 무양동,경상사고,0,0,3,0,차대차 - 추돌,안전거리미확보,건조,맑음,교차로 - 교차로부근,화물,남,31세,상해없음,승용,여,45세,경상
2016092400100370,2016년 9월 24일 15시,토요일,경상북도 문경시 산양면,경상사고,0,0,1,0,차대차 - 측면충돌,안전운전불이행,건조,맑음,교차로 - 교차로안,화물,남,71세,상해없음,승용,남,76세,경상
2016092400100371,2016년 9월 24일 15시,토요일,경상북도 경산시 압량면,중상사고,0,1,1,0,차대차 - 기타,과속,건조,맑음,교차로 - 교차로안,이륜,남,30세,중상,승용,남,64세,경상
2016092400100449,2016년 9월 24일 17시,토요일,경상북도 상주시 신봉동,경상사고,0,0,2,0,차대차 - 추돌,안전운전불이행,건조,맑음,단일로 - 기타,화물,여,50세,상해없음,승용,여,42세,경상
2016092400100450,2016년 9월 24일 17시,토요일,경상북도 칠곡군 왜관읍,부상신고사고,0,0,0,1,차대차 - 측면직각충돌,중앙선침범,건조,맑음,교차로 - 교차로부근,이륜,여,74세,부상신고,승용,남,52세,상해없음
2016092400100451,2016년 9월 24일 17시,토요일,경상북도 포항시 남구 동촌동,중상사고,0,1,3,0,차대차 - 기타,안전운전불이행,건조,맑음,교차로 - 교차로부근,승용,남,52세,경상,승용,남,32세,중상
2016092400100492,2016년 9월 24일 18시,토요일,경상북도 영천시 신령면,중상사고,0,1,0,0,차대차 - 측면직각충돌,직진우회전진행방해,건조,맑음,교차로 - 교차로안,승합,여,54세,상해없음,원동기,남,67세,중상
2016092400100538,2016년 9월 24일 19시,토요일,경상북도 칠곡군 왜관읍,중상사고,0,1,0,0,차대사람 - 횡단중,신호위반,건조,맑음,단일로 - 횡단보도상,승용,남,55세,상해없음,보행자,여,12세,중상
2016092400100570,2016년 9월 24일 20시,토요일,경상북도 경산시 압량면,경상사고,0,0,1,0,차대차 - 정면충돌,신호위반,건조,맑음,교차로 - 교차로안,이륜,남,66세,경상,승용,여,44세,상해없음
2016092400100571,2016년 9월 24일 20시,토요일,경상북도 경산시 하양읍,중상사고,0,1,0,0,차대차 - 추돌,안전운전불이행,건조,맑음,단일로 - 기타,승용,여,57세,중상,특수,남,54세,상해없음
2016092400100572,2016년 9월 24일 20시,토요일,경상북도 구미시 형곡동,경상사고,0,0,1,0,차대차 - 측면충돌,안전운전불이행,건조,맑음,단일로 - 기타,이륜,남,26세,경상,화물,남,29세,상해없음
2016092500100104,2016년 9월 25일 08시,일요일,경상북도 포항시 남구 송도동,중상사고,0,1,0,0,차대차 - 기타,안전운전불이행,건조,맑음,교차로 - 교차로안,승용,여,53세,상해없음,이륜,남,57세,중상
2016092500100148,2016년 9월 25일 10시,일요일,경상북도 포항시 북구 우현동,경상사고,0,0,2,0,차대차 - 기타,안전운전불이행,건조,맑음,단일로 - 기타,승용,남,56세,상해없음,승용,여,56세,경상
2016092500100149,2016년 9월 25일 10시,일요일,경상북도 영주시 봉현면,경상사고,0,0,1,0,차대차 - 측면충돌,중앙선침범,건조,맑음,단일로 - 기타,화물,남,74세,상해없음,승용,여,41세,경상
2016092500100168,2016년 9월 25일 11시,일요일,경상북도 안동시 삼산동,경상사고,0,0,1,0,차대사람 - 기타,안전운전불이행,건조,맑음,단일로 - 기타,승용,남,27세,상해없음,보행자,여,27세,경상
2016092500100169,2016년 9월 25일 11시,일요일,경상북도 구미시 부곡동,경상사고,0,0,2,0,차대차 - 기타,신호위반,건조,맑음,교차로 - 교차로부근,승용,남,56세,경상,승용,남,49세,경상
2016092500100170,2016년 9월 25일 11시,일요일,경상북도 구미시 부곡동,경상사고,0,0,2,0,차대차 - 측면직각충돌,안전운전불이행,건조,맑음,교차로 - 교차로안,승합,남,57세,기타불명,승용,남,28세,경상
2016092500100193,2016년 9월 25일 12시,일요일,경상북도 구미시 인의동,중상사고,0,1,0,0,차대차 - 측면충돌,교차로운행방법위반,건조,맑음,교차로 - 교차로안,승용,남,25세,상해없음,이륜,남,23세,중상
2016092500100194,2016년 9월 25일 12시,일요일,경상북도 구미시 도개면,중상사고,0,1,0,0,차대사람 - 횡단중,안전운전불이행,건조,맑음,교차로 - 교차로안,승용,남,58세,상해없음,보행자,남,3세,중상
2016092500100225,2016년 9월 25일 13시,일요일,경상북도 칠곡군 석적읍,중상사고,0,1,1,0,차대차 - 측면충돌,직진우회전진행방해,건조,맑음,교차로 - 교차로안,승용,남,41세,상해없음,이륜,남,20세,중상
2016092500100256,2016년 9월 25일 14시,일요일,경상북도 경주시 천북면,경상사고,0,0,1,0,차대차 - 기타,기타,건조,맑음,교차로 - 교차로안,승용,여,55세,경상,승용,남,67세,상해없음
2016092500100257,2016년 9월 25일 14시,일요일,경상북도 포항시 북구 대흥동,경상사고,0,0,1,0,차대사람 - 차도통행중,안전운전불이행,건조,맑음,단일로 - 기타,승용,여,40세,상해없음,보행자,여,18세,경상
2016092500100258,2016년 9월 25일 14시,일요일,경상북도 포항시 남구 오천읍,경상사고,0,0,2,0,차대차 - 측면충돌,교차로운행방법위반,건조,맑음,교차로 - 교차로안,승용,여,46세,상해없음,승용,남,25세,경상
2016092500100300,2016년 9월 25일 15시,일요일,경상북도 경주시 황성동,중상사고,0,1,0,0,차대차 - 정면충돌,안전운전불이행,건조,맑음,단일로 - 기타,승합,남,55세,상해없음,승용,여,41세,상해없음
2016092500100301,2016년 9월 25일 15시,일요일,경상북도 안동시 풍산읍,중상사고,0,1,0,0,차대차 - 정면충돌,교차로운행방법위반,건조,맑음,교차로 - 교차로안,화물,남,59세,상해없음,승용,남,46세,중상
2016092500100302,2016년 9월 25일 15시,일요일,경상북도 상주시 서문동,경상사고,0,0,1,0,차대차 - 측면직각충돌,교차로운행방법위반,건조,맑음,교차로 - 교차로안,승용,남,57세,상해없음,이륜,남,18세,경상
2016092500100303,2016년 9월 25일 15시,일요일,경상북도 청도군 청도읍,중상사고,0,1,0,0,차대차 - 기타,안전운전불이행,건조,맑음,기타 - 기타,승용,여,35세,상해없음,자전거,남,10세,중상
2016092500100332,2016년 9월 25일 16시,일요일,경상북도 문경시 마성면,경상사고,0,0,6,0,차대차 - 기타,중앙선침범,건조,맑음,단일로 - 기타,승용,여,58세,경상,승용,남,34세,경상
2016092500100333,2016년 9월 25일 16시,일요일,경상북도 구미시 고아읍,경상사고,0,0,1,0,차대차 - 기타,안전운전불이행,건조,맑음,기타 - 기타,승용,여,67세,상해없음,승용,남,21세,상해없음
2016092500100334,2016년 9월 25일 16시,일요일,경상북도 구미시 공단동,경상사고,0,0,1,0,차대차 - 추돌,안전운전불이행,건조,맑음,교차로 - 교차로안,승용,남,50세,상해없음,승용,남,58세,상해없음
2016092500100355,2016년 9월 25일 17시,일요일,경상북도 칠곡군 석적읍,부상신고사고,0,0,0,1,차대차 - 측면충돌,교차로운행방법위반,건조,맑음,교차로 - 교차로안,이륜,남,26세,부상신고,승용,남,38세,상해없음
2016092500100388,2016년 9월 25일 18시,일요일,경상북도 포항시 북구 청하면,경상사고,0,0,8,0,차대차 - 추돌,안전거리미확보,건조,맑음,교차로 - 교차로부근,승합,남,61세,상해없음,승합,남,35세,경상
2016092500100389,2016년 9월 25일 18시,일요일,경상북도 포항시 북구 학잠동,경상사고,0,0,1,0,차대차 - 정면충돌,안전운전불이행,건조,맑음,단일로 - 기타,승용,여,68세,상해없음,승용,남,60세,기타불명
2016092500100390,2016년 9월 25일 18시,일요일,경상북도 포항시 북구 흥해읍,중상사고,0,1,0,0,차대차 - 기타,안전운전불이행,건조,맑음,교차로 - 교차로부근,기타불명,기타불명,기타불명,기타불명,자전거,남,45세,중상
2016092500100391,2016년 9월 25일 18시,일요일,경상북도 포항시 북구 두호동,경상사고,0,0,1,0,차대차 - 정면충돌,중앙선침범,건조,맑음,교차로 - 교차로부근,승용,남,56세,상해없음,원동기,남,17세,경상
2016092500100425,2016년 9월 25일 19시,일요일,경상북도 안동시 안흥동,부상신고사고,0,0,0,1,차대차 - 정면충돌,안전운전불이행,건조,맑음,단일로 - 기타,이륜,남,36세,부상신고,승용,남,40세,상해없음
2016092500100426,2016년 9월 25일 19시,일요일,경상북도 칠곡군 동명면,중상사고,0,2,0,0,차대차 - 추돌,안전운전불이행,건조,맑음,단일로 - 기타,승용,여,62세,상해없음,승용,남,41세,중상