사고번호,사고일시,요일,시군구,사고내용,사망자수,중상자수,경상자수,부상신고자수,사고유형,법규위반,노면상태,기상상태,도로형태,가해운전자 차종,가해운전자 성별,가해운전자 연령,가해운전자 상해정도,피해운전자 차종,피해운전자 성별,피해운전자 연령,피해운전자 상해정도
2016100100100147,2016년 10월 1일 07시,토요일,경상북도 경산시 옥산동,경상사고,0,0,1,0,차대차 - 측면충돌,안전운전불이행,습기,맑음,교차로 - 교차로안,화물,여,68세,기타불명,승용,남,27세,경상
2016100100100171,2016년 10월 1일 08시,토요일,경상북도 의성군 가음면,중상사고,0,2,0,0,차대차 - 측면직각충돌,직진우회전진행방해,습기,흐림,교차로 - 교차로안,건설기계,남,49세,상해없음,승용,남,71세,중상
2016100100100172,2016년 10월 1일 08시,토요일,경상북도 칠곡군 지천면,사망사고,1,0,0,0,차량단독 - 기타,안전운전불이행,건조,맑음,단일로 - 기타,자전거,남,77세,사망,,,,
2016100100100200,2016년 10월 1일 09시,토요일,경상북도 경주시 안강읍,부상신고사고,0,0,0,1,차대차 - 측면직각충돌,안전운전불이행,건조,맑음,교차로 - 교차로부근,승용,남,66세,상해없음,자전거,여,36세,부상신고
2016100100100201,2016년 10월 1일 09시,토요일,경상북도 포항시 북구 흥해읍,경상사고,0,0,3,0,차대차 - 측면충돌,신호위반,건조,맑음,교차로 - 교차로안,화물,남,79세,상해없음,승용,남,52세,경상
2016100100100202,2016년 10월 1일 09시,토요일,경상북도 영천시 문외동,경상사고,0,0,1,0,차대차 - 측면충돌,교차로운행방법위반,건조,맑음,교차로 - 교차로안,승용,여,74세,경상,승합,남,43세,상해없음
2016100100100203,2016년 10월 1일 09시,토요일,경상북도 군위군 군위읍,부상신고사고,0,0,0,1,차대차 - 측면직각충돌,안전운전불이행,습기,흐림,단일로 - 기타,자전거,남,37세,부상신고,화물,남,47세,상해없음
2016100100100259,2016년 10월 1일 11시,토요일,경상북도 김천시 용두동,중상사고,0,1,0,0,차대사람 - 길가장자리구역통행중,안전운전불이행,건조,맑음,교차로 - 교차로안,승용,남,78세,상해없음,보행자,여,82세,중상
2016100100100260,2016년 10월 1일 11시,토요일,경상북도 상주시 함창읍,중상사고,0,1,1,0,차대차 - 측면충돌,교차로운행방법위반,건조,맑음,교차로 - 교차로안,화물,남,28세,경상,건설기계,남,67세,중상
2016100100100261,2016년 10월 1일 11시,토요일,경상북도 칠곡군 동명면,경상사고,0,0,1,0,차대차 - 측면충돌,중앙선침범,습기,비,단일로 - 기타,승용,남,66세,상해없음,승용,남,62세,경상
2016100100100262,2016년 10월 1일 11시,토요일,경상북도 문경시 창동,경상사고,0,0,1,0,차대차 - 측면직각충돌,직진우회전진행방해,건조,맑음,교차로 - 교차로안,화물,남,58세,상해없음,이륜,남,77세,경상
2016100100100263,2016년 10월 1일 11시,토요일,경상북도 구미시 옥계동,경상사고,0,0,1,0,차대차 - 추돌,신호위반,건조,맑음,교차로 - 교차로안,화물,남,61세,상해없음,승용,남,31세,경상
2016100100100280,2016년 10월 1일 12시,토요일,경상북도 안동시 평화동,부상신고사고,0,0,0,1,차대차 - 정면충돌,안전운전불이행,건조,맑음,교차로 - 교차로안,이륜,남,56세,부상신고,승용,여,63세,상해없음
2016100100100281,2016년 10월 1일 12시,토요일,경상북도 경산시 남산면,중상사고,0,1,0,0,차대차 - 측면충돌,신호위반,건조,맑음,교차로 - 교차로안,승용,여,48세,상해없음,승용,남,59세,중상
2016100100100315,2016년 10월 1일 13시,토요일,경상북도 청송군 부남면,사망사고,1,0,0,0,차량단독 - 전도전복,안전운전불이행,습기,비,단일로 - 기타,화물,남,45세,사망,,,,
2016100100100354,2016년 10월 1일 14시,토요일,경상북도 경주시 천군동,경상사고,0,0,1,0,차량단독 - 전도전복,안전운전불이행,건조,맑음,단일로 - 기타,이륜,남,37세,경상,,,,
2016100100100355,2016년 10월 1일 14시,토요일,경상북도 포항시 북구 흥해읍,경상사고,0,0,5,0,차대차 - 정면충돌,안전운전불이행,습기,비,단일로 - 기타,승용,남,57세,상해없음,승용,남,60세,경상
2016100100100356,2016년 10월 1일 14시,토요일,경상북도 영천시 임고면,경상사고,0,0,1,0,차대차 - 측면직각충돌,안전운전불이행,건조,맑음,교차로 - 교차로안,원동기,남,56세,경상,화물,남,66세,상해없음
2016100100100357,2016년 10월 1일 14시,토요일,경상북도 영덕군 영덕읍,경상사고,0,0,4,0,차대차 - 측면충돌,교차로운행방법위반,건조,맑음,교차로 - 교차로안,화물,남,51세,경상,승용,여,39세,경상
2016100100100390,2016년 10월 1일 15시,토요일,경상북도 칠곡군 왜관읍,중상사고,0,1,0,0,차대차 - 정면충돌,안전운전불이행,습기,비,교차로 - 교차로안,승용,여,35세,상해없음,승용,남,57세,중상
2016100100100391,2016년 10월 1일 15시,토요일,경상북도 구미시 옥계동,경상사고,0,0,1,0,차대차 - 기타,안전운전불이행,습기,비,교차로 - 교차로부근,승용,여,35세,상해없음,원동기,남,20세,경상
2016100100100422,2016년 10월 1일 16시,토요일,경상북도 경주시 성동동,경상사고,0,0,1,1,차대차 - 추돌,안전운전불이행,건조,맑음,단일로 - 기타,이륜,남,15세,부상신고,승용,남,65세,상해없음
2016100100100423,2016년 10월 1일 16시,토요일,경상북도 경산시 옥산동,중상사고,0,1,0,0,차대차 - 정면충돌,교차로운행방법위반,건조,맑음,교차로 - 교차로안,승용,남,57세,상해없음,이륜,남,57세,중상
2016100100100424,2016년 10월 1일 16시,토요일,경상북도 구미시 봉곡동,경상사고,0,0,1,0,차대차 - 기타,안전운전불이행,기타,기타,교차로 - 교차로안,자전거,여,57세,경상,기타불명,기타불명,기타불명,기타불명
2016100100100425,2016년 10월 1일 16시,토요일,경상북도 문경시 마성면,사망사고,1,3,4,0,차대차 - 추돌,안전운전불이행,건조,맑음,단일로 - 기타,건설기계,남,41세,사망,화물,남,50세,중상
2016100100100450,2016년 10월 1일 17시,토요일,경상북도 김천시 농소면,중상사고,0,3,0,0,차대차 - 추돌,안전운전불이행,습기,비,단일로 - 기타,화물,남,27세,상해없음,승용,남,45세,중상
2016100100100451,2016년 10월 1일 17시,토요일,경상북도 영주시 봉현면,경상사고,0,0,7,0,차대차 - 정면충돌,안전운전불이행,건조,맑음,단일로 - 기타,승용,남,51세,상해없음,승용,남,43세,경상
2016100100100486,2016년 10월 1일 18시,토요일,경상북도 경주시 용강동,경상사고,0,0,2,0,차대차 - 추돌,안전운전불이행,건조,맑음,단일로 - 기타,승용,남,25세,기타불명,승용,남,31세,경상
2016100100100487,2016년 10월 1일 18시,토요일,경상북도 포항시 북구 흥해읍,경상사고,0,0,1,0,차대차 - 측면직각충돌,안전운전불이행,건조,맑음,단일로 - 기타,승용,남,59세,상해없음,승용,남,69세,경상
2016100100100488,2016년 10월 1일 18시,토요일,경상북도 안동시 풍천면,경상사고,0,0,2,0,차대차 - 정면충돌,안전운전불이행,건조,맑음,교차로 - 교차로안,화물,남,47세,상해없음,승용,남,30세,경상
2016100100100489,2016년 10월 1일 18시,토요일,경상북도 안동시 옥동,경상사고,0,0,1,0,차대사람 - 횡단중,안전운전불이행,건조,맑음,단일로 - 기타,원동기,남,39세,상해없음,보행자,남,8세,경상
2016100100100490,2016년 10월 1일 18시,토요일,경상북도 영천시 야사동,경상사고,0,0,4,0,차대차 - 측면충돌,안전운전불이행,건조,맑음,단일로 - 기타,승용,여,63세,상해없음,승용,남,36세,경상
2016100100100491,2016년 10월 1일 18시,토요일,경상북도 구미시 옥성면,중상사고,0,2,4,0,차대차 - 추돌,안전운전불이행,습기,비,단일로 - 기타,승용,남,52세,경상,승용,여,34세,상해없음
2016100100100531,2016년 10월 1일 19시,토요일,경상북도 경주시 동방동,중상사고,0,3,1,0,차대차 - 추돌,안전운전불이행,건조,맑음,교차로 - 교차로부근,화물,남,65세,경상,승용,여,29세,중상
2016100100100532,2016년 10월 1일 19시,토요일,경상북도 포항시 북구 창포동,경상사고,0,0,1,0,차대차 - 정면충돌,안전운전불이행,건조,맑음,교차로 - 교차로안,기타불명,기타불명,기타불명,기타불명,이륜,남,60세,경상
2016100100100533,2016년 10월 1일 19시,토요일,경상북도 구미시 광평동,경상사고,0,0,1,0,차대차 - 측면충돌,신호위반,건조,흐림,교차로 - 교차로안,승용,여,48세,상해없음,승용,여,40세,경상
2016100100100569,2016년 10월 1일 20시,토요일,경상북도 포항시 북구 우현동,경상사고,0,0,1,0,차대차 - 정면충돌,안전운전불이행,건조,맑음,단일로 - 기타,승용,남,57세,상해없음,자전거,남,54세,경상
2016100100100570,2016년 10월 1일 20시,토요일,경상북도 문경시 가은읍,중상사고,0,1,0,0,차대차 - 정면충돌,중앙선침범,건조,맑음,교차로 - 교차로안,화물,남,56세,상해없음,자전거,남,42세,중상
2016100100100607,2016년 10월 1일 21시,토요일,경상북도 경주시 서면,경상사고,0,0,1,0,차대차 - 측면직각충돌,신호위반,건조,맑음,교차로 - 교차로안,승용,여,51세,상해없음,화물,남,58세,경상
2016100100100608,2016년 10월 1일 21시,토요일,경상북도 포항시 남구 해도동,중상사고,0,1,0,0,차대사람 - 횡단중,안전운전불이행,습기,비,교차로 - 교차로안,승용,남,65세,상해없음,보행자,여,59세,중상
2016100100100657,2016년 10월 1일 23시,토요일,경상북도 포항시 북구 용흥동,경상사고,0,0,1,0,차량단독 - 전도전복,안전운전불이행,건조,맑음,단일로 - 기타,원동기,남,60세,경상,,,,
2016100100100658,2016년 10월 1일 23시,토요일,경상북도 영주시 휴천동,경상사고,0,0,1,0,차대차 - 추돌,안전운전불이행,건조,맑음,교차로 - 교차로부근,승용,여,45세,상해없음,화물,남,48세,경상
2016100100100659,2016년 10월 1일 23시,토요일,경상북도 영천시 야사동,중상사고,0,1,2,0,차대차 - 측면직각충돌,중앙선침범,건조,맑음,단일로 - 기타,승용,남,18세,상해없음,승용,남,48세,경상
2016100100100660,2016년 10월 1일 23시,토요일,경상북도 경산시 하양읍,중상사고,0,1,0,0,차대차 - 측면직각충돌,교차로운행방법위반,건조,맑음,교차로 - 교차로부근,승용,남,22세,상해없음,이륜,남,51세,중상
2016100200100015,2016년 10월 2일 00시,일요일,경상북도 상주시 남성동,사망사고,1,0,0,0,차대사람 - 횡단중,안전운전불이행,습기,비,단일로 - 기타,승용,남,55세,상해없음,보행자,여,60세,사망
2016100200100042,2016년 10월 2일 02시,일요일,경상북도 경주시 서부동,경상사고,0,0,2,0,차대차 - 측면직각충돌,안전운전불이행,건조,맑음,교차로 - 교차로안,승용,여,22세,경상,승용,남,38세,상해없음
2016100200100043,2016년 10월 2일 02시,일요일,경상북도 안동시 옥동,경상사고,0,0,1,0,차대사람 - 횡단중,안전운전불이행,건조,맑음,단일로 - 기타,화물,남,37세,상해없음,보행자,남,24세,경상
2016100200100060,2016년 10월 2일 03시,일요일,경상북도 포항시 북구 대흥동,중상사고,0,2,1,0,차대차 - 정면충돌,신호위반,건조,맑음,교차로 - 교차로부근,승용,남,34세,상해없음,승용,남,48세,경상
2016100200100078,2016년 10월 2일 05시,일요일,경상북도 포항시 북구 흥해읍,경상사고,0,0,1,0,차대차 - 측면충돌,직진우회전진행방해,건조,맑음,교차로 - 교차로안,건설기계,남,66세,상해없음,승용,남,66세,경상
2016100200100079,2016년 10월 2일 05시,일요일,경상북도 포항시 남구 상도동,경상사고,0,0,1,0,차대차 - 측면직각충돌,안전운전불이행,건조,맑음,단일로 - 기타,승용,남,22세,상해없음,승용,남,60세,경상
2016100200100087,2016년 10월 2일 06시,일요일,경상북도 영천시 금호읍,경상사고,0,0,2,0,차대차 - 추돌,안전운전불이행,건조,흐림,교차로 - 교차로부근,승용,남,25세,상해없음,승용,남,63세,경상
2016100200100099,2016년 10월 2일 07시,일요일,경상북도 군위군 효령면,중상사고,0,1,0,0,차대사람 - 길가장자리구역통행중,안전운전불이행,건조,맑음,단일로 - 기타,승용,남,78세,상해없음,보행자,남,59세,중상
2016100200100117,2016년 10월 2일 08시,일요일,경상북도 포항시 북구 대신동,중상사고,0,1,0,0,차대사람 - 횡단중,보행자보호의무위반,건조,맑음,교차로 - 교차로부근,승용,남,56세,상해없음,보행자,여,61세,중상
2016100200100118,2016년 10월 2일 08시,일요일,경상북도 포항시 북구 우현동,경상사고,0,0,1,0,차량단독 - 전도전복,기타,건조,맑음,단일로 - 기타,원동기,남,19세,경상,,,,
2016100200100132,2016년 10월 2일 09시,일요일,경상북도 안동시 운흥동,경상사고,0,0,2,0,차대차 - 추돌,안전운전불이행,건조,맑음,단일로 - 기타,승용,여,58세,상해없음,승용,남,37세,경상
2016100200100154,2016년 10월 2일 10시,일요일,경상북도 경주시 진현동,경상사고,0,0,1,0,차대차 - 측면직각충돌,안전운전불이행,건조,맑음,교차로 - 교차로부근,기타불명,기타불명,기타불명,기타불명,이륜,여,81세,경상
2016100200100155,2016년 10월 2일 10시,일요일,경상북도 안동시 정하동,사망사고,1,0,0,0,차대차 - 정면충돌,신호위반,건조,맑음,교차로 - 교차로안,승용,남,37세,상해없음,화물,남,38세,사망
2016100200100156,2016년 10월 2일 10시,일요일,경상북도 영천시 청통면,경상사고,0,0,2,0,차대차 - 측면충돌,중앙선침범,건조,맑음,교차로 - 교차로부근,승용,남,67세,경상,화물,남,59세,경상
2016100200100157,2016년 10월 2일 10시,일요일,경상북도 경산시 계양동,중상사고,0,1,0,0,차대차 - 측면충돌,교차로운행방법위반,건조,맑음,교차로 - 교차로안,승용,남,49세,상해없음,승용,남,42세,중상
2016100200100158,2016년 10월 2일 10시,일요일,경상북도 구미시 선산읍,경상사고,0,0,1,0,차대차 - 추돌,안전운전불이행,기타,기타,교차로 - 교차로부근,승용,남,51세,상해없음,승용,남,53세,경상
2016100200100200,2016년 10월 2일 12시,일요일,경상북도 포항시 북구 청하면,경상사고,0,0,1,0,차대차 - 정면충돌,직진우회전진행방해,건조,맑음,교차로 - 교차로안,승용,남,48세,상해없음,승용,여,25세,경상
2016100200100201,2016년 10월 2일 12시,일요일,경상북도 경산시 진량읍,경상사고,0,0,1,0,차대차 - 정면충돌,안전운전불이행,건조,맑음,단일로 - 기타,승용,남,19세,상해없음,승용,여,58세,경상
2016100200100202,2016년 10월 2일 12시,일요일,경상북도 청송군 현서면,경상사고,0,0,2,0,차대차 - 정면충돌,중앙선침범,건조,맑음,단일로 - 기타,승용,남,56세,상해없음,화물,남,50세,경상
2016100200100231,2016년 10월 2일 13시,일요일,경상북도 영주시 가흥동,부상신고사고,0,0,0,1,차대차 - 측면충돌,안전운전불이행,건조,맑음,단일로 - 기타,이륜,남,21세,부상신고,승용,여,38세,상해없음
2016100200100320,2016년 10월 2일 16시,일요일,경상북도 경주시 황남동,중상사고,0,1,0,0,차대차 - 측면충돌,안전운전불이행,건조,맑음,단일로 - 기타,원동기,남,15세,상해없음,자전거,여,38세,중상
2016100200100342,2016년 10월 2일 17시,일요일,경상북도 경주시 천군동,중상사고,0,1,0,0,차대차 - 측면충돌,안전운전불이행,건조,맑음,단일로 - 기타,원동기,남,24세,상해없음,원동기,여,23세,중상
2016100200100344,2016년 10월 2일 17시,일요일,경상북도 경산시 중방동,경상사고,0,0,2,0,차대차 - 추돌,안전운전불이행,건조,맑음,교차로 - 교차로부근,승용,남,65세,상해없음,승용,남,37세,경상
2016100200100345,2016년 10월 2일 17시,일요일,경상북도 봉화군 봉화읍,경상사고,0,0,1,0,차대차 - 기타,교차로운행방법위반,건조,맑음,교차로 - 교차로안,화물,남,55세,상해없음,승용,남,40세,경상
2016100200100380,2016년 10월 2일 18시,일요일,경상북도 경주시 노서동,경상사고,0,0,1,0,차대차 - 측면충돌,안전운전불이행,건조,맑음,단일로 - 기타,이륜,남,16세,경상,승용,남,49세,상해없음
2016100200100381,2016년 10월 2일 18시,일요일,경상북도 칠곡군 석적읍,경상사고,0,0,2,1,차대차 - 추돌,안전거리미확보,건조,맑음,단일로 - 기타,승용,남,29세,상해없음,승용,남,32세,경상
2016100200100382,2016년 10월 2일 18시,일요일,경상북도 경산시 삼풍동,경상사고,0,0,1,0,차대차 - 측면충돌,교차로운행방법위반,건조,맑음,교차로 - 교차로안,승용,남,67세,상해없음,이륜,남,21세,경상
2016100200100383,2016년 10월 2일 18시,일요일,경상북도 구미시 공단동,경상사고,0,0,2,1,차대차 - 추돌,안전운전불이행,건조,맑음,교차로 - 교차로안,승용,남,54세,부상신고,승용,남,46세,경상
2016100200100384,2016년 10월 2일 18시,일요일,경상북도 구미시 장천면,중상사고,0,1,0,0,차대차 - 측면충돌,중앙선침범,건조,흐림,단일로 - 기타,화물,남,61세,기타불명,승용,남,45세,중상
2016100200100385,2016년 10월 2일 18시,일요일,경상북도 포항시 남구 해도동,중상사고,0,1,0,0,차대차 - 측면직각충돌,안전운전불이행,건조,맑음,교차로 - 교차로안,승용,여,57세,상해없음,원동기,남,59세,중상
2016100200100418,2016년 10월 2일 19시,일요일,경상북도 포항시 남구 상도동,중상사고,0,1,2,0,차대차 - 측면직각충돌,안전운전불이행,건조,맑음,교차로 - 교차로부근,승용,남,68세,경상,승용,남,26세,경상
2016100200100451,2016년 10월 2일 20시,일요일,경상북도 영천시 임고면,경상사고,0,0,1,0,차대차 - 추돌,안전운전불이행,건조,맑음,단일로 - 기타,승용,남,55세,상해없음,승합,남,57세,경상
2016100200100474,2016년 10월 2일 21시,일요일,경상북도 군위군 효령면,경상사고,0,0,2,0,차대차 - 정면충돌,신호위반,건조,맑음,교차로 - 교차로안,승용,남,40세,상해없음,승용,남,66세,경상
2016100200100475,2016년 10월 2일 21시,일요일,경상북도 구미시 인의동,경상사고,0,0,1,0,차대차 - 측면직각충돌,안전운전불이행,건조,흐림,교차로 - 교차로부근,승합,남,53세,상해없음,자전거,여,54세,경상
2016100200100500,2016년 10월 2일 22시,일요일,경상북도 경주시 성건동,경상사고,0,0,1,0,차대사람 - 횡단중,안전운전불이행,건조,맑음,교차로 - 교차로안,승용,남,20세,상해없음,보행자,남,18세,경상
2016100200100501,2016년 10월 2일 22시,일요일,경상북도 영천시 완산동,경상사고,0,0,2,0,차대차 - 정면충돌,안전거리미확보,건조,맑음,단일로 - 기타,승용,남,44세,상해없음,승용,여,25세,경상
2016100200100502,2016년 10월 2일 22시,일요일,경상북도 포항시 남구 동해면,경상사고,0,0,1,0,차량단독 - 공작물충돌,안전운전불이행,건조,맑음,교차로 - 교차로안,승용,남,61세,상해없음,,,,
2016100200100527,2016년 10월 2일 23시,일요일,경상북도 칠곡군 석적읍,경상사고,0,0,1,0,차대차 - 정면충돌,안전운전불이행,건조,맑음,단일로 - 기타,승용,남,56세,상해없음,승용,여,42세,경상
2016100300100127,2016년 10월 3일 08시,월요일,경상북도 경주시 안강읍,중상사고,0,1,0,0,차대차 - 측면직각충돌,안전운전불이행,건조,맑음,단일로 - 기타,승용,여,59세,상해없음,이륜,남,72세,중상
2016100300100128,2016년 10월 3일 08시,월요일,경상북도 경산시 자인면,중상사고,0,1,0,0,차대차 - 측면충돌,교차로운행방법위반,건조,맑음,교차로 - 교차로안,승합,남,67세,상해없음,화물,남,63세,중상
2016100300100164,2016년 10월 3일 10시,월요일,경상북도 경주시 마동,경상사고,0,0,2,0,차대차 - 측면직각충돌,안전운전불이행,건조,맑음,교차로 - 교차로안,승용,여,45세,경상,승용,여,39세,경상
2016100300100165,2016년 10월 3일 10시,월요일,경상북도 포항시 북구 장성동,경상사고,0,0,2,0,차대차 - 추돌,안전운전불이행,건조,맑음,단일로 - 기타,화물,남,66세,상해없음,승합,남,59세,경상
2016100300100166,2016년 10월 3일 10시,월요일,경상북도 영양군 수비면,경상사고,0,0,1,0,차대차 - 측면직각충돌,안전운전불이행,건조,맑음,교차로 - 교차로안,화물,남,56세,상해없음,승용,남,53세,경상
2016100300100190,2016년 10월 3일 11시,월요일,경상북도 안동시 예안면,경상사고,0,0,1,0,차량단독 - 전도전복,안전운전불이행,건조,맑음,단일로 - 기타,원동기,여,69세,경상,,,,
2016100300100191,2016년 10월 3일 11시,월요일,경상북도 경산시 사정동,경상사고,0,0,1,0,차대차 - 정면충돌,안전운전불이행,건조,맑음,교차로 - 교차로부근,승용,남,64세,상해없음,승용,여,41세,경상
2016100300100218,2016년 10월 3일 12시,월요일,경상북도 경주시 외동읍,중상사고,0,1,0,0,차대사람 - 길가장자리구역통행중,안전운전불이행,건조,맑음,교차로 - 교차로부근,승용,남,45세,상해없음,보행자,여,66세,중상
2016100300100260,2016년 10월 3일 13시,월요일,경상북도 김천시 부곡동,경상사고,0,0,1,0,차대차 - 추돌,교차로운행방법위반,건조,맑음,교차로 - 교차로안,승용,여,61세,상해없음,승용,여,50세,경상
2016100300100295,2016년 10월 3일 14시,월요일,경상북도 포항시 북구 우현동,중상사고,0,1,0,0,차대차 - 측면충돌,안전운전불이행,습기,흐림,단일로 - 기타,승용,여,42세,상해없음,승용,남,56세,중상
2016100300100296,2016년 10월 3일 14시,월요일,경상북도 포항시 북구 양덕동,경상사고,0,0,1,0,차대차 - 정면충돌,안전운전불이행,건조,맑음,단일로 - 기타,승용,여,43세,상해없음,이륜,남,20세,경상
2016100300100320,2016년 10월 3일 15시,월요일,경상북도 경산시 대평동,경상사고,0,0,2,0,차대차 - 기타,안전운전불이행,건조,맑음,단일로 - 기타,승용,여,53세,기타불명,승용,여,23세,경상
2016100300100321,2016년 10월 3일 15시,월요일,경상북도 청도군 청도읍,경상사고,0,0,1,0,차대사람 - 기타,안전운전불이행,건조,맑음,단일로 - 기타,화물,남,31세,상해없음,보행자,남,49세,경상
2016100300100353,2016년 10월 3일 16시,월요일,경상북도 구미시 황상동,경상사고,0,0,4,0,차대차 - 추돌,안전운전불이행,건조,맑음,교차로 - 교차로부근,승용,여,45세,상해없음,승용,남,41세,경상
2016100300100354,2016년 10월 3일 16시,월요일,경상북도 포항시 남구 오천읍,중상사고,0,1,0,0,차대차 - 측면직각충돌,신호위반,습기,흐림,교차로 - 교차로안,이륜,남,63세,중상,승용,남,31세,상해없음
2016100300100389,2016년 10월 3일 17시,월요일,경상북도 영덕군 영해면,경상사고,0,0,2,0,차대차 - 측면충돌,안전운전불이행,건조,맑음,단일로 - 기타,자전거,남,77세,경상,이륜,남,64세,경상
2016100300100417,2016년 10월 3일 18시,월요일,경상북도 포항시 북구 청하면,경상사고,0,0,1,0,차대차 - 정면충돌,안전거리미확보,건조,맑음,단일로 - 기타,승용,남,63세,상해없음,승용,남,37세,상해없음
2016100300100418,2016년 10월 3일 18시,월요일,경상북도 안동시 법흥동,중상사고,0,1,0,0,차대사람 - 횡단중,안전운전불이행,건조,맑음,단일로 - 기타,승용,남,54세,상해없음,보행자,남,84세,중상
2016100300100419,2016년 10월 3일 18시,월요일,경상북도 안동시 풍산읍,경상사고,0,0,1,0,차대차 - 정면충돌,안전운전불이행,건조,맑음,단일로 - 기타,화물,남,57세,경상,화물,남,53세,상해없음
2016100300100420,2016년 10월 3일 18시,월요일,경상북도 안동시 운흥동,경상사고,0,0,1,0,차대차 - 정면충돌,안전운전불이행,건조,맑음,교차로 - 교차로안,승용,남,45세,상해없음,승용,여,36세,경상
2016100300100421,2016년 10월 3일 18시,월요일,경상북도 김천시 신음동,중상사고,0,1,0,0,차대차 - 측면충돌,안전운전불이행,건조,흐림,단일로 - 기타,승용,남,44세,상해없음,이륜,남,55세,중상
2016100300100422,2016년 10월 3일 18시,월요일,경상북도 포항시 남구 오천읍,중상사고,0,1,0,0,차대차 - 측면충돌,안전운전불이행,건조,맑음,교차로 - 교차로부근,승합,남,62세,상해없음,원동기,남,64세,중상
2016100300100494,2016년 10월 3일 20시,월요일,경상북도 예천군 지보면,경상사고,0,0,1,0,차대차 - 측면충돌,신호위반,건조,맑음,교차로 - 교차로안,승용,여,47세,경상,화물,여,52세,상해없음
2016100300100522,2016년 10월 3일 21시,월요일,경상북도 경주시 황남동,중상사고,0,1,0,0,차대차 - 기타,중앙선침범,건조,맑음,단일로 - 기타,원동기,남,69세,중상,승용,여,51세,상해없음
2016100300100523,2016년 10월 3일 21시,월요일,경상북도 안동시 옥야동,경상사고,0,0,3,0,차대차 - 정면충돌,안전운전불이행,건조,맑음,단일로 - 기타,승용,남,37세,상해없음,승용,남,40세,경상
2016100300100524,2016년 10월 3일 21시,월요일,경상북도 경산시 하양읍,중상사고,0,1,0,0,차대사람 - 기타,안전운전불이행,건조,맑음,단일로 - 기타,이륜,남,18세,상해없음,보행자,남,20세,중상
2016100300100552,2016년 10월 3일 22시,월요일,경상북도 경주시 성건동,중상사고,0,1,0,0,차대사람 - 횡단중,안전운전불이행,건조,맑음,단일로 - 기타,승용,남,22세,상해없음,보행자,남,56세,중상
2016100300100553,2016년 10월 3일 22시,월요일,경상북도 구미시 송정동,중상사고,0,2,0,0,차대차 - 추돌,안전운전불이행,건조,맑음,교차로 - 교차로부근,승용,남,59세,상해없음,승용,남,40세,중상
2016100400100008,2016년 10월 4일 00시,화요일,경상북도 경산시 중방동,경상사고,0,0,2,0,차대차 - 추돌,안전운전불이행,건조,맑음,교차로 - 교차로부근,승용,남,30세,상해없음,승용,여,34세,경상
2016100400100009,2016년 10월 4일 00시,화요일,경상북도 경산시 용성면,사망사고,1,0,0,0,차량단독 - 전도전복,안전운전불이행,건조,맑음,단일로 - 기타,이륜,남,63세,사망,,,,
2016100400100021,2016년 10월 4일 01시,화요일,경상북도 안동시 옥동,경상사고,0,0,1,0,차대사람 - 길가장자리구역통행중,안전운전불이행,건조,맑음,교차로 - 교차로안,승용,남,26세,상해없음,보행자,여,21세,경상
2016100400100035,2016년 10월 4일 04시,화요일,경상북도 경산시 하양읍,경상사고,0,0,1,0,차대차 - 측면충돌,안전운전불이행,건조,맑음,단일로 - 기타,화물,남,42세,상해없음,승용,남,41세,경상
2016100400100036,2016년 10월 4일 04시,화요일,경상북도 울진군 기성면,경상사고,0,0,1,0,차대차 - 추돌,안전운전불이행,건조,맑음,단일로 - 기타,승용,남,69세,경상,특수,남,55세,상해없음
2016100400100037,2016년 10월 4일 04시,화요일,경상북도 구미시 인의동,경상사고,0,0,2,0,차대차 - 측면충돌,신호위반,건조,맑음,교차로 - 교차로안,승용,여,33세,경상,승용,여,47세,경상
2016100400100096,2016년 10월 4일 07시,화요일,경상북도 김천시 삼락동,중상사고,0,1,0,0,차대차 - 측면충돌,안전운전불이행,건조,맑음,교차로 - 교차로안,자전거,남,59세,중상,승용,남,51세,상해없음
2016100400100097,2016년 10월 4일 07시,화요일,경상북도 경산시 신천동,경상사고,0,0,1,0,차대사람 - 차도통행중,안전운전불이행,건조,맑음,단일로 - 기타,승합,남,62세,상해없음,보행자,남,50세,경상
2016100400100098,2016년 10월 4일 07시,화요일,경상북도 포항시 남구 상도동,경상사고,0,0,1,0,차대사람 - 기타,안전운전불이행,건조,맑음,단일로 - 기타,승용,여,49세,상해없음,보행자,여,49세,경상
2016100400100139,2016년 10월 4일 08시,화요일,경상북도 경주시 시래동,경상사고,0,0,1,0,차대차 - 측면충돌,안전운전불이행,건조,맑음,교차로 - 교차로안,승용,남,55세,상해없음,승용,여,42세,경상
2016100400100140,2016년 10월 4일 08시,화요일,경상북도 영주시 봉현면,중상사고,0,1,0,0,차대차 - 측면충돌,안전운전불이행,건조,맑음,단일로 - 기타,승용,남,51세,상해없음,승용,여,29세,중상
2016100400100141,2016년 10월 4일 08시,화요일,경상북도 칠곡군 왜관읍,경상사고,0,0,2,0,차대차 - 정면충돌,직진우회전진행방해,건조,맑음,교차로 - 교차로안,승용,남,35세,상해없음,이륜,남,73세,경상