사고번호,사고일시,요일,시군구,사고내용,사망자수,중상자수,경상자수,부상신고자수,사고유형,법규위반,노면상태,기상상태,도로형태,가해운전자 차종,가해운전자 성별,가해운전자 연령,가해운전자 상해정도,피해운전자 차종,피해운전자 성별,피해운전자 연령,피해운전자 상해정도
2016100400100142,2016년 10월 4일 08시,화요일,경상북도 청도군 화양읍,경상사고,0,0,1,0,차대사람 - 길가장자리구역통행중,안전운전불이행,건조,맑음,기타 - 기타,승용,여,26세,상해없음,보행자,여,70세,경상
2016100400100216,2016년 10월 4일 10시,화요일,경상북도 경주시 황오동,경상사고,0,0,1,0,차대사람 - 차도통행중,안전운전불이행,건조,맑음,단일로 - 기타,원동기,남,80세,상해없음,보행자,여,38세,경상
2016100400100217,2016년 10월 4일 10시,화요일,경상북도 상주시 화동면,중상사고,0,1,0,0,차대사람 - 길가장자리구역통행중,안전운전불이행,건조,맑음,단일로 - 기타,화물,여,66세,상해없음,보행자,여,69세,중상
2016100400100281,2016년 10월 4일 12시,화요일,경상북도 포항시 북구 장성동,경상사고,0,0,1,0,차대차 - 기타,안전운전불이행,건조,맑음,교차로 - 교차로안,승용,여,57세,상해없음,이륜,남,25세,경상
2016100400100282,2016년 10월 4일 12시,화요일,경상북도 포항시 북구 두호동,경상사고,0,0,1,0,차대차 - 정면충돌,안전운전불이행,건조,맑음,교차로 - 교차로부근,승용,남,48세,상해없음,승용,여,38세,경상
2016100400100356,2016년 10월 4일 14시,화요일,경상북도 경주시 안강읍,경상사고,0,0,1,0,차대차 - 측면충돌,안전운전불이행,건조,맑음,단일로 - 기타,승용,남,54세,상해없음,승용,여,47세,경상
2016100400100357,2016년 10월 4일 14시,화요일,경상북도 포항시 북구 죽도동,경상사고,0,0,1,0,차대차 - 정면충돌,기타,건조,맑음,단일로 - 기타,승용,남,36세,상해없음,자전거,남,56세,경상
2016100400100358,2016년 10월 4일 14시,화요일,경상북도 상주시 남성동,경상사고,0,0,1,0,차대차 - 측면충돌,안전운전불이행,건조,맑음,단일로 - 기타,승용,남,48세,상해없음,자전거,남,16세,경상
2016100400100359,2016년 10월 4일 14시,화요일,경상북도 포항시 남구 호동,경상사고,0,0,1,0,차대차 - 기타,안전운전불이행,건조,맑음,단일로 - 기타,화물,남,42세,상해없음,화물,남,20세,경상
2016100400100389,2016년 10월 4일 15시,화요일,경상북도 구미시 형곡동,경상사고,0,0,1,0,차대사람 - 횡단중,보행자보호의무위반,건조,맑음,교차로 - 교차로부근,승용,여,52세,상해없음,보행자,여,15세,경상
2016100400100420,2016년 10월 4일 16시,화요일,경상북도 영천시 야사동,경상사고,0,0,2,0,차대차 - 측면직각충돌,교차로운행방법위반,건조,맑음,교차로 - 교차로안,원동기,남,23세,경상,승용,남,59세,경상
2016100400100421,2016년 10월 4일 16시,화요일,경상북도 청도군 청도읍,중상사고,0,1,0,0,차대사람 - 기타,안전운전불이행,건조,맑음,단일로 - 기타,화물,남,74세,상해없음,보행자,남,79세,중상
2016100400100460,2016년 10월 4일 17시,화요일,경상북도 경주시 황오동,중상사고,0,2,1,0,차대차 - 측면충돌,안전운전불이행,건조,맑음,교차로 - 교차로안,승용,여,55세,상해없음,승용,여,58세,경상
2016100400100461,2016년 10월 4일 17시,화요일,경상북도 상주시 낙양동,경상사고,0,0,1,0,차대차 - 측면직각충돌,중앙선침범,건조,맑음,단일로 - 기타,자전거,남,14세,경상,승용,여,34세,상해없음
2016100400100462,2016년 10월 4일 17시,화요일,경상북도 칠곡군 석적읍,경상사고,0,0,1,0,차대차 - 측면충돌,교차로운행방법위반,건조,맑음,교차로 - 교차로안,건설기계,남,42세,경상,화물,남,56세,상해없음
2016100400100463,2016년 10월 4일 17시,화요일,경상북도 영덕군 영덕읍,경상사고,0,0,1,0,차대차 - 측면충돌,교차로운행방법위반,건조,맑음,교차로 - 교차로안,승용,여,51세,상해없음,승용,여,57세,경상
2016100400100464,2016년 10월 4일 17시,화요일,경상북도 예천군 용문면,중상사고,0,2,1,0,차대차 - 측면직각충돌,안전운전불이행,건조,맑음,단일로 - 기타,승용,여,59세,중상,화물,남,44세,경상
2016100400100514,2016년 10월 4일 18시,화요일,경상북도 포항시 북구 장성동,경상사고,0,0,1,0,차대사람 - 횡단중,중앙선침범,건조,맑음,단일로 - 기타,승용,남,66세,상해없음,보행자,여,42세,경상
2016100400100515,2016년 10월 4일 18시,화요일,경상북도 의성군 의성읍,경상사고,0,0,1,0,차대차 - 측면충돌,교차로운행방법위반,건조,맑음,교차로 - 교차로안,자전거,남,74세,경상,승용,여,54세,상해없음
2016100400100516,2016년 10월 4일 18시,화요일,경상북도 청도군 매전면,중상사고,0,2,0,0,차대차 - 추돌,안전운전불이행,건조,맑음,단일로 - 기타,승용,남,62세,상해없음,농기계,남,65세,중상
2016100400100517,2016년 10월 4일 18시,화요일,경상북도 군위군 효령면,중상사고,0,1,0,0,차대차 - 기타,안전운전불이행,건조,맑음,단일로 - 기타,화물,남,57세,상해없음,화물,남,60세,중상
2016100400100570,2016년 10월 4일 19시,화요일,경상북도 영천시 조교동,경상사고,0,0,1,0,차대차 - 정면충돌,중앙선침범,건조,맑음,단일로 - 기타,화물,남,77세,상해없음,화물,남,49세,경상
2016100400100571,2016년 10월 4일 19시,화요일,경상북도 봉화군 물야면,사망사고,1,0,0,0,차대사람 - 기타,안전운전불이행,건조,맑음,단일로 - 기타,화물,남,53세,상해없음,보행자,남,58세,사망
2016100400100572,2016년 10월 4일 19시,화요일,경상북도 청송군 진보면,경상사고,0,0,1,0,차대차 - 정면충돌,안전운전불이행,건조,맑음,기타 - 기타,승용,남,61세,상해없음,승용,여,24세,경상
2016100400100633,2016년 10월 4일 21시,화요일,경상북도 경산시 중방동,경상사고,0,0,1,1,차대차 - 기타,안전운전불이행,건조,기타,단일로 - 기타,승용,남,57세,상해없음,승용,여,34세,부상신고
2016100400100634,2016년 10월 4일 21시,화요일,경상북도 구미시 봉곡동,경상사고,0,0,1,0,차대차 - 정면충돌,안전운전불이행,건조,맑음,교차로 - 교차로안,자전거,남,48세,경상,승용,남,27세,상해없음
2016100500100117,2016년 10월 5일 07시,수요일,경상북도 칠곡군 기산면,경상사고,0,0,1,0,차량단독 - 전도전복,안전운전불이행,습기,비,단일로 - 기타,승용,남,29세,경상,,,,
2016100500100118,2016년 10월 5일 07시,수요일,경상북도 칠곡군 동명면,경상사고,0,0,1,0,차대차 - 기타,안전운전불이행,습기,비,교차로 - 교차로부근,승용,남,50세,상해없음,승용,여,62세,경상
2016100500100119,2016년 10월 5일 07시,수요일,경상북도 칠곡군 지천면,경상사고,0,0,1,0,차대차 - 추돌,안전운전불이행,습기,비,단일로 - 기타,기타불명,기타불명,기타불명,기타불명,승용,남,36세,경상
2016100500100159,2016년 10월 5일 08시,수요일,경상북도 경주시 현곡면,중상사고,0,1,0,0,차량단독 - 전도전복,안전운전불이행,습기,비,단일로 - 기타,승용,남,50세,중상,,,,
2016100500100188,2016년 10월 5일 09시,수요일,경상북도 경산시 압량면,경상사고,0,0,1,0,차량단독 - 공작물충돌,안전운전불이행,습기,비,단일로 - 기타,화물,남,56세,경상,,,,
2016100500100189,2016년 10월 5일 09시,수요일,경상북도 구미시 구평동,경상사고,0,0,2,2,차대차 - 측면직각충돌,신호위반,습기,비,교차로 - 교차로안,승용,여,28세,상해없음,승합,여,43세,경상
2016100500100241,2016년 10월 5일 11시,수요일,경상북도 상주시 만산동,경상사고,0,0,1,0,차대차 - 추돌,안전거리미확보,건조,맑음,단일로 - 기타,승용,남,52세,상해없음,승용,남,26세,상해없음
2016100500100242,2016년 10월 5일 11시,수요일,경상북도 칠곡군 북삼읍,경상사고,0,0,1,1,차대차 - 정면충돌,교차로운행방법위반,건조,맑음,교차로 - 교차로안,승용,남,61세,부상신고,승용,남,36세,경상
2016100500100243,2016년 10월 5일 11시,수요일,경상북도 예천군 유천면,중상사고,0,3,0,0,차대차 - 정면충돌,중앙선침범,습기,비,단일로 - 기타,승용,여,47세,중상,화물,여,57세,중상
2016100500100244,2016년 10월 5일 11시,수요일,경상북도 포항시 남구 청림동,경상사고,0,0,1,0,차대차 - 기타,안전운전불이행,습기,비,단일로 - 기타,승용,남,44세,상해없음,승용,여,43세,경상
2016100500100272,2016년 10월 5일 12시,수요일,경상북도 안동시 태화동,중상사고,0,1,1,0,차대차 - 정면충돌,중앙선침범,기타,비,단일로 - 기타,승용,남,18세,상해없음,승용,남,42세,경상
2016100500100336,2016년 10월 5일 14시,수요일,경상북도 김천시 용두동,중상사고,0,1,0,0,차대차 - 측면충돌,교차로운행방법위반,건조,맑음,교차로 - 교차로안,화물,남,73세,상해없음,자전거,여,72세,중상
2016100500100374,2016년 10월 5일 15시,수요일,경상북도 영주시 영주동,경상사고,0,0,3,0,차대차 - 추돌,안전운전불이행,건조,맑음,단일로 - 기타,화물,남,63세,상해없음,승용,여,45세,경상
2016100500100375,2016년 10월 5일 15시,수요일,경상북도 문경시 모전동,경상사고,0,0,1,1,차대차 - 측면충돌,안전운전불이행,건조,맑음,단일로 - 기타,승용,여,60세,부상신고,승용,남,52세,경상
2016100500100376,2016년 10월 5일 15시,수요일,경상북도 경산시 서상동,중상사고,0,1,0,0,차대사람 - 기타,기타,건조,맑음,단일로 - 횡단보도상,승용,남,68세,상해없음,보행자,여,67세,중상
2016100500100420,2016년 10월 5일 16시,수요일,경상북도 영주시 상줄동,중상사고,0,1,0,0,차대차 - 측면충돌,안전운전불이행,건조,맑음,교차로 - 교차로안,승용,여,56세,중상,승용,남,71세,상해없음
2016100500100421,2016년 10월 5일 16시,수요일,경상북도 칠곡군 북삼읍,중상사고,0,1,2,0,차대차 - 추돌,안전운전불이행,건조,맑음,교차로 - 교차로부근,승용,여,33세,상해없음,승용,남,33세,중상
2016100500100461,2016년 10월 5일 17시,수요일,경상북도 안동시 당북동,경상사고,0,0,1,0,차대사람 - 보도통행중,보행자보호의무위반,건조,맑음,단일로 - 횡단보도상,승용,남,64세,상해없음,보행자,여,9세,경상
2016100500100511,2016년 10월 5일 18시,수요일,경상북도 포항시 북구 흥해읍,중상사고,0,1,1,0,차대차 - 기타,안전운전불이행,건조,맑음,단일로 - 기타,승용,남,36세,상해없음,승용,남,41세,중상
2016100500100513,2016년 10월 5일 18시,수요일,경상북도 경산시 진량읍,중상사고,0,1,0,0,차대사람 - 횡단중,안전운전불이행,건조,맑음,단일로 - 기타,화물,남,61세,상해없음,보행자,여,51세,중상
2016100500100514,2016년 10월 5일 18시,수요일,경상북도 고령군 대가야읍,부상신고사고,0,0,0,1,차대사람 - 횡단중,보행자보호의무위반,건조,맑음,단일로 - 횡단보도상,승용,여,44세,상해없음,보행자,남,8세,부상신고
2016100500100515,2016년 10월 5일 18시,수요일,경상북도 포항시 남구 오천읍,부상신고사고,0,0,0,1,차대사람 - 기타,안전운전불이행,건조,흐림,교차로 - 교차로안,화물,남,42세,상해없음,보행자,여,69세,부상신고
2016100500100560,2016년 10월 5일 19시,수요일,경상북도 경주시 동부동,경상사고,0,0,1,0,차대사람 - 기타,안전운전불이행,건조,맑음,교차로 - 교차로안,승용,남,48세,상해없음,보행자,남,54세,경상
2016100500100561,2016년 10월 5일 19시,수요일,경상북도 구미시 상모동,경상사고,0,0,2,0,차대차 - 기타,교차로운행방법위반,건조,맑음,교차로 - 교차로안,승용,여,49세,상해없음,이륜,남,63세,경상
2016100500100562,2016년 10월 5일 19시,수요일,경상북도 구미시 봉곡동,중상사고,0,2,0,0,차대차 - 기타,교차로운행방법위반,건조,맑음,교차로 - 교차로안,승용,남,56세,상해없음,이륜,여,18세,중상
2016100500100598,2016년 10월 5일 20시,수요일,경상북도 안동시 안기동,경상사고,0,0,1,0,차대차 - 정면충돌,불법유턴,건조,맑음,단일로 - 기타,승용,남,47세,상해없음,승용,남,24세,경상
2016100500100599,2016년 10월 5일 20시,수요일,경상북도 문경시 모전동,경상사고,0,0,1,0,차대차 - 측면직각충돌,중앙선침범,건조,맑음,교차로 - 교차로부근,승용,남,25세,상해없음,이륜,남,42세,경상
2016100500100623,2016년 10월 5일 21시,수요일,경상북도 상주시 냉림동,중상사고,0,1,0,0,차대차 - 정면충돌,안전운전불이행,건조,맑음,미분류 - 미분류,자전거,남,36세,상해없음,자전거,여,53세,중상
2016100500100652,2016년 10월 5일 22시,수요일,경상북도 구미시 임은동,경상사고,0,0,2,0,차대차 - 추돌,안전거리미확보,건조,맑음,단일로 - 기타,승용,남,27세,상해없음,승용,남,40세,경상
2016100500100675,2016년 10월 5일 23시,수요일,경상북도 경산시 백천동,경상사고,0,0,1,0,차대차 - 추돌,안전거리미확보,건조,맑음,단일로 - 기타,승용,남,29세,상해없음,승용,여,43세,경상
2016100600100012,2016년 10월 6일 00시,목요일,경상북도 구미시 공단동,중상사고,0,1,0,0,차량단독 - 공작물충돌,안전운전불이행,건조,맑음,교차로 - 교차로안,승용,남,28세,중상,,,,
2016100600100029,2016년 10월 6일 01시,목요일,경상북도 영주시 휴천동,경상사고,0,0,2,0,차대사람 - 기타,안전운전불이행,건조,맑음,단일로 - 기타,승용,남,49세,상해없음,보행자,남,60세,경상
2016100600100041,2016년 10월 6일 02시,목요일,경상북도 구미시 고아읍,경상사고,0,0,3,0,차대차 - 정면충돌,신호위반,건조,맑음,교차로 - 교차로안,승용,여,59세,경상,승용,남,22세,경상
2016100600100059,2016년 10월 6일 04시,목요일,경상북도 김천시 평화동,경상사고,0,0,2,0,차대차 - 측면충돌,교차로운행방법위반,건조,맑음,교차로 - 교차로안,승용,남,41세,상해없음,승용,남,20세,상해없음
2016100600100098,2016년 10월 6일 07시,목요일,경상북도 영주시 상망동,경상사고,0,0,1,0,차대차 - 측면충돌,안전운전불이행,건조,맑음,교차로 - 교차로안,승용,여,55세,상해없음,자전거,여,51세,경상
2016100600100099,2016년 10월 6일 07시,목요일,경상북도 경산시 서상동,중상사고,0,1,0,0,차대사람 - 기타,안전운전불이행,건조,맑음,교차로 - 교차로안,승용,남,44세,상해없음,보행자,여,75세,중상
2016100600100100,2016년 10월 6일 07시,목요일,경상북도 포항시 남구 송내동,중상사고,0,1,0,0,차대차 - 측면충돌,안전운전불이행,건조,맑음,교차로 - 교차로안,화물,남,38세,상해없음,이륜,남,60세,중상
2016100600100137,2016년 10월 6일 08시,목요일,경상북도 경주시 외동읍,경상사고,0,0,1,0,차대차 - 측면충돌,중앙선침범,건조,맑음,단일로 - 기타,원동기,여,63세,상해없음,승용,여,49세,경상
2016100600100138,2016년 10월 6일 08시,목요일,경상북도 김천시 대광동,경상사고,0,0,1,0,차대차 - 측면충돌,중앙선침범,건조,맑음,단일로 - 기타,승용,남,66세,상해없음,승용,남,34세,경상
2016100600100139,2016년 10월 6일 08시,목요일,경상북도 김천시 양천동,경상사고,0,0,3,0,차대차 - 측면충돌,안전운전불이행,기타,안개,교차로 - 교차로안,승용,여,27세,경상,승용,여,38세,경상
2016100600100176,2016년 10월 6일 09시,목요일,경상북도 포항시 북구 흥해읍,중상사고,0,1,0,0,차대차 - 기타,신호위반,건조,맑음,교차로 - 교차로안,승용,여,56세,상해없음,원동기,남,76세,중상
2016100600100177,2016년 10월 6일 09시,목요일,경상북도 의성군 의성읍,중상사고,0,1,0,0,차대차 - 측면충돌,안전운전불이행,건조,맑음,교차로 - 교차로안,화물,남,77세,상해없음,자전거,여,50세,중상
2016100600100200,2016년 10월 6일 10시,목요일,경상북도 포항시 북구 장성동,경상사고,0,0,1,0,차대차 - 정면충돌,교차로운행방법위반,건조,맑음,교차로 - 교차로안,승용,남,45세,상해없음,승용,여,58세,경상
2016100600100201,2016년 10월 6일 10시,목요일,경상북도 포항시 북구 죽도동,중상사고,0,1,0,0,차량단독 - 기타,안전운전불이행,건조,맑음,단일로 - 기타,승합,남,44세,상해없음,,,,
2016100600100202,2016년 10월 6일 10시,목요일,경상북도 의성군 안계면,중상사고,0,1,1,0,차대차 - 측면직각충돌,직진우회전진행방해,건조,맑음,교차로 - 교차로안,화물,남,60세,상해없음,승용,남,68세,중상
2016100600100203,2016년 10월 6일 10시,목요일,경상북도 영천시 금호읍,경상사고,0,0,2,0,차대차 - 추돌,안전거리미확보,습기,맑음,단일로 - 기타,화물,남,41세,경상,승용,여,34세,경상
2016100600100204,2016년 10월 6일 10시,목요일,경상북도 영천시 금호읍,경상사고,0,0,1,0,차대차 - 추돌,안전거리미확보,건조,맑음,단일로 - 기타,화물,남,55세,상해없음,화물,남,41세,경상
2016100600100205,2016년 10월 6일 10시,목요일,경상북도 경산시 진량읍,중상사고,0,1,0,0,차대차 - 정면충돌,교차로운행방법위반,건조,맑음,교차로 - 교차로안,화물,남,55세,상해없음,승용,남,36세,중상
2016100600100206,2016년 10월 6일 10시,목요일,경상북도 군위군 군위읍,경상사고,0,0,3,0,차대차 - 추돌,안전거리미확보,건조,맑음,단일로 - 기타,화물,남,59세,경상,화물,남,58세,경상
2016100600100207,2016년 10월 6일 10시,목요일,경상북도 포항시 남구 송내동,경상사고,0,0,3,0,차대차 - 측면충돌,안전거리미확보,건조,맑음,단일로 - 기타,건설기계,남,46세,상해없음,승용,남,54세,경상
2016100600100234,2016년 10월 6일 11시,목요일,경상북도 경주시 성동동,중상사고,0,1,0,0,차대차 - 측면충돌,신호위반,건조,맑음,교차로 - 교차로안,승용,여,40세,상해없음,원동기,남,76세,중상
2016100600100235,2016년 10월 6일 11시,목요일,경상북도 구미시 송정동,경상사고,0,0,2,0,차대차 - 측면직각충돌,교차로운행방법위반,건조,맑음,교차로 - 교차로안,승용,여,49세,경상,승용,남,33세,경상
2016100600100277,2016년 10월 6일 12시,목요일,경상북도 예천군 개포면,중상사고,0,1,0,0,차대차 - 정면충돌,중앙선침범,건조,맑음,단일로 - 기타,화물,남,63세,상해없음,이륜,남,73세,중상
2016100600100305,2016년 10월 6일 13시,목요일,경상북도 상주시 냉림동,경상사고,0,0,1,0,차대차 - 추돌,안전운전불이행,건조,맑음,단일로 - 기타,자전거,여,56세,경상,자전거,남,14세,상해없음
2016100600100338,2016년 10월 6일 14시,목요일,경상북도 군위군 의흥면,중상사고,0,2,0,0,차대차 - 측면충돌,교차로운행방법위반,건조,맑음,교차로 - 교차로안,화물,남,57세,상해없음,이륜,남,83세,중상
2016100600100339,2016년 10월 6일 14시,목요일,경상북도 포항시 남구 송내동,경상사고,0,0,1,0,차대차 - 측면충돌,차로위반,건조,맑음,단일로 - 기타,건설기계,남,44세,상해없음,승용,남,44세,경상
2016100600100380,2016년 10월 6일 15시,목요일,경상북도 김천시 대덕면,경상사고,0,0,2,0,차대차 - 측면직각충돌,안전운전불이행,건조,맑음,단일로 - 기타,승용,남,68세,상해없음,이륜,남,49세,경상
2016100600100381,2016년 10월 6일 15시,목요일,경상북도 김천시 삼락동,중상사고,0,1,0,0,차대차 - 기타,교차로운행방법위반,건조,맑음,교차로 - 교차로안,승용,남,51세,상해없음,이륜,남,31세,중상
2016100600100382,2016년 10월 6일 15시,목요일,경상북도 상주시 화서면,중상사고,0,1,0,0,차대차 - 측면직각충돌,중앙선침범,건조,흐림,단일로 - 기타,화물,남,68세,상해없음,원동기,남,64세,중상
2016100600100383,2016년 10월 6일 15시,목요일,경상북도 칠곡군 석적읍,부상신고사고,0,0,0,1,차량단독 - 전도전복,안전운전불이행,건조,맑음,단일로 - 기타,화물,남,46세,부상신고,,,,
2016100600100384,2016년 10월 6일 15시,목요일,경상북도 영천시 고경면,중상사고,0,1,1,0,차대차 - 추돌,안전운전불이행,건조,맑음,단일로 - 기타,승용,남,32세,경상,농기계,남,19세,중상
2016100600100423,2016년 10월 6일 16시,목요일,경상북도 청송군 진보면,중상사고,0,1,0,0,차대차 - 측면충돌,안전운전불이행,건조,맑음,단일로 - 기타,화물,남,53세,상해없음,원동기,여,67세,중상
2016100600100463,2016년 10월 6일 17시,목요일,경상북도 안동시 서후면,중상사고,0,1,1,0,차대차 - 정면충돌,안전운전불이행,건조,맑음,교차로 - 교차로부근,화물,남,51세,상해없음,화물,남,37세,경상
2016100600100464,2016년 10월 6일 17시,목요일,경상북도 칠곡군 가산면,경상사고,0,0,1,0,차량단독 - 전도전복,안전운전불이행,건조,맑음,단일로 - 기타,승용,여,30세,경상,,,,
2016100600100506,2016년 10월 6일 18시,목요일,경상북도 경주시 황성동,경상사고,0,0,1,0,차대차 - 측면충돌,안전운전불이행,건조,맑음,단일로 - 기타,자전거,남,15세,상해없음,자전거,여,68세,경상
2016100600100507,2016년 10월 6일 18시,목요일,경상북도 청송군 부동면,중상사고,0,2,0,0,차대차 - 정면충돌,중앙선침범,건조,맑음,단일로 - 기타,승용,남,55세,중상,화물,여,58세,중상
2016100600100508,2016년 10월 6일 18시,목요일,경상북도 구미시 고아읍,중상사고,0,1,0,0,차대차 - 추돌,안전운전불이행,건조,맑음,교차로 - 교차로부근,화물,남,32세,상해없음,자전거,여,73세,중상
2016100600100509,2016년 10월 6일 18시,목요일,경상북도 구미시 황상동,경상사고,0,0,2,0,차대차 - 추돌,안전거리미확보,건조,맑음,단일로 - 기타,승용,여,54세,상해없음,화물,남,62세,경상
2016100600100510,2016년 10월 6일 18시,목요일,경상북도 구미시 지산동,경상사고,0,0,1,0,차대차 - 측면충돌,안전운전불이행,건조,맑음,단일로 - 기타,승용,여,53세,상해없음,승용,여,34세,경상
2016100600100511,2016년 10월 6일 18시,목요일,경상북도 포항시 남구 오천읍,중상사고,0,1,0,0,차대사람 - 횡단중,안전운전불이행,건조,맑음,단일로 - 기타,이륜,남,37세,상해없음,보행자,남,16세,중상
2016100600100554,2016년 10월 6일 19시,목요일,경상북도 안동시 서후면,부상신고사고,0,0,0,1,차대사람 - 기타,안전운전불이행,건조,맑음,단일로 - 기타,승용,남,62세,상해없음,보행자,남,19세,부상신고
2016100600100555,2016년 10월 6일 19시,목요일,경상북도 구미시 봉곡동,부상신고사고,0,0,0,1,차대차 - 측면충돌,안전운전불이행,건조,맑음,단일로 - 기타,기타불명,기타불명,기타불명,기타불명,이륜,남,17세,부상신고
2016100600100603,2016년 10월 6일 20시,목요일,경상북도 안동시 송현동,중상사고,0,1,0,0,차대사람 - 보도통행중,안전운전불이행,건조,맑음,교차로 - 교차로안,승용,여,40세,상해없음,보행자,남,52세,중상
2016100600100604,2016년 10월 6일 20시,목요일,경상북도 울릉군 북면,사망사고,1,0,0,0,차량단독 - 전도전복,안전운전불이행,건조,맑음,교차로 - 교차로부근,이륜,남,74세,사망,,,,
2016100600100653,2016년 10월 6일 22시,목요일,경상북도 경산시 계양동,경상사고,0,0,1,0,차대차 - 추돌,안전운전불이행,건조,맑음,교차로 - 교차로부근,승용,남,60세,상해없음,승용,여,36세,경상
2016100600100654,2016년 10월 6일 22시,목요일,경상북도 구미시 임수동,중상사고,0,1,0,0,차대차 - 측면충돌,신호위반,건조,맑음,교차로 - 교차로안,화물,남,26세,상해없음,이륜,남,25세,중상
2016100600100655,2016년 10월 6일 22시,목요일,경상북도 구미시 진평동,경상사고,0,0,1,1,차대차 - 측면충돌,신호위반,습기,비,교차로 - 교차로안,승용,남,20세,상해없음,승용,남,30세,경상
2016100600100678,2016년 10월 6일 23시,목요일,경상북도 영주시 문수면,중상사고,0,2,0,1,차대차 - 추돌,안전운전불이행,건조,맑음,단일로 - 기타,승용,남,20세,부상신고,승용,남,47세,중상
2016100700100010,2016년 10월 7일 00시,금요일,경상북도 칠곡군 석적읍,중상사고,0,1,2,0,차량단독 - 전도전복,안전운전불이행,건조,맑음,단일로 - 기타,승용,남,18세,경상,,,,
2016100700100026,2016년 10월 7일 01시,금요일,경상북도 포항시 북구 장성동,중상사고,0,1,0,0,차대사람 - 횡단중,보행자보호의무위반,건조,맑음,단일로 - 횡단보도상,승용,남,56세,상해없음,보행자,남,55세,중상
2016100700100027,2016년 10월 7일 01시,금요일,경상북도 영천시 금노동,중상사고,0,1,1,0,차대차 - 측면직각충돌,신호위반,건조,맑음,교차로 - 교차로안,승용,남,47세,상해없음,승용,남,55세,중상
2016100700100038,2016년 10월 7일 02시,금요일,경상북도 칠곡군 가산면,경상사고,0,0,1,0,차대차 - 추돌,안전운전불이행,건조,맑음,단일로 - 기타,승용,여,32세,경상,화물,남,54세,기타불명
2016100700100039,2016년 10월 7일 02시,금요일,경상북도 구미시 고아읍,중상사고,0,3,1,1,차대차 - 측면충돌,안전운전불이행,건조,맑음,교차로 - 교차로안,승용,남,43세,부상신고,승용,남,22세,중상
2016100700100079,2016년 10월 7일 06시,금요일,경상북도 영천시 북안면,경상사고,0,0,1,0,차량단독 - 전도전복,안전운전불이행,건조,맑음,단일로 - 기타,화물,남,55세,경상,,,,
2016100700100109,2016년 10월 7일 07시,금요일,경상북도 포항시 북구 흥해읍,경상사고,0,0,1,0,차대차 - 기타,안전운전불이행,건조,맑음,단일로 - 기타,승용,남,35세,상해없음,승용,남,32세,경상
2016100700100110,2016년 10월 7일 07시,금요일,경상북도 안동시 북후면,중상사고,0,1,0,0,차대차 - 측면직각충돌,안전운전불이행,건조,맑음,단일로 - 기타,화물,남,45세,상해없음,농기계,남,68세,중상
2016100700100111,2016년 10월 7일 07시,금요일,경상북도 성주군 대가면,사망사고,1,0,0,0,차량단독 - 전도전복,안전운전불이행,건조,기타,단일로 - 기타,이륜,남,73세,사망,,,,
2016100700100149,2016년 10월 7일 08시,금요일,경상북도 상주시 남성동,경상사고,0,0,1,0,차대차 - 측면직각충돌,교차로운행방법위반,건조,맑음,교차로 - 교차로안,승용,남,39세,상해없음,자전거,여,14세,경상
2016100700100150,2016년 10월 7일 08시,금요일,경상북도 포항시 남구 대도동,경상사고,0,0,1,0,차대차 - 측면충돌,안전운전불이행,건조,맑음,단일로 - 기타,승용,남,67세,상해없음,승용,여,40세,경상
2016100700100184,2016년 10월 7일 09시,금요일,경상북도 영덕군 강구면,중상사고,0,2,2,0,차대차 - 측면충돌,중앙선침범,건조,맑음,단일로 - 기타,화물,남,68세,경상,승용,남,48세,중상
2016100700100216,2016년 10월 7일 10시,금요일,경상북도 포항시 북구 용흥동,중상사고,0,1,0,0,차대차 - 정면충돌,신호위반,건조,맑음,교차로 - 교차로안,화물,남,61세,상해없음,승용,남,49세,중상
2016100700100217,2016년 10월 7일 10시,금요일,경상북도 김천시 부항면,경상사고,0,0,1,0,차량단독 - 전도전복,안전운전불이행,건조,맑음,단일로 - 기타,이륜,남,77세,경상,,,,
2016100700100252,2016년 10월 7일 11시,금요일,경상북도 영주시 풍기읍,중상사고,0,1,1,0,차대차 - 측면충돌,교차로운행방법위반,건조,맑음,교차로 - 교차로안,승용,남,44세,경상,승용,여,51세,중상
2016100700100253,2016년 10월 7일 11시,금요일,경상북도 경산시 백천동,경상사고,0,0,1,0,차대사람 - 횡단중,보행자보호의무위반,건조,맑음,교차로 - 교차로안,승용,남,52세,상해없음,보행자,여,76세,경상
2016100700100284,2016년 10월 7일 12시,금요일,경상북도 경주시 성건동,경상사고,0,0,1,0,차대차 - 측면충돌,신호위반,건조,맑음,교차로 - 교차로안,승용,여,49세,경상,승용,남,48세,상해없음
2016100700100285,2016년 10월 7일 12시,금요일,경상북도 청도군 청도읍,중상사고,0,1,0,0,차대사람 - 차도통행중,안전운전불이행,건조,맑음,기타 - 기타,승용,여,62세,상해없음,보행자,여,58세,중상
2016100700100317,2016년 10월 7일 13시,금요일,경상북도 포항시 남구 오천읍,경상사고,0,0,2,0,차대차 - 측면충돌,직진우회전진행방해,건조,맑음,교차로 - 교차로안,승용,남,33세,경상,화물,남,56세,경상
2016100700100318,2016년 10월 7일 13시,금요일,경상북도 포항시 남구 상도동,경상사고,0,0,1,0,차대사람 - 횡단중,안전운전불이행,건조,맑음,교차로 - 교차로안,화물,남,45세,상해없음,보행자,여,49세,경상