사고번호,사고일시,요일,시군구,사고내용,사망자수,중상자수,경상자수,부상신고자수,사고유형,법규위반,노면상태,기상상태,도로형태,가해운전자 차종,가해운전자 성별,가해운전자 연령,가해운전자 상해정도,피해운전자 차종,피해운전자 성별,피해운전자 연령,피해운전자 상해정도
2016100700100342,2016년 10월 7일 14시,금요일,경상북도 문경시 가은읍,경상사고,0,0,1,0,차대차 - 측면충돌,안전운전불이행,건조,맑음,교차로 - 교차로안,화물,여,57세,상해없음,원동기,남,75세,경상
2016100700100343,2016년 10월 7일 14시,금요일,경상북도 예천군 용문면,중상사고,0,1,0,0,차대차 - 측면충돌,안전운전불이행,건조,맑음,단일로 - 기타,이륜,남,82세,중상,특수,남,34세,상해없음
2016100700100389,2016년 10월 7일 15시,금요일,경상북도 경주시 구정동,중상사고,0,1,2,0,차대차 - 기타,안전운전불이행,건조,맑음,단일로 - 기타,승용,남,56세,경상,화물,남,25세,경상
2016100700100390,2016년 10월 7일 15시,금요일,경상북도 포항시 남구 송도동,중상사고,0,2,0,0,차대차 - 측면직각충돌,신호위반,건조,맑음,교차로 - 교차로안,원동기,여,60세,중상,승용,남,68세,중상
2016100700100431,2016년 10월 7일 16시,금요일,경상북도 경주시 강동면,경상사고,0,0,2,0,차대차 - 측면충돌,중앙선침범,건조,맑음,단일로 - 기타,승용,남,67세,경상,승용,남,69세,경상
2016100700100432,2016년 10월 7일 16시,금요일,경상북도 안동시 태화동,경상사고,0,0,1,0,차대차 - 측면직각충돌,중앙선침범,건조,맑음,단일로 - 기타,자전거,남,76세,경상,승용,여,53세,상해없음
2016100700100433,2016년 10월 7일 16시,금요일,경상북도 구미시 옥계동,부상신고사고,0,0,0,1,차대차 - 정면충돌,안전운전불이행,건조,맑음,단일로 - 기타,이륜,남,22세,부상신고,승용,남,31세,상해없음
2016100700100434,2016년 10월 7일 16시,금요일,경상북도 구미시 봉곡동,부상신고사고,0,0,0,1,차대차 - 기타,안전운전불이행,건조,맑음,교차로 - 교차로안,이륜,남,34세,부상신고,승용,여,44세,상해없음
2016100700100471,2016년 10월 7일 17시,금요일,경상북도 영주시 영주동,경상사고,0,0,1,0,차대사람 - 횡단중,안전운전불이행,건조,맑음,단일로 - 기타,승용,남,55세,상해없음,보행자,여,12세,경상
2016100700100472,2016년 10월 7일 17시,금요일,경상북도 문경시 가은읍,경상사고,0,0,2,0,차대차 - 측면충돌,중앙선침범,습기,비,교차로 - 교차로부근,화물,여,55세,경상,승용,여,33세,경상
2016100700100473,2016년 10월 7일 17시,금요일,경상북도 포항시 남구 송도동,경상사고,0,0,2,0,차대차 - 정면충돌,직진우회전진행방해,건조,흐림,교차로 - 교차로안,승용,여,66세,상해없음,자전거,남,77세,경상
2016100700100522,2016년 10월 7일 18시,금요일,경상북도 안동시 목성동,경상사고,0,0,1,0,차대사람 - 보도통행중,보행자보호의무위반,습기,비,단일로 - 기타,승용,여,65세,상해없음,보행자,남,31세,경상
2016100700100523,2016년 10월 7일 18시,금요일,경상북도 영주시 상망동,경상사고,0,0,1,0,차대차 - 측면충돌,안전운전불이행,습기,비,교차로 - 교차로안,원동기,남,33세,경상,승용,남,45세,상해없음
2016100700100524,2016년 10월 7일 18시,금요일,경상북도 문경시 모전동,경상사고,0,0,1,0,차대사람 - 기타,안전운전불이행,습기,비,단일로 - 기타,승용,여,45세,상해없음,보행자,남,56세,경상
2016100700100525,2016년 10월 7일 18시,금요일,경상북도 경산시 사동,경상사고,0,0,2,0,차대사람 - 횡단중,안전운전불이행,건조,맑음,단일로 - 기타,이륜,남,17세,기타불명,보행자,여,33세,경상
2016100700100526,2016년 10월 7일 18시,금요일,경상북도 경산시 옥곡동,경상사고,0,0,1,0,차대차 - 기타,안전운전불이행,습기,비,단일로 - 기타,화물,남,47세,상해없음,이륜,남,29세,경상
2016100700100527,2016년 10월 7일 18시,금요일,경상북도 경산시 대평동,경상사고,0,0,1,0,차대차 - 정면충돌,안전운전불이행,건조,맑음,단일로 - 기타,화물,남,33세,상해없음,승용,여,51세,경상
2016100700100528,2016년 10월 7일 18시,금요일,경상북도 포항시 남구 인덕동,경상사고,0,0,2,0,차대차 - 측면직각충돌,안전운전불이행,습기,비,교차로 - 교차로안,승용,남,47세,경상,화물,남,46세,경상
2016100700100615,2016년 10월 7일 19시,금요일,경상북도 청송군 현서면,사망사고,1,1,0,0,차대차 - 정면충돌,중앙선침범,습기,비,단일로 - 기타,승용,남,25세,중상,화물,남,47세,사망
2016100700100616,2016년 10월 7일 19시,금요일,경상북도 구미시 신평동,경상사고,0,0,2,0,차대차 - 측면충돌,안전거리미확보,습기,비,단일로 - 기타,승용,남,35세,상해없음,승용,남,40세,경상
2016100700100617,2016년 10월 7일 19시,금요일,경상북도 구미시 원평동,경상사고,0,0,1,0,차대사람 - 횡단중,보행자보호의무위반,습기,비,단일로 - 기타,승용,여,31세,상해없음,보행자,남,66세,경상
2016100700100674,2016년 10월 7일 20시,금요일,경상북도 구미시 사곡동,경상사고,0,0,1,0,차대사람 - 횡단중,안전운전불이행,습기,비,단일로 - 기타,승용,여,33세,상해없음,보행자,남,51세,경상
2016100700100731,2016년 10월 7일 21시,금요일,경상북도 포항시 북구 죽도동,경상사고,0,0,2,0,차대차 - 추돌,안전운전불이행,건조,맑음,단일로 - 기타,승용,남,49세,상해없음,승용,남,62세,경상
2016100700100732,2016년 10월 7일 21시,금요일,경상북도 영주시 휴천동,중상사고,0,1,0,0,차대사람 - 횡단중,안전운전불이행,습기,비,단일로 - 기타,승용,남,60세,상해없음,보행자,여,69세,중상
2016100700100733,2016년 10월 7일 21시,금요일,경상북도 경산시 진량읍,중상사고,0,1,0,0,차대차 - 추돌,안전운전불이행,건조,맑음,교차로 - 교차로안,승합,남,43세,상해없음,승용,남,61세,중상
2016100700100734,2016년 10월 7일 21시,금요일,경상북도 구미시 도량동,경상사고,0,0,2,0,차대차 - 추돌,안전운전불이행,습기,비,교차로 - 교차로부근,화물,남,59세,상해없음,승합,남,40세,경상
2016100700100735,2016년 10월 7일 21시,금요일,경상북도 포항시 남구 대도동,경상사고,0,0,1,0,차대차 - 추돌,안전거리미확보,습기,비,단일로 - 기타,승용,남,41세,상해없음,승용,남,38세,경상
2016100700100736,2016년 10월 7일 21시,금요일,경상북도 김천시 봉산면,경상사고,0,0,1,0,차대차 - 추돌,안전운전불이행,습기,비,단일로 - 기타,승용,여,23세,상해없음,승용,남,53세,경상
2016100700100779,2016년 10월 7일 22시,금요일,경상북도 구미시 진평동,중상사고,0,1,0,0,차대차 - 정면충돌,교차로운행방법위반,습기,비,교차로 - 교차로안,승용,남,59세,상해없음,자전거,남,30세,중상
2016100700100818,2016년 10월 7일 23시,금요일,경상북도 영주시 풍기읍,경상사고,0,0,1,0,차대사람 - 길가장자리구역통행중,안전운전불이행,습기,비,단일로 - 기타,승용,여,28세,상해없음,보행자,남,23세,경상
2016100800100039,2016년 10월 8일 00시,토요일,경상북도 김천시 삼락동,중상사고,0,1,3,0,차대차 - 측면충돌,교차로운행방법위반,건조,맑음,교차로 - 교차로안,승용,남,19세,상해없음,승용,남,56세,경상
2016100800100078,2016년 10월 8일 01시,토요일,경상북도 구미시 원평동,중상사고,0,1,0,0,차대사람 - 횡단중,안전운전불이행,습기,비,기타 - 기타,이륜,남,52세,상해없음,보행자,여,50세,중상
2016100800100176,2016년 10월 8일 05시,토요일,경상북도 안동시 송현동,경상사고,0,0,1,0,차대차 - 추돌,안전운전불이행,습기,비,교차로 - 교차로부근,승용,남,37세,상해없음,승용,여,46세,경상
2016100800100194,2016년 10월 8일 06시,토요일,경상북도 포항시 북구 흥해읍,중상사고,0,1,1,0,차대차 - 정면충돌,안전운전불이행,습기,비,단일로 - 기타,화물,남,35세,중상,화물,남,49세,경상
2016100800100219,2016년 10월 8일 07시,토요일,경상북도 경주시 황성동,중상사고,0,1,1,0,차대차 - 측면충돌,신호위반,건조,맑음,교차로 - 교차로안,이륜,남,31세,중상,승용,남,24세,경상
2016100800100239,2016년 10월 8일 08시,토요일,경상북도 포항시 북구 청하면,중상사고,0,1,0,0,차량단독 - 전도전복,안전운전불이행,습기,비,단일로 - 기타,승용,남,45세,중상,,,,
2016100800100240,2016년 10월 8일 08시,토요일,경상북도 안동시 광석동,중상사고,0,1,0,0,차대사람 - 보도통행중,보행자보호의무위반,습기,비,교차로 - 교차로부근,승용,여,34세,상해없음,보행자,여,74세,중상
2016100800100241,2016년 10월 8일 08시,토요일,경상북도 예천군 풍양면,사망사고,1,0,0,0,차대차 - 측면충돌,안전운전불이행,습기,비,교차로 - 교차로안,승용,남,26세,상해없음,원동기,남,83세,사망
2016100800100242,2016년 10월 8일 08시,토요일,경상북도 구미시 임은동,경상사고,0,0,1,0,차대차 - 추돌,신호위반,습기,비,교차로 - 교차로안,승용,남,35세,상해없음,승용,남,42세,경상
2016100800100243,2016년 10월 8일 08시,토요일,경상북도 포항시 남구 대잠동,경상사고,0,0,1,0,차대차 - 측면직각충돌,안전운전불이행,습기,비,단일로 - 기타,화물,남,62세,상해없음,승용,여,44세,경상
2016100800100272,2016년 10월 8일 09시,토요일,경상북도 울진군 후포면,중상사고,0,1,0,0,차대차 - 측면충돌,안전운전불이행,습기,비,단일로 - 기타,원동기,여,64세,중상,화물,남,63세,상해없음
2016100800100305,2016년 10월 8일 10시,토요일,경상북도 의성군 안계면,중상사고,0,2,0,1,차대차 - 측면충돌,교차로운행방법위반,습기,비,교차로 - 교차로안,승용,남,18세,상해없음,승용,남,80세,중상
2016100800100306,2016년 10월 8일 10시,토요일,경상북도 성주군 초전면,중상사고,0,1,0,0,차대차 - 정면충돌,중앙선침범,습기,비,교차로 - 교차로부근,특수,남,60세,상해없음,화물,남,67세,중상
2016100800100307,2016년 10월 8일 10시,토요일,경상북도 구미시 진평동,경상사고,0,0,1,0,차대차 - 추돌,안전운전불이행,습기,비,단일로 - 기타,승용,남,24세,상해없음,승용,남,42세,경상
2016100800100308,2016년 10월 8일 10시,토요일,경상북도 포항시 남구 해도동,중상사고,0,1,0,0,차대차 - 기타,중앙선침범,습기,흐림,단일로 - 기타,화물,남,65세,상해없음,원동기,남,36세,중상
2016100800100309,2016년 10월 8일 10시,토요일,경상북도 포항시 남구 해도동,경상사고,0,0,2,0,차대차 - 측면충돌,안전운전불이행,건조,맑음,단일로 - 기타,승용,여,67세,상해없음,승용,남,27세,경상
2016100800100331,2016년 10월 8일 11시,토요일,경상북도 상주시 낙양동,경상사고,0,0,3,1,차대차 - 측면충돌,교차로운행방법위반,건조,맑음,교차로 - 교차로안,승용,여,47세,상해없음,화물,남,54세,경상
2016100800100332,2016년 10월 8일 11시,토요일,경상북도 군위군 소보면,경상사고,0,0,2,0,차대차 - 정면충돌,중앙선침범,습기,비,단일로 - 기타,화물,남,61세,경상,화물,남,59세,경상
2016100800100402,2016년 10월 8일 13시,토요일,경상북도 영주시 안정면,경상사고,0,0,1,0,차대사람 - 횡단중,안전운전불이행,건조,맑음,교차로 - 교차로안,승용,남,75세,상해없음,보행자,여,90세 이상,경상
2016100800100403,2016년 10월 8일 13시,토요일,경상북도 칠곡군 왜관읍,사망사고,1,0,0,0,차대사람 - 기타,중앙선침범,건조,맑음,단일로 - 기타,화물,남,26세,상해없음,보행자,여,60세,사망
2016100800100404,2016년 10월 8일 13시,토요일,경상북도 구미시 송정동,중상사고,0,1,0,0,차대사람 - 횡단중,보행자보호의무위반,기타,기타,교차로 - 교차로안,화물,남,54세,상해없음,보행자,여,63세,중상
2016100800100437,2016년 10월 8일 14시,토요일,경상북도 영덕군 강구면,중상사고,0,1,0,0,차대사람 - 횡단중,안전운전불이행,건조,맑음,단일로 - 기타,승용,남,57세,상해없음,보행자,남,76세,중상
2016100800100438,2016년 10월 8일 14시,토요일,경상북도 예천군 예천읍,경상사고,0,0,1,0,차량단독 - 공작물충돌,안전운전불이행,건조,맑음,단일로 - 기타,승용,여,61세,경상,,,,
2016100800100472,2016년 10월 8일 15시,토요일,경상북도 경산시 옥산동,경상사고,0,0,1,0,차대차 - 정면충돌,안전운전불이행,건조,맑음,교차로 - 교차로안,기타불명,기타불명,기타불명,기타불명,승용,여,46세,경상
2016100800100473,2016년 10월 8일 15시,토요일,경상북도 구미시 봉곡동,부상신고사고,0,0,0,1,차대차 - 측면충돌,안전운전불이행,기타,기타,교차로 - 교차로부근,이륜,남,44세,부상신고,승용,남,59세,상해없음
2016100800100511,2016년 10월 8일 16시,토요일,경상북도 김천시 부곡동,중상사고,0,1,0,0,차대사람 - 차도통행중,안전운전불이행,건조,맑음,교차로 - 교차로안,승용,남,62세,상해없음,보행자,남,74세,중상
2016100800100547,2016년 10월 8일 17시,토요일,경상북도 경주시 용강동,중상사고,0,1,0,0,차대차 - 측면충돌,안전거리미확보,건조,맑음,미분류 - 미분류,승용,남,63세,상해없음,이륜,남,22세,중상
2016100800100548,2016년 10월 8일 17시,토요일,경상북도 문경시 모전동,경상사고,0,0,2,0,차대차 - 측면충돌,직진우회전진행방해,건조,맑음,교차로 - 교차로안,화물,남,68세,상해없음,승용,여,44세,경상
2016100800100549,2016년 10월 8일 17시,토요일,경상북도 구미시 인의동,중상사고,0,1,0,0,차대차 - 측면직각충돌,신호위반,건조,맑음,교차로 - 교차로안,승용,남,42세,상해없음,이륜,남,22세,중상
2016100800100603,2016년 10월 8일 18시,토요일,경상북도 문경시 모전동,중상사고,0,2,0,0,차대차 - 정면충돌,신호위반,건조,맑음,교차로 - 교차로안,승용,여,61세,중상,승용,남,44세,상해없음
2016100800100641,2016년 10월 8일 19시,토요일,경상북도 구미시 송정동,중상사고,0,1,0,0,차대차 - 측면직각충돌,안전운전불이행,건조,맑음,교차로 - 교차로안,이륜,남,36세,중상,승용,남,49세,상해없음
2016100800100673,2016년 10월 8일 20시,토요일,경상북도 경주시 노서동,중상사고,0,1,0,0,차대차 - 측면직각충돌,안전운전불이행,건조,맑음,교차로 - 교차로안,승용,남,26세,상해없음,원동기,남,23세,중상
2016100800100674,2016년 10월 8일 20시,토요일,경상북도 영주시 휴천동,중상사고,0,1,4,0,차대차 - 추돌,안전운전불이행,건조,맑음,교차로 - 교차로부근,화물,남,48세,상해없음,승용,남,45세,경상
2016100800100675,2016년 10월 8일 20시,토요일,경상북도 포항시 남구 연일읍,중상사고,0,1,0,0,차대차 - 추돌,안전운전불이행,습기,흐림,단일로 - 기타,화물,남,49세,중상,화물,남,43세,기타불명
2016100800100727,2016년 10월 8일 22시,토요일,경상북도 안동시 남부동,중상사고,0,1,0,0,차대사람 - 횡단중,안전운전불이행,건조,맑음,단일로 - 기타,승용,남,36세,상해없음,보행자,남,61세,중상
2016100800100728,2016년 10월 8일 22시,토요일,경상북도 영주시 풍기읍,중상사고,0,1,0,0,차대사람 - 횡단중,안전운전불이행,건조,맑음,단일로 - 기타,승용,여,54세,상해없음,보행자,남,35세,중상
2016100800100753,2016년 10월 8일 23시,토요일,경상북도 경산시 임당동,중상사고,0,1,0,0,차대차 - 정면충돌,안전운전불이행,건조,맑음,교차로 - 교차로안,승용,남,31세,상해없음,이륜,남,26세,중상
2016100800100754,2016년 10월 8일 23시,토요일,경상북도 구미시 원평동,경상사고,0,0,1,0,차대사람 - 횡단중,안전운전불이행,건조,맑음,기타 - 기타,승용,남,26세,상해없음,보행자,남,24세,경상
2016100900100018,2016년 10월 9일 00시,일요일,경상북도 안동시 옥동,경상사고,0,0,1,0,차대사람 - 길가장자리구역통행중,안전운전불이행,건조,맑음,단일로 - 기타,승용,남,19세,상해없음,보행자,남,35세,경상
2016100900100037,2016년 10월 9일 01시,일요일,경상북도 경산시 하양읍,중상사고,0,1,1,0,차대차 - 측면충돌,신호위반,건조,맑음,교차로 - 교차로안,승용,남,50세,상해없음,이륜,남,33세,중상
2016100900100058,2016년 10월 9일 02시,일요일,경상북도 경주시 사정동,중상사고,0,1,2,0,차대차 - 측면충돌,신호위반,건조,맑음,교차로 - 교차로안,승용,남,24세,상해없음,승용,여,47세,중상
2016100900100059,2016년 10월 9일 02시,일요일,경상북도 칠곡군 지천면,경상사고,0,0,1,0,차대차 - 추돌,안전운전불이행,건조,맑음,단일로 - 기타,승용,남,23세,상해없음,승용,남,25세,경상
2016100900100078,2016년 10월 9일 03시,일요일,경상북도 구미시 진평동,경상사고,0,0,4,0,차대차 - 기타,안전운전불이행,건조,맑음,단일로 - 기타,승용,남,33세,기타불명,승용,남,29세,경상
2016100900100140,2016년 10월 9일 08시,일요일,경상북도 경주시 감포읍,경상사고,0,0,2,0,차대차 - 추돌,안전운전불이행,건조,맑음,교차로 - 교차로부근,승용,남,75세,상해없음,승용,여,59세,경상
2016100900100141,2016년 10월 9일 08시,일요일,경상북도 포항시 북구 죽도동,중상사고,0,1,0,0,차대차 - 기타,안전운전불이행,건조,맑음,단일로 - 기타,승용,남,46세,상해없음,자전거,여,67세,중상
2016100900100165,2016년 10월 9일 09시,일요일,경상북도 상주시 복룡동,중상사고,0,1,0,0,차대사람 - 횡단중,안전운전불이행,건조,맑음,단일로 - 횡단보도부근,승용,여,47세,상해없음,보행자,여,22세,중상
2016100900100185,2016년 10월 9일 10시,일요일,경상북도 경주시 외동읍,중상사고,0,1,2,0,차대차 - 측면충돌,신호위반,건조,맑음,단일로 - 기타,승용,남,51세,상해없음,승합,남,66세,경상
2016100900100186,2016년 10월 9일 10시,일요일,경상북도 안동시 도산면,중상사고,0,2,0,0,차대차 - 측면충돌,직진우회전진행방해,건조,맑음,교차로 - 교차로안,화물,남,58세,상해없음,승용,남,79세,중상
2016100900100187,2016년 10월 9일 10시,일요일,경상북도 영주시 안정면,중상사고,0,1,0,0,차대사람 - 기타,안전운전불이행,건조,맑음,단일로 - 기타,화물,여,45세,상해없음,보행자,여,58세,중상
2016100900100188,2016년 10월 9일 10시,일요일,경상북도 경산시 중산동,경상사고,0,0,1,0,차대차 - 측면충돌,안전운전불이행,건조,맑음,교차로 - 교차로부근,승용,여,49세,상해없음,자전거,남,68세,경상
2016100900100189,2016년 10월 9일 10시,일요일,경상북도 구미시 임은동,경상사고,0,0,1,0,차대사람 - 횡단중,안전운전불이행,건조,맑음,단일로 - 기타,승용,남,55세,상해없음,보행자,남,17세,경상
2016100900100190,2016년 10월 9일 10시,일요일,경상북도 포항시 남구 동해면,사망사고,1,0,3,0,차대차 - 기타,안전운전불이행,건조,맑음,단일로 - 기타,승용,남,24세,경상,승용,남,47세,기타불명
2016100900100213,2016년 10월 9일 11시,일요일,경상북도 영주시 풍기읍,중상사고,0,1,0,0,차대차 - 측면충돌,안전운전불이행,건조,맑음,교차로 - 교차로안,승용,여,25세,상해없음,자전거,남,75세,중상
2016100900100214,2016년 10월 9일 11시,일요일,경상북도 포항시 남구 연일읍,경상사고,0,0,1,0,차대차 - 정면충돌,직진우회전진행방해,건조,맑음,교차로 - 교차로안,승용,남,61세,상해없음,승용,남,62세,경상
2016100900100244,2016년 10월 9일 12시,일요일,경상북도 문경시 산양면,경상사고,0,0,1,0,차대차 - 측면직각충돌,교차로운행방법위반,건조,맑음,교차로 - 교차로안,승용,여,50세,상해없음,승합,남,54세,상해없음
2016100900100304,2016년 10월 9일 14시,일요일,경상북도 영덕군 남정면,경상사고,0,0,3,0,차대차 - 추돌,안전거리미확보,건조,맑음,교차로 - 교차로부근,화물,남,55세,상해없음,화물,남,25세,경상
2016100900100305,2016년 10월 9일 14시,일요일,경상북도 포항시 남구 송도동,경상사고,0,0,1,0,차대차 - 측면충돌,안전운전불이행,건조,맑음,단일로 - 기타,승용,남,37세,상해없음,자전거,남,74세,경상
2016100900100339,2016년 10월 9일 15시,일요일,경상북도 포항시 북구 동빈2가,경상사고,0,0,2,0,차대차 - 정면충돌,직진우회전진행방해,건조,맑음,교차로 - 교차로안,승용,남,59세,기타불명,승용,남,54세,경상
2016100900100340,2016년 10월 9일 15시,일요일,경상북도 포항시 북구 동빈2가,경상사고,0,0,1,0,차대차 - 정면충돌,안전운전불이행,건조,맑음,교차로 - 교차로안,승용,남,54세,상해없음,이륜,남,29세,경상
2016100900100385,2016년 10월 9일 16시,일요일,경상북도 경주시 사정동,경상사고,0,0,1,0,차대차 - 측면충돌,안전운전불이행,건조,맑음,단일로 - 기타,승용,남,58세,상해없음,이륜,남,24세,경상
2016100900100386,2016년 10월 9일 16시,일요일,경상북도 안동시 풍산읍,사망사고,1,0,0,0,차량단독 - 전도전복,안전운전불이행,건조,맑음,단일로 - 기타,승용,남,26세,사망,,,,
2016100900100387,2016년 10월 9일 16시,일요일,경상북도 칠곡군 석적읍,중상사고,0,3,1,0,차대차 - 추돌,안전운전불이행,건조,맑음,단일로 - 기타,승용,남,51세,중상,승합,남,33세,상해없음
2016100900100388,2016년 10월 9일 16시,일요일,경상북도 경산시 옥곡동,중상사고,0,2,0,0,차대사람 - 횡단중,보행자보호의무위반,건조,맑음,단일로 - 횡단보도상,화물,남,61세,상해없음,보행자,여,75세,중상
2016100900100389,2016년 10월 9일 16시,일요일,경상북도 포항시 남구 이동,경상사고,0,0,1,0,차대차 - 기타,안전운전불이행,건조,맑음,기타 - 기타,승용,남,62세,상해없음,승용,남,64세,경상
2016100900100426,2016년 10월 9일 17시,일요일,경상북도 김천시 신음동,중상사고,0,2,3,0,차대차 - 정면충돌,안전운전불이행,건조,맑음,단일로 - 기타,승용,남,54세,상해없음,승용,여,35세,중상
2016100900100427,2016년 10월 9일 17시,일요일,경상북도 칠곡군 석적읍,경상사고,0,0,1,0,차대차 - 정면충돌,안전운전불이행,건조,맑음,교차로 - 교차로부근,자전거,남,14세,경상,승용,남,50세,상해없음
2016100900100428,2016년 10월 9일 17시,일요일,경상북도 경산시 하양읍,경상사고,0,0,1,0,차대사람 - 횡단중,안전운전불이행,건조,맑음,교차로 - 교차로안,화물,남,60세,상해없음,보행자,여,81세,경상
2016100900100473,2016년 10월 9일 18시,일요일,경상북도 포항시 남구 상도동,경상사고,0,0,1,0,차대사람 - 횡단중,안전운전불이행,건조,맑음,단일로 - 기타,이륜,남,49세,경상,보행자,남,11세,상해없음
2016100900100516,2016년 10월 9일 19시,일요일,경상북도 포항시 남구 대도동,경상사고,0,0,1,0,차대사람 - 횡단중,보행자보호의무위반,건조,맑음,단일로 - 횡단보도부근,승용,남,76세,상해없음,보행자,남,45세,경상
2016100900100539,2016년 10월 9일 20시,일요일,경상북도 칠곡군 왜관읍,경상사고,0,0,1,0,차대차 - 정면충돌,안전운전불이행,건조,맑음,교차로 - 교차로안,승용,남,23세,상해없음,승용,여,27세,경상
2016100900100540,2016년 10월 9일 20시,일요일,경상북도 경산시 진량읍,중상사고,0,1,0,0,차대차 - 정면충돌,안전운전불이행,건조,맑음,단일로 - 기타,승용,여,49세,상해없음,원동기,남,20세,중상
2016100900100561,2016년 10월 9일 21시,일요일,경상북도 포항시 북구 양덕동,경상사고,0,0,2,0,차대차 - 정면충돌,안전운전불이행,건조,흐림,단일로 - 기타,승용,남,36세,상해없음,승용,남,41세,경상
2016100900100562,2016년 10월 9일 21시,일요일,경상북도 구미시 봉곡동,중상사고,0,1,0,0,차대차 - 측면충돌,안전운전불이행,건조,맑음,교차로 - 교차로부근,승용,남,48세,상해없음,이륜,남,38세,중상
2016100900100575,2016년 10월 9일 22시,일요일,경상북도 경주시 동천동,경상사고,0,0,1,0,차대차 - 측면충돌,신호위반,건조,맑음,교차로 - 교차로안,원동기,남,49세,상해없음,승용,여,29세,경상
2016100900100576,2016년 10월 9일 22시,일요일,경상북도 칠곡군 석적읍,중상사고,0,1,0,0,차대차 - 정면충돌,안전운전불이행,건조,맑음,단일로 - 기타,승용,남,64세,상해없음,이륜,남,20세,중상
2016100900100577,2016년 10월 9일 22시,일요일,경상북도 문경시 모전동,중상사고,0,1,1,0,차대차 - 측면충돌,신호위반,건조,맑음,교차로 - 교차로안,승용,남,32세,상해없음,승용,남,26세,경상
2016100900100578,2016년 10월 9일 22시,일요일,경상북도 울진군 북면,중상사고,0,1,0,0,차대차 - 측면충돌,안전운전불이행,건조,맑음,교차로 - 교차로안,승용,남,46세,상해없음,자전거,남,18세,중상
2016100900100595,2016년 10월 9일 23시,일요일,경상북도 영주시 휴천동,경상사고,0,0,2,0,차대차 - 측면충돌,안전운전불이행,건조,맑음,단일로 - 기타,원동기,남,20세,경상,자전거,여,37세,경상
2016100900100596,2016년 10월 9일 23시,일요일,경상북도 경산시 진량읍,중상사고,0,1,0,0,차량단독 - 전도전복,안전운전불이행,건조,맑음,교차로 - 교차로안,이륜,남,34세,중상,,,,
2016101000100005,2016년 10월 10일 00시,월요일,경상북도 포항시 북구 양덕동,경상사고,0,0,1,0,차량단독 - 전도전복,안전운전불이행,건조,맑음,교차로 - 교차로안,승용,남,36세,경상,,,,
2016101000100006,2016년 10월 10일 00시,월요일,경상북도 구미시 고아읍,사망사고,1,0,0,0,차대사람 - 횡단중,안전운전불이행,건조,맑음,교차로 - 교차로부근,승용,남,30세,기타불명,보행자,남,25세,사망
2016101000100013,2016년 10월 10일 01시,월요일,경상북도 포항시 남구 오천읍,중상사고,0,1,1,0,차대차 - 측면직각충돌,신호위반,건조,맑음,교차로 - 교차로안,승용,남,66세,상해없음,승용,남,64세,경상
2016101000100019,2016년 10월 10일 02시,월요일,경상북도 고령군 운수면,중상사고,0,1,0,0,차량단독 - 공작물충돌,안전운전불이행,건조,흐림,단일로 - 기타,화물,남,66세,중상,,,,
2016101000100023,2016년 10월 10일 03시,월요일,경상북도 경산시 진량읍,경상사고,0,0,1,0,차대차 - 기타,안전운전불이행,건조,맑음,단일로 - 기타,특수,남,56세,상해없음,자전거,남,58세,경상
2016101000100032,2016년 10월 10일 05시,월요일,경상북도 안동시 용상동,사망사고,1,0,0,0,차대사람 - 횡단중,안전운전불이행,건조,맑음,교차로 - 교차로안,승용,남,39세,상해없음,보행자,여,80세,사망
2016101000100033,2016년 10월 10일 05시,월요일,경상북도 포항시 남구 오천읍,경상사고,0,0,2,0,차대차 - 측면충돌,안전운전불이행,건조,맑음,단일로 - 기타,승용,남,41세,상해없음,승용,남,46세,경상
2016101000100051,2016년 10월 10일 06시,월요일,경상북도 칠곡군 왜관읍,부상신고사고,0,0,0,1,차량단독 - 전도전복,안전운전불이행,건조,맑음,단일로 - 기타,원동기,남,34세,부상신고,,,,
2016101000100079,2016년 10월 10일 07시,월요일,경상북도 구미시 공단동,경상사고,0,0,2,0,차대차 - 기타,안전운전불이행,건조,맑음,교차로 - 교차로안,승용,여,43세,상해없음,승용,남,59세,경상
2016101000100111,2016년 10월 10일 08시,월요일,경상북도 경주시 성동동,중상사고,0,1,0,0,차대차 - 정면충돌,교차로운행방법위반,건조,맑음,교차로 - 교차로안,승용,남,68세,상해없음,승용,남,37세,중상
2016101000100112,2016년 10월 10일 08시,월요일,경상북도 칠곡군 지천면,경상사고,0,0,1,0,차대차 - 측면충돌,중앙선침범,건조,맑음,단일로 - 기타,화물,남,40세,상해없음,승용,남,49세,경상
2016101000100113,2016년 10월 10일 08시,월요일,경상북도 구미시 임수동,부상신고사고,0,0,0,1,차대차 - 측면충돌,안전운전불이행,건조,맑음,교차로 - 교차로부근,이륜,남,59세,부상신고,건설기계,남,51세,상해없음
2016101000100114,2016년 10월 10일 08시,월요일,경상북도 포항시 남구 해도동,경상사고,0,0,1,0,차대차 - 기타,안전운전불이행,건조,맑음,교차로 - 교차로안,자전거,여,66세,경상,승용,남,30세,상해없음