사고번호,사고일시,요일,시군구,사고내용,사망자수,중상자수,경상자수,부상신고자수,사고유형,법규위반,노면상태,기상상태,도로형태,가해운전자 차종,가해운전자 성별,가해운전자 연령,가해운전자 상해정도,피해운전자 차종,피해운전자 성별,피해운전자 연령,피해운전자 상해정도
2016101000100152,2016년 10월 10일 09시,월요일,경상북도 구미시 원평동,경상사고,0,0,1,0,차대차 - 정면충돌,안전운전불이행,건조,맑음,교차로 - 교차로부근,승용,여,31세,상해없음,승용,여,43세,경상
2016101000100153,2016년 10월 10일 09시,월요일,경상북도 구미시 선산읍,경상사고,0,0,2,0,차대차 - 측면직각충돌,신호위반,건조,맑음,교차로 - 교차로안,승용,남,78세,경상,화물,남,42세,경상
2016101000100183,2016년 10월 10일 10시,월요일,경상북도 영덕군 남정면,경상사고,0,0,1,0,차대차 - 추돌,안전거리미확보,건조,맑음,교차로 - 교차로부근,화물,남,64세,상해없음,승용,여,52세,경상
2016101000100184,2016년 10월 10일 10시,월요일,경상북도 구미시 송정동,경상사고,0,0,1,0,차대차 - 정면충돌,신호위반,건조,맑음,교차로 - 교차로안,승용,남,65세,기타불명,승용,남,52세,경상
2016101000100185,2016년 10월 10일 10시,월요일,경상북도 청도군 청도읍,경상사고,0,0,1,0,차량단독 - 공작물충돌,안전운전불이행,건조,맑음,단일로 - 기타,승합,남,58세,상해없음,,,,
2016101000100237,2016년 10월 10일 12시,월요일,경상북도 경주시 건천읍,경상사고,0,0,1,0,차대차 - 측면충돌,안전운전불이행,건조,맑음,교차로 - 교차로안,승용,남,65세,경상,화물,남,53세,상해없음
2016101000100238,2016년 10월 10일 12시,월요일,경상북도 경산시 중방동,경상사고,0,0,1,0,차대차 - 추돌,직진우회전진행방해,건조,맑음,교차로 - 교차로안,이륜,남,18세,경상,화물,남,36세,상해없음
2016101000100239,2016년 10월 10일 12시,월요일,경상북도 포항시 남구 대도동,경상사고,0,0,2,0,차대차 - 기타,안전운전불이행,건조,맑음,단일로 - 기타,화물,남,48세,경상,승용,남,46세,경상
2016101000100262,2016년 10월 10일 13시,월요일,경상북도 안동시 용상동,경상사고,0,0,1,0,차대차 - 측면직각충돌,안전운전불이행,건조,맑음,교차로 - 교차로안,이륜,남,62세,경상,승용,남,67세,상해없음
2016101000100263,2016년 10월 10일 13시,월요일,경상북도 예천군 예천읍,경상사고,0,0,2,0,차대차 - 추돌,안전운전불이행,건조,맑음,교차로 - 교차로부근,승용,남,67세,상해없음,승용,여,39세,경상
2016101000100298,2016년 10월 10일 14시,월요일,경상북도 영천시 화룡동,경상사고,0,0,2,0,차대차 - 정면충돌,중앙선침범,건조,맑음,교차로 - 교차로부근,승합,남,66세,경상,승용,남,57세,경상
2016101000100299,2016년 10월 10일 14시,월요일,경상북도 경산시 중방동,중상사고,0,1,0,0,차대사람 - 횡단중,신호위반,건조,맑음,단일로 - 기타,원동기,남,24세,상해없음,보행자,여,71세,중상
2016101000100368,2016년 10월 10일 16시,월요일,경상북도 포항시 남구 연일읍,부상신고사고,0,0,0,1,차대차 - 기타,안전운전불이행,건조,맑음,교차로 - 교차로부근,자전거,남,54세,부상신고,화물,남,22세,상해없음
2016101000100436,2016년 10월 10일 18시,월요일,경상북도 안동시 금곡동,경상사고,0,0,1,0,차대사람 - 기타,안전운전불이행,건조,맑음,교차로 - 교차로부근,승용,남,26세,상해없음,보행자,여,72세,경상
2016101000100437,2016년 10월 10일 18시,월요일,경상북도 영주시 가흥동,중상사고,0,1,0,0,차대차 - 측면충돌,교차로운행방법위반,건조,맑음,교차로 - 교차로안,승용,여,59세,상해없음,승용,남,57세,상해없음
2016101000100438,2016년 10월 10일 18시,월요일,경상북도 경산시 대동,경상사고,0,0,1,4,차대차 - 측면충돌,안전거리미확보,건조,맑음,단일로 - 기타,승용,남,20세,부상신고,승용,여,25세,경상
2016101000100439,2016년 10월 10일 18시,월요일,경상북도 구미시 황상동,경상사고,0,0,1,0,차대사람 - 횡단중,신호위반,건조,맑음,교차로 - 교차로안,자전거,남,13세,상해없음,보행자,남,54세,경상
2016101000100440,2016년 10월 10일 18시,월요일,경상북도 구미시 광평동,경상사고,0,0,1,0,차대차 - 측면충돌,안전운전불이행,건조,맑음,교차로 - 교차로부근,승용,남,23세,상해없음,승용,여,34세,경상
2016101000100441,2016년 10월 10일 18시,월요일,경상북도 포항시 남구 장흥동,경상사고,0,0,2,0,차대차 - 기타,중앙선침범,건조,맑음,교차로 - 교차로부근,화물,남,63세,상해없음,승용,여,24세,경상
2016101000100491,2016년 10월 10일 19시,월요일,경상북도 안동시 일직면,사망사고,1,1,2,0,차대차 - 추돌,안전운전불이행,건조,맑음,단일로 - 기타,승용,남,66세,경상,농기계,남,52세,경상
2016101000100492,2016년 10월 10일 19시,월요일,경상북도 경산시 와촌면,경상사고,0,0,2,0,차대차 - 측면충돌,교차로운행방법위반,건조,맑음,교차로 - 교차로안,승용,남,28세,경상,화물,남,66세,상해없음
2016101000100519,2016년 10월 10일 20시,월요일,경상북도 성주군 초전면,경상사고,0,0,1,0,차대차 - 추돌,안전운전불이행,건조,맑음,기타 - 기타,화물,남,43세,상해없음,승용,여,49세,경상
2016101000100548,2016년 10월 10일 21시,월요일,경상북도 칠곡군 동명면,중상사고,0,2,1,1,차대차 - 측면직각충돌,신호위반,건조,맑음,단일로 - 기타,승용,여,50세,부상신고,승용,남,35세,중상
2016101000100549,2016년 10월 10일 21시,월요일,경상북도 칠곡군 석적읍,부상신고사고,0,0,0,1,차대차 - 측면직각충돌,직진우회전진행방해,건조,맑음,교차로 - 교차로안,승용,남,50세,상해없음,이륜,남,17세,부상신고
2016101000100575,2016년 10월 10일 22시,월요일,경상북도 포항시 북구 죽도동,중상사고,0,1,0,0,차대차 - 측면충돌,안전운전불이행,건조,맑음,단일로 - 기타,승용,여,45세,상해없음,자전거,남,62세,중상
2016101000100576,2016년 10월 10일 22시,월요일,경상북도 안동시 임하면,중상사고,0,1,0,0,차대차 - 정면충돌,중앙선침범,건조,맑음,단일로 - 기타,화물,남,76세,상해없음,승용,여,55세,중상
2016101000100577,2016년 10월 10일 22시,월요일,경상북도 구미시 인의동,중상사고,0,1,0,0,차대사람 - 횡단중,안전운전불이행,건조,맑음,교차로 - 교차로부근,승용,여,63세,상해없음,보행자,남,51세,중상
2016101100100019,2016년 10월 11일 01시,화요일,경상북도 김천시 아포읍,경상사고,0,0,1,0,차량단독 - 전도전복,안전운전불이행,건조,맑음,단일로 - 기타,승용,남,26세,경상,,,,
2016101100100030,2016년 10월 11일 02시,화요일,경상북도 경산시 진량읍,중상사고,0,1,0,0,차대사람 - 횡단중,안전운전불이행,건조,맑음,단일로 - 기타,승용,여,32세,상해없음,보행자,여,40세,중상
2016101100100059,2016년 10월 11일 05시,화요일,경상북도 구미시 해평면,중상사고,0,1,0,0,차대차 - 추돌,안전운전불이행,습기,안개,단일로 - 기타,화물,남,58세,상해없음,농기계,남,71세,중상
2016101100100090,2016년 10월 11일 07시,화요일,경상북도 김천시 부곡동,경상사고,0,0,1,0,차대차 - 정면충돌,안전운전불이행,건조,맑음,단일로 - 기타,자전거,남,77세,경상,승용,남,57세,상해없음
2016101100100091,2016년 10월 11일 07시,화요일,경상북도 청송군 청송읍,중상사고,0,1,0,0,차대차 - 측면직각충돌,안전운전불이행,건조,맑음,단일로 - 기타,화물,남,62세,상해없음,농기계,남,65세,중상
2016101100100123,2016년 10월 11일 08시,화요일,경상북도 포항시 북구 죽도동,경상사고,0,0,1,0,차대차 - 정면충돌,안전운전불이행,건조,맑음,단일로 - 횡단보도부근,자전거,남,28세,경상,승용,여,59세,상해없음
2016101100100124,2016년 10월 11일 08시,화요일,경상북도 고령군 다산면,중상사고,0,1,0,0,차대사람 - 길가장자리구역통행중,안전운전불이행,건조,맑음,단일로 - 기타,화물,남,60세,상해없음,보행자,여,21세,중상
2016101100100164,2016년 10월 11일 09시,화요일,경상북도 포항시 남구 오천읍,경상사고,0,0,3,0,차대차 - 추돌,안전운전불이행,건조,맑음,단일로 - 기타,건설기계,남,53세,상해없음,승용,남,35세,경상
2016101100100208,2016년 10월 11일 11시,화요일,경상북도 안동시 운흥동,경상사고,0,0,1,0,차대차 - 측면직각충돌,안전운전불이행,건조,맑음,교차로 - 교차로안,승용,여,46세,상해없음,이륜,남,63세,경상
2016101100100209,2016년 10월 11일 11시,화요일,경상북도 울릉군 울릉읍,부상신고사고,0,0,0,1,차대차 - 추돌,안전운전불이행,건조,맑음,단일로 - 기타,화물,남,76세,부상신고,화물,남,65세,기타불명
2016101100100235,2016년 10월 11일 12시,화요일,경상북도 김천시 대항면,경상사고,0,0,1,0,차대차 - 측면충돌,교차로운행방법위반,건조,맑음,교차로 - 교차로안,승용,여,41세,상해없음,이륜,남,67세,경상
2016101100100236,2016년 10월 11일 12시,화요일,경상북도 문경시 모전동,경상사고,0,0,1,0,차대차 - 측면충돌,직진우회전진행방해,건조,맑음,교차로 - 교차로안,화물,남,43세,상해없음,자전거,남,76세,경상
2016101100100237,2016년 10월 11일 12시,화요일,경상북도 경산시 진량읍,경상사고,0,0,1,0,차대사람 - 기타,보행자보호의무위반,건조,맑음,단일로 - 기타,이륜,남,52세,상해없음,보행자,여,21세,경상
2016101100100238,2016년 10월 11일 12시,화요일,경상북도 청도군 청도읍,중상사고,0,1,0,0,차대차 - 측면충돌,신호위반,건조,맑음,교차로 - 교차로안,원동기,여,76세,중상,승용,남,59세,상해없음
2016101100100239,2016년 10월 11일 12시,화요일,경상북도 포항시 남구 상도동,경상사고,0,0,1,0,차대차 - 기타,안전거리미확보,건조,맑음,단일로 - 기타,승용,남,56세,상해없음,이륜,남,26세,경상
2016101100100240,2016년 10월 11일 12시,화요일,경상북도 구미시 선산읍,사망사고,2,0,1,0,차대차 - 추돌,안전운전불이행,건조,맑음,단일로 - 기타,화물,남,45세,상해없음,화물,남,62세,사망
2016101100100272,2016년 10월 11일 13시,화요일,경상북도 김천시 대광동,중상사고,0,1,0,0,차대차 - 측면충돌,교차로운행방법위반,건조,맑음,교차로 - 교차로안,화물,남,71세,상해없음,이륜,남,83세,중상
2016101100100273,2016년 10월 11일 13시,화요일,경상북도 청송군 진보면,경상사고,0,0,2,0,차대차 - 측면충돌,교차로운행방법위반,건조,맑음,교차로 - 교차로안,승용,남,59세,상해없음,승용,여,30세,경상
2016101100100274,2016년 10월 11일 13시,화요일,경상북도 영천시 임고면,경상사고,0,0,3,0,차대차 - 추돌,안전운전불이행,건조,맑음,단일로 - 기타,승용,남,38세,상해없음,승용,남,24세,경상
2016101100100311,2016년 10월 11일 14시,화요일,경상북도 구미시 비산동,부상신고사고,0,0,0,1,차대차 - 정면충돌,교차로운행방법위반,건조,맑음,교차로 - 교차로안,자전거,남,58세,부상신고,승용,여,57세,상해없음
2016101100100348,2016년 10월 11일 15시,화요일,경상북도 경주시 사정동,중상사고,0,1,0,0,차대차 - 기타,안전운전불이행,건조,맑음,교차로 - 교차로부근,승용,남,54세,상해없음,자전거,남,53세,중상
2016101100100349,2016년 10월 11일 15시,화요일,경상북도 구미시 공단동,중상사고,0,1,0,0,차대차 - 기타,안전운전불이행,건조,맑음,단일로 - 기타,승용,남,29세,상해없음,승용,여,59세,중상
2016101100100393,2016년 10월 11일 16시,화요일,경상북도 김천시 성내동,경상사고,0,0,1,0,차대차 - 측면충돌,안전운전불이행,건조,맑음,단일로 - 기타,승용,여,29세,기타불명,승용,여,36세,경상
2016101100100394,2016년 10월 11일 16시,화요일,경상북도 포항시 남구 장기면,경상사고,0,0,1,0,차량단독 - 전도전복,안전운전불이행,건조,맑음,단일로 - 기타,승용,여,53세,상해없음,,,,
2016101100100430,2016년 10월 11일 17시,화요일,경상북도 포항시 북구 죽도동,중상사고,0,1,0,0,차대사람 - 횡단중,중앙선침범,건조,맑음,단일로 - 횡단보도상,승용,남,40세,상해없음,보행자,여,61세,중상
2016101100100431,2016년 10월 11일 17시,화요일,경상북도 칠곡군 기산면,경상사고,0,0,1,0,차대차 - 측면충돌,안전운전불이행,건조,맑음,교차로 - 교차로안,농기계,남,42세,경상,승용,여,51세,상해없음
2016101100100432,2016년 10월 11일 17시,화요일,경상북도 영덕군 영덕읍,경상사고,0,0,2,0,차대차 - 정면충돌,교차로운행방법위반,건조,맑음,교차로 - 교차로안,승용,남,67세,경상,승용,남,29세,경상
2016101100100526,2016년 10월 11일 19시,화요일,경상북도 포항시 북구 죽도동,경상사고,0,0,1,0,차대차 - 정면충돌,안전운전불이행,건조,맑음,단일로 - 기타,이륜,남,24세,경상,승용,여,46세,상해없음
2016101100100608,2016년 10월 11일 21시,화요일,경상북도 경산시 진량읍,경상사고,0,0,1,0,차대차 - 기타,안전운전불이행,건조,맑음,단일로 - 기타,원동기,남,22세,경상,승용,남,45세,상해없음
2016101100100637,2016년 10월 11일 22시,화요일,경상북도 칠곡군 왜관읍,경상사고,0,0,1,4,차대차 - 측면충돌,교차로운행방법위반,건조,맑음,교차로 - 교차로안,승용,남,21세,상해없음,승용,남,51세,경상
2016101200100018,2016년 10월 12일 00시,수요일,경상북도 포항시 남구 동해면,중상사고,0,1,0,0,차대사람 - 횡단중,안전운전불이행,건조,맑음,단일로 - 기타,승용,남,21세,상해없음,보행자,남,41세,중상
2016101200100040,2016년 10월 12일 02시,수요일,경상북도 포항시 북구 두호동,경상사고,0,0,2,0,차대차 - 기타,안전운전불이행,건조,맑음,단일로 - 기타,승용,남,66세,상해없음,승용,여,56세,경상
2016101200100052,2016년 10월 12일 03시,수요일,경상북도 군위군 군위읍,사망사고,1,0,1,0,차대차 - 추돌,안전운전불이행,건조,맑음,단일로 - 기타,화물,남,47세,사망,화물,남,37세,상해없음
2016101200100070,2016년 10월 12일 06시,수요일,경상북도 봉화군 봉화읍,중상사고,0,1,0,0,차대사람 - 횡단중,안전운전불이행,건조,맑음,교차로 - 교차로부근,승용,남,57세,상해없음,보행자,여,77세,중상
2016101200100135,2016년 10월 12일 08시,수요일,경상북도 포항시 북구 덕산동,중상사고,0,1,0,0,차대사람 - 기타,안전운전불이행,건조,맑음,단일로 - 기타,승용,남,48세,상해없음,보행자,남,73세,중상
2016101200100136,2016년 10월 12일 08시,수요일,경상북도 영천시 조교동,경상사고,0,0,1,0,차대차 - 측면충돌,신호위반,건조,맑음,교차로 - 교차로안,승용,여,42세,상해없음,승용,남,40세,경상
2016101200100137,2016년 10월 12일 08시,수요일,경상북도 포항시 남구 대도동,경상사고,0,0,1,0,차대차 - 측면직각충돌,안전운전불이행,건조,맑음,교차로 - 교차로부근,승용,남,62세,상해없음,자전거,남,25세,경상
2016101200100172,2016년 10월 12일 09시,수요일,경상북도 포항시 남구 구룡포읍,경상사고,0,0,1,0,차대차 - 기타,중앙선침범,건조,맑음,단일로 - 기타,화물,남,59세,상해없음,승합,남,56세,경상
2016101200100204,2016년 10월 12일 10시,수요일,경상북도 경산시 진량읍,중상사고,0,1,0,0,차대사람 - 기타,안전운전불이행,건조,맑음,단일로 - 기타,승용,여,24세,상해없음,보행자,여,40세,중상
2016101200100234,2016년 10월 12일 11시,수요일,경상북도 칠곡군 석적읍,경상사고,0,0,1,0,차대차 - 측면충돌,교차로운행방법위반,건조,맑음,교차로 - 교차로안,승용,여,64세,상해없음,이륜,남,33세,경상
2016101200100235,2016년 10월 12일 11시,수요일,경상북도 칠곡군 왜관읍,중상사고,0,1,0,0,차대차 - 정면충돌,교차로운행방법위반,건조,맑음,교차로 - 교차로안,승용,남,46세,상해없음,이륜,남,75세,중상
2016101200100236,2016년 10월 12일 11시,수요일,경상북도 경산시 자인면,경상사고,0,0,2,0,차대차 - 측면충돌,교차로운행방법위반,건조,맑음,교차로 - 교차로안,승용,남,58세,경상,승용,여,34세,경상
2016101200100237,2016년 10월 12일 11시,수요일,경상북도 구미시 원평동,중상사고,0,1,0,0,차대차 - 측면충돌,교차로운행방법위반,건조,맑음,교차로 - 교차로안,승용,여,32세,상해없음,자전거,남,82세,중상
2016101200100274,2016년 10월 12일 12시,수요일,경상북도 포항시 북구 학잠동,중상사고,0,1,0,0,차대사람 - 횡단중,보행자보호의무위반,건조,맑음,단일로 - 기타,승용,여,48세,상해없음,보행자,여,66세,중상
2016101200100275,2016년 10월 12일 12시,수요일,경상북도 포항시 북구 우현동,경상사고,0,0,1,0,차량단독 - 기타,안전운전불이행,건조,맑음,단일로 - 기타,자전거,남,54세,경상,,,,
2016101200100276,2016년 10월 12일 12시,수요일,경상북도 경산시 옥산동,경상사고,0,0,1,0,차대차 - 측면충돌,차로위반,건조,맑음,교차로 - 교차로부근,이륜,남,65세,경상,승용,남,41세,상해없음
2016101200100328,2016년 10월 12일 14시,수요일,경상북도 포항시 북구 죽도동,경상사고,0,0,1,0,차대사람 - 보도통행중,안전운전불이행,건조,맑음,기타 - 기타,기타불명,기타불명,기타불명,기타불명,보행자,여,57세,경상
2016101200100329,2016년 10월 12일 14시,수요일,경상북도 안동시 서후면,중상사고,0,1,1,0,차대차 - 정면충돌,안전운전불이행,건조,맑음,교차로 - 교차로부근,승용,여,59세,경상,화물,남,52세,중상
2016101200100330,2016년 10월 12일 14시,수요일,경상북도 칠곡군 석적읍,중상사고,0,1,0,1,차대차 - 정면충돌,안전운전불이행,건조,맑음,단일로 - 기타,자전거,남,47세,부상신고,자전거,여,43세,중상
2016101200100331,2016년 10월 12일 14시,수요일,경상북도 경산시 진량읍,사망사고,1,0,1,0,차대차 - 측면직각충돌,안전운전불이행,건조,맑음,교차로 - 교차로안,화물,남,58세,상해없음,원동기,남,43세,사망
2016101200100400,2016년 10월 12일 16시,수요일,경상북도 경주시 황성동,경상사고,0,0,1,0,차대차 - 측면충돌,안전운전불이행,건조,맑음,교차로 - 교차로부근,승용,여,35세,상해없음,자전거,남,12세,경상
2016101200100401,2016년 10월 12일 16시,수요일,경상북도 경산시 대평동,중상사고,0,1,1,0,차대차 - 정면충돌,안전운전불이행,건조,맑음,교차로 - 교차로안,승용,남,62세,중상,화물,남,66세,경상
2016101200100446,2016년 10월 12일 17시,수요일,경상북도 안동시 북후면,중상사고,0,1,0,0,차대차 - 정면충돌,교차로운행방법위반,건조,맑음,교차로 - 교차로안,승용,남,74세,상해없음,승용,남,39세,중상
2016101200100447,2016년 10월 12일 17시,수요일,경상북도 영주시 영주동,경상사고,0,0,1,0,차대사람 - 차도통행중,신호위반,건조,맑음,교차로 - 교차로안,승용,남,40세,상해없음,보행자,남,68세,경상
2016101200100448,2016년 10월 12일 17시,수요일,경상북도 문경시 가은읍,중상사고,0,1,0,0,차량단독 - 전도전복,안전운전불이행,건조,맑음,기타 - 기타,화물,남,69세,상해없음,,,,
2016101200100449,2016년 10월 12일 17시,수요일,경상북도 경산시 사동,경상사고,0,0,1,0,차대사람 - 횡단중,보행자보호의무위반,건조,맑음,단일로 - 기타,승용,남,26세,상해없음,보행자,여,7세,경상
2016101200100450,2016년 10월 12일 17시,수요일,경상북도 군위군 효령면,중상사고,0,1,0,0,차대차 - 기타,안전운전불이행,건조,맑음,교차로 - 교차로안,원동기,남,69세,중상,승용,남,54세,상해없음
2016101200100451,2016년 10월 12일 17시,수요일,경상북도 포항시 남구 효자동,중상사고,0,1,0,0,차대사람 - 횡단중,안전운전불이행,건조,맑음,단일로 - 기타,승용,여,59세,상해없음,보행자,여,53세,중상
2016101200100497,2016년 10월 12일 18시,수요일,경상북도 경주시 노서동,경상사고,0,0,1,0,차대사람 - 기타,안전운전불이행,건조,맑음,단일로 - 기타,승합,남,53세,상해없음,보행자,남,38세,경상
2016101200100498,2016년 10월 12일 18시,수요일,경상북도 포항시 북구 장성동,경상사고,0,0,1,0,차대사람 - 보도통행중,안전운전불이행,건조,맑음,단일로 - 기타,승용,남,48세,상해없음,보행자,여,59세,경상
2016101200100499,2016년 10월 12일 18시,수요일,경상북도 상주시 가장동,중상사고,0,1,0,0,차대사람 - 횡단중,신호위반,건조,맑음,교차로 - 교차로안,특수,남,31세,상해없음,보행자,남,19세,중상
2016101200100500,2016년 10월 12일 18시,수요일,경상북도 영천시 고경면,경상사고,0,0,2,0,차대차 - 추돌,안전운전불이행,건조,맑음,교차로 - 교차로안,화물,남,58세,경상,화물,남,56세,경상
2016101200100501,2016년 10월 12일 18시,수요일,경상북도 구미시 진평동,경상사고,0,0,1,0,차대차 - 추돌,안전거리미확보,건조,맑음,단일로 - 기타,승용,여,34세,상해없음,승용,남,30세,경상
2016101200100502,2016년 10월 12일 18시,수요일,경상북도 포항시 남구 지곡동,중상사고,0,1,0,0,차대사람 - 횡단중,안전운전불이행,습기,비,단일로 - 횡단보도부근,승용,여,59세,상해없음,보행자,남,22세,중상
2016101200100552,2016년 10월 12일 19시,수요일,경상북도 울진군 근남면,중상사고,0,1,1,0,차대차 - 측면직각충돌,교차로운행방법위반,건조,맑음,교차로 - 교차로안,승용,여,65세,경상,승용,여,53세,중상
2016101200100553,2016년 10월 12일 19시,수요일,경상북도 구미시 신평동,중상사고,0,1,0,1,차대차 - 정면충돌,신호위반,건조,맑음,교차로 - 교차로안,승용,남,38세,부상신고,승용,남,53세,중상
2016101200100593,2016년 10월 12일 20시,수요일,경상북도 포항시 북구 용흥동,경상사고,0,0,1,0,차대차 - 정면충돌,안전거리미확보,건조,맑음,단일로 - 기타,승용,여,45세,상해없음,승용,여,61세,경상
2016101200100594,2016년 10월 12일 20시,수요일,경상북도 경산시 중방동,경상사고,0,0,1,0,차대차 - 정면충돌,안전운전불이행,건조,맑음,단일로 - 기타,승용,여,42세,상해없음,이륜,남,19세,경상
2016101200100595,2016년 10월 12일 20시,수요일,경상북도 성주군 성주읍,사망사고,1,0,0,0,차량단독 - 전도전복,안전운전불이행,건조,맑음,단일로 - 기타,자전거,남,58세,사망,,,,
2016101200100596,2016년 10월 12일 20시,수요일,경상북도 고령군 대가야읍,경상사고,0,0,1,0,차대사람 - 횡단중,안전운전불이행,건조,맑음,교차로 - 교차로안,승용,여,45세,상해없음,보행자,남,62세,경상
2016101200100620,2016년 10월 12일 21시,수요일,경상북도 영주시 휴천동,경상사고,0,0,1,0,차대차 - 측면충돌,안전운전불이행,건조,맑음,교차로 - 교차로안,승용,여,53세,상해없음,원동기,남,46세,경상
2016101200100621,2016년 10월 12일 21시,수요일,경상북도 영덕군 지품면,경상사고,0,0,1,0,차대차 - 추돌,안전거리미확보,건조,맑음,단일로 - 터널,승용,여,40세,상해없음,승용,남,29세,경상
2016101200100639,2016년 10월 12일 22시,수요일,경상북도 영주시 하망동,경상사고,0,0,1,0,차대차 - 측면충돌,안전운전불이행,건조,맑음,단일로 - 기타,승용,남,32세,상해없음,자전거,남,15세,경상
2016101200100661,2016년 10월 12일 23시,수요일,경상북도 경주시 안강읍,중상사고,0,1,2,0,차량단독 - 공작물충돌,안전운전불이행,건조,맑음,단일로 - 기타,승용,남,26세,경상,,,,
2016101200100662,2016년 10월 12일 23시,수요일,경상북도 포항시 북구 죽도동,중상사고,0,1,0,1,차대차 - 기타,안전운전불이행,건조,맑음,단일로 - 기타,자전거,여,61세,부상신고,승용,남,53세,상해없음
2016101200100663,2016년 10월 12일 23시,수요일,경상북도 영주시 영주동,경상사고,0,0,1,0,차대차 - 측면충돌,교차로운행방법위반,건조,맑음,교차로 - 교차로안,승용,남,63세,상해없음,원동기,남,24세,경상
2016101300100041,2016년 10월 13일 03시,목요일,경상북도 칠곡군 북삼읍,부상신고사고,0,0,0,1,차대차 - 추돌,안전운전불이행,건조,맑음,단일로 - 기타,승용,여,54세,부상신고,화물,남,52세,상해없음
2016101300100056,2016년 10월 13일 05시,목요일,경상북도 울진군 근남면,경상사고,0,0,1,0,차량단독 - 전도전복,안전운전불이행,건조,맑음,교차로 - 교차로부근,승용,남,80세,경상,,,,
2016101300100071,2016년 10월 13일 06시,목요일,경상북도 영덕군 영해면,경상사고,0,0,1,0,차대차 - 측면충돌,교차로운행방법위반,건조,맑음,교차로 - 교차로안,승용,여,47세,상해없음,자전거,남,84세,경상
2016101300100072,2016년 10월 13일 06시,목요일,경상북도 포항시 남구 송내동,경상사고,0,0,1,0,차대차 - 추돌,안전거리미확보,건조,맑음,단일로 - 기타,승용,남,60세,상해없음,화물,남,61세,상해없음
2016101300100095,2016년 10월 13일 07시,목요일,경상북도 김천시 응명동,경상사고,0,0,2,0,차대차 - 측면충돌,기타,건조,맑음,단일로 - 기타,승용,남,56세,상해없음,승용,남,31세,경상
2016101300100096,2016년 10월 13일 07시,목요일,경상북도 영주시 부석면,중상사고,0,2,0,0,차대차 - 측면충돌,안전운전불이행,건조,맑음,단일로 - 기타,건설기계,남,61세,상해없음,화물,여,43세,중상
2016101300100097,2016년 10월 13일 07시,목요일,경상북도 영천시 성내동,경상사고,0,0,1,0,차대차 - 측면직각충돌,안전운전불이행,건조,맑음,교차로 - 교차로안,자전거,남,35세,경상,승용,여,43세,상해없음
2016101300100098,2016년 10월 13일 07시,목요일,경상북도 영덕군 영해면,중상사고,0,1,0,0,차대차 - 측면충돌,교차로운행방법위반,건조,맑음,교차로 - 교차로안,승용,남,47세,상해없음,자전거,여,57세,중상
2016101300100138,2016년 10월 13일 08시,목요일,경상북도 경주시 강동면,중상사고,0,1,1,0,차대차 - 추돌,안전운전불이행,건조,맑음,교차로 - 교차로부근,승용,남,55세,중상,승용,남,43세,경상
2016101300100178,2016년 10월 13일 09시,목요일,경상북도 영주시 단산면,경상사고,0,0,2,0,차대차 - 측면충돌,기타,건조,맑음,교차로 - 교차로안,화물,남,54세,상해없음,화물,남,67세,경상
2016101300100206,2016년 10월 13일 10시,목요일,경상북도 문경시 산양면,중상사고,0,2,0,0,차대차 - 측면충돌,안전운전불이행,건조,맑음,단일로 - 기타,승용,남,53세,상해없음,이륜,남,76세,중상
2016101300100207,2016년 10월 13일 10시,목요일,경상북도 경산시 대동,경상사고,0,0,1,0,차대차 - 측면직각충돌,안전운전불이행,건조,맑음,교차로 - 교차로부근,승용,여,24세,경상,승용,여,30세,상해없음
2016101300100208,2016년 10월 13일 10시,목요일,경상북도 청도군 화양읍,중상사고,0,1,0,0,차대사람 - 차도통행중,안전운전불이행,건조,맑음,기타 - 기타,화물,남,57세,상해없음,보행자,여,73세,중상
2016101300100264,2016년 10월 13일 12시,목요일,경상북도 군위군 군위읍,중상사고,0,1,0,0,차대사람 - 차도통행중,안전운전불이행,건조,맑음,단일로 - 기타,승용,남,68세,상해없음,보행자,여,78세,중상
2016101300100304,2016년 10월 13일 13시,목요일,경상북도 경주시 성동동,경상사고,0,0,1,0,차대사람 - 횡단중,안전운전불이행,건조,맑음,단일로 - 기타,승용,여,48세,상해없음,보행자,여,40세,경상
2016101300100305,2016년 10월 13일 13시,목요일,경상북도 청송군 현동면,경상사고,0,0,1,0,차대차 - 추돌,교차로운행방법위반,건조,맑음,교차로 - 교차로안,승용,여,49세,상해없음,원동기,남,80세,경상
2016101300100371,2016년 10월 13일 15시,목요일,경상북도 구미시 형곡동,중상사고,0,1,1,0,차대사람 - 횡단중,안전운전불이행,건조,흐림,단일로 - 기타,이륜,여,55세,경상,보행자,남,10세,중상
2016101300100372,2016년 10월 13일 15시,목요일,경상북도 포항시 남구 연일읍,경상사고,0,0,2,0,차대차 - 추돌,안전운전불이행,건조,맑음,단일로 - 기타,승용,남,52세,상해없음,승용,남,64세,경상
2016101300100428,2016년 10월 13일 17시,목요일,경상북도 경주시 성건동,부상신고사고,0,0,0,1,차대차 - 측면충돌,안전운전불이행,건조,맑음,교차로 - 교차로안,자전거,남,70세,부상신고,승용,남,55세,상해없음