사고번호,사고일시,요일,시군구,사고내용,사망자수,중상자수,경상자수,부상신고자수,사고유형,법규위반,노면상태,기상상태,도로형태,가해운전자 차종,가해운전자 성별,가해운전자 연령,가해운전자 상해정도,피해운전자 차종,피해운전자 성별,피해운전자 연령,피해운전자 상해정도
2016101500100631,2016년 10월 15일 21시,토요일,경상북도 영덕군 남정면,경상사고,0,0,3,0,차대차 - 측면충돌,교차로운행방법위반,건조,맑음,교차로 - 교차로안,승용,남,58세,경상,승용,남,63세,경상
2016101500100654,2016년 10월 15일 22시,토요일,경상북도 경산시 진량읍,경상사고,0,0,2,0,차대사람 - 보도통행중,기타,건조,맑음,단일로 - 기타,승용,남,54세,상해없음,보행자,남,43세,경상
2016101500100655,2016년 10월 15일 22시,토요일,경상북도 구미시 황상동,경상사고,0,0,1,0,차대차 - 추돌,안전운전불이행,건조,맑음,교차로 - 교차로부근,승용,남,33세,상해없음,승용,여,32세,경상
2016101500100681,2016년 10월 15일 23시,토요일,경상북도 경주시 신평동,사망사고,1,0,0,0,차대사람 - 기타,안전운전불이행,건조,맑음,교차로 - 교차로안,승용,남,43세,상해없음,승용,남,52세,상해없음
2016101500100682,2016년 10월 15일 23시,토요일,경상북도 경산시 중방동,경상사고,0,0,1,0,차대차 - 정면충돌,안전운전불이행,건조,맑음,교차로 - 교차로부근,승용,남,49세,상해없음,승용,여,41세,경상
2016101600100015,2016년 10월 16일 00시,일요일,경상북도 구미시 고아읍,중상사고,0,2,3,0,차대차 - 측면충돌,안전운전불이행,건조,맑음,교차로 - 교차로안,승용,남,31세,중상,승용,남,32세,중상
2016101600100069,2016년 10월 16일 04시,일요일,경상북도 성주군 월항면,사망사고,1,1,0,0,차량단독 - 공작물충돌,안전운전불이행,습기,안개,단일로 - 기타,승용,남,22세,사망,,,,
2016101600100070,2016년 10월 16일 04시,일요일,경상북도 구미시 황상동,경상사고,0,0,1,0,차대사람 - 기타,안전운전불이행,건조,맑음,단일로 - 기타,승용,남,23세,상해없음,보행자,남,22세,경상
2016101600100080,2016년 10월 16일 05시,일요일,경상북도 경주시 동천동,중상사고,0,1,2,0,차대차 - 측면충돌,안전운전불이행,건조,맑음,교차로 - 교차로안,승용,여,32세,상해없음,승용,남,61세,경상
2016101600100105,2016년 10월 16일 07시,일요일,경상북도 포항시 북구 송라면,경상사고,0,0,3,0,차대차 - 정면충돌,안전운전불이행,건조,맑음,단일로 - 기타,승용,여,64세,상해없음,승용,남,68세,경상
2016101600100128,2016년 10월 16일 09시,일요일,경상북도 상주시 화서면,경상사고,0,0,1,0,차대사람 - 기타,안전운전불이행,건조,맑음,단일로 - 기타,승용,남,53세,상해없음,보행자,남,57세,경상
2016101600100184,2016년 10월 16일 12시,일요일,경상북도 경주시 보문동,경상사고,0,0,2,0,차대차 - 측면충돌,중앙선침범,습기,비,교차로 - 교차로안,승용,남,23세,상해없음,승용,남,45세,경상
2016101600100185,2016년 10월 16일 12시,일요일,경상북도 안동시 용상동,경상사고,0,0,3,0,차대차 - 정면충돌,안전운전불이행,건조,맑음,교차로 - 교차로안,승용,남,64세,경상,승용,여,44세,경상
2016101600100186,2016년 10월 16일 12시,일요일,경상북도 영주시 하망동,중상사고,0,1,1,0,차대차 - 측면충돌,교차로운행방법위반,건조,맑음,교차로 - 교차로안,승용,여,55세,경상,원동기,남,24세,중상
2016101600100213,2016년 10월 16일 13시,일요일,경상북도 경산시 중방동,경상사고,0,0,2,0,차대차 - 측면직각충돌,안전운전불이행,습기,비,교차로 - 교차로안,기타불명,기타불명,기타불명,기타불명,승용,남,28세,경상
2016101600100214,2016년 10월 16일 13시,일요일,경상북도 봉화군 소천면,경상사고,0,0,2,0,차대차 - 추돌,안전운전불이행,건조,맑음,단일로 - 기타,승용,남,66세,상해없음,승용,남,60세,경상
2016101600100262,2016년 10월 16일 14시,일요일,경상북도 포항시 북구 장성동,경상사고,0,0,3,0,차대차 - 기타,안전운전불이행,습기,비,단일로 - 기타,승용,여,40세,상해없음,승용,여,34세,경상
2016101600100263,2016년 10월 16일 14시,일요일,경상북도 경산시 계양동,중상사고,0,2,4,0,차대차 - 측면직각충돌,신호위반,습기,비,교차로 - 교차로안,승용,남,57세,상해없음,승용,남,43세,경상
2016101600100264,2016년 10월 16일 14시,일요일,경상북도 경산시 하양읍,경상사고,0,0,1,0,차대차 - 측면충돌,안전운전불이행,습기,비,교차로 - 교차로안,승용,남,48세,상해없음,승용,남,46세,경상
2016101600100265,2016년 10월 16일 14시,일요일,경상북도 영양군 영양읍,경상사고,0,0,2,0,차대차 - 추돌,안전운전불이행,습기,비,교차로 - 교차로안,화물,남,44세,상해없음,승용,남,47세,경상
2016101600100266,2016년 10월 16일 14시,일요일,경상북도 구미시 진평동,경상사고,0,0,1,0,차대차 - 측면충돌,안전운전불이행,습기,비,단일로 - 기타,승용,여,48세,상해없음,이륜,남,32세,경상
2016101600100296,2016년 10월 16일 15시,일요일,경상북도 문경시 불정동,경상사고,0,0,1,0,차대차 - 정면충돌,중앙선침범,건조,맑음,단일로 - 기타,승용,여,70세,상해없음,승용,남,69세,경상
2016101600100297,2016년 10월 16일 15시,일요일,경상북도 경산시 사정동,중상사고,0,1,0,0,차대차 - 정면충돌,안전운전불이행,건조,맑음,단일로 - 기타,승용,남,59세,상해없음,원동기,남,28세,중상
2016101600100330,2016년 10월 16일 16시,일요일,경상북도 안동시 평화동,경상사고,0,0,3,0,차대차 - 정면충돌,안전운전불이행,습기,비,단일로 - 기타,승용,남,20세,상해없음,승용,남,49세,경상
2016101600100331,2016년 10월 16일 16시,일요일,경상북도 안동시 운흥동,경상사고,0,0,1,0,차대차 - 정면충돌,안전운전불이행,기타,비,교차로 - 교차로부근,승용,남,49세,상해없음,승용,남,30세,경상
2016101600100370,2016년 10월 16일 17시,일요일,경상북도 안동시 금곡동,중상사고,0,1,0,0,차대사람 - 횡단중,안전운전불이행,습기,비,교차로 - 교차로안,원동기,남,82세,상해없음,보행자,여,82세,중상
2016101600100371,2016년 10월 16일 17시,일요일,경상북도 안동시 임하면,중상사고,0,2,1,0,차대차 - 측면충돌,신호위반,습기,비,교차로 - 교차로안,화물,남,53세,상해없음,승용,남,40세,중상
2016101600100372,2016년 10월 16일 17시,일요일,경상북도 경산시 남천면,경상사고,0,0,4,0,차대차 - 측면충돌,중앙선침범,습기,비,교차로 - 교차로부근,승용,남,63세,상해없음,승용,여,30세,경상
2016101600100373,2016년 10월 16일 17시,일요일,경상북도 청도군 각북면,경상사고,0,0,2,0,차대차 - 정면충돌,중앙선침범,습기,비,단일로 - 기타,화물,남,54세,상해없음,승용,남,54세,상해없음
2016101600100374,2016년 10월 16일 17시,일요일,경상북도 포항시 남구 대잠동,경상사고,0,0,3,0,차대차 - 측면충돌,안전운전불이행,습기,비,교차로 - 교차로안,승용,여,35세,상해없음,승용,여,45세,경상
2016101600100416,2016년 10월 16일 18시,일요일,경상북도 영천시 임고면,중상사고,0,1,0,0,차대차 - 측면직각충돌,안전운전불이행,습기,비,단일로 - 기타,화물,남,51세,상해없음,승용,여,31세,상해없음
2016101600100417,2016년 10월 16일 18시,일요일,경상북도 영천시 망정동,부상신고사고,0,0,0,2,차대차 - 추돌,안전거리미확보,습기,비,교차로 - 교차로부근,승용,여,30세,상해없음,승합,남,34세,상해없음
2016101600100418,2016년 10월 16일 18시,일요일,경상북도 경산시 옥곡동,중상사고,0,1,0,0,차대사람 - 횡단중,보행자보호의무위반,습기,비,교차로 - 교차로안,승용,여,44세,상해없음,보행자,남,75세,중상
2016101600100419,2016년 10월 16일 18시,일요일,경상북도 포항시 남구 대잠동,경상사고,0,0,2,0,차대차 - 추돌,안전운전불이행,습기,맑음,교차로 - 교차로부근,승합,남,66세,상해없음,승용,여,33세,경상
2016101600100474,2016년 10월 16일 19시,일요일,경상북도 포항시 북구 양덕동,중상사고,0,1,0,0,차대차 - 정면충돌,안전거리미확보,건조,맑음,단일로 - 기타,승용,남,69세,상해없음,승용,여,41세,중상
2016101600100475,2016년 10월 16일 19시,일요일,경상북도 울진군 울진읍,부상신고사고,0,0,0,1,차대차 - 측면충돌,직진우회전진행방해,건조,맑음,교차로 - 교차로안,승용,남,22세,부상신고,승용,남,27세,상해없음
2016101600100513,2016년 10월 16일 20시,일요일,경상북도 구미시 선산읍,부상신고사고,0,0,0,1,차대차 - 측면충돌,신호위반,습기,비,교차로 - 교차로안,이륜,남,18세,부상신고,승용,남,45세,상해없음
2016101600100543,2016년 10월 16일 21시,일요일,경상북도 포항시 북구 우현동,중상사고,0,1,0,0,차대사람 - 횡단중,신호위반,습기,비,교차로 - 교차로안,이륜,남,23세,상해없음,보행자,여,23세,중상
2016101600100544,2016년 10월 16일 21시,일요일,경상북도 안동시 정하동,경상사고,0,0,2,0,차대차 - 측면직각충돌,직진우회전진행방해,습기,비,교차로 - 교차로안,승용,여,59세,경상,승용,남,20세,경상
2016101600100545,2016년 10월 16일 21시,일요일,경상북도 예천군 예천읍,중상사고,0,2,0,0,차대차 - 추돌,안전운전불이행,습기,비,교차로 - 교차로부근,화물,남,51세,상해없음,화물,남,49세,중상
2016101600100546,2016년 10월 16일 21시,일요일,경상북도 구미시 신평동,부상신고사고,0,0,0,1,차대차 - 기타,안전운전불이행,습기,비,교차로 - 교차로부근,이륜,남,53세,부상신고,승용,남,22세,상해없음
2016101600100575,2016년 10월 16일 22시,일요일,경상북도 영주시 하망동,경상사고,0,0,1,0,차대차 - 추돌,안전운전불이행,습기,비,교차로 - 교차로부근,승용,여,36세,상해없음,승용,남,57세,경상
2016101600100594,2016년 10월 16일 23시,일요일,경상북도 영주시 가흥동,중상사고,0,1,0,0,차대차 - 정면충돌,중앙선침범,습기,비,단일로 - 교량,승용,여,49세,상해없음,승용,여,49세,중상
2016101600100595,2016년 10월 16일 23시,일요일,경상북도 구미시 송정동,부상신고사고,0,0,0,1,차대차 - 기타,안전운전불이행,습기,비,기타 - 기타,승용,여,51세,부상신고,승합,남,52세,상해없음
2016101700100017,2016년 10월 17일 02시,월요일,경상북도 경산시 진량읍,중상사고,0,1,0,0,차대차 - 추돌,안전운전불이행,습기,흐림,교차로 - 교차로부근,화물,남,26세,상해없음,승용,남,26세,중상
2016101700100018,2016년 10월 17일 02시,월요일,경상북도 구미시 비산동,경상사고,0,0,2,0,차량단독 - 공작물충돌,안전운전불이행,습기,비,단일로 - 교량,승용,남,58세,경상,,,,
2016101700100037,2016년 10월 17일 05시,월요일,경상북도 울진군 북면,중상사고,0,3,0,0,차대차 - 추돌,안전운전불이행,건조,맑음,단일로 - 기타,화물,남,39세,중상,승용,남,62세,중상
2016101700100073,2016년 10월 17일 07시,월요일,경상북도 경산시 대평동,경상사고,0,0,1,0,차대차 - 기타,안전운전불이행,습기,맑음,교차로 - 교차로부근,기타불명,기타불명,기타불명,기타불명,승용,남,26세,경상
2016101700100074,2016년 10월 17일 07시,월요일,경상북도 포항시 남구 이동,경상사고,0,0,1,0,차대차 - 측면직각충돌,신호위반,건조,맑음,교차로 - 교차로안,승용,여,44세,상해없음,승용,남,71세,경상
2016101700100116,2016년 10월 17일 08시,월요일,경상북도 포항시 북구 우현동,부상신고사고,0,0,0,1,차량단독 - 전도전복,안전운전불이행,건조,맑음,단일로 - 기타,이륜,남,73세,부상신고,,,,
2016101700100117,2016년 10월 17일 08시,월요일,경상북도 영주시 영주동,경상사고,0,0,1,0,차대차 - 정면충돌,직진우회전진행방해,건조,맑음,교차로 - 교차로안,승용,여,43세,상해없음,승용,여,58세,경상
2016101700100118,2016년 10월 17일 08시,월요일,경상북도 구미시 비산동,경상사고,0,0,2,0,차대차 - 측면충돌,안전운전불이행,건조,맑음,교차로 - 교차로안,승용,남,57세,상해없음,승용,여,54세,경상
2016101700100119,2016년 10월 17일 08시,월요일,경상북도 성주군 선남면,사망사고,1,0,0,0,차량단독 - 공작물충돌,안전운전불이행,건조,맑음,단일로 - 기타,승용,남,40세,사망,,,,
2016101700100155,2016년 10월 17일 09시,월요일,경상북도 영덕군 영덕읍,중상사고,0,1,0,0,차대차 - 측면충돌,교차로운행방법위반,건조,맑음,교차로 - 교차로안,승용,여,55세,상해없음,자전거,여,50세,중상
2016101700100156,2016년 10월 17일 09시,월요일,경상북도 울진군 후포면,중상사고,0,1,0,0,차대차 - 측면직각충돌,안전운전불이행,건조,맑음,단일로 - 기타,건설기계,남,66세,상해없음,승용,여,55세,중상
2016101700100157,2016년 10월 17일 09시,월요일,경상북도 포항시 남구 대잠동,중상사고,0,1,4,0,차대차 - 측면직각충돌,신호위반,건조,맑음,교차로 - 교차로안,승용,남,60세,경상,승용,남,25세,경상
2016101700100186,2016년 10월 17일 10시,월요일,경상북도 경산시 하양읍,중상사고,0,1,2,0,차대차 - 정면충돌,교차로운행방법위반,건조,맑음,교차로 - 교차로안,승용,남,27세,경상,승용,여,48세,경상
2016101700100187,2016년 10월 17일 10시,월요일,경상북도 구미시 구평동,경상사고,0,0,1,0,차대차 - 측면충돌,안전운전불이행,건조,맑음,단일로 - 기타,승용,남,36세,상해없음,화물,남,29세,경상
2016101700100188,2016년 10월 17일 10시,월요일,경상북도 구미시 공단동,경상사고,0,0,1,0,차대차 - 측면충돌,신호위반,건조,맑음,교차로 - 교차로안,화물,남,68세,상해없음,승용,남,29세,경상
2016101700100189,2016년 10월 17일 10시,월요일,경상북도 구미시 선산읍,중상사고,0,1,0,0,차대차 - 측면직각충돌,교차로운행방법위반,건조,맑음,교차로 - 교차로안,승용,여,55세,상해없음,이륜,여,77세,중상
2016101700100223,2016년 10월 17일 11시,월요일,경상북도 경주시 인왕동,중상사고,0,1,0,0,차대사람 - 길가장자리구역통행중,안전운전불이행,건조,맑음,단일로 - 기타,승용,남,74세,상해없음,보행자,남,55세,중상
2016101700100224,2016년 10월 17일 11시,월요일,경상북도 포항시 북구 죽도동,경상사고,0,0,1,0,차대차 - 측면충돌,안전운전불이행,건조,맑음,단일로 - 기타,자전거,여,58세,경상,승용,여,71세,상해없음
2016101700100259,2016년 10월 17일 12시,월요일,경상북도 경주시 안강읍,중상사고,0,1,0,0,차대차 - 측면충돌,안전운전불이행,건조,맑음,단일로 - 기타,화물,남,73세,상해없음,이륜,남,25세,중상
2016101700100260,2016년 10월 17일 12시,월요일,경상북도 상주시 낙양동,중상사고,0,1,0,0,차대차 - 기타,안전운전불이행,건조,맑음,교차로 - 교차로부근,승용,남,80세,상해없음,원동기,남,23세,중상
2016101700100261,2016년 10월 17일 12시,월요일,경상북도 경산시 유곡동,경상사고,0,0,1,0,차대사람 - 횡단중,안전운전불이행,건조,맑음,단일로 - 기타,승용,남,29세,상해없음,보행자,여,22세,경상
2016101700100262,2016년 10월 17일 12시,월요일,경상북도 성주군 대가면,경상사고,0,0,2,0,차대차 - 추돌,안전운전불이행,건조,맑음,단일로 - 기타,승용,남,58세,상해없음,승용,남,61세,경상
2016101700100295,2016년 10월 17일 13시,월요일,경상북도 상주시 내서면,경상사고,0,0,1,0,차대차 - 측면직각충돌,안전운전불이행,건조,맑음,단일로 - 기타,농기계,남,64세,상해없음,승용,여,45세,경상
2016101700100296,2016년 10월 17일 13시,월요일,경상북도 경산시 옥산동,중상사고,0,1,0,0,차대사람 - 횡단중,안전운전불이행,건조,맑음,교차로 - 교차로부근,승용,남,53세,상해없음,보행자,남,78세,중상
2016101700100297,2016년 10월 17일 13시,월요일,경상북도 청송군 부남면,중상사고,0,1,1,0,차대차 - 정면충돌,중앙선침범,건조,맑음,단일로 - 기타,승합,남,44세,상해없음,화물,남,80세,중상
2016101700100298,2016년 10월 17일 13시,월요일,경상북도 구미시 송정동,중상사고,0,1,0,0,차대사람 - 횡단중,안전운전불이행,건조,맑음,교차로 - 교차로부근,승용,여,36세,상해없음,보행자,남,8세,중상
2016101700100334,2016년 10월 17일 14시,월요일,경상북도 문경시 농암면,경상사고,0,0,1,0,차대차 - 측면충돌,직진우회전진행방해,건조,맑음,교차로 - 교차로안,승용,남,66세,상해없음,원동기,남,70세,경상
2016101700100335,2016년 10월 17일 14시,월요일,경상북도 경산시 사동,경상사고,0,0,1,0,차대차 - 정면충돌,신호위반,건조,맑음,교차로 - 교차로안,승합,남,65세,상해없음,승용,여,54세,경상
2016101700100336,2016년 10월 17일 14시,월요일,경상북도 구미시 선산읍,중상사고,0,1,0,0,차대사람 - 횡단중,안전운전불이행,건조,맑음,교차로 - 교차로안,승용,남,47세,상해없음,보행자,여,76세,중상
2016101700100337,2016년 10월 17일 14시,월요일,경상북도 구미시 도량동,경상사고,0,0,1,0,차대차 - 측면충돌,교차로운행방법위반,건조,맑음,교차로 - 교차로안,승용,여,40세,상해없음,자전거,남,27세,경상
2016101700100369,2016년 10월 17일 15시,월요일,경상북도 김천시 대광동,경상사고,0,0,1,0,차대차 - 측면직각충돌,교차로운행방법위반,건조,맑음,교차로 - 교차로안,승용,남,47세,상해없음,승용,남,55세,경상
2016101700100370,2016년 10월 17일 15시,월요일,경상북도 경산시 하양읍,경상사고,0,0,2,0,차대차 - 정면충돌,안전운전불이행,건조,맑음,교차로 - 교차로안,승용,여,61세,상해없음,승합,남,41세,경상
2016101700100407,2016년 10월 17일 16시,월요일,경상북도 의성군 단북면,중상사고,0,1,0,0,차대차 - 정면충돌,안전운전불이행,건조,맑음,단일로 - 기타,화물,남,46세,상해없음,승용,남,66세,중상
2016101700100408,2016년 10월 17일 16시,월요일,경상북도 영덕군 영덕읍,중상사고,0,1,2,0,차대차 - 측면충돌,교차로운행방법위반,건조,맑음,교차로 - 교차로안,승용,남,45세,경상,승용,남,65세,경상
2016101700100409,2016년 10월 17일 16시,월요일,경상북도 청송군 진보면,경상사고,0,0,1,0,차대차 - 측면직각충돌,안전운전불이행,건조,맑음,단일로 - 기타,승합,여,57세,상해없음,승합,남,51세,상해없음
2016101700100410,2016년 10월 17일 16시,월요일,경상북도 구미시 봉곡동,중상사고,0,1,0,0,차대사람 - 횡단중,안전운전불이행,건조,맑음,교차로 - 교차로안,승용,여,40세,상해없음,보행자,여,34세,중상
2016101700100456,2016년 10월 17일 17시,월요일,경상북도 구미시 공단동,경상사고,0,0,1,0,차대차 - 기타,안전운전불이행,건조,맑음,기타 - 기타,승용,남,46세,상해없음,화물,남,49세,경상
2016101700100503,2016년 10월 17일 18시,월요일,경상북도 포항시 북구 죽도동,경상사고,0,0,1,0,차대차 - 측면충돌,안전거리미확보,건조,맑음,단일로 - 기타,승용,남,18세,상해없음,승용,여,54세,경상
2016101700100504,2016년 10월 17일 18시,월요일,경상북도 안동시 녹전면,경상사고,0,0,1,0,차대차 - 측면충돌,안전운전불이행,건조,맑음,교차로 - 교차로안,승용,여,41세,상해없음,화물,남,55세,경상
2016101700100505,2016년 10월 17일 18시,월요일,경상북도 상주시 신봉동,경상사고,0,0,2,0,차대차 - 추돌,안전운전불이행,건조,맑음,교차로 - 교차로부근,승용,남,80세,상해없음,승용,여,33세,경상
2016101700100506,2016년 10월 17일 18시,월요일,경상북도 영천시 화북면,사망사고,1,0,0,0,차대사람 - 횡단중,보행자보호의무위반,건조,맑음,교차로 - 교차로부근,원동기,남,76세,상해없음,보행자,여,77세,사망
2016101700100507,2016년 10월 17일 18시,월요일,경상북도 구미시 공단동,경상사고,0,0,1,0,차대차 - 측면직각충돌,신호위반,건조,맑음,교차로 - 교차로부근,승용,남,37세,상해없음,원동기,남,33세,경상
2016101700100543,2016년 10월 17일 19시,월요일,경상북도 포항시 북구 흥해읍,경상사고,0,0,4,0,차대차 - 정면충돌,차로위반,건조,맑음,단일로 - 기타,승용,남,22세,상해없음,승용,여,34세,경상
2016101700100544,2016년 10월 17일 19시,월요일,경상북도 경산시 진량읍,중상사고,0,1,3,0,차대차 - 정면충돌,신호위반,건조,맑음,교차로 - 교차로안,이륜,남,16세,경상,승용,남,50세,경상
2016101700100595,2016년 10월 17일 20시,월요일,경상북도 경주시 천북면,중상사고,0,1,2,0,차대차 - 추돌,안전운전불이행,건조,맑음,단일로 - 기타,화물,남,53세,중상,승합,남,47세,경상
2016101700100596,2016년 10월 17일 20시,월요일,경상북도 포항시 북구 양덕동,경상사고,0,0,3,0,차대차 - 정면충돌,안전거리미확보,건조,맑음,단일로 - 기타,원동기,남,17세,상해없음,승용,남,31세,경상
2016101700100597,2016년 10월 17일 20시,월요일,경상북도 포항시 북구 죽도동,중상사고,0,1,0,0,차대사람 - 횡단중,신호위반,건조,맑음,교차로 - 교차로안,승용,남,47세,상해없음,보행자,여,54세,중상
2016101700100598,2016년 10월 17일 20시,월요일,경상북도 포항시 북구 환호동,중상사고,0,1,0,0,차대사람 - 횡단중,보행자보호의무위반,건조,맑음,단일로 - 횡단보도상,승용,남,68세,상해없음,보행자,여,65세,중상
2016101700100599,2016년 10월 17일 20시,월요일,경상북도 영주시 가흥동,중상사고,0,1,0,0,차대차 - 측면충돌,교차로운행방법위반,건조,맑음,교차로 - 교차로안,원동기,남,18세,중상,승용,여,38세,상해없음
2016101700100600,2016년 10월 17일 20시,월요일,경상북도 영천시 대창면,경상사고,0,0,1,0,차량단독 - 공작물충돌,안전운전불이행,건조,맑음,단일로 - 기타,승용,남,40세,경상,,,,
2016101700100629,2016년 10월 17일 21시,월요일,경상북도 김천시 신음동,경상사고,0,0,1,0,차대차 - 추돌,안전운전불이행,건조,맑음,교차로 - 교차로부근,승합,남,66세,상해없음,승용,남,23세,경상
2016101700100630,2016년 10월 17일 21시,월요일,경상북도 의성군 봉양면,중상사고,0,1,0,0,차대사람 - 기타,안전운전불이행,습기,안개,교차로 - 교차로부근,승용,여,44세,상해없음,보행자,여,53세,중상
2016101700100631,2016년 10월 17일 21시,월요일,경상북도 구미시 오태동,중상사고,0,1,0,0,차대차 - 기타,안전운전불이행,건조,맑음,교차로 - 교차로안,승용,남,22세,상해없음,원동기,남,23세,중상
2016101700100652,2016년 10월 17일 22시,월요일,경상북도 구미시 인의동,중상사고,0,1,1,0,차대차 - 기타,안전운전불이행,건조,맑음,교차로 - 교차로안,승용,남,23세,상해없음,승용,남,39세,경상
2016101700100675,2016년 10월 17일 23시,월요일,경상북도 김천시 부곡동,경상사고,0,0,1,0,차대차 - 추돌,안전운전불이행,건조,맑음,교차로 - 교차로부근,승용,남,36세,상해없음,승용,여,51세,경상
2016101800100026,2016년 10월 18일 02시,화요일,경상북도 김천시 남면,경상사고,0,0,1,0,차량단독 - 전도전복,안전운전불이행,건조,맑음,단일로 - 기타,승합,남,52세,경상,,,,
2016101800100060,2016년 10월 18일 06시,화요일,경상북도 경주시 황성동,경상사고,0,0,1,0,차대차 - 기타,신호위반,건조,맑음,교차로 - 교차로안,화물,남,45세,상해없음,승용,여,54세,경상
2016101800100061,2016년 10월 18일 06시,화요일,경상북도 칠곡군 약목면,경상사고,0,0,1,0,차량단독 - 전도전복,안전운전불이행,건조,흐림,단일로 - 기타,승용,남,23세,경상,,,,
2016101800100062,2016년 10월 18일 06시,화요일,경상북도 예천군 예천읍,중상사고,0,1,0,0,차대차 - 측면직각충돌,신호위반,건조,맑음,교차로 - 교차로안,자전거,남,83세,중상,이륜,남,36세,상해없음
2016101800100084,2016년 10월 18일 07시,화요일,경상북도 칠곡군 기산면,중상사고,0,1,1,0,차대차 - 추돌,안전운전불이행,습기,안개,단일로 - 기타,승용,여,33세,경상,승용,남,32세,중상
2016101800100085,2016년 10월 18일 07시,화요일,경상북도 영천시 대창면,중상사고,0,1,0,0,차대사람 - 길가장자리구역통행중,안전운전불이행,건조,맑음,교차로 - 교차로부근,건설기계,남,36세,상해없음,보행자,여,67세,중상
2016101800100086,2016년 10월 18일 07시,화요일,경상북도 경산시 진량읍,경상사고,0,0,2,0,차대차 - 추돌,안전운전불이행,건조,맑음,교차로 - 교차로안,승용,여,55세,경상,승용,남,58세,경상
2016101800100134,2016년 10월 18일 08시,화요일,경상북도 경주시 조양동,부상신고사고,0,0,0,1,차량단독 - 전도전복,안전운전불이행,건조,맑음,교차로 - 교차로부근,화물,남,36세,부상신고,,,,
2016101800100135,2016년 10월 18일 08시,화요일,경상북도 안동시 동문동,경상사고,0,0,1,0,차대사람 - 길가장자리구역통행중,안전운전불이행,건조,맑음,단일로 - 기타,승용,남,52세,상해없음,보행자,여,9세,경상
2016101800100136,2016년 10월 18일 08시,화요일,경상북도 안동시 광석동,중상사고,0,1,0,0,차대사람 - 길가장자리구역통행중,안전운전불이행,건조,맑음,단일로 - 기타,승합,남,46세,상해없음,보행자,여,74세,중상
2016101800100137,2016년 10월 18일 08시,화요일,경상북도 영덕군 영덕읍,중상사고,0,2,0,0,차대차 - 추돌,안전운전불이행,건조,맑음,단일로 - 기타,승용,여,57세,상해없음,특수,남,54세,중상
2016101800100138,2016년 10월 18일 08시,화요일,경상북도 예천군 예천읍,중상사고,0,1,1,0,차대차 - 정면충돌,중앙선침범,습기,안개,단일로 - 기타,승용,남,35세,경상,화물,남,59세,중상
2016101800100176,2016년 10월 18일 09시,화요일,경상북도 경주시 황오동,중상사고,0,1,1,0,차대차 - 측면충돌,안전운전불이행,건조,맑음,교차로 - 교차로부근,승용,남,74세,상해없음,승합,남,47세,경상
2016101800100203,2016년 10월 18일 10시,화요일,경상북도 구미시 고아읍,부상신고사고,0,0,0,1,차대차 - 측면충돌,안전운전불이행,건조,흐림,단일로 - 기타,승용,남,81세,부상신고,승용,남,41세,기타불명
2016101800100204,2016년 10월 18일 10시,화요일,경상북도 칠곡군 가산면,중상사고,0,1,0,0,차량단독 - 기타,기타,건조,흐림,단일로 - 기타,승합,남,58세,상해없음,,,,
2016101800100234,2016년 10월 18일 11시,화요일,경상북도 의성군 봉양면,경상사고,0,0,2,0,차대차 - 측면충돌,안전운전불이행,건조,맑음,단일로 - 기타,이륜,남,59세,경상,화물,남,45세,상해없음
2016101800100235,2016년 10월 18일 11시,화요일,경상북도 칠곡군 가산면,경상사고,0,0,1,0,차대차 - 측면직각충돌,안전거리미확보,건조,맑음,단일로 - 기타,건설기계,남,62세,상해없음,승용,남,25세,경상
2016101800100319,2016년 10월 18일 14시,화요일,경상북도 경산시 사동,사망사고,1,0,0,0,차대차 - 측면충돌,안전운전불이행,건조,맑음,단일로 - 기타,이륜,남,62세,사망,화물,남,49세,상해없음
2016101800100320,2016년 10월 18일 14시,화요일,경상북도 경산시 하양읍,경상사고,0,0,1,0,차대사람 - 길가장자리구역통행중,안전운전불이행,건조,맑음,단일로 - 기타,승용,여,41세,상해없음,보행자,남,33세,경상
2016101800100321,2016년 10월 18일 14시,화요일,경상북도 성주군 용암면,경상사고,0,0,1,0,차대차 - 측면충돌,안전운전불이행,건조,맑음,기타 - 기타,승용,남,42세,상해없음,승용,남,50세,경상
2016101800100351,2016년 10월 18일 15시,화요일,경상북도 안동시 운흥동,경상사고,0,0,1,0,차대차 - 정면충돌,신호위반,건조,맑음,교차로 - 교차로안,승용,여,46세,상해없음,승용,여,35세,경상
2016101800100352,2016년 10월 18일 15시,화요일,경상북도 김천시 신음동,경상사고,0,0,1,0,차대사람 - 길가장자리구역통행중,안전운전불이행,건조,맑음,단일로 - 기타,승용,여,36세,기타불명,보행자,여,60세,경상
2016101800100353,2016년 10월 18일 15시,화요일,경상북도 영천시 완산동,중상사고,0,1,0,0,차대사람 - 차도통행중,안전운전불이행,건조,맑음,단일로 - 기타,승용,여,43세,상해없음,보행자,여,77세,중상