사고번호,사고일시,요일,시군구,사고내용,사망자수,중상자수,경상자수,부상신고자수,사고유형,법규위반,노면상태,기상상태,도로형태,가해운전자 차종,가해운전자 성별,가해운전자 연령,가해운전자 상해정도,피해운전자 차종,피해운전자 성별,피해운전자 연령,피해운전자 상해정도
2016101800100354,2016년 10월 18일 15시,화요일,경상북도 구미시 옥성면,중상사고,0,1,0,0,차대차 - 측면충돌,직진우회전진행방해,건조,맑음,단일로 - 기타,승용,남,60세,상해없음,이륜,여,63세,중상
2016101800100383,2016년 10월 18일 16시,화요일,경상북도 경주시 황오동,중상사고,0,1,0,0,차대차 - 측면충돌,안전운전불이행,건조,맑음,교차로 - 교차로안,승용,남,63세,상해없음,자전거,남,22세,중상
2016101800100384,2016년 10월 18일 16시,화요일,경상북도 영주시 휴천동,중상사고,0,1,0,0,차대사람 - 횡단중,보행자보호의무위반,건조,맑음,교차로 - 교차로안,화물,여,53세,상해없음,보행자,여,66세,중상
2016101800100385,2016년 10월 18일 16시,화요일,경상북도 문경시 모전동,경상사고,0,0,1,0,차대사람 - 횡단중,안전운전불이행,건조,맑음,교차로 - 교차로안,기타불명,기타불명,기타불명,기타불명,보행자,여,63세,경상
2016101800100386,2016년 10월 18일 16시,화요일,경상북도 경산시 하양읍,경상사고,0,0,2,0,차대차 - 추돌,안전운전불이행,건조,맑음,단일로 - 기타,승용,여,55세,상해없음,승용,여,37세,경상
2016101800100423,2016년 10월 18일 17시,화요일,경상북도 영천시 북안면,중상사고,0,1,1,0,차대차 - 추돌,안전운전불이행,건조,맑음,단일로 - 기타,승합,남,52세,상해없음,화물,남,31세,경상
2016101800100465,2016년 10월 18일 18시,화요일,경상북도 안동시 정하동,경상사고,0,0,1,0,차대차 - 정면충돌,안전운전불이행,건조,맑음,단일로 - 교량,화물,남,61세,상해없음,화물,남,39세,경상
2016101800100466,2016년 10월 18일 18시,화요일,경상북도 안동시 풍산읍,중상사고,0,1,0,0,차대차 - 정면충돌,안전운전불이행,건조,맑음,단일로 - 기타,승용,남,43세,상해없음,농기계,남,58세,중상
2016101800100467,2016년 10월 18일 18시,화요일,경상북도 영주시 단산면,중상사고,0,1,0,0,차량단독 - 전도전복,안전운전불이행,건조,맑음,단일로 - 기타,농기계,남,78세,상해없음,,,,
2016101800100468,2016년 10월 18일 18시,화요일,경상북도 칠곡군 석적읍,중상사고,0,1,0,0,차대차 - 정면충돌,안전운전불이행,건조,맑음,단일로 - 기타,이륜,남,46세,상해없음,자전거,남,35세,중상
2016101800100469,2016년 10월 18일 18시,화요일,경상북도 경산시 압량면,경상사고,0,0,1,0,차대차 - 기타,안전운전불이행,건조,맑음,단일로 - 기타,승용,여,45세,상해없음,승용,남,36세,경상
2016101800100470,2016년 10월 18일 18시,화요일,경상북도 구미시 선산읍,중상사고,0,1,0,0,차대차 - 추돌,신호위반,건조,맑음,교차로 - 교차로안,이륜,남,21세,상해없음,자전거,여,80세,중상
2016101800100471,2016년 10월 18일 18시,화요일,경상북도 포항시 남구 대송면,경상사고,0,0,1,0,차대차 - 추돌,안전운전불이행,건조,맑음,단일로 - 기타,승용,남,59세,경상,기타불명,기타불명,기타불명,기타불명
2016101800100472,2016년 10월 18일 18시,화요일,경상북도 포항시 남구 장흥동,중상사고,0,1,1,0,차대차 - 추돌,안전운전불이행,건조,맑음,단일로 - 기타,승합,남,53세,상해없음,승용,남,55세,경상
2016101800100523,2016년 10월 18일 19시,화요일,경상북도 안동시 안흥동,경상사고,0,0,2,0,차대차 - 측면직각충돌,안전운전불이행,건조,맑음,단일로 - 기타,승용,여,49세,경상,승용,남,44세,경상
2016101800100524,2016년 10월 18일 19시,화요일,경상북도 구미시 선산읍,중상사고,0,1,0,0,차대사람 - 횡단중,과속,건조,맑음,교차로 - 교차로부근,승용,남,32세,상해없음,보행자,여,62세,중상
2016101800100525,2016년 10월 18일 19시,화요일,경상북도 포항시 남구 대잠동,부상신고사고,0,0,0,1,차대차 - 추돌,안전운전불이행,건조,맑음,단일로 - 기타,원동기,남,16세,상해없음,승용,남,26세,부상신고
2016101800100526,2016년 10월 18일 19시,화요일,경상북도 포항시 남구 연일읍,경상사고,0,0,2,0,차대차 - 측면충돌,안전운전불이행,건조,맑음,교차로 - 교차로안,승합,남,41세,상해없음,승용,남,64세,경상
2016101800100569,2016년 10월 18일 20시,화요일,경상북도 경산시 평산동,중상사고,0,1,0,0,차대차 - 정면충돌,교차로운행방법위반,건조,맑음,단일로 - 기타,승용,남,23세,기타불명,승용,남,56세,중상
2016101800100570,2016년 10월 18일 20시,화요일,경상북도 구미시 오태동,경상사고,0,0,1,0,차대사람 - 횡단중,안전운전불이행,건조,맑음,교차로 - 교차로부근,기타불명,기타불명,기타불명,기타불명,보행자,남,15세,경상
2016101800100621,2016년 10월 18일 22시,화요일,경상북도 구미시 고아읍,중상사고,0,1,0,0,차대차 - 측면충돌,안전운전불이행,건조,맑음,교차로 - 교차로안,승용,남,35세,상해없음,이륜,남,23세,중상
2016101800100622,2016년 10월 18일 22시,화요일,경상북도 포항시 남구 상도동,중상사고,0,1,1,0,차대차 - 기타,안전운전불이행,건조,맑음,단일로 - 기타,승용,남,68세,상해없음,승용,여,48세,중상
2016101800100638,2016년 10월 18일 23시,화요일,경상북도 포항시 남구 오천읍,중상사고,0,1,1,0,차대차 - 측면충돌,직진우회전진행방해,건조,맑음,교차로 - 교차로안,승용,여,35세,상해없음,승용,남,25세,중상
2016101900100068,2016년 10월 19일 06시,수요일,경상북도 칠곡군 북삼읍,부상신고사고,0,0,0,1,차대차 - 정면충돌,안전운전불이행,건조,맑음,단일로 - 기타,승용,여,53세,상해없음,화물,남,43세,부상신고
2016101900100118,2016년 10월 19일 08시,수요일,경상북도 경주시 외동읍,경상사고,0,0,2,0,차대차 - 측면충돌,안전운전불이행,건조,맑음,교차로 - 교차로안,화물,남,31세,경상,승용,남,29세,경상
2016101900100119,2016년 10월 19일 08시,수요일,경상북도 안동시 정하동,경상사고,0,0,2,0,차대차 - 정면충돌,신호위반,건조,맑음,교차로 - 교차로안,승용,여,38세,경상,승용,여,33세,경상
2016101900100120,2016년 10월 19일 08시,수요일,경상북도 영천시 야사동,경상사고,0,0,1,0,차대차 - 측면직각충돌,안전운전불이행,건조,맑음,교차로 - 교차로안,자전거,남,14세,경상,승용,여,41세,상해없음
2016101900100121,2016년 10월 19일 08시,수요일,경상북도 영천시 야사동,경상사고,0,0,1,0,차대사람 - 길가장자리구역통행중,안전운전불이행,건조,맑음,단일로 - 기타,승용,남,39세,상해없음,보행자,여,41세,경상
2016101900100122,2016년 10월 19일 08시,수요일,경상북도 구미시 원평동,부상신고사고,0,0,0,1,차대차 - 기타,안전운전불이행,건조,맑음,단일로 - 기타,자전거,남,59세,부상신고,승용,남,58세,상해없음
2016101900100154,2016년 10월 19일 09시,수요일,경상북도 칠곡군 석적읍,경상사고,0,0,1,1,차대차 - 정면충돌,중앙선침범,건조,맑음,단일로 - 기타,화물,남,59세,부상신고,승용,여,46세,경상
2016101900100155,2016년 10월 19일 09시,수요일,경상북도 포항시 남구 청림동,경상사고,0,0,1,0,차대사람 - 기타,안전운전불이행,건조,맑음,단일로 - 기타,승용,남,71세,상해없음,보행자,남,42세,경상
2016101900100182,2016년 10월 19일 10시,수요일,경상북도 안동시 풍산읍,중상사고,0,1,3,0,차대차 - 정면충돌,과속,건조,맑음,단일로 - 기타,승용,남,35세,경상,승용,여,34세,중상
2016101900100183,2016년 10월 19일 10시,수요일,경상북도 영주시 풍기읍,경상사고,0,0,1,0,차대사람 - 기타,안전운전불이행,건조,맑음,교차로 - 교차로안,화물,남,49세,상해없음,보행자,남,19세,경상
2016101900100184,2016년 10월 19일 10시,수요일,경상북도 경산시 정평동,부상신고사고,0,0,0,1,차대차 - 측면충돌,안전운전불이행,건조,맑음,단일로 - 기타,자전거,여,81세,부상신고,승용,여,48세,상해없음
2016101900100214,2016년 10월 19일 11시,수요일,경상북도 영천시 임고면,경상사고,0,0,5,0,차대차 - 정면충돌,교차로운행방법위반,건조,맑음,교차로 - 교차로안,승용,남,63세,경상,승용,여,43세,경상
2016101900100215,2016년 10월 19일 11시,수요일,경상북도 봉화군 봉화읍,경상사고,0,0,2,0,차대사람 - 차도통행중,안전운전불이행,건조,맑음,단일로 - 기타,화물,여,56세,경상,보행자,여,83세,경상
2016101900100242,2016년 10월 19일 12시,수요일,경상북도 경주시 동천동,중상사고,0,1,1,0,차대차 - 추돌,안전운전불이행,건조,맑음,단일로 - 기타,화물,남,59세,상해없음,승용,여,28세,중상
2016101900100243,2016년 10월 19일 12시,수요일,경상북도 상주시 남성동,경상사고,0,0,1,0,차대차 - 측면직각충돌,안전운전불이행,건조,맑음,단일로 - 기타,화물,남,73세,상해없음,자전거,남,41세,경상
2016101900100277,2016년 10월 19일 13시,수요일,경상북도 포항시 남구 대도동,경상사고,0,0,4,0,차대차 - 기타,안전거리미확보,건조,맑음,단일로 - 기타,화물,남,59세,경상,승용,여,65세,경상
2016101900100310,2016년 10월 19일 14시,수요일,경상북도 경주시 외동읍,경상사고,0,0,1,0,차대차 - 측면충돌,안전운전불이행,건조,맑음,교차로 - 교차로안,건설기계,남,48세,상해없음,원동기,남,48세,경상
2016101900100311,2016년 10월 19일 14시,수요일,경상북도 포항시 남구 상도동,경상사고,0,0,1,0,차대사람 - 횡단중,신호위반,건조,맑음,단일로 - 기타,승용,여,43세,상해없음,보행자,남,68세,경상
2016101900100347,2016년 10월 19일 15시,수요일,경상북도 포항시 북구 항구동,경상사고,0,0,4,0,차대차 - 기타,중앙선침범,건조,맑음,단일로 - 기타,승용,남,43세,상해없음,승용,여,19세,경상
2016101900100348,2016년 10월 19일 15시,수요일,경상북도 안동시 삼산동,경상사고,0,0,1,0,차대사람 - 보도통행중,보행자보호의무위반,건조,맑음,단일로 - 기타,화물,남,62세,상해없음,보행자,여,28세,경상
2016101900100349,2016년 10월 19일 15시,수요일,경상북도 문경시 가은읍,중상사고,0,1,0,0,차대차 - 추돌,안전운전불이행,건조,맑음,단일로 - 기타,이륜,남,73세,중상,화물,남,56세,기타불명
2016101900100426,2016년 10월 19일 17시,수요일,경상북도 예천군 지보면,중상사고,0,1,0,0,차대차 - 정면충돌,안전운전불이행,건조,맑음,단일로 - 기타,이륜,남,64세,중상,화물,남,52세,상해없음
2016101900100427,2016년 10월 19일 17시,수요일,경상북도 포항시 남구 대도동,부상신고사고,0,0,0,1,차대사람 - 기타,안전운전불이행,건조,맑음,교차로 - 교차로안,승용,여,65세,상해없음,보행자,남,47세,부상신고
2016101900100428,2016년 10월 19일 17시,수요일,경상북도 포항시 남구 해도동,중상사고,0,1,0,0,차대차 - 기타,직진우회전진행방해,건조,맑음,교차로 - 교차로안,승용,남,22세,상해없음,이륜,남,74세,중상
2016101900100486,2016년 10월 19일 18시,수요일,경상북도 영주시 휴천동,부상신고사고,0,0,0,1,차대차 - 정면충돌,신호위반,건조,맑음,교차로 - 교차로안,승용,남,72세,상해없음,승용,남,60세,부상신고
2016101900100487,2016년 10월 19일 18시,수요일,경상북도 문경시 흥덕동,경상사고,0,0,1,0,차대차 - 측면충돌,안전운전불이행,건조,흐림,단일로 - 교량,이륜,남,68세,상해없음,자전거,남,72세,경상
2016101900100488,2016년 10월 19일 18시,수요일,경상북도 문경시 모전동,경상사고,0,0,1,0,차대차 - 기타,안전운전불이행,건조,맑음,교차로 - 교차로안,이륜,남,20세,경상,승용,남,32세,상해없음
2016101900100489,2016년 10월 19일 18시,수요일,경상북도 구미시 원평동,경상사고,0,0,1,0,차대차 - 정면충돌,안전운전불이행,건조,맑음,단일로 - 기타,이륜,남,27세,경상,승합,남,62세,상해없음
2016101900100537,2016년 10월 19일 19시,수요일,경상북도 안동시 법흥동,중상사고,0,2,0,0,차대차 - 정면충돌,중앙선침범,건조,맑음,단일로 - 기타,승용,남,21세,상해없음,승용,남,50세,중상
2016101900100538,2016년 10월 19일 19시,수요일,경상북도 영주시 봉현면,경상사고,0,0,1,0,차대차 - 측면충돌,교차로운행방법위반,건조,맑음,교차로 - 교차로안,이륜,남,35세,경상,승용,남,48세,상해없음
2016101900100539,2016년 10월 19일 19시,수요일,경상북도 문경시 모전동,경상사고,0,0,1,0,차대차 - 기타,안전운전불이행,건조,맑음,교차로 - 교차로부근,승용,남,30세,상해없음,이륜,남,15세,경상
2016101900100540,2016년 10월 19일 19시,수요일,경상북도 경산시 하양읍,중상사고,0,1,1,0,차대차 - 정면충돌,안전운전불이행,건조,맑음,단일로 - 기타,승용,남,71세,상해없음,승용,남,61세,경상
2016101900100584,2016년 10월 19일 20시,수요일,경상북도 영천시 북안면,경상사고,0,0,1,0,차대차 - 정면충돌,안전운전불이행,건조,맑음,단일로 - 기타,승용,남,64세,상해없음,화물,남,44세,경상
2016101900100639,2016년 10월 19일 22시,수요일,경상북도 포항시 북구 대신동,경상사고,0,0,1,0,차대차 - 측면직각충돌,안전운전불이행,건조,맑음,단일로 - 기타,승용,남,19세,상해없음,승합,남,42세,경상
2016101900100664,2016년 10월 19일 23시,수요일,경상북도 구미시 선기동,중상사고,0,1,1,0,차대차 - 측면충돌,안전운전불이행,건조,맑음,단일로 - 기타,승합,남,25세,상해없음,승용,남,53세,경상
2016102000100024,2016년 10월 20일 01시,목요일,경상북도 경주시 석장동,중상사고,0,1,1,0,차대차 - 측면충돌,안전운전불이행,건조,맑음,교차로 - 교차로안,승용,여,45세,상해없음,원동기,남,23세,중상
2016102000100033,2016년 10월 20일 02시,목요일,경상북도 칠곡군 석적읍,경상사고,0,0,1,0,차대사람 - 기타,기타,건조,맑음,교차로 - 교차로부근,승용,남,27세,상해없음,보행자,남,30세,경상
2016102000100088,2016년 10월 20일 07시,목요일,경상북도 포항시 북구 환호동,중상사고,0,1,2,0,차대차 - 추돌,안전운전불이행,건조,맑음,교차로 - 교차로안,승용,여,48세,상해없음,승용,여,45세,경상
2016102000100089,2016년 10월 20일 07시,목요일,경상북도 경산시 진량읍,경상사고,0,0,1,0,차대차 - 측면직각충돌,안전운전불이행,건조,맑음,단일로 - 기타,승용,남,45세,상해없음,자전거,남,52세,경상
2016102000100090,2016년 10월 20일 07시,목요일,경상북도 포항시 남구 해도동,경상사고,0,0,1,0,차대차 - 추돌,안전운전불이행,건조,맑음,교차로 - 교차로부근,승용,여,52세,상해없음,승용,남,70세,경상
2016102000100121,2016년 10월 20일 08시,목요일,경상북도 의성군 봉양면,경상사고,0,0,1,0,차대차 - 측면충돌,교차로운행방법위반,건조,맑음,교차로 - 교차로안,이륜,남,78세,경상,화물,남,49세,상해없음
2016102000100122,2016년 10월 20일 08시,목요일,경상북도 구미시 공단동,경상사고,0,0,1,0,차대차 - 측면충돌,안전운전불이행,건조,맑음,교차로 - 교차로안,승용,남,49세,상해없음,승용,남,31세,경상
2016102000100159,2016년 10월 20일 09시,목요일,경상북도 김천시 농소면,중상사고,0,1,0,0,차대차 - 측면충돌,안전운전불이행,건조,맑음,교차로 - 교차로부근,화물,남,47세,상해없음,이륜,여,73세,중상
2016102000100160,2016년 10월 20일 09시,목요일,경상북도 칠곡군 왜관읍,부상신고사고,0,0,0,1,차대차 - 정면충돌,불법유턴,건조,맑음,교차로 - 교차로부근,이륜,남,77세,부상신고,승용,남,22세,상해없음
2016102000100190,2016년 10월 20일 10시,목요일,경상북도 경산시 대평동,경상사고,0,0,1,0,차대차 - 정면충돌,신호위반,건조,맑음,교차로 - 교차로안,승용,여,23세,상해없음,승용,여,49세,경상
2016102000100219,2016년 10월 20일 11시,목요일,경상북도 영천시 완산동,경상사고,0,0,1,0,차대차 - 측면충돌,안전운전불이행,건조,맑음,단일로 - 기타,승용,남,40세,상해없음,자전거,여,60세,경상
2016102000100262,2016년 10월 20일 13시,목요일,경상북도 경주시 황성동,중상사고,0,1,0,0,차대차 - 측면직각충돌,안전운전불이행,건조,맑음,단일로 - 기타,승용,여,62세,상해없음,승용,여,34세,상해없음
2016102000100263,2016년 10월 20일 13시,목요일,경상북도 군위군 부계면,경상사고,0,0,1,0,차량단독 - 전도전복,안전운전불이행,건조,맑음,단일로 - 기타,승용,남,57세,경상,,,,
2016102000100290,2016년 10월 20일 14시,목요일,경상북도 포항시 북구 우현동,경상사고,0,0,1,0,차대차 - 정면충돌,안전운전불이행,건조,맑음,단일로 - 기타,승용,여,44세,상해없음,승용,남,33세,상해없음
2016102000100291,2016년 10월 20일 14시,목요일,경상북도 영천시 도림동,경상사고,0,0,1,0,차대차 - 정면충돌,중앙선침범,건조,맑음,단일로 - 기타,승용,남,74세,상해없음,건설기계,남,54세,경상
2016102000100318,2016년 10월 20일 15시,목요일,경상북도 경주시 현곡면,경상사고,0,0,2,0,차대차 - 추돌,안전운전불이행,건조,맑음,단일로 - 기타,승용,남,74세,경상,화물,남,56세,경상
2016102000100319,2016년 10월 20일 15시,목요일,경상북도 포항시 남구 구룡포읍,중상사고,0,1,0,0,차대사람 - 기타,안전운전불이행,건조,맑음,교차로 - 교차로부근,승용,남,67세,상해없음,보행자,여,73세,중상
2016102000100350,2016년 10월 20일 16시,목요일,경상북도 영천시 대창면,중상사고,0,1,0,0,차대차 - 측면직각충돌,기타,건조,맑음,교차로 - 교차로안,승용,남,72세,상해없음,이륜,남,76세,중상
2016102000100386,2016년 10월 20일 17시,목요일,경상북도 포항시 북구 두호동,중상사고,0,1,0,0,차대사람 - 횡단중,교차로운행방법위반,건조,맑음,교차로 - 교차로안,승합,여,46세,상해없음,보행자,여,59세,중상
2016102000100387,2016년 10월 20일 17시,목요일,경상북도 경산시 압량면,경상사고,0,0,1,0,차대차 - 측면충돌,신호위반,건조,맑음,교차로 - 교차로안,승용,남,55세,상해없음,자전거,남,8세,경상
2016102000100448,2016년 10월 20일 18시,목요일,경상북도 경주시 신평동,경상사고,0,0,1,0,차대차 - 추돌,안전운전불이행,건조,맑음,교차로 - 교차로부근,승용,남,43세,상해없음,승용,남,53세,경상
2016102000100449,2016년 10월 20일 18시,목요일,경상북도 포항시 북구 기계면,중상사고,0,1,0,0,차대차 - 기타,중앙선침범,건조,맑음,단일로 - 기타,건설기계,남,61세,상해없음,원동기,남,66세,중상
2016102000100488,2016년 10월 20일 19시,목요일,경상북도 영주시 영주동,경상사고,0,0,1,0,차대차 - 측면충돌,안전운전불이행,건조,맑음,교차로 - 교차로부근,승용,여,43세,상해없음,자전거,남,13세,경상
2016102000100520,2016년 10월 20일 20시,목요일,경상북도 경주시 건천읍,경상사고,0,0,1,0,차대차 - 측면충돌,안전운전불이행,건조,맑음,교차로 - 교차로안,승용,남,36세,상해없음,자전거,남,55세,경상
2016102000100521,2016년 10월 20일 20시,목요일,경상북도 경주시 용강동,경상사고,0,0,1,0,차대차 - 측면충돌,안전운전불이행,건조,맑음,교차로 - 교차로부근,승용,남,37세,상해없음,승합,남,48세,상해없음
2016102000100522,2016년 10월 20일 20시,목요일,경상북도 구미시 옥계동,경상사고,0,0,2,0,차대차 - 기타,안전운전불이행,건조,맑음,단일로 - 기타,이륜,남,46세,경상,승용,남,39세,경상
2016102000100523,2016년 10월 20일 20시,목요일,경상북도 포항시 남구 송내동,경상사고,0,0,2,0,차대차 - 추돌,안전운전불이행,건조,맑음,단일로 - 기타,승용,남,47세,상해없음,승용,남,45세,경상
2016102000100524,2016년 10월 20일 20시,목요일,경상북도 포항시 남구 오천읍,중상사고,0,1,2,0,차대차 - 측면충돌,신호위반,건조,맑음,교차로 - 교차로안,승용,남,49세,상해없음,승용,여,41세,중상
2016102000100564,2016년 10월 20일 21시,목요일,경상북도 안동시 당북동,경상사고,0,0,1,0,차대사람 - 횡단중,안전운전불이행,건조,맑음,단일로 - 기타,승용,남,43세,상해없음,보행자,남,27세,경상
2016102000100565,2016년 10월 20일 21시,목요일,경상북도 영덕군 영덕읍,경상사고,0,0,1,0,차대차 - 추돌,교차로운행방법위반,습기,비,교차로 - 교차로안,화물,남,46세,상해없음,화물,남,41세,상해없음
2016102000100597,2016년 10월 20일 22시,목요일,경상북도 포항시 북구 득량동,경상사고,0,0,1,0,차대사람 - 횡단중,안전운전불이행,건조,맑음,교차로 - 교차로부근,승용,여,53세,상해없음,보행자,남,17세,경상
2016102000100598,2016년 10월 20일 22시,목요일,경상북도 안동시 정하동,경상사고,0,0,2,0,차대차 - 정면충돌,안전운전불이행,건조,맑음,단일로 - 기타,화물,남,66세,상해없음,승용,남,18세,상해없음
2016102000100599,2016년 10월 20일 22시,목요일,경상북도 칠곡군 약목면,부상신고사고,0,0,0,1,차대차 - 정면충돌,안전운전불이행,건조,맑음,단일로 - 기타,이륜,남,17세,부상신고,승용,남,36세,상해없음
2016102000100619,2016년 10월 20일 23시,목요일,경상북도 경산시 압량면,중상사고,0,1,0,0,차대사람 - 횡단중,안전운전불이행,건조,맑음,교차로 - 교차로안,승용,남,65세,상해없음,보행자,남,47세,중상
2016102000100620,2016년 10월 20일 23시,목요일,경상북도 포항시 남구 지곡동,경상사고,0,0,1,0,차대차 - 추돌,불법유턴,건조,맑음,교차로 - 교차로안,승용,남,59세,상해없음,승용,남,54세,경상
2016102100100076,2016년 10월 21일 05시,금요일,경상북도 구미시 지산동,경상사고,0,0,1,0,차대차 - 추돌,안전거리미확보,건조,맑음,단일로 - 기타,승용,남,28세,상해없음,승용,남,54세,경상
2016102100100077,2016년 10월 21일 05시,금요일,경상북도 포항시 남구 대잠동,경상사고,0,0,3,0,차대차 - 측면충돌,교차로운행방법위반,건조,맑음,교차로 - 교차로안,승용,남,66세,상해없음,승용,남,52세,경상
2016102100100113,2016년 10월 21일 07시,금요일,경상북도 포항시 북구 흥해읍,중상사고,0,1,0,0,차대차 - 정면충돌,중앙선침범,건조,맑음,교차로 - 교차로부근,자전거,남,74세,중상,승용,여,53세,상해없음
2016102100100158,2016년 10월 21일 08시,금요일,경상북도 경주시 동천동,중상사고,0,1,0,0,차대차 - 측면충돌,안전운전불이행,건조,맑음,교차로 - 교차로안,승용,여,55세,상해없음,자전거,여,80세,중상
2016102100100159,2016년 10월 21일 08시,금요일,경상북도 영주시 휴천동,경상사고,0,0,1,0,차대차 - 측면충돌,안전운전불이행,건조,맑음,단일로 - 기타,승용,남,51세,상해없음,자전거,남,13세,경상
2016102100100160,2016년 10월 21일 08시,금요일,경상북도 칠곡군 약목면,중상사고,0,1,0,0,차대차 - 측면직각충돌,직진우회전진행방해,건조,맑음,교차로 - 교차로안,승용,여,46세,상해없음,이륜,남,87세,중상
2016102100100161,2016년 10월 21일 08시,금요일,경상북도 경산시 남방동,중상사고,0,1,0,0,차대차 - 측면충돌,중앙선침범,건조,맑음,단일로 - 기타,승용,여,56세,상해없음,승용,여,43세,중상
2016102100100162,2016년 10월 21일 08시,금요일,경상북도 구미시 광평동,경상사고,0,0,1,0,차대차 - 기타,안전운전불이행,건조,맑음,단일로 - 기타,승용,남,27세,상해없음,자전거,여,42세,경상
2016102100100163,2016년 10월 21일 08시,금요일,경상북도 포항시 남구 오천읍,경상사고,0,0,1,1,차대차 - 기타,안전운전불이행,건조,맑음,단일로 - 기타,승용,여,38세,부상신고,승용,여,42세,경상
2016102100100200,2016년 10월 21일 09시,금요일,경상북도 영주시 상망동,중상사고,0,1,0,0,차대차 - 측면충돌,교차로운행방법위반,건조,맑음,교차로 - 교차로안,화물,남,54세,상해없음,원동기,남,28세,중상
2016102100100221,2016년 10월 21일 10시,금요일,경상북도 경주시 강동면,경상사고,0,0,1,0,차대사람 - 차도통행중,안전운전불이행,건조,맑음,단일로 - 기타,승용,여,69세,상해없음,보행자,남,14세,경상
2016102100100222,2016년 10월 21일 10시,금요일,경상북도 안동시 수상동,경상사고,0,0,1,0,차대차 - 정면충돌,안전거리미확보,건조,맑음,단일로 - 기타,화물,남,70세,상해없음,승용,여,46세,경상
2016102100100251,2016년 10월 21일 11시,금요일,경상북도 영주시 영주동,경상사고,0,0,1,0,차량단독 - 기타,안전운전불이행,건조,맑음,교차로 - 교차로안,승합,남,50세,상해없음,,,,
2016102100100279,2016년 10월 21일 12시,금요일,경상북도 경주시 용강동,경상사고,0,0,1,0,차대차 - 정면충돌,안전운전불이행,건조,맑음,단일로 - 기타,이륜,남,51세,상해없음,이륜,여,52세,경상
2016102100100280,2016년 10월 21일 12시,금요일,경상북도 상주시 공성면,중상사고,0,1,0,0,차대차 - 측면직각충돌,안전운전불이행,건조,맑음,단일로 - 기타,농기계,남,78세,중상,화물,남,65세,상해없음
2016102100100312,2016년 10월 21일 13시,금요일,경상북도 경주시 서면,중상사고,0,1,0,0,차대사람 - 길가장자리구역통행중,안전운전불이행,건조,맑음,단일로 - 기타,화물,남,52세,상해없음,보행자,남,46세,중상
2016102100100313,2016년 10월 21일 13시,금요일,경상북도 성주군 수륜면,중상사고,0,2,0,0,차량단독 - 공작물충돌,안전운전불이행,건조,맑음,단일로 - 기타,화물,남,60세,중상,,,,
2016102100100314,2016년 10월 21일 13시,금요일,경상북도 김천시 봉산면,사망사고,1,0,0,2,차대차 - 기타,안전운전불이행,건조,흐림,단일로 - 기타,승용,여,49세,부상신고,화물,남,45세,상해없음
2016102100100341,2016년 10월 21일 14시,금요일,경상북도 상주시 남성동,경상사고,0,0,1,0,차대사람 - 기타,안전운전불이행,건조,맑음,교차로 - 교차로부근,화물,남,60세,상해없음,보행자,여,77세,경상
2016102100100342,2016년 10월 21일 14시,금요일,경상북도 포항시 남구 대잠동,중상사고,0,2,2,0,차대차 - 측면충돌,신호위반,건조,맑음,교차로 - 교차로안,승용,여,53세,상해없음,승용,남,37세,중상
2016102100100380,2016년 10월 21일 15시,금요일,경상북도 경주시 천북면,경상사고,0,0,1,0,차대차 - 추돌,안전운전불이행,건조,맑음,단일로 - 기타,화물,남,61세,상해없음,화물,남,48세,경상
2016102100100430,2016년 10월 21일 16시,금요일,경상북도 포항시 북구 양덕동,중상사고,0,1,0,0,차대사람 - 횡단중,안전운전불이행,건조,맑음,교차로 - 교차로부근,자전거,남,17세,상해없음,보행자,여,36세,중상
2016102100100431,2016년 10월 21일 16시,금요일,경상북도 의성군 가음면,경상사고,0,0,1,0,차대차 - 측면충돌,안전운전불이행,건조,맑음,교차로 - 교차로안,화물,남,60세,상해없음,이륜,여,53세,경상
2016102100100432,2016년 10월 21일 16시,금요일,경상북도 칠곡군 왜관읍,중상사고,0,1,1,1,차대차 - 정면충돌,교차로운행방법위반,건조,맑음,교차로 - 교차로안,승용,여,28세,부상신고,화물,남,43세,경상
2016102100100433,2016년 10월 21일 16시,금요일,경상북도 포항시 남구 장기면,경상사고,0,0,1,0,차대차 - 측면충돌,중앙선침범,건조,맑음,단일로 - 기타,승용,남,54세,상해없음,승용,여,54세,상해없음
2016102100100459,2016년 10월 21일 17시,금요일,경상북도 상주시 외답동,중상사고,0,1,1,0,차대차 - 측면직각충돌,교차로운행방법위반,건조,맑음,교차로 - 교차로부근,승용,남,52세,경상,화물,남,62세,상해없음
2016102100100460,2016년 10월 21일 17시,금요일,경상북도 봉화군 석포면,경상사고,0,0,1,0,차대차 - 기타,안전운전불이행,건조,맑음,단일로 - 기타,승용,남,61세,상해없음,화물,남,37세,상해없음
2016102100100516,2016년 10월 21일 18시,금요일,경상북도 포항시 북구 흥해읍,부상신고사고,0,0,0,1,차대차 - 추돌,안전운전불이행,건조,맑음,단일로 - 기타,화물,남,21세,상해없음,건설기계,남,51세,상해없음