사고번호,사고일시,요일,시군구,사고내용,사망자수,중상자수,경상자수,부상신고자수,사고유형,법규위반,노면상태,기상상태,도로형태,가해운전자 차종,가해운전자 성별,가해운전자 연령,가해운전자 상해정도,피해운전자 차종,피해운전자 성별,피해운전자 연령,피해운전자 상해정도
2016102100100517,2016년 10월 21일 18시,금요일,경상북도 포항시 북구 양덕동,중상사고,0,1,0,0,차대차 - 정면충돌,안전거리미확보,건조,맑음,단일로 - 기타,승용,남,57세,기타불명,이륜,남,19세,중상
2016102100100518,2016년 10월 21일 18시,금요일,경상북도 상주시 냉림동,중상사고,0,1,0,0,차대사람 - 기타,안전운전불이행,건조,맑음,단일로 - 기타,승용,남,59세,상해없음,보행자,남,59세,중상
2016102100100519,2016년 10월 21일 18시,금요일,경상북도 군위군 군위읍,경상사고,0,0,1,0,차대차 - 기타,안전운전불이행,건조,맑음,단일로 - 기타,승용,여,34세,경상,승용,남,55세,상해없음
2016102100100520,2016년 10월 21일 18시,금요일,경상북도 구미시 상모동,경상사고,0,0,1,0,차대차 - 측면충돌,교차로운행방법위반,건조,맑음,교차로 - 교차로안,승용,남,45세,상해없음,승용,여,41세,경상
2016102100100521,2016년 10월 21일 18시,금요일,경상북도 포항시 남구 동촌동,경상사고,0,0,1,0,차대차 - 측면충돌,차로위반,건조,맑음,단일로 - 기타,승용,남,59세,상해없음,승용,남,60세,경상
2016102100100584,2016년 10월 21일 19시,금요일,경상북도 포항시 북구 장성동,경상사고,0,0,1,0,차대차 - 정면충돌,안전거리미확보,건조,맑음,단일로 - 기타,승용,남,29세,상해없음,원동기,남,17세,경상
2016102100100585,2016년 10월 21일 19시,금요일,경상북도 김천시 성내동,중상사고,0,1,0,0,차대사람 - 횡단중,보행자보호의무위반,건조,맑음,교차로 - 교차로부근,승용,여,46세,상해없음,보행자,여,74세,중상
2016102100100586,2016년 10월 21일 19시,금요일,경상북도 상주시 청리면,경상사고,0,0,1,0,차량단독 - 전도전복,안전운전불이행,건조,흐림,단일로 - 기타,원동기,남,41세,경상,,,,
2016102100100587,2016년 10월 21일 19시,금요일,경상북도 구미시 인의동,중상사고,0,1,0,0,차대차 - 정면충돌,안전운전불이행,건조,맑음,교차로 - 교차로부근,자전거,여,27세,중상,승용,남,39세,상해없음
2016102100100642,2016년 10월 21일 20시,금요일,경상북도 경주시 성동동,경상사고,0,0,1,0,차대차 - 측면직각충돌,안전운전불이행,건조,맑음,단일로 - 기타,승용,여,43세,상해없음,자전거,남,67세,경상
2016102100100643,2016년 10월 21일 20시,금요일,경상북도 포항시 북구 덕수동,중상사고,0,1,0,0,차대차 - 기타,안전운전불이행,건조,맑음,단일로 - 기타,자전거,남,57세,중상,승용,여,45세,상해없음
2016102100100644,2016년 10월 21일 20시,금요일,경상북도 안동시 운흥동,중상사고,0,1,0,0,차대사람 - 횡단중,안전운전불이행,건조,맑음,단일로 - 기타,승용,남,44세,상해없음,보행자,남,52세,중상
2016102100100645,2016년 10월 21일 20시,금요일,경상북도 김천시 율곡동,중상사고,0,1,0,0,차대차 - 정면충돌,안전운전불이행,건조,맑음,단일로 - 기타,승용,남,47세,상해없음,이륜,남,17세,중상
2016102100100646,2016년 10월 21일 20시,금요일,경상북도 문경시 모전동,경상사고,0,0,1,0,차대차 - 정면충돌,안전운전불이행,건조,맑음,교차로 - 교차로안,승합,남,30세,상해없음,이륜,남,30세,경상
2016102100100647,2016년 10월 21일 20시,금요일,경상북도 구미시 옥성면,중상사고,0,1,0,0,차대차 - 추돌,안전운전불이행,건조,맑음,단일로 - 기타,승용,남,32세,기타불명,승용,남,29세,중상
2016102100100692,2016년 10월 21일 21시,금요일,경상북도 경산시 계양동,중상사고,0,2,0,0,차대차 - 추돌,안전운전불이행,건조,맑음,단일로 - 기타,승용,남,50세,상해없음,승용,남,48세,중상
2016102100100727,2016년 10월 21일 22시,금요일,경상북도 경주시 동천동,경상사고,0,0,1,0,차대사람 - 길가장자리구역통행중,안전운전불이행,건조,맑음,단일로 - 기타,승용,남,37세,상해없음,보행자,남,53세,경상
2016102100100728,2016년 10월 21일 22시,금요일,경상북도 김천시 신음동,중상사고,0,1,0,0,차대사람 - 횡단중,보행자보호의무위반,건조,맑음,단일로 - 횡단보도상,승용,남,59세,상해없음,보행자,남,30세,중상
2016102100100729,2016년 10월 21일 22시,금요일,경상북도 상주시 부원동,중상사고,0,1,0,0,차대차 - 추돌,안전운전불이행,건조,맑음,단일로 - 기타,승용,남,46세,상해없음,농기계,남,48세,중상
2016102100100730,2016년 10월 21일 22시,금요일,경상북도 칠곡군 석적읍,경상사고,0,0,3,0,차대차 - 측면직각충돌,신호위반,건조,맑음,교차로 - 교차로안,승용,남,49세,상해없음,승용,여,48세,경상
2016102100100757,2016년 10월 21일 23시,금요일,경상북도 구미시 옥계동,경상사고,0,0,1,0,차대차 - 측면충돌,교차로운행방법위반,기타,기타,교차로 - 교차로부근,승용,남,54세,기타불명,이륜,남,35세,경상
2016102200100011,2016년 10월 22일 00시,토요일,경상북도 칠곡군 왜관읍,중상사고,0,1,0,1,차량단독 - 전도전복,안전운전불이행,건조,맑음,단일로 - 기타,원동기,남,17세,중상,,,,
2016102200100027,2016년 10월 22일 01시,토요일,경상북도 포항시 북구 죽도동,경상사고,0,0,2,0,차대차 - 측면충돌,차로위반,건조,맑음,교차로 - 교차로부근,승용,남,61세,상해없음,승용,남,38세,경상
2016102200100028,2016년 10월 22일 01시,토요일,경상북도 경산시 사동,경상사고,0,0,1,0,차대차 - 측면충돌,안전운전불이행,건조,맑음,교차로 - 교차로안,승용,여,24세,상해없음,승용,남,56세,상해없음
2016102200100075,2016년 10월 22일 05시,토요일,경상북도 성주군 선남면,사망사고,1,0,0,0,차대사람 - 기타,안전운전불이행,건조,맑음,단일로 - 기타,특수,남,56세,상해없음,보행자,남,50세,사망
2016102200100093,2016년 10월 22일 06시,토요일,경상북도 경산시 사정동,경상사고,0,0,1,0,차량단독 - 전도전복,안전운전불이행,건조,맑음,단일로 - 기타,원동기,남,19세,경상,,,,
2016102200100094,2016년 10월 22일 06시,토요일,경상북도 포항시 남구 해도동,사망사고,1,0,0,0,차대사람 - 횡단중,안전운전불이행,건조,맑음,단일로 - 기타,화물,남,68세,상해없음,보행자,여,66세,사망
2016102200100120,2016년 10월 22일 08시,토요일,경상북도 김천시 개령면,중상사고,0,1,0,0,차대사람 - 기타,안전운전불이행,건조,맑음,단일로 - 기타,화물,남,69세,상해없음,보행자,여,73세,중상
2016102200100121,2016년 10월 22일 08시,토요일,경상북도 상주시 낙양동,경상사고,0,0,1,0,차대차 - 측면충돌,교차로운행방법위반,건조,맑음,교차로 - 교차로부근,승용,남,61세,상해없음,승용,남,37세,경상
2016102200100151,2016년 10월 22일 09시,토요일,경상북도 예천군 호명면,경상사고,0,0,1,0,차대차 - 측면직각충돌,안전운전불이행,건조,맑음,교차로 - 교차로안,승용,여,46세,경상,승용,남,38세,상해없음
2016102200100178,2016년 10월 22일 10시,토요일,경상북도 안동시 옥동,경상사고,0,0,3,0,차대차 - 정면충돌,신호위반,건조,맑음,기타 - 기타,승용,남,35세,경상,승용,여,35세,상해없음
2016102200100179,2016년 10월 22일 10시,토요일,경상북도 상주시 서성동,중상사고,0,1,0,0,차대차 - 측면직각충돌,안전운전불이행,건조,맑음,교차로 - 교차로안,자전거,여,74세,중상,화물,남,40세,상해없음
2016102200100206,2016년 10월 22일 11시,토요일,경상북도 경주시 안강읍,경상사고,0,0,1,0,차대차 - 추돌,안전운전불이행,건조,맑음,교차로 - 교차로안,승용,남,76세,상해없음,승용,여,57세,경상
2016102200100207,2016년 10월 22일 11시,토요일,경상북도 구미시 장천면,경상사고,0,0,2,0,차대차 - 기타,직진우회전진행방해,건조,맑음,교차로 - 교차로안,승용,남,59세,경상,화물,남,46세,경상
2016102200100208,2016년 10월 22일 11시,토요일,경상북도 구미시 원평동,경상사고,0,0,1,0,차대사람 - 기타,안전운전불이행,건조,맑음,교차로 - 교차로부근,승용,여,32세,상해없음,보행자,남,60세,경상
2016102200100246,2016년 10월 22일 12시,토요일,경상북도 포항시 북구 학산동,경상사고,0,0,1,0,차대차 - 측면충돌,안전운전불이행,건조,맑음,단일로 - 기타,승용,여,56세,상해없음,승합,남,49세,경상
2016102200100247,2016년 10월 22일 12시,토요일,경상북도 구미시 송정동,중상사고,0,1,0,0,차대차 - 기타,안전운전불이행,건조,맑음,교차로 - 교차로안,승용,여,41세,상해없음,이륜,여,55세,중상
2016102200100282,2016년 10월 22일 13시,토요일,경상북도 포항시 북구 우현동,중상사고,0,1,0,0,차대차 - 정면충돌,안전운전불이행,건조,맑음,단일로 - 기타,화물,남,61세,상해없음,승용,여,31세,중상
2016102200100283,2016년 10월 22일 13시,토요일,경상북도 영주시 휴천동,경상사고,0,0,1,0,차대차 - 추돌,안전운전불이행,건조,맑음,단일로 - 기타,승용,남,18세,상해없음,승용,남,54세,상해없음
2016102200100284,2016년 10월 22일 13시,토요일,경상북도 경산시 하양읍,경상사고,0,0,2,0,차대차 - 추돌,안전거리미확보,건조,맑음,교차로 - 교차로부근,승용,남,48세,상해없음,승용,여,36세,경상
2016102200100285,2016년 10월 22일 13시,토요일,경상북도 경산시 옥산동,경상사고,0,0,1,0,차대사람 - 길가장자리구역통행중,안전운전불이행,건조,맑음,교차로 - 교차로부근,기타불명,기타불명,기타불명,기타불명,보행자,남,50세,경상
2016102200100286,2016년 10월 22일 13시,토요일,경상북도 영덕군 창수면,경상사고,0,0,3,0,차대차 - 추돌,안전운전불이행,건조,맑음,단일로 - 기타,승합,남,69세,상해없음,승용,여,64세,경상
2016102200100287,2016년 10월 22일 13시,토요일,경상북도 예천군 예천읍,중상사고,0,1,0,0,차대차 - 측면직각충돌,직진우회전진행방해,건조,맑음,교차로 - 교차로안,승용,남,65세,상해없음,이륜,남,58세,중상
2016102200100316,2016년 10월 22일 14시,토요일,경상북도 영주시 풍기읍,중상사고,0,1,0,0,차대차 - 측면충돌,안전운전불이행,건조,맑음,교차로 - 교차로안,원동기,남,69세,중상,승합,남,62세,상해없음
2016102200100317,2016년 10월 22일 14시,토요일,경상북도 봉화군 봉화읍,중상사고,0,1,1,0,차대차 - 정면충돌,안전운전불이행,건조,맑음,기타 - 기타,화물,남,53세,중상,화물,남,64세,경상
2016102200100359,2016년 10월 22일 15시,토요일,경상북도 상주시 남성동,중상사고,0,1,0,0,차대차 - 측면충돌,안전운전불이행,건조,맑음,단일로 - 기타,승용,여,36세,상해없음,자전거,남,54세,중상
2016102200100360,2016년 10월 22일 15시,토요일,경상북도 칠곡군 북삼읍,경상사고,0,0,1,0,차대차 - 측면충돌,안전운전불이행,건조,맑음,단일로 - 기타,승용,남,32세,상해없음,자전거,남,10세,경상
2016102200100361,2016년 10월 22일 15시,토요일,경상북도 경산시 자인면,경상사고,0,0,2,0,차대차 - 측면충돌,신호위반,건조,맑음,교차로 - 교차로부근,승용,남,55세,상해없음,승용,남,22세,경상
2016102200100362,2016년 10월 22일 15시,토요일,경상북도 구미시 옥계동,중상사고,0,1,0,0,차대차 - 측면충돌,중앙선침범,건조,맑음,교차로 - 교차로부근,자전거,남,13세,중상,건설기계,남,60세,상해없음
2016102200100393,2016년 10월 22일 16시,토요일,경상북도 안동시 당북동,경상사고,0,0,1,0,차대사람 - 횡단중,안전운전불이행,건조,맑음,단일로 - 기타,승용,남,48세,상해없음,보행자,남,4세,경상
2016102200100394,2016년 10월 22일 16시,토요일,경상북도 칠곡군 북삼읍,경상사고,0,0,1,0,차대차 - 기타,안전운전불이행,건조,맑음,기타 - 기타,자전거,남,7세,경상,승용,남,32세,기타불명
2016102200100427,2016년 10월 22일 17시,토요일,경상북도 봉화군 봉화읍,부상신고사고,0,0,0,1,차대차 - 측면직각충돌,교차로운행방법위반,건조,맑음,교차로 - 교차로안,승용,남,44세,상해없음,자전거,남,32세,부상신고
2016102200100428,2016년 10월 22일 17시,토요일,경상북도 성주군 선남면,중상사고,0,1,0,0,차대차 - 측면직각충돌,안전운전불이행,건조,맑음,단일로 - 기타,화물,남,26세,상해없음,이륜,남,57세,중상
2016102200100429,2016년 10월 22일 17시,토요일,경상북도 포항시 남구 대송면,경상사고,0,0,1,0,차량단독 - 공작물충돌,안전운전불이행,건조,맑음,교차로 - 교차로안,승용,남,45세,경상,,,,
2016102200100475,2016년 10월 22일 18시,토요일,경상북도 포항시 북구 우현동,경상사고,0,0,3,0,차대차 - 정면충돌,직진우회전진행방해,건조,맑음,교차로 - 교차로안,승용,남,27세,경상,승용,여,41세,경상
2016102200100476,2016년 10월 22일 18시,토요일,경상북도 안동시 북후면,중상사고,0,1,0,0,차대사람 - 횡단중,안전운전불이행,건조,맑음,단일로 - 기타,승용,남,44세,상해없음,보행자,여,67세,중상
2016102200100477,2016년 10월 22일 18시,토요일,경상북도 영천시 오미동,경상사고,0,0,1,0,차대차 - 추돌,안전운전불이행,건조,맑음,단일로 - 기타,원동기,남,63세,경상,승용,여,57세,상해없음
2016102200100478,2016년 10월 22일 18시,토요일,경상북도 영천시 완산동,경상사고,0,0,1,0,차대차 - 측면충돌,안전운전불이행,건조,맑음,교차로 - 교차로안,원동기,남,34세,경상,승용,남,30세,상해없음
2016102200100479,2016년 10월 22일 18시,토요일,경상북도 영천시 임고면,중상사고,0,1,0,0,차대차 - 측면충돌,안전운전불이행,건조,맑음,교차로 - 교차로부근,화물,남,45세,상해없음,자전거,남,62세,중상
2016102200100480,2016년 10월 22일 18시,토요일,경상북도 예천군 예천읍,중상사고,0,1,0,0,차대차 - 추돌,안전운전불이행,건조,맑음,단일로 - 기타,승용,남,57세,중상,화물,남,22세,기타불명
2016102200100481,2016년 10월 22일 18시,토요일,경상북도 성주군 성주읍,경상사고,0,0,1,0,차대차 - 측면충돌,안전운전불이행,건조,맑음,단일로 - 기타,자전거,여,66세,경상,승용,남,54세,상해없음
2016102200100482,2016년 10월 22일 18시,토요일,경상북도 고령군 대가야읍,중상사고,0,1,0,0,차량단독 - 전도전복,안전운전불이행,건조,맑음,단일로 - 기타,자전거,여,81세,중상,,,,
2016102200100483,2016년 10월 22일 18시,토요일,경상북도 구미시 송정동,경상사고,0,0,1,0,차대차 - 기타,안전운전불이행,건조,맑음,교차로 - 교차로안,승용,남,58세,상해없음,승용,남,62세,경상
2016102200100533,2016년 10월 22일 19시,토요일,경상북도 영천시 망정동,중상사고,0,1,0,0,차대사람 - 횡단중,안전운전불이행,건조,맑음,교차로 - 교차로안,승용,남,34세,상해없음,보행자,남,42세,중상
2016102200100534,2016년 10월 22일 19시,토요일,경상북도 경산시 대평동,경상사고,0,0,2,0,차대차 - 측면충돌,교차로운행방법위반,건조,맑음,교차로 - 교차로안,승용,남,25세,상해없음,승용,여,39세,경상
2016102200100535,2016년 10월 22일 19시,토요일,경상북도 경산시 와촌면,사망사고,1,0,0,0,차대사람 - 횡단중,안전운전불이행,건조,맑음,교차로 - 교차로안,승용,남,64세,상해없음,보행자,남,64세,사망
2016102200100560,2016년 10월 22일 20시,토요일,경상북도 경주시 시래동,경상사고,0,0,1,0,차대차 - 측면충돌,차로위반,건조,맑음,교차로 - 교차로부근,화물,남,59세,상해없음,승용,여,44세,경상
2016102200100561,2016년 10월 22일 20시,토요일,경상북도 구미시 옥계동,경상사고,0,0,1,0,차대차 - 측면충돌,신호위반,건조,맑음,교차로 - 교차로안,이륜,남,17세,경상,승용,남,24세,상해없음
2016102200100562,2016년 10월 22일 20시,토요일,경상북도 구미시 도량동,사망사고,1,0,0,0,차대사람 - 횡단중,보행자보호의무위반,건조,맑음,단일로 - 횡단보도상,승용,남,58세,상해없음,보행자,여,79세,사망
2016102200100563,2016년 10월 22일 20시,토요일,경상북도 포항시 남구 오천읍,경상사고,0,0,1,0,차대차 - 추돌,안전거리미확보,건조,맑음,단일로 - 기타,승용,남,23세,상해없음,승용,남,42세,경상
2016102200100564,2016년 10월 22일 20시,토요일,경상북도 상주시 공검면,경상사고,0,0,2,0,차대차 - 추돌,안전운전불이행,건조,맑음,단일로 - 기타,승용,남,56세,상해없음,승합,남,67세,경상
2016102200100617,2016년 10월 22일 22시,토요일,경상북도 김천시 구성면,중상사고,0,1,0,0,차량단독 - 전도전복,안전운전불이행,건조,맑음,단일로 - 기타,화물,여,51세,중상,,,,
2016102200100618,2016년 10월 22일 22시,토요일,경상북도 영주시 풍기읍,중상사고,0,1,0,0,차대차 - 정면충돌,안전운전불이행,건조,맑음,단일로 - 기타,원동기,남,64세,중상,화물,남,36세,기타불명
2016102200100636,2016년 10월 22일 23시,토요일,경상북도 포항시 북구 죽도동,중상사고,0,1,0,0,차대차 - 측면충돌,중앙선침범,건조,맑음,단일로 - 기타,승용,남,32세,상해없음,원동기,남,23세,중상
2016102300100016,2016년 10월 23일 00시,일요일,경상북도 구미시 고아읍,부상신고사고,0,0,0,1,차대차 - 정면충돌,중앙선침범,건조,맑음,단일로 - 기타,이륜,남,39세,부상신고,승용,남,34세,상해없음
2016102300100039,2016년 10월 23일 01시,일요일,경상북도 경산시 옥산동,중상사고,0,1,0,0,차대사람 - 횡단중,보행자보호의무위반,건조,맑음,교차로 - 교차로안,승용,남,64세,상해없음,보행자,남,40세,중상
2016102300100063,2016년 10월 23일 04시,일요일,경상북도 경주시 용강동,중상사고,0,1,1,0,차대차 - 측면직각충돌,중앙선침범,습기,비,단일로 - 기타,기타불명,기타불명,기타불명,기타불명,승합,남,43세,중상
2016102300100064,2016년 10월 23일 04시,일요일,경상북도 안동시 성곡동,중상사고,0,2,0,0,차량단독 - 전도전복,안전운전불이행,건조,맑음,단일로 - 기타,승용,남,23세,상해없음,,,,
2016102300100078,2016년 10월 23일 05시,일요일,경상북도 안동시 풍산읍,중상사고,0,1,0,0,차대차 - 정면충돌,안전거리미확보,건조,맑음,단일로 - 기타,승용,남,27세,상해없음,승용,남,24세,중상
2016102300100101,2016년 10월 23일 07시,일요일,경상북도 영주시 가흥동,중상사고,0,1,2,0,차대차 - 추돌,안전운전불이행,건조,맑음,단일로 - 기타,승용,남,63세,경상,승용,남,58세,상해없음
2016102300100102,2016년 10월 23일 07시,일요일,경상북도 포항시 남구 오천읍,경상사고,0,0,1,0,차량단독 - 전도전복,안전운전불이행,습기,비,교차로 - 교차로안,이륜,남,19세,경상,,,,
2016102300100103,2016년 10월 23일 07시,일요일,경상북도 영천시 화산면,중상사고,0,1,0,0,차대차 - 추돌,안전운전불이행,건조,맑음,단일로 - 기타,승용,남,18세,상해없음,승용,남,63세,중상
2016102300100119,2016년 10월 23일 08시,일요일,경상북도 경주시 율동,중상사고,0,1,2,0,차대차 - 정면충돌,신호위반,습기,비,교차로 - 교차로안,승용,여,54세,경상,승합,남,81세,중상
2016102300100137,2016년 10월 23일 09시,일요일,경상북도 경주시 안강읍,중상사고,0,1,0,0,차대차 - 측면충돌,안전운전불이행,건조,맑음,교차로 - 교차로안,승용,여,55세,상해없음,원동기,남,68세,중상
2016102300100138,2016년 10월 23일 09시,일요일,경상북도 상주시 무양동,중상사고,0,1,4,0,차대차 - 추돌,안전거리미확보,건조,맑음,단일로 - 기타,화물,남,48세,상해없음,승용,남,29세,경상
2016102300100158,2016년 10월 23일 10시,일요일,경상북도 안동시 용상동,경상사고,0,0,2,0,차대차 - 측면직각충돌,직진우회전진행방해,건조,맑음,교차로 - 교차로안,화물,남,47세,상해없음,승용,여,57세,경상
2016102300100159,2016년 10월 23일 10시,일요일,경상북도 안동시 풍천면,중상사고,0,1,0,0,차대사람 - 기타,안전운전불이행,건조,맑음,단일로 - 기타,승용,남,66세,상해없음,보행자,남,79세,중상
2016102300100160,2016년 10월 23일 10시,일요일,경상북도 칠곡군 왜관읍,중상사고,0,1,0,0,차대사람 - 기타,안전운전불이행,건조,맑음,단일로 - 기타,승용,남,60세,상해없음,보행자,남,40세,중상
2016102300100161,2016년 10월 23일 10시,일요일,경상북도 문경시 모전동,중상사고,0,1,0,0,차대차 - 정면충돌,직진우회전진행방해,건조,맑음,교차로 - 교차로안,승용,여,42세,상해없음,원동기,남,18세,중상
2016102300100180,2016년 10월 23일 11시,일요일,경상북도 구미시 도량동,경상사고,0,0,1,0,차대사람 - 횡단중,보행자보호의무위반,건조,맑음,기타 - 기타,승용,여,46세,상해없음,보행자,여,13세,경상
2016102300100202,2016년 10월 23일 12시,일요일,경상북도 경주시 천북면,경상사고,0,0,1,0,차대차 - 측면충돌,중앙선침범,건조,맑음,단일로 - 기타,승용,남,31세,상해없음,승용,남,60세,경상
2016102300100203,2016년 10월 23일 12시,일요일,경상북도 포항시 남구 인덕동,중상사고,0,1,1,0,차대차 - 측면직각충돌,신호위반,건조,흐림,교차로 - 교차로안,이륜,남,32세,중상,승용,남,58세,경상
2016102300100272,2016년 10월 23일 15시,일요일,경상북도 경주시 천북면,경상사고,0,0,1,0,차량단독 - 공작물충돌,안전운전불이행,건조,맑음,단일로 - 기타,승합,남,49세,경상,,,,
2016102300100310,2016년 10월 23일 16시,일요일,경상북도 경주시 성건동,경상사고,0,0,1,0,차대차 - 측면충돌,안전운전불이행,건조,맑음,교차로 - 교차로부근,승용,남,22세,상해없음,자전거,남,62세,경상
2016102300100350,2016년 10월 23일 17시,일요일,경상북도 경주시 성동동,중상사고,0,1,0,0,차대사람 - 횡단중,보행자보호의무위반,건조,맑음,교차로 - 교차로부근,화물,남,62세,상해없음,보행자,여,59세,중상
2016102300100351,2016년 10월 23일 17시,일요일,경상북도 안동시 길안면,경상사고,0,0,1,0,차량단독 - 기타,안전운전불이행,건조,맑음,단일로 - 기타,승합,남,48세,상해없음,,,,
2016102300100352,2016년 10월 23일 17시,일요일,경상북도 상주시 복룡동,중상사고,0,1,0,0,차대차 - 측면충돌,안전운전불이행,습기,흐림,교차로 - 교차로부근,승용,여,51세,상해없음,자전거,여,74세,중상
2016102300100353,2016년 10월 23일 17시,일요일,경상북도 포항시 남구 동해면,경상사고,0,0,2,0,차대차 - 추돌,안전운전불이행,건조,맑음,단일로 - 기타,승용,남,36세,상해없음,승용,남,70세,경상
2016102300100401,2016년 10월 23일 18시,일요일,경상북도 포항시 북구 두호동,중상사고,0,1,0,3,차대차 - 정면충돌,안전운전불이행,건조,맑음,교차로 - 교차로부근,승용,남,59세,중상,승용,남,40세,부상신고
2016102300100402,2016년 10월 23일 18시,일요일,경상북도 포항시 북구 장성동,중상사고,0,1,0,0,차대차 - 정면충돌,안전운전불이행,건조,맑음,교차로 - 교차로안,승용,여,55세,상해없음,승용,남,36세,중상
2016102300100403,2016년 10월 23일 18시,일요일,경상북도 안동시 운흥동,경상사고,0,0,1,0,차대차 - 정면충돌,안전운전불이행,기타,비,교차로 - 교차로안,이륜,남,50세,경상,승용,남,43세,상해없음
2016102300100404,2016년 10월 23일 18시,일요일,경상북도 영주시 풍기읍,경상사고,0,0,1,0,차대사람 - 기타,안전운전불이행,습기,비,교차로 - 교차로안,화물,남,49세,상해없음,보행자,남,19세,경상
2016102300100405,2016년 10월 23일 18시,일요일,경상북도 성주군 대가면,경상사고,0,0,1,0,차대차 - 측면충돌,직진우회전진행방해,건조,맑음,교차로 - 교차로부근,승합,남,66세,상해없음,승용,여,54세,경상
2016102300100406,2016년 10월 23일 18시,일요일,경상북도 구미시 선산읍,경상사고,0,0,1,0,차대차 - 추돌,안전운전불이행,건조,흐림,단일로 - 기타,화물,남,61세,경상,농기계,남,80세,기타불명
2016102300100457,2016년 10월 23일 19시,일요일,경상북도 영주시 휴천동,중상사고,0,1,2,0,차대차 - 측면충돌,교차로운행방법위반,습기,맑음,교차로 - 교차로안,승용,여,63세,경상,승용,여,52세,경상
2016102300100458,2016년 10월 23일 19시,일요일,경상북도 문경시 산양면,경상사고,0,0,1,0,차대차 - 측면충돌,안전운전불이행,습기,비,단일로 - 기타,승용,여,55세,상해없음,화물,남,53세,상해없음
2016102300100486,2016년 10월 23일 20시,일요일,경상북도 문경시 산양면,경상사고,0,0,2,0,차대차 - 측면직각충돌,안전운전불이행,습기,비,교차로 - 교차로안,승용,남,62세,경상,특수,남,35세,경상
2016102300100487,2016년 10월 23일 20시,일요일,경상북도 경산시 중산동,경상사고,0,0,4,0,차대사람 - 횡단중,보행자보호의무위반,건조,맑음,교차로 - 교차로안,승용,남,49세,상해없음,보행자,남,47세,경상
2016102300100525,2016년 10월 23일 21시,일요일,경상북도 경주시 동천동,경상사고,0,0,2,0,차대차 - 측면직각충돌,안전운전불이행,건조,흐림,교차로 - 교차로안,승용,남,33세,상해없음,승용,여,37세,경상
2016102300100526,2016년 10월 23일 21시,일요일,경상북도 김천시 신음동,중상사고,0,1,0,0,차대차 - 기타,교차로운행방법위반,습기,비,교차로 - 교차로부근,승용,여,44세,상해없음,이륜,남,20세,중상
2016102300100527,2016년 10월 23일 21시,일요일,경상북도 상주시 낙양동,경상사고,0,0,3,0,차대차 - 추돌,안전운전불이행,건조,맑음,교차로 - 교차로안,승용,남,34세,상해없음,승용,남,29세,경상
2016102300100528,2016년 10월 23일 21시,일요일,경상북도 구미시 황상동,중상사고,0,1,0,0,차대차 - 측면충돌,교차로운행방법위반,습기,비,교차로 - 교차로안,승용,남,42세,상해없음,이륜,남,27세,중상
2016102400100037,2016년 10월 24일 05시,월요일,경상북도 포항시 북구 흥해읍,경상사고,0,0,3,0,차대차 - 정면충돌,직진우회전진행방해,건조,맑음,교차로 - 교차로안,승용,남,28세,경상,승용,여,55세,경상
2016102400100038,2016년 10월 24일 05시,월요일,경상북도 안동시 대석동,사망사고,2,0,0,0,차대사람 - 횡단중,보행자보호의무위반,습기,안개,단일로 - 횡단보도부근,승용,남,60세,상해없음,보행자,남,84세,사망
2016102400100039,2016년 10월 24일 05시,월요일,경상북도 영천시 문외동,경상사고,0,0,1,0,차대차 - 측면직각충돌,교차로운행방법위반,건조,맑음,교차로 - 교차로안,승용,남,48세,상해없음,승용,남,42세,경상
2016102400100056,2016년 10월 24일 06시,월요일,경상북도 문경시 산양면,중상사고,0,1,0,0,차대차 - 추돌,안전운전불이행,기타,안개,단일로 - 기타,승용,남,60세,상해없음,농기계,남,77세,중상
2016102400100057,2016년 10월 24일 06시,월요일,경상북도 김천시 봉산면,사망사고,1,0,0,0,차대차 - 추돌,안전운전불이행,건조,맑음,단일로 - 기타,화물,남,58세,상해없음,화물,남,64세,사망
2016102400100084,2016년 10월 24일 07시,월요일,경상북도 김천시 평화동,경상사고,0,0,1,0,차대차 - 측면충돌,안전운전불이행,건조,맑음,단일로 - 기타,화물,남,77세,상해없음,승용,여,46세,경상
2016102400100143,2016년 10월 24일 08시,월요일,경상북도 경주시 황성동,부상신고사고,0,0,0,1,차대차 - 측면충돌,중앙선침범,건조,맑음,교차로 - 교차로부근,자전거,남,14세,부상신고,승용,여,56세,상해없음
2016102400100144,2016년 10월 24일 08시,월요일,경상북도 경산시 대평동,경상사고,0,0,1,0,차대차 - 정면충돌,안전운전불이행,건조,맑음,단일로 - 기타,승용,남,29세,상해없음,승용,남,58세,경상
2016102400100145,2016년 10월 24일 08시,월요일,경상북도 포항시 남구 대도동,경상사고,0,0,1,0,차대사람 - 횡단중,안전운전불이행,건조,맑음,기타 - 기타,화물,남,67세,상해없음,보행자,여,32세,경상