사고번호,사고일시,요일,시군구,사고내용,사망자수,중상자수,경상자수,부상신고자수,사고유형,법규위반,노면상태,기상상태,도로형태,가해운전자 차종,가해운전자 성별,가해운전자 연령,가해운전자 상해정도,피해운전자 차종,피해운전자 성별,피해운전자 연령,피해운전자 상해정도
2016102400100214,2016년 10월 24일 10시,월요일,경상북도 김천시 백옥동,경상사고,0,0,1,0,차대차 - 정면충돌,신호위반,건조,맑음,교차로 - 교차로안,승용,남,28세,상해없음,승용,여,60세,경상
2016102400100215,2016년 10월 24일 10시,월요일,경상북도 상주시 냉림동,경상사고,0,0,1,0,차대차 - 추돌,안전운전불이행,건조,맑음,단일로 - 기타,화물,남,87세,상해없음,승용,남,56세,경상
2016102400100216,2016년 10월 24일 10시,월요일,경상북도 경산시 상방동,경상사고,0,0,1,0,차대차 - 측면충돌,신호위반,건조,맑음,교차로 - 교차로안,화물,남,37세,상해없음,자전거,남,84세,경상
2016102400100248,2016년 10월 24일 11시,월요일,경상북도 포항시 북구 두호동,경상사고,0,0,1,0,차대차 - 측면충돌,직진우회전진행방해,건조,맑음,교차로 - 교차로안,승용,여,55세,경상,승용,남,25세,상해없음
2016102400100249,2016년 10월 24일 11시,월요일,경상북도 포항시 북구 여천동,중상사고,0,1,0,0,차대사람 - 차도통행중,안전운전불이행,건조,맑음,단일로 - 기타,화물,남,40세,상해없음,보행자,여,70세,중상
2016102400100250,2016년 10월 24일 11시,월요일,경상북도 영천시 봉동,경상사고,0,0,1,0,차대차 - 측면직각충돌,안전운전불이행,건조,맑음,단일로 - 기타,화물,남,36세,상해없음,화물,남,40세,경상
2016102400100281,2016년 10월 24일 12시,월요일,경상북도 칠곡군 가산면,경상사고,0,0,1,0,차대사람 - 기타,안전운전불이행,건조,맑음,단일로 - 기타,화물,남,34세,상해없음,보행자,남,55세,경상
2016102400100282,2016년 10월 24일 12시,월요일,경상북도 영천시 청통면,중상사고,0,2,1,0,차대차 - 측면충돌,교차로운행방법위반,건조,맑음,교차로 - 교차로안,화물,남,37세,경상,화물,남,55세,중상
2016102400100283,2016년 10월 24일 12시,월요일,경상북도 경산시 진량읍,경상사고,0,0,1,0,차대차 - 정면충돌,중앙선침범,건조,맑음,단일로 - 기타,원동기,남,47세,상해없음,원동기,남,26세,경상
2016102400100314,2016년 10월 24일 13시,월요일,경상북도 안동시 풍산읍,경상사고,0,0,1,0,차대차 - 정면충돌,안전운전불이행,건조,맑음,단일로 - 기타,이륜,남,83세,경상,승용,여,34세,상해없음
2016102400100315,2016년 10월 24일 13시,월요일,경상북도 포항시 남구 송내동,경상사고,0,0,2,0,차대차 - 추돌,안전거리미확보,건조,맑음,교차로 - 교차로부근,승용,남,56세,경상,화물,남,46세,경상
2016102400100349,2016년 10월 24일 14시,월요일,경상북도 안동시 남문동,경상사고,0,0,1,0,차대사람 - 길가장자리구역통행중,안전운전불이행,건조,맑음,단일로 - 기타,승용,남,45세,상해없음,보행자,남,50세,경상
2016102400100350,2016년 10월 24일 14시,월요일,경상북도 김천시 대항면,경상사고,0,0,1,0,차대차 - 측면충돌,안전운전불이행,건조,맑음,교차로 - 교차로안,승용,여,60세,경상,건설기계,남,42세,상해없음
2016102400100351,2016년 10월 24일 14시,월요일,경상북도 경산시 계양동,경상사고,0,0,1,0,차대차 - 측면충돌,안전거리미확보,건조,맑음,교차로 - 교차로안,건설기계,남,25세,상해없음,승용,여,39세,경상
2016102400100352,2016년 10월 24일 14시,월요일,경상북도 포항시 남구 대도동,경상사고,0,0,1,0,차대차 - 기타,직진우회전진행방해,건조,맑음,교차로 - 교차로부근,승용,남,52세,상해없음,자전거,남,66세,경상
2016102400100395,2016년 10월 24일 15시,월요일,경상북도 칠곡군 북삼읍,중상사고,0,1,1,0,차대차 - 추돌,안전운전불이행,건조,맑음,교차로 - 교차로부근,승용,남,57세,상해없음,승용,여,50세,중상
2016102400100396,2016년 10월 24일 15시,월요일,경상북도 청도군 화양읍,경상사고,0,0,2,2,차대차 - 기타,과속,건조,맑음,단일로 - 기타,승용,남,24세,경상,화물,남,59세,경상
2016102400100397,2016년 10월 24일 15시,월요일,경상북도 성주군 성주읍,중상사고,0,1,1,0,차대차 - 추돌,안전운전불이행,건조,맑음,단일로 - 기타,승용,여,41세,경상,화물,남,35세,중상
2016102400100439,2016년 10월 24일 16시,월요일,경상북도 포항시 북구 기북면,중상사고,0,1,0,0,차대차 - 정면충돌,중앙선침범,건조,맑음,단일로 - 교량,이륜,남,74세,중상,승용,여,57세,상해없음
2016102400100440,2016년 10월 24일 16시,월요일,경상북도 안동시 송현동,경상사고,0,0,1,0,차대차 - 추돌,안전운전불이행,건조,맑음,단일로 - 기타,승용,남,62세,상해없음,승합,남,62세,경상
2016102400100441,2016년 10월 24일 16시,월요일,경상북도 포항시 남구 지곡동,경상사고,0,0,2,0,차대차 - 기타,직진우회전진행방해,건조,맑음,교차로 - 교차로안,화물,남,59세,경상,승용,남,54세,경상
2016102400100489,2016년 10월 24일 17시,월요일,경상북도 경주시 외동읍,경상사고,0,0,1,0,차대차 - 기타,안전운전불이행,건조,맑음,단일로 - 기타,화물,남,42세,상해없음,보행자,남,2세,경상
2016102400100490,2016년 10월 24일 17시,월요일,경상북도 의성군 단촌면,경상사고,0,0,2,0,차대차 - 측면충돌,안전운전불이행,건조,맑음,단일로 - 기타,승합,남,61세,상해없음,승용,여,28세,경상
2016102400100548,2016년 10월 24일 18시,월요일,경상북도 포항시 북구 양덕동,경상사고,0,0,2,0,차대차 - 정면충돌,안전운전불이행,건조,맑음,교차로 - 교차로안,승용,여,42세,경상,승용,남,25세,경상
2016102400100549,2016년 10월 24일 18시,월요일,경상북도 포항시 북구 대신동,경상사고,0,0,1,0,차대차 - 추돌,안전운전불이행,건조,맑음,단일로 - 기타,승용,남,58세,상해없음,승용,남,44세,경상
2016102400100550,2016년 10월 24일 18시,월요일,경상북도 안동시 남문동,경상사고,0,0,1,0,차대사람 - 길가장자리구역통행중,안전운전불이행,건조,맑음,단일로 - 기타,승용,여,56세,기타불명,보행자,여,37세,경상
2016102400100551,2016년 10월 24일 18시,월요일,경상북도 김천시 감천면,경상사고,0,0,1,0,차대차 - 측면충돌,안전운전불이행,건조,맑음,교차로 - 교차로부근,화물,남,65세,상해없음,승용,남,67세,상해없음
2016102400100552,2016년 10월 24일 18시,월요일,경상북도 상주시 사벌면,사망사고,1,0,0,0,차대차 - 추돌,안전운전불이행,건조,맑음,단일로 - 기타,화물,남,57세,상해없음,농기계,남,81세,사망
2016102400100553,2016년 10월 24일 18시,월요일,경상북도 의성군 안계면,중상사고,0,1,0,0,차대사람 - 길가장자리구역통행중,안전운전불이행,건조,맑음,교차로 - 교차로부근,승용,남,37세,상해없음,보행자,여,64세,중상
2016102400100554,2016년 10월 24일 18시,월요일,경상북도 경산시 진량읍,경상사고,0,0,1,0,차대차 - 정면충돌,안전운전불이행,건조,맑음,단일로 - 기타,승용,여,35세,상해없음,자전거,남,12세,경상
2016102400100555,2016년 10월 24일 18시,월요일,경상북도 구미시 형곡동,경상사고,0,0,1,0,차대차 - 측면직각충돌,안전운전불이행,건조,맑음,단일로 - 기타,승용,여,56세,상해없음,승용,여,66세,경상
2016102400100594,2016년 10월 24일 19시,월요일,경상북도 영주시 휴천동,중상사고,0,1,0,0,차대차 - 측면충돌,안전운전불이행,건조,맑음,단일로 - 기타,승용,여,44세,상해없음,자전거,남,14세,중상
2016102400100595,2016년 10월 24일 19시,월요일,경상북도 구미시 산동면,중상사고,0,1,0,0,차량단독 - 전도전복,안전운전불이행,건조,맑음,단일로 - 기타,원동기,남,38세,중상,,,,
2016102400100626,2016년 10월 24일 20시,월요일,경상북도 경산시 대동,경상사고,0,0,1,0,차대차 - 기타,안전운전불이행,건조,맑음,교차로 - 교차로부근,원동기,남,27세,상해없음,승합,여,51세,경상
2016102400100627,2016년 10월 24일 20시,월요일,경상북도 구미시 공단동,경상사고,0,0,1,0,차대차 - 추돌,안전운전불이행,건조,맑음,단일로 - 기타,승용,남,43세,상해없음,승용,남,43세,경상
2016102400100628,2016년 10월 24일 20시,월요일,경상북도 포항시 남구 오천읍,부상신고사고,0,0,0,1,차대차 - 기타,교차로운행방법위반,건조,맑음,교차로 - 교차로안,승합,남,58세,상해없음,자전거,남,7세,부상신고
2016102400100655,2016년 10월 24일 21시,월요일,경상북도 경주시 황성동,경상사고,0,0,1,0,차대사람 - 길가장자리구역통행중,안전운전불이행,건조,맑음,교차로 - 교차로부근,승용,여,50세,상해없음,보행자,여,49세,경상
2016102400100656,2016년 10월 24일 21시,월요일,경상북도 포항시 북구 장성동,경상사고,0,0,1,0,차대차 - 측면충돌,안전운전불이행,건조,맑음,교차로 - 교차로안,화물,남,47세,상해없음,자전거,남,15세,경상
2016102400100657,2016년 10월 24일 21시,월요일,경상북도 경산시 진량읍,경상사고,0,0,2,0,차대차 - 정면충돌,안전운전불이행,건조,맑음,단일로 - 기타,승용,남,56세,상해없음,승용,남,26세,경상
2016102400100658,2016년 10월 24일 21시,월요일,경상북도 예천군 유천면,중상사고,0,1,0,0,차량단독 - 공작물충돌,안전운전불이행,건조,맑음,단일로 - 기타,화물,남,63세,중상,,,,
2016102400100685,2016년 10월 24일 22시,월요일,경상북도 포항시 남구 오천읍,경상사고,0,0,1,0,차대차 - 기타,안전운전불이행,건조,맑음,교차로 - 교차로부근,승용,남,31세,상해없음,화물,남,39세,기타불명
2016102500100007,2016년 10월 25일 00시,화요일,경상북도 군위군 효령면,경상사고,0,0,1,0,차대차 - 기타,중앙선침범,건조,맑음,단일로 - 기타,승용,여,43세,상해없음,승용,남,63세,경상
2016102500100025,2016년 10월 25일 01시,화요일,경상북도 포항시 북구 득량동,중상사고,0,1,0,0,차대차 - 정면충돌,신호위반,건조,맑음,교차로 - 교차로안,승용,남,64세,상해없음,승용,남,26세,중상
2016102500100026,2016년 10월 25일 01시,화요일,경상북도 안동시 서후면,중상사고,0,1,0,0,차량단독 - 전도전복,안전운전불이행,건조,맑음,단일로 - 기타,승용,여,26세,중상,,,,
2016102500100084,2016년 10월 25일 05시,화요일,경상북도 성주군 용암면,중상사고,0,1,0,0,차량단독 - 공작물충돌,안전운전불이행,건조,맑음,단일로 - 기타,승용,남,44세,중상,,,,
2016102500100130,2016년 10월 25일 07시,화요일,경상북도 영천시 금호읍,중상사고,0,1,0,0,차대차 - 정면충돌,안전운전불이행,건조,맑음,단일로 - 기타,승용,남,70세,상해없음,이륜,남,54세,중상
2016102500100131,2016년 10월 25일 07시,화요일,경상북도 경산시 갑제동,부상신고사고,0,0,0,1,차대차 - 기타,안전운전불이행,건조,맑음,교차로 - 교차로안,자전거,남,51세,부상신고,승용,여,57세,상해없음
2016102500100132,2016년 10월 25일 07시,화요일,경상북도 경산시 자인면,중상사고,0,1,0,0,차대차 - 정면충돌,안전운전불이행,건조,맑음,단일로 - 기타,이륜,남,81세,중상,승용,여,45세,상해없음
2016102500100133,2016년 10월 25일 07시,화요일,경상북도 구미시 산동면,중상사고,0,1,0,0,차대차 - 측면충돌,교차로운행방법위반,습기,흐림,교차로 - 교차로안,화물,남,59세,상해없음,원동기,남,76세,중상
2016102500100174,2016년 10월 25일 08시,화요일,경상북도 영주시 휴천동,중상사고,0,1,0,0,차대사람 - 횡단중,보행자보호의무위반,건조,맑음,단일로 - 기타,화물,남,73세,상해없음,보행자,여,47세,중상
2016102500100175,2016년 10월 25일 08시,화요일,경상북도 포항시 남구 상도동,경상사고,0,0,1,0,차대사람 - 횡단중,보행자보호의무위반,건조,맑음,교차로 - 교차로부근,화물,남,57세,상해없음,보행자,남,26세,경상
2016102500100222,2016년 10월 25일 09시,화요일,경상북도 포항시 북구 양덕동,경상사고,0,0,2,0,차대차 - 기타,안전운전불이행,건조,맑음,단일로 - 기타,승용,남,59세,상해없음,승용,남,23세,경상
2016102500100260,2016년 10월 25일 10시,화요일,경상북도 경주시 현곡면,중상사고,0,1,0,0,차대차 - 측면직각충돌,기타,습기,비,단일로 - 기타,화물,남,49세,상해없음,이륜,남,76세,중상
2016102500100261,2016년 10월 25일 10시,화요일,경상북도 구미시 인의동,경상사고,0,0,1,0,차대사람 - 횡단중,안전운전불이행,습기,비,단일로 - 기타,승용,여,46세,상해없음,보행자,여,21세,경상
2016102500100286,2016년 10월 25일 11시,화요일,경상북도 포항시 북구 학산동,중상사고,0,1,0,0,차대차 - 정면충돌,안전운전불이행,습기,비,교차로 - 교차로부근,화물,남,51세,상해없음,자전거,여,73세,중상
2016102500100287,2016년 10월 25일 11시,화요일,경상북도 의성군 금성면,중상사고,0,1,0,0,차대차 - 정면충돌,중앙선침범,습기,비,단일로 - 기타,화물,남,72세,상해없음,화물,남,66세,상해없음
2016102500100288,2016년 10월 25일 11시,화요일,경상북도 경산시 자인면,경상사고,0,0,1,0,차량단독 - 전도전복,안전운전불이행,습기,비,교차로 - 교차로안,승용,여,72세,경상,,,,
2016102500100316,2016년 10월 25일 12시,화요일,경상북도 경주시 황남동,경상사고,0,0,1,0,차대차 - 측면충돌,중앙선침범,습기,흐림,단일로 - 기타,화물,남,36세,상해없음,이륜,남,76세,경상
2016102500100317,2016년 10월 25일 12시,화요일,경상북도 경주시 외동읍,경상사고,0,0,2,0,차대차 - 정면충돌,안전운전불이행,습기,비,교차로 - 교차로안,승용,남,59세,상해없음,화물,남,56세,경상
2016102500100318,2016년 10월 25일 12시,화요일,경상북도 포항시 북구 장성동,경상사고,0,0,1,0,차대차 - 측면충돌,차로위반,건조,맑음,단일로 - 기타,승용,여,35세,상해없음,승용,남,54세,경상
2016102500100349,2016년 10월 25일 13시,화요일,경상북도 포항시 북구 흥해읍,경상사고,0,0,1,0,차대차 - 측면충돌,교차로운행방법위반,건조,맑음,교차로 - 교차로안,승용,남,58세,상해없음,승용,여,52세,경상
2016102500100350,2016년 10월 25일 13시,화요일,경상북도 상주시 만산동,경상사고,0,0,2,0,차대차 - 측면충돌,교차로운행방법위반,건조,맑음,교차로 - 교차로안,승용,남,72세,상해없음,화물,남,74세,경상
2016102500100351,2016년 10월 25일 13시,화요일,경상북도 청도군 화양읍,중상사고,0,1,1,0,차대차 - 측면직각충돌,직진우회전진행방해,습기,흐림,교차로 - 교차로안,승용,남,78세,경상,승용,남,46세,중상
2016102500100352,2016년 10월 25일 13시,화요일,경상북도 성주군 가천면,경상사고,0,0,1,0,차대사람 - 횡단중,안전운전불이행,건조,맑음,기타 - 기타,승용,여,67세,상해없음,보행자,여,60세,경상
2016102500100379,2016년 10월 25일 14시,화요일,경상북도 고령군 대가야읍,경상사고,0,0,2,0,차대차 - 측면직각충돌,안전운전불이행,건조,맑음,교차로 - 교차로부근,승용,여,48세,상해없음,화물,남,57세,경상
2016102500100407,2016년 10월 25일 15시,화요일,경상북도 영주시 풍기읍,중상사고,0,1,0,0,차대차 - 측면충돌,안전운전불이행,건조,맑음,교차로 - 교차로부근,승용,여,64세,상해없음,이륜,남,75세,중상
2016102500100408,2016년 10월 25일 15시,화요일,경상북도 포항시 남구 오천읍,경상사고,0,0,1,0,차량단독 - 공작물충돌,안전운전불이행,건조,맑음,교차로 - 교차로부근,화물,남,76세,경상,,,,
2016102500100439,2016년 10월 25일 16시,화요일,경상북도 안동시 옥야동,중상사고,0,1,0,0,차대사람 - 기타,안전운전불이행,건조,맑음,단일로 - 횡단보도상,승용,여,55세,상해없음,보행자,여,47세,중상
2016102500100440,2016년 10월 25일 16시,화요일,경상북도 영천시 문외동,중상사고,0,1,1,0,차대차 - 추돌,안전거리미확보,건조,맑음,단일로 - 기타,승용,여,66세,경상,화물,남,60세,상해없음
2016102500100487,2016년 10월 25일 17시,화요일,경상북도 경산시 진량읍,경상사고,0,0,1,2,차대차 - 추돌,안전거리미확보,건조,맑음,단일로 - 기타,승합,남,58세,상해없음,승용,남,27세,상해없음
2016102500100488,2016년 10월 25일 17시,화요일,경상북도 경산시 삼풍동,중상사고,0,1,0,0,차대차 - 기타,안전운전불이행,건조,맑음,교차로 - 교차로안,승용,여,34세,상해없음,이륜,남,17세,중상
2016102500100489,2016년 10월 25일 17시,화요일,경상북도 포항시 남구 구룡포읍,경상사고,0,0,1,1,차대차 - 기타,직진우회전진행방해,건조,흐림,교차로 - 교차로안,승용,남,40세,경상,승용,남,53세,부상신고
2016102500100549,2016년 10월 25일 18시,화요일,경상북도 경주시 외동읍,중상사고,0,1,0,0,차대사람 - 횡단중,안전운전불이행,건조,맑음,교차로 - 교차로안,화물,남,70세,상해없음,보행자,여,47세,중상
2016102500100550,2016년 10월 25일 18시,화요일,경상북도 김천시 교동,중상사고,0,1,0,0,차대차 - 정면충돌,안전운전불이행,건조,맑음,단일로 - 기타,이륜,남,58세,중상,승용,여,46세,상해없음
2016102500100551,2016년 10월 25일 18시,화요일,경상북도 영천시 과전동,사망사고,1,0,0,0,차대사람 - 횡단중,보행자보호의무위반,건조,맑음,단일로 - 횡단보도상,화물,남,22세,상해없음,보행자,여,83세,사망
2016102500100552,2016년 10월 25일 18시,화요일,경상북도 포항시 남구 동촌동,중상사고,0,1,0,0,차대사람 - 기타,기타,건조,맑음,단일로 - 기타,승용,여,37세,상해없음,보행자,여,23세,중상
2016102500100591,2016년 10월 25일 19시,화요일,경상북도 안동시 송현동,경상사고,0,0,3,0,차대차 - 정면충돌,안전운전불이행,건조,맑음,교차로 - 교차로부근,승용,여,33세,상해없음,승용,남,60세,경상
2016102500100592,2016년 10월 25일 19시,화요일,경상북도 포항시 남구 오천읍,경상사고,0,0,3,0,차대차 - 정면충돌,안전거리미확보,건조,흐림,단일로 - 기타,승용,남,55세,경상,승용,남,28세,경상
2016102500100624,2016년 10월 25일 20시,화요일,경상북도 구미시 구포동,경상사고,0,0,1,0,차대차 - 측면충돌,신호위반,건조,맑음,교차로 - 교차로안,승용,여,56세,상해없음,승용,남,32세,경상
2016102500100625,2016년 10월 25일 20시,화요일,경상북도 포항시 남구 대도동,경상사고,0,0,2,0,차대차 - 기타,안전운전불이행,건조,맑음,단일로 - 기타,승용,여,39세,상해없음,이륜,남,26세,경상
2016102500100683,2016년 10월 25일 22시,화요일,경상북도 포항시 북구 장성동,경상사고,0,0,1,0,차대차 - 측면충돌,신호위반,건조,맑음,교차로 - 교차로안,승용,남,31세,경상,승합,남,54세,상해없음
2016102600100031,2016년 10월 26일 01시,수요일,경상북도 포항시 북구 죽도동,중상사고,0,1,1,0,차대차 - 측면충돌,신호위반,건조,맑음,교차로 - 교차로안,승용,남,29세,상해없음,승용,남,64세,중상
2016102600100047,2016년 10월 26일 02시,수요일,경상북도 칠곡군 석적읍,경상사고,0,0,1,0,차대사람 - 횡단중,안전운전불이행,건조,맑음,교차로 - 교차로부근,승용,남,25세,상해없음,보행자,여,23세,경상
2016102600100060,2016년 10월 26일 03시,수요일,경상북도 안동시 와룡면,경상사고,0,0,1,0,차량단독 - 공작물충돌,안전운전불이행,건조,맑음,단일로 - 기타,승용,남,50세,경상,,,,
2016102600100100,2016년 10월 26일 06시,수요일,경상북도 경산시 하양읍,중상사고,0,1,0,0,차량단독 - 공작물충돌,안전운전불이행,건조,맑음,단일로 - 기타,승용,여,64세,상해없음,,,,
2016102600100122,2016년 10월 26일 07시,수요일,경상북도 상주시 청리면,경상사고,0,0,1,0,차대차 - 측면충돌,안전운전불이행,습기,안개,단일로 - 기타,화물,남,49세,상해없음,화물,남,47세,경상
2016102600100123,2016년 10월 26일 07시,수요일,경상북도 경산시 대평동,경상사고,0,0,1,0,차대차 - 기타,신호위반,기타,안개,교차로 - 교차로안,이륜,남,45세,상해없음,자전거,남,31세,경상
2016102600100124,2016년 10월 26일 07시,수요일,경상북도 예천군 효자면,사망사고,1,0,0,0,차량단독 - 도로외이탈 - 기타,안전운전불이행,건조,맑음,단일로 - 기타,화물,남,52세,사망,,,,
2016102600100161,2016년 10월 26일 08시,수요일,경상북도 포항시 북구 흥해읍,경상사고,0,0,2,0,차대차 - 정면충돌,안전거리미확보,건조,맑음,단일로 - 기타,화물,남,55세,상해없음,승용,여,59세,경상
2016102600100162,2016년 10월 26일 08시,수요일,경상북도 포항시 북구 덕산동,중상사고,0,1,1,0,차대차 - 정면충돌,안전거리미확보,건조,맑음,단일로 - 기타,승용,여,53세,상해없음,승용,남,64세,중상
2016102600100208,2016년 10월 26일 09시,수요일,경상북도 포항시 북구 흥해읍,경상사고,0,0,1,0,차대차 - 정면충돌,안전거리미확보,건조,맑음,단일로 - 기타,승용,남,60세,상해없음,승용,여,48세,경상
2016102600100209,2016년 10월 26일 09시,수요일,경상북도 영천시 화산면,경상사고,0,0,1,0,차량단독 - 전도전복,안전운전불이행,건조,맑음,단일로 - 기타,화물,남,60세,경상,,,,
2016102600100210,2016년 10월 26일 09시,수요일,경상북도 구미시 광평동,중상사고,0,1,0,0,차대차 - 기타,안전운전불이행,건조,맑음,교차로 - 교차로부근,화물,남,69세,상해없음,자전거,남,20세,중상
2016102600100240,2016년 10월 26일 10시,수요일,경상북도 영덕군 강구면,중상사고,0,7,14,0,차대차 - 측면직각충돌,중앙선침범,건조,맑음,단일로 - 기타,승합,남,57세,중상,화물,남,42세,경상
2016102600100241,2016년 10월 26일 10시,수요일,경상북도 구미시 진평동,경상사고,0,0,1,0,차대사람 - 횡단중,안전운전불이행,건조,맑음,교차로 - 교차로부근,승용,여,45세,상해없음,보행자,여,29세,경상
2016102600100274,2016년 10월 26일 11시,수요일,경상북도 경산시 진량읍,중상사고,0,1,1,0,차대차 - 추돌,안전운전불이행,건조,맑음,교차로 - 교차로안,화물,남,59세,상해없음,승용,남,39세,경상
2016102600100299,2016년 10월 26일 12시,수요일,경상북도 포항시 북구 흥해읍,중상사고,0,1,0,0,차대차 - 측면충돌,신호위반,건조,맑음,교차로 - 교차로안,화물,남,47세,상해없음,승용,남,68세,중상
2016102600100326,2016년 10월 26일 13시,수요일,경상북도 포항시 북구 장성동,중상사고,0,1,0,0,차대차 - 측면충돌,직진우회전진행방해,건조,맑음,교차로 - 교차로안,승용,남,34세,상해없음,승용,남,23세,중상
2016102600100327,2016년 10월 26일 13시,수요일,경상북도 안동시 안기동,경상사고,0,0,1,0,차대차 - 추돌,안전거리미확보,건조,맑음,단일로 - 기타,자전거,남,71세,경상,승합,남,32세,상해없음
2016102600100328,2016년 10월 26일 13시,수요일,경상북도 안동시 옥동,경상사고,0,0,1,0,차대차 - 추돌,기타,기타,비,교차로 - 교차로안,화물,남,52세,상해없음,승용,남,69세,경상
2016102600100329,2016년 10월 26일 13시,수요일,경상북도 상주시 공검면,경상사고,0,0,1,0,차대차 - 추돌,안전운전불이행,건조,흐림,단일로 - 기타,승용,남,74세,상해없음,승용,남,41세,경상
2016102600100330,2016년 10월 26일 13시,수요일,경상북도 구미시 옥계동,경상사고,0,0,1,0,차대사람 - 횡단중,보행자보호의무위반,건조,흐림,단일로 - 기타,승용,남,51세,상해없음,보행자,남,7세,경상
2016102600100354,2016년 10월 26일 14시,수요일,경상북도 경주시 암곡동,경상사고,0,0,1,0,차대차 - 정면충돌,중앙선침범,건조,맑음,단일로 - 기타,승용,여,64세,상해없음,자전거,남,66세,경상
2016102600100355,2016년 10월 26일 14시,수요일,경상북도 영천시 청통면,경상사고,0,0,1,0,차대차 - 측면직각충돌,직진우회전진행방해,건조,맑음,교차로 - 교차로안,화물,남,52세,상해없음,승용,여,56세,경상
2016102600100356,2016년 10월 26일 14시,수요일,경상북도 고령군 대가야읍,중상사고,0,1,0,0,차대차 - 측면직각충돌,안전운전불이행,건조,맑음,교차로 - 교차로부근,승용,여,40세,상해없음,자전거,여,61세,중상
2016102600100357,2016년 10월 26일 14시,수요일,경상북도 구미시 원평동,경상사고,0,0,1,1,차대차 - 측면충돌,중앙선침범,건조,맑음,단일로 - 기타,이륜,남,80세,부상신고,승용,남,53세,경상
2016102600100358,2016년 10월 26일 14시,수요일,경상북도 구미시 송정동,부상신고사고,0,0,0,1,차대차 - 측면충돌,신호위반,건조,맑음,교차로 - 교차로안,이륜,남,78세,부상신고,승용,남,30세,상해없음
2016102600100391,2016년 10월 26일 15시,수요일,경상북도 구미시 비산동,경상사고,0,0,1,0,차대차 - 추돌,안전운전불이행,건조,맑음,교차로 - 교차로부근,승용,여,59세,상해없음,화물,남,33세,경상
2016102600100392,2016년 10월 26일 15시,수요일,경상북도 포항시 남구 상도동,경상사고,0,0,1,0,차대사람 - 횡단중,안전운전불이행,건조,맑음,단일로 - 기타,승용,남,26세,상해없음,보행자,남,29세,경상
2016102600100425,2016년 10월 26일 16시,수요일,경상북도 포항시 남구 해도동,중상사고,0,1,0,0,차대사람 - 횡단중,안전운전불이행,건조,맑음,단일로 - 기타,승용,남,59세,상해없음,보행자,남,14세,중상
2016102600100464,2016년 10월 26일 17시,수요일,경상북도 경주시 신평동,경상사고,0,0,3,2,차대차 - 측면충돌,안전운전불이행,건조,맑음,교차로 - 교차로안,승용,남,33세,부상신고,화물,남,70세,경상
2016102600100465,2016년 10월 26일 17시,수요일,경상북도 경주시 황성동,경상사고,0,0,1,0,차대차 - 추돌,안전운전불이행,건조,맑음,단일로 - 기타,승용,남,50세,상해없음,승용,남,60세,경상
2016102600100466,2016년 10월 26일 17시,수요일,경상북도 안동시 옥동,부상신고사고,0,0,0,1,차대차 - 정면충돌,안전운전불이행,건조,맑음,교차로 - 교차로부근,이륜,남,16세,부상신고,승용,남,59세,상해없음
2016102600100467,2016년 10월 26일 17시,수요일,경상북도 문경시 마성면,경상사고,0,0,1,0,차대차 - 추돌,안전운전불이행,건조,맑음,단일로 - 기타,원동기,남,77세,경상,승용,남,55세,기타불명
2016102600100468,2016년 10월 26일 17시,수요일,경상북도 경산시 사동,중상사고,0,1,1,0,차대차 - 정면충돌,안전운전불이행,건조,맑음,단일로 - 기타,승용,남,71세,상해없음,원동기,여,34세,경상
2016102600100469,2016년 10월 26일 17시,수요일,경상북도 구미시 형곡동,경상사고,0,0,1,0,차대사람 - 기타,기타,건조,맑음,단일로 - 기타,승용,남,29세,상해없음,보행자,여,90세 이상,경상
2016102600100524,2016년 10월 26일 18시,수요일,경상북도 경주시 안강읍,중상사고,0,1,0,0,차대사람 - 횡단중,안전운전불이행,건조,맑음,단일로 - 기타,승용,여,59세,상해없음,보행자,여,68세,중상
2016102600100525,2016년 10월 26일 18시,수요일,경상북도 구미시 상모동,경상사고,0,0,1,0,차대차 - 기타,교차로운행방법위반,건조,맑음,교차로 - 교차로부근,승합,남,55세,상해없음,자전거,남,17세,경상
2016102600100526,2016년 10월 26일 18시,수요일,경상북도 구미시 옥계동,중상사고,0,1,1,0,차대사람 - 횡단중,신호위반,건조,맑음,교차로 - 교차로안,원동기,남,28세,경상,보행자,남,12세,중상
2016102600100527,2016년 10월 26일 18시,수요일,경상북도 구미시 고아읍,중상사고,0,2,0,0,차대차 - 기타,차로위반,건조,맑음,교차로 - 교차로안,승합,남,55세,상해없음,승용,남,52세,중상
2016102600100528,2016년 10월 26일 18시,수요일,경상북도 구미시 공단동,경상사고,0,0,1,0,차대차 - 측면직각충돌,안전운전불이행,건조,맑음,단일로 - 기타,승용,남,66세,상해없음,승용,여,44세,경상
2016102600100576,2016년 10월 26일 19시,수요일,경상북도 김천시 평화동,중상사고,0,1,0,0,차대사람 - 기타,안전운전불이행,건조,맑음,단일로 - 기타,승용,남,63세,상해없음,보행자,여,63세,중상