사고번호,사고일시,요일,시군구,사고내용,사망자수,중상자수,경상자수,부상신고자수,사고유형,법규위반,노면상태,기상상태,도로형태,가해운전자 차종,가해운전자 성별,가해운전자 연령,가해운전자 상해정도,피해운전자 차종,피해운전자 성별,피해운전자 연령,피해운전자 상해정도
2016102900100516,2016년 10월 29일 19시,토요일,경상북도 봉화군 춘양면,경상사고,0,0,2,0,차대차 - 정면충돌,중앙선침범,건조,맑음,단일로 - 기타,승합,남,78세,상해없음,화물,남,71세,경상
2016102900100517,2016년 10월 29일 19시,토요일,경상북도 구미시 사곡동,경상사고,0,0,1,0,차대차 - 기타,교차로운행방법위반,건조,맑음,교차로 - 교차로안,승용,남,43세,상해없음,이륜,남,18세,경상
2016102900100544,2016년 10월 29일 20시,토요일,경상북도 구미시 남통동,경상사고,0,0,4,0,차대차 - 추돌,안전운전불이행,건조,맑음,교차로 - 교차로부근,승용,남,41세,상해없음,승용,남,45세,경상
2016102900100545,2016년 10월 29일 20시,토요일,경상북도 포항시 남구 연일읍,경상사고,0,0,1,0,차대사람 - 기타,안전운전불이행,건조,맑음,단일로 - 기타,승용,여,51세,상해없음,보행자,남,62세,경상
2016102900100564,2016년 10월 29일 21시,토요일,경상북도 경주시 신평동,경상사고,0,0,1,0,차대사람 - 횡단중,보행자보호의무위반,건조,맑음,단일로 - 횡단보도상,승용,남,39세,상해없음,보행자,여,36세,경상
2016102900100565,2016년 10월 29일 21시,토요일,경상북도 영천시 금호읍,경상사고,0,0,2,0,차대차 - 추돌,안전운전불이행,건조,맑음,교차로 - 교차로안,화물,남,48세,상해없음,승용,여,43세,경상
2016102900100592,2016년 10월 29일 22시,토요일,경상북도 안동시 용상동,중상사고,0,1,0,0,차대차 - 정면충돌,안전운전불이행,건조,맑음,교차로 - 교차로안,화물,남,55세,상해없음,승용,남,30세,중상
2016102900100593,2016년 10월 29일 22시,토요일,경상북도 경산시 진량읍,경상사고,0,0,1,0,차대차 - 추돌,안전운전불이행,건조,맑음,교차로 - 교차로부근,기타불명,기타불명,기타불명,기타불명,승용,여,51세,경상
2016102900100616,2016년 10월 29일 23시,토요일,경상북도 경주시 황오동,중상사고,0,1,0,0,차대사람 - 횡단중,안전운전불이행,건조,맑음,교차로 - 교차로부근,승용,남,22세,상해없음,보행자,여,45세,중상
2016102900100617,2016년 10월 29일 23시,토요일,경상북도 경주시 황성동,경상사고,0,0,2,0,차대차 - 측면충돌,안전운전불이행,건조,맑음,교차로 - 교차로안,승용,여,43세,상해없음,이륜,남,14세,경상
2016103000100041,2016년 10월 30일 01시,일요일,경상북도 경주시 용강동,중상사고,0,2,1,0,차대차 - 측면충돌,신호위반,건조,맑음,교차로 - 교차로안,승용,남,53세,상해없음,승용,여,53세,중상
2016103000100042,2016년 10월 30일 01시,일요일,경상북도 포항시 남구 오천읍,중상사고,0,2,0,0,차대차 - 기타,안전운전불이행,건조,맑음,단일로 - 기타,승용,남,61세,중상,화물,남,55세,상해없음
2016103000100059,2016년 10월 30일 02시,일요일,경상북도 경주시 충효동,경상사고,0,0,2,0,차대차 - 정면충돌,안전운전불이행,건조,맑음,교차로 - 교차로부근,승용,남,38세,상해없음,승용,남,64세,상해없음
2016103000100060,2016년 10월 30일 02시,일요일,경상북도 고령군 쌍림면,경상사고,0,0,1,0,차대차 - 측면직각충돌,안전운전불이행,건조,맑음,단일로 - 기타,화물,남,46세,경상,농기계,기타불명,기타불명,기타불명
2016103000100084,2016년 10월 30일 03시,일요일,경상북도 경주시 강동면,사망사고,1,1,0,0,차대차 - 정면충돌,안전운전불이행,건조,맑음,단일로 - 기타,승용,남,24세,사망,건설기계,남,46세,상해없음
2016103000100149,2016년 10월 30일 09시,일요일,경상북도 고령군 다산면,경상사고,0,0,2,0,차대차 - 추돌,안전운전불이행,건조,맑음,교차로 - 교차로부근,승용,남,24세,상해없음,승용,남,51세,경상
2016103000100177,2016년 10월 30일 10시,일요일,경상북도 포항시 북구 장성동,경상사고,0,0,2,0,차대차 - 측면충돌,교차로운행방법위반,건조,맑음,교차로 - 교차로안,승합,남,64세,경상,승용,여,31세,경상
2016103000100178,2016년 10월 30일 10시,일요일,경상북도 성주군 금수면,경상사고,0,0,1,0,차대차 - 추돌,안전운전불이행,건조,맑음,기타 - 기타,승용,남,36세,상해없음,승용,남,61세,경상
2016103000100185,2016년 10월 30일 11시,일요일,경상북도 포항시 남구 오천읍,중상사고,0,1,3,1,차대차 - 기타,기타,건조,맑음,단일로 - 기타,화물,남,61세,상해없음,승용,여,36세,경상
2016103000100198,2016년 10월 30일 11시,일요일,경상북도 영주시 가흥동,경상사고,0,0,1,0,차대차 - 추돌,안전운전불이행,건조,맑음,교차로 - 교차로안,원동기,남,35세,경상,승용,남,41세,상해없음
2016103000100199,2016년 10월 30일 11시,일요일,경상북도 경산시 하양읍,경상사고,0,0,1,0,차대차 - 정면충돌,안전운전불이행,건조,맑음,단일로 - 기타,승용,남,37세,상해없음,승용,여,28세,경상
2016103000100200,2016년 10월 30일 11시,일요일,경상북도 경산시 옥산동,경상사고,0,0,1,0,차대차 - 측면직각충돌,직진우회전진행방해,건조,맑음,교차로 - 교차로안,승용,여,45세,상해없음,승용,여,71세,경상
2016103000100201,2016년 10월 30일 11시,일요일,경상북도 구미시 구포동,부상신고사고,0,0,0,1,차대차 - 기타,차로위반,건조,맑음,교차로 - 교차로안,이륜,남,82세,부상신고,승용,남,31세,상해없음
2016103000100202,2016년 10월 30일 11시,일요일,경상북도 포항시 남구 상도동,경상사고,0,0,2,0,차대차 - 기타,신호위반,건조,맑음,교차로 - 교차로안,승용,여,56세,경상,승용,여,61세,경상
2016103000100228,2016년 10월 30일 12시,일요일,경상북도 영주시 하망동,중상사고,0,1,0,0,차대차 - 측면충돌,안전운전불이행,건조,맑음,교차로 - 교차로부근,승용,남,26세,상해없음,원동기,남,66세,중상
2016103000100229,2016년 10월 30일 12시,일요일,경상북도 구미시 부곡동,경상사고,0,0,1,0,차대차 - 기타,신호위반,건조,맑음,교차로 - 교차로안,승용,남,69세,상해없음,승용,여,54세,경상
2016103000100249,2016년 10월 30일 13시,일요일,경상북도 경주시 천북면,경상사고,0,0,2,0,차대차 - 추돌,안전운전불이행,건조,맑음,교차로 - 교차로안,승용,여,41세,상해없음,승용,남,57세,경상
2016103000100250,2016년 10월 30일 13시,일요일,경상북도 경주시 성동동,경상사고,0,0,1,0,차대차 - 측면직각충돌,안전운전불이행,건조,맑음,교차로 - 교차로부근,승용,여,62세,상해없음,승합,남,54세,상해없음
2016103000100251,2016년 10월 30일 13시,일요일,경상북도 영주시 풍기읍,경상사고,0,0,2,0,차대차 - 정면충돌,안전운전불이행,건조,맑음,교차로 - 교차로부근,승용,여,45세,상해없음,승용,남,47세,경상
2016103000100277,2016년 10월 30일 14시,일요일,경상북도 상주시 공성면,경상사고,0,0,1,0,차대차 - 정면충돌,안전운전불이행,건조,맑음,단일로 - 기타,승용,남,33세,상해없음,이륜,여,58세,경상
2016103000100278,2016년 10월 30일 14시,일요일,경상북도 영천시 문외동,중상사고,0,1,1,0,차대차 - 정면충돌,교차로운행방법위반,건조,맑음,교차로 - 교차로안,승용,남,43세,상해없음,이륜,남,65세,경상
2016103000100279,2016년 10월 30일 14시,일요일,경상북도 포항시 남구 오천읍,경상사고,0,0,1,0,차대차 - 기타,안전운전불이행,건조,맑음,단일로 - 기타,이륜,여,56세,경상,승용,여,63세,상해없음
2016103000100280,2016년 10월 30일 14시,일요일,경상북도 포항시 남구 연일읍,중상사고,0,2,0,0,차대차 - 기타,중앙선침범,건조,맑음,교차로 - 교차로부근,승합,남,70세,상해없음,승용,남,62세,중상
2016103000100320,2016년 10월 30일 15시,일요일,경상북도 포항시 북구 장성동,경상사고,0,0,1,0,차대차 - 측면충돌,안전운전불이행,건조,맑음,교차로 - 교차로안,자전거,남,11세,경상,승용,여,30세,상해없음
2016103000100321,2016년 10월 30일 15시,일요일,경상북도 구미시 도량동,사망사고,1,0,0,0,차대차 - 기타,안전거리미확보,건조,맑음,단일로 - 기타,승용,남,53세,상해없음,이륜,남,68세,사망
2016103000100349,2016년 10월 30일 16시,일요일,경상북도 포항시 남구 효자동,경상사고,0,0,1,0,차대차 - 기타,안전운전불이행,건조,맑음,교차로 - 교차로안,자전거,남,12세,경상,승용,남,42세,상해없음
2016103000100374,2016년 10월 30일 17시,일요일,경상북도 경주시 암곡동,중상사고,0,1,0,0,차대차 - 측면충돌,안전운전불이행,건조,맑음,단일로 - 기타,승용,남,49세,상해없음,자전거,남,74세,중상
2016103000100375,2016년 10월 30일 17시,일요일,경상북도 포항시 북구 동빈2가,중상사고,0,1,0,0,차대차 - 정면충돌,신호위반,건조,맑음,교차로 - 교차로안,승용,여,63세,상해없음,이륜,남,84세,중상
2016103000100376,2016년 10월 30일 17시,일요일,경상북도 포항시 북구 기북면,중상사고,0,4,3,0,차대차 - 정면충돌,중앙선침범,건조,맑음,단일로 - 기타,승용,여,52세,경상,화물,남,64세,중상
2016103000100377,2016년 10월 30일 17시,일요일,경상북도 경산시 진량읍,경상사고,0,0,1,0,차대차 - 기타,교차로운행방법위반,건조,맑음,교차로 - 교차로안,화물,남,53세,상해없음,자전거,여,73세,경상
2016103000100378,2016년 10월 30일 17시,일요일,경상북도 구미시 지산동,중상사고,0,2,2,0,차대차 - 기타,안전운전불이행,건조,맑음,단일로 - 기타,화물,남,54세,중상,승용,여,61세,경상
2016103000100417,2016년 10월 30일 18시,일요일,경상북도 영주시 풍기읍,경상사고,0,0,2,0,차대차 - 정면충돌,중앙선침범,건조,맑음,단일로 - 기타,화물,남,73세,상해없음,승합,남,63세,경상
2016103000100418,2016년 10월 30일 18시,일요일,경상북도 영주시 풍기읍,경상사고,0,0,2,0,차대차 - 기타,직진우회전진행방해,건조,맑음,교차로 - 교차로안,승용,여,48세,상해없음,승용,남,36세,경상
2016103000100419,2016년 10월 30일 18시,일요일,경상북도 성주군 초전면,중상사고,0,1,1,0,차대차 - 추돌,안전운전불이행,건조,맑음,단일로 - 기타,승용,남,55세,상해없음,농기계,남,71세,중상
2016103000100420,2016년 10월 30일 18시,일요일,경상북도 고령군 대가야읍,사망사고,1,0,0,0,차대사람 - 횡단중,안전운전불이행,건조,맑음,단일로 - 기타,승용,남,55세,상해없음,보행자,남,78세,사망
2016103000100421,2016년 10월 30일 18시,일요일,경상북도 포항시 남구 송도동,중상사고,0,2,0,0,차대사람 - 횡단중,보행자보호의무위반,건조,맑음,교차로 - 교차로안,승용,남,34세,상해없음,보행자,여,45세,중상
2016103000100449,2016년 10월 30일 19시,일요일,경상북도 경주시 황성동,중상사고,0,1,0,0,차대사람 - 차도통행중,안전운전불이행,건조,맑음,교차로 - 교차로안,승용,여,40세,상해없음,보행자,여,56세,중상
2016103000100450,2016년 10월 30일 19시,일요일,경상북도 경산시 옥곡동,부상신고사고,0,0,0,1,차대차 - 정면충돌,안전거리미확보,건조,맑음,단일로 - 기타,이륜,남,21세,부상신고,승용,남,64세,상해없음
2016103000100484,2016년 10월 30일 20시,일요일,경상북도 안동시 천리동,사망사고,1,0,0,0,차대사람 - 횡단중,안전운전불이행,건조,맑음,단일로 - 기타,승용,여,48세,상해없음,보행자,남,63세,사망
2016103000100485,2016년 10월 30일 20시,일요일,경상북도 구미시 구평동,부상신고사고,0,0,0,1,차대차 - 측면직각충돌,안전운전불이행,건조,맑음,교차로 - 교차로안,이륜,남,20세,부상신고,승용,남,48세,상해없음
2016103000100486,2016년 10월 30일 20시,일요일,경상북도 포항시 남구 오천읍,중상사고,0,1,1,0,차대차 - 기타,신호위반,건조,맑음,교차로 - 교차로안,이륜,남,16세,중상,승용,남,25세,경상
2016103000100555,2016년 10월 30일 23시,일요일,경상북도 경산시 사동,경상사고,0,0,1,0,차대차 - 측면충돌,신호위반,건조,맑음,교차로 - 교차로안,이륜,남,19세,상해없음,승용,남,40세,경상
2016103000100556,2016년 10월 30일 23시,일요일,경상북도 경산시 중산동,경상사고,0,0,2,0,차대차 - 측면직각충돌,안전거리미확보,건조,맑음,단일로 - 기타,승용,남,20세,경상,승용,남,62세,경상
2016103100100005,2016년 10월 31일 00시,월요일,경상북도 포항시 북구 장성동,경상사고,0,0,1,0,차대차 - 정면충돌,안전운전불이행,건조,맑음,단일로 - 기타,승용,여,28세,상해없음,승용,여,58세,경상
2016103100100046,2016년 10월 31일 05시,월요일,경상북도 포항시 북구 죽도동,경상사고,0,0,1,0,차대차 - 정면충돌,안전운전불이행,건조,맑음,교차로 - 교차로부근,승용,여,45세,상해없음,승용,남,45세,경상
2016103100100093,2016년 10월 31일 07시,월요일,경상북도 포항시 남구 연일읍,중상사고,0,1,0,0,차대차 - 정면충돌,교차로운행방법위반,건조,맑음,교차로 - 교차로안,승용,남,66세,상해없음,화물,남,42세,중상
2016103100100123,2016년 10월 31일 08시,월요일,경상북도 영주시 부석면,경상사고,0,0,2,0,차대차 - 정면충돌,안전운전불이행,건조,맑음,단일로 - 기타,승용,여,64세,경상,화물,남,76세,경상
2016103100100124,2016년 10월 31일 08시,월요일,경상북도 구미시 공단동,중상사고,0,1,0,0,차대차 - 측면충돌,안전운전불이행,건조,맑음,단일로 - 기타,승용,남,51세,상해없음,승용,남,26세,중상
2016103100100158,2016년 10월 31일 09시,월요일,경상북도 경산시 대평동,중상사고,0,1,0,0,차대사람 - 횡단중,보행자보호의무위반,건조,맑음,단일로 - 횡단보도상,승용,여,46세,상해없음,보행자,여,19세,중상
2016103100100159,2016년 10월 31일 09시,월요일,경상북도 구미시 송정동,경상사고,0,0,1,0,차대차 - 측면충돌,신호위반,건조,흐림,교차로 - 교차로안,승용,남,55세,상해없음,승용,남,38세,경상
2016103100100160,2016년 10월 31일 09시,월요일,경상북도 구미시 고아읍,중상사고,0,1,0,0,차대차 - 측면충돌,안전운전불이행,건조,맑음,교차로 - 교차로안,이륜,남,85세,중상,승용,남,54세,상해없음
2016103100100182,2016년 10월 31일 10시,월요일,경상북도 구미시 산동면,부상신고사고,0,0,0,1,차대차 - 측면충돌,안전운전불이행,건조,맑음,단일로 - 기타,기타불명,기타불명,기타불명,기타불명,승용,여,36세,부상신고
2016103100100213,2016년 10월 31일 11시,월요일,경상북도 김천시 평화동,중상사고,0,1,1,0,차대차 - 정면충돌,안전운전불이행,건조,맑음,단일로 - 기타,승용,남,37세,상해없음,승용,남,25세,경상
2016103100100214,2016년 10월 31일 11시,월요일,경상북도 칠곡군 석적읍,중상사고,0,1,0,0,차대차 - 정면충돌,신호위반,건조,맑음,교차로 - 교차로안,승용,남,60세,상해없음,이륜,남,80세,중상
2016103100100262,2016년 10월 31일 13시,월요일,경상북도 포항시 남구 대도동,경상사고,0,0,1,0,차대사람 - 횡단중,안전운전불이행,건조,맑음,단일로 - 기타,승용,남,73세,상해없음,보행자,남,40세,경상
2016103100100323,2016년 10월 31일 15시,월요일,경상북도 영주시 휴천동,경상사고,0,0,1,0,차대차 - 측면충돌,안전운전불이행,건조,맑음,단일로 - 기타,승용,여,40세,상해없음,승용,여,43세,경상
2016103100100324,2016년 10월 31일 15시,월요일,경상북도 칠곡군 왜관읍,중상사고,0,1,0,0,차대사람 - 기타,안전운전불이행,건조,맑음,단일로 - 기타,승용,여,51세,상해없음,보행자,여,53세,중상
2016103100100356,2016년 10월 31일 16시,월요일,경상북도 영주시 가흥동,중상사고,0,1,0,0,차대차 - 측면충돌,신호위반,건조,맑음,교차로 - 교차로안,화물,남,73세,상해없음,원동기,남,47세,중상
2016103100100357,2016년 10월 31일 16시,월요일,경상북도 구미시 인의동,경상사고,0,0,1,0,차대차 - 기타,안전운전불이행,건조,맑음,교차로 - 교차로안,승용,여,50세,상해없음,승용,남,41세,경상
2016103100100392,2016년 10월 31일 17시,월요일,경상북도 경주시 성건동,경상사고,0,0,1,0,차대차 - 측면충돌,안전운전불이행,건조,맑음,단일로 - 기타,승용,여,27세,상해없음,자전거,남,28세,경상
2016103100100393,2016년 10월 31일 17시,월요일,경상북도 영덕군 강구면,경상사고,0,0,1,0,차대차 - 측면직각충돌,안전운전불이행,건조,맑음,교차로 - 교차로안,이륜,남,32세,경상,승용,여,50세,상해없음
2016103100100394,2016년 10월 31일 17시,월요일,경상북도 구미시 황상동,경상사고,0,0,1,0,차대차 - 추돌,안전운전불이행,건조,맑음,단일로 - 기타,승용,남,60세,상해없음,승용,남,42세,경상
2016103100100451,2016년 10월 31일 18시,월요일,경상북도 경주시 내남면,중상사고,0,1,0,0,차대사람 - 횡단중,보행자보호의무위반,건조,맑음,단일로 - 기타,승용,남,67세,상해없음,보행자,남,51세,중상
2016103100100452,2016년 10월 31일 18시,월요일,경상북도 경주시 양남면,중상사고,0,1,0,0,차대차 - 정면충돌,중앙선침범,건조,맑음,단일로 - 기타,승용,남,43세,상해없음,승용,여,64세,중상
2016103100100453,2016년 10월 31일 18시,월요일,경상북도 경주시 도지동,경상사고,0,0,1,0,차대차 - 추돌,안전운전불이행,건조,맑음,단일로 - 기타,승용,남,79세,상해없음,승용,남,34세,경상
2016103100100454,2016년 10월 31일 18시,월요일,경상북도 포항시 북구 두호동,중상사고,0,1,0,0,차대차 - 측면충돌,안전운전불이행,건조,맑음,단일로 - 기타,원동기,남,66세,중상,승용,여,48세,상해없음
2016103100100455,2016년 10월 31일 18시,월요일,경상북도 영주시 풍기읍,경상사고,0,0,1,0,차대사람 - 횡단중,안전운전불이행,건조,맑음,교차로 - 교차로안,승용,남,58세,상해없음,보행자,남,41세,경상
2016103100100456,2016년 10월 31일 18시,월요일,경상북도 칠곡군 동명면,중상사고,0,1,0,0,차대사람 - 횡단중,안전운전불이행,건조,맑음,단일로 - 기타,화물,남,56세,상해없음,보행자,남,62세,중상
2016103100100457,2016년 10월 31일 18시,월요일,경상북도 경산시 중방동,경상사고,0,0,1,0,차대차 - 측면충돌,안전운전불이행,건조,맑음,교차로 - 교차로안,승용,남,60세,상해없음,승합,남,37세,상해없음
2016103100100458,2016년 10월 31일 18시,월요일,경상북도 구미시 진평동,경상사고,0,0,1,0,차대사람 - 횡단중,안전운전불이행,건조,맑음,교차로 - 교차로부근,승용,여,25세,상해없음,보행자,남,48세,경상
2016103100100504,2016년 10월 31일 19시,월요일,경상북도 경주시 황성동,경상사고,0,0,1,0,차대사람 - 보도통행중,기타,건조,맑음,기타 - 기타,자전거,남,56세,상해없음,보행자,남,28세,경상
2016103100100505,2016년 10월 31일 19시,월요일,경상북도 포항시 북구 흥해읍,경상사고,0,0,2,0,차대차 - 정면충돌,안전운전불이행,건조,맑음,단일로 - 기타,승용,남,78세,경상,승용,남,42세,경상
2016103100100506,2016년 10월 31일 19시,월요일,경상북도 안동시 안기동,경상사고,0,0,1,2,차대차 - 정면충돌,안전운전불이행,건조,맑음,단일로 - 기타,승용,여,56세,상해없음,승용,여,40세,경상
2016103100100507,2016년 10월 31일 19시,월요일,경상북도 안동시 남선면,경상사고,0,0,1,0,차대차 - 추돌,안전운전불이행,건조,맑음,단일로 - 기타,화물,남,62세,상해없음,승용,여,43세,경상
2016103100100573,2016년 10월 31일 21시,월요일,경상북도 경산시 조영동,경상사고,0,0,1,0,차대사람 - 길가장자리구역통행중,안전운전불이행,건조,맑음,단일로 - 기타,승용,남,23세,상해없음,보행자,남,29세,경상
2016103100100574,2016년 10월 31일 21시,월요일,경상북도 포항시 남구 효자동,경상사고,0,0,2,0,차대차 - 측면충돌,직진우회전진행방해,건조,맑음,교차로 - 교차로안,승용,남,26세,상해없음,승용,여,35세,경상
2016103100100596,2016년 10월 31일 22시,월요일,경상북도 경주시 성건동,경상사고,0,0,2,0,차대차 - 추돌,안전운전불이행,건조,맑음,단일로 - 기타,승용,남,26세,상해없음,승용,남,54세,경상
2016103100100597,2016년 10월 31일 22시,월요일,경상북도 경산시 대동,경상사고,0,0,4,0,차대차 - 정면충돌,안전운전불이행,건조,맑음,단일로 - 기타,승용,남,18세,상해없음,승용,남,25세,경상
2016103100100598,2016년 10월 31일 22시,월요일,경상북도 구미시 도량동,중상사고,0,1,0,0,차대차 - 기타,교차로운행방법위반,건조,맑음,교차로 - 교차로안,화물,남,44세,상해없음,자전거,남,20세,중상
2016110100100029,2016년 11월 1일 01시,화요일,경상북도 경주시 현곡면,경상사고,0,0,1,0,차대차 - 추돌,안전운전불이행,건조,맑음,교차로 - 교차로부근,승용,여,44세,상해없음,승합,남,43세,경상
2016110100100030,2016년 11월 1일 01시,화요일,경상북도 포항시 남구 상도동,중상사고,0,1,0,0,차대차 - 측면충돌,안전운전불이행,건조,맑음,단일로 - 기타,승용,남,48세,상해없음,이륜,남,19세,중상
2016110100100046,2016년 11월 1일 04시,화요일,경상북도 경산시 중방동,중상사고,0,1,0,0,차대차 - 정면충돌,안전운전불이행,건조,맑음,단일로 - 기타,이륜,남,17세,상해없음,화물,여,58세,기타불명
2016110100100054,2016년 11월 1일 05시,화요일,경상북도 김천시 신음동,경상사고,0,0,1,0,차대차 - 추돌,안전운전불이행,건조,맑음,교차로 - 교차로부근,승용,남,39세,기타불명,승용,여,66세,경상
2016110100100064,2016년 11월 1일 06시,화요일,경상북도 포항시 북구 덕수동,경상사고,0,0,1,0,차대차 - 정면충돌,안전운전불이행,건조,맑음,단일로 - 기타,승용,여,55세,상해없음,화물,남,63세,경상
2016110100100088,2016년 11월 1일 07시,화요일,경상북도 포항시 북구 용흥동,중상사고,0,1,0,0,차대사람 - 횡단중,보행자보호의무위반,건조,맑음,단일로 - 횡단보도상,승용,남,34세,상해없음,보행자,여,61세,중상
2016110100100089,2016년 11월 1일 07시,화요일,경상북도 포항시 북구 용흥동,중상사고,0,1,5,0,차대차 - 측면충돌,신호위반,건조,맑음,교차로 - 교차로안,승용,여,64세,중상,승용,남,23세,경상
2016110100100142,2016년 11월 1일 08시,화요일,경상북도 김천시 부곡동,경상사고,0,0,1,0,차대차 - 기타,안전운전불이행,건조,맑음,교차로 - 교차로부근,화물,남,47세,상해없음,승용,여,56세,경상
2016110100100187,2016년 11월 1일 09시,화요일,경상북도 포항시 남구 동해면,중상사고,0,1,0,0,차량단독 - 전도전복,안전운전불이행,건조,맑음,단일로 - 기타,승용,남,44세,중상,,,,
2016110100100213,2016년 11월 1일 10시,화요일,경상북도 경주시 동천동,중상사고,0,1,0,0,차대차 - 측면충돌,안전운전불이행,건조,맑음,단일로 - 기타,승용,여,37세,상해없음,자전거,남,74세,중상
2016110100100246,2016년 11월 1일 11시,화요일,경상북도 문경시 가은읍,경상사고,0,0,1,0,차대차 - 측면충돌,안전운전불이행,건조,맑음,교차로 - 교차로안,승용,남,25세,상해없음,승용,남,47세,경상
2016110100100272,2016년 11월 1일 12시,화요일,경상북도 상주시 남성동,경상사고,0,0,1,0,차대사람 - 횡단중,보행자보호의무위반,건조,맑음,단일로 - 횡단보도상,승용,남,59세,상해없음,보행자,여,57세,경상
2016110100100273,2016년 11월 1일 12시,화요일,경상북도 울진군 후포면,중상사고,0,2,1,0,차대차 - 측면충돌,신호위반,건조,맑음,교차로 - 교차로부근,승용,여,53세,중상,승용,남,46세,경상
2016110100100274,2016년 11월 1일 12시,화요일,경상북도 포항시 남구 동촌동,경상사고,0,0,2,0,차대차 - 추돌,안전거리미확보,건조,맑음,교차로 - 교차로안,승용,남,51세,상해없음,승용,남,25세,경상
2016110100100307,2016년 11월 1일 13시,화요일,경상북도 포항시 북구 학잠동,경상사고,0,0,1,0,차대사람 - 횡단중,안전운전불이행,건조,맑음,단일로 - 기타,승용,여,49세,상해없음,보행자,남,8세,경상
2016110100100308,2016년 11월 1일 13시,화요일,경상북도 영천시 임고면,경상사고,0,0,1,0,차대차 - 측면직각충돌,신호위반,건조,맑음,교차로 - 교차로안,화물,남,63세,상해없음,화물,남,62세,경상
2016110100100309,2016년 11월 1일 13시,화요일,경상북도 영양군 입암면,경상사고,0,0,1,0,차대차 - 추돌,안전운전불이행,건조,맑음,교차로 - 교차로부근,원동기,남,71세,경상,승용,여,53세,상해없음
2016110100100335,2016년 11월 1일 14시,화요일,경상북도 칠곡군 왜관읍,부상신고사고,0,0,0,1,차대차 - 측면직각충돌,안전운전불이행,건조,맑음,단일로 - 기타,이륜,남,18세,부상신고,승용,남,59세,상해없음
2016110100100336,2016년 11월 1일 14시,화요일,경상북도 경산시 대동,경상사고,0,0,1,0,차대사람 - 횡단중,신호위반,건조,맑음,단일로 - 횡단보도부근,이륜,남,24세,상해없음,보행자,남,19세,경상
2016110100100337,2016년 11월 1일 14시,화요일,경상북도 포항시 남구 대송면,중상사고,0,1,0,0,차대차 - 추돌,안전운전불이행,건조,맑음,단일로 - 기타,승용,남,59세,상해없음,이륜,남,84세,중상
2016110100100373,2016년 11월 1일 15시,화요일,경상북도 포항시 북구 두호동,경상사고,0,0,1,0,차대차 - 기타,안전운전불이행,건조,맑음,단일로 - 기타,승용,남,60세,상해없음,자전거,여,64세,경상
2016110100100374,2016년 11월 1일 15시,화요일,경상북도 안동시 태화동,중상사고,0,1,0,0,차대사람 - 횡단중,안전운전불이행,건조,맑음,단일로 - 기타,이륜,남,24세,상해없음,보행자,여,68세,중상
2016110100100375,2016년 11월 1일 15시,화요일,경상북도 김천시 농소면,경상사고,0,0,1,0,차대차 - 측면충돌,신호위반,건조,맑음,교차로 - 교차로안,승용,여,61세,경상,화물,남,55세,상해없음
2016110100100376,2016년 11월 1일 15시,화요일,경상북도 상주시 무양동,경상사고,0,0,1,0,차대차 - 측면충돌,차로위반,건조,맑음,교차로 - 교차로부근,화물,남,73세,상해없음,승용,남,39세,경상
2016110100100377,2016년 11월 1일 15시,화요일,경상북도 경산시 상방동,경상사고,0,0,3,0,차대차 - 측면직각충돌,안전운전불이행,건조,맑음,단일로 - 기타,승용,남,60세,경상,승용,여,37세,경상
2016110100100378,2016년 11월 1일 15시,화요일,경상북도 포항시 남구 대송면,경상사고,0,0,1,0,차대차 - 측면직각충돌,중앙선침범,건조,맑음,단일로 - 기타,승용,남,50세,상해없음,승용,남,38세,경상
2016110100100407,2016년 11월 1일 16시,화요일,경상북도 상주시 화산동,중상사고,0,3,0,0,차대차 - 측면충돌,안전운전불이행,건조,맑음,교차로 - 교차로안,승합,남,67세,중상,승용,남,55세,중상
2016110100100408,2016년 11월 1일 16시,화요일,경상북도 포항시 남구 대잠동,경상사고,0,0,1,0,차대차 - 추돌,안전운전불이행,건조,맑음,단일로 - 기타,승용,남,19세,상해없음,승용,여,38세,경상
2016110100100409,2016년 11월 1일 16시,화요일,경상북도 포항시 남구 대도동,경상사고,0,0,1,0,차대차 - 측면충돌,안전운전불이행,건조,맑음,단일로 - 기타,화물,남,46세,상해없음,승용,여,50세,경상
2016110100100448,2016년 11월 1일 17시,화요일,경상북도 안동시 풍산읍,경상사고,0,0,1,0,차대차 - 정면충돌,안전운전불이행,건조,맑음,단일로 - 기타,승용,여,60세,상해없음,농기계,남,56세,경상
2016110100100506,2016년 11월 1일 18시,화요일,경상북도 경주시 서부동,중상사고,0,1,0,0,차대차 - 측면충돌,안전운전불이행,건조,맑음,교차로 - 교차로안,승용,남,29세,상해없음,이륜,남,33세,중상
2016110100100507,2016년 11월 1일 18시,화요일,경상북도 문경시 흥덕동,중상사고,0,1,0,0,차대차 - 정면충돌,중앙선침범,건조,맑음,단일로 - 기타,승용,남,56세,상해없음,승용,여,42세,중상