사고번호,사고일시,요일,시군구,사고내용,사망자수,중상자수,경상자수,부상신고자수,사고유형,법규위반,노면상태,기상상태,도로형태,가해운전자 차종,가해운전자 성별,가해운전자 연령,가해운전자 상해정도,피해운전자 차종,피해운전자 성별,피해운전자 연령,피해운전자 상해정도
2016110100100550,2016년 11월 1일 19시,화요일,경상북도 성주군 성주읍,중상사고,0,1,0,0,차대사람 - 횡단중,중앙선침범,건조,맑음,교차로 - 교차로부근,화물,남,48세,상해없음,보행자,남,57세,중상
2016110100100551,2016년 11월 1일 19시,화요일,경상북도 고령군 성산면,중상사고,0,1,0,0,차대차 - 측면직각충돌,중앙선침범,건조,맑음,단일로 - 기타,자전거,남,25세,중상,승합,남,53세,상해없음
2016110100100552,2016년 11월 1일 19시,화요일,경상북도 구미시 진평동,경상사고,0,0,2,0,차대차 - 측면직각충돌,안전운전불이행,건조,맑음,단일로 - 기타,승용,여,45세,상해없음,승용,남,28세,경상
2016110100100572,2016년 11월 1일 20시,화요일,경상북도 경주시 동천동,경상사고,0,0,2,0,차대차 - 측면직각충돌,교차로운행방법위반,건조,맑음,교차로 - 교차로안,승합,남,56세,상해없음,승용,남,34세,경상
2016110100100573,2016년 11월 1일 20시,화요일,경상북도 의성군 단북면,중상사고,0,1,0,0,차대차 - 측면충돌,중앙선침범,건조,맑음,교차로 - 교차로안,화물,남,53세,상해없음,승용,남,45세,중상
2016110100100602,2016년 11월 1일 21시,화요일,경상북도 영천시 망정동,경상사고,0,0,1,0,차대사람 - 길가장자리구역통행중,안전운전불이행,건조,맑음,단일로 - 기타,승용,남,56세,상해없음,보행자,남,44세,경상
2016110100100603,2016년 11월 1일 21시,화요일,경상북도 울진군 죽변면,중상사고,0,1,0,0,차대사람 - 기타,안전운전불이행,건조,맑음,교차로 - 교차로안,승용,남,60세,상해없음,보행자,남,47세,중상
2016110100100633,2016년 11월 1일 22시,화요일,경상북도 안동시 옥야동,경상사고,0,0,1,0,차대차 - 측면직각충돌,신호위반,건조,맑음,교차로 - 교차로안,승용,남,18세,상해없음,승용,여,47세,경상
2016110100100634,2016년 11월 1일 22시,화요일,경상북도 울릉군 울릉읍,경상사고,0,0,1,0,차대차 - 추돌,안전운전불이행,습기,흐림,단일로 - 기타,승합,남,35세,상해없음,승용,남,40세,경상
2016110100100653,2016년 11월 1일 23시,화요일,경상북도 구미시 형곡동,경상사고,0,0,2,0,차대차 - 추돌,안전운전불이행,건조,맑음,교차로 - 교차로부근,승용,남,47세,상해없음,승용,남,45세,경상
2016110200100054,2016년 11월 2일 05시,수요일,경상북도 구미시 공단동,부상신고사고,0,0,0,1,차대차 - 측면충돌,교차로운행방법위반,건조,맑음,단일로 - 기타,자전거,남,61세,부상신고,승용,남,65세,상해없음
2016110200100101,2016년 11월 2일 07시,수요일,경상북도 상주시 서문동,경상사고,0,0,1,0,차대차 - 측면충돌,교차로운행방법위반,건조,맑음,교차로 - 교차로안,승용,남,57세,상해없음,승용,여,42세,경상
2016110200100102,2016년 11월 2일 07시,수요일,경상북도 영천시 대창면,경상사고,0,0,1,0,차대차 - 측면직각충돌,교차로운행방법위반,건조,맑음,교차로 - 교차로안,승용,남,54세,상해없음,원동기,남,31세,경상
2016110200100103,2016년 11월 2일 07시,수요일,경상북도 영천시 작산동,중상사고,0,1,0,0,차대사람 - 횡단중,신호위반,건조,맑음,교차로 - 교차로안,승용,남,27세,상해없음,보행자,여,79세,중상
2016110200100145,2016년 11월 2일 08시,수요일,경상북도 경주시 시래동,사망사고,1,0,0,0,차대차 - 측면충돌,안전운전불이행,건조,맑음,단일로 - 기타,승용,남,54세,상해없음,원동기,남,84세,사망
2016110200100146,2016년 11월 2일 08시,수요일,경상북도 포항시 북구 장성동,경상사고,0,0,1,0,차대차 - 추돌,안전운전불이행,건조,맑음,단일로 - 기타,승용,남,57세,상해없음,승용,여,37세,경상
2016110200100147,2016년 11월 2일 08시,수요일,경상북도 안동시 도산면,중상사고,0,1,0,0,차대차 - 측면직각충돌,교차로운행방법위반,건조,맑음,교차로 - 교차로안,승용,남,44세,중상,화물,남,38세,상해없음
2016110200100148,2016년 11월 2일 08시,수요일,경상북도 칠곡군 북삼읍,경상사고,0,0,1,1,차대차 - 측면직각충돌,직진우회전진행방해,건조,맑음,교차로 - 교차로안,승용,여,52세,경상,승용,여,42세,상해없음
2016110200100194,2016년 11월 2일 09시,수요일,경상북도 상주시 남성동,중상사고,0,1,0,0,차대사람 - 기타,안전운전불이행,건조,맑음,단일로 - 기타,승용,남,64세,상해없음,보행자,남,59세,중상
2016110200100195,2016년 11월 2일 09시,수요일,경상북도 칠곡군 동명면,중상사고,0,2,6,0,차대차 - 추돌,안전운전불이행,건조,맑음,교차로 - 교차로부근,화물,남,68세,상해없음,승용,남,52세,중상
2016110200100196,2016년 11월 2일 09시,수요일,경상북도 경산시 옥산동,경상사고,0,0,1,0,차대차 - 기타,안전운전불이행,건조,맑음,교차로 - 교차로부근,승용,남,71세,상해없음,승용,여,44세,경상
2016110200100197,2016년 11월 2일 09시,수요일,경상북도 경산시 진량읍,경상사고,0,0,4,0,차대차 - 정면충돌,안전운전불이행,건조,맑음,단일로 - 기타,승용,여,43세,경상,화물,남,36세,경상
2016110200100224,2016년 11월 2일 10시,수요일,경상북도 포항시 북구 두호동,중상사고,0,1,0,0,차대사람 - 횡단중,안전운전불이행,건조,맑음,단일로 - 기타,승용,여,58세,상해없음,보행자,여,65세,중상
2016110200100225,2016년 11월 2일 10시,수요일,경상북도 포항시 북구 용흥동,경상사고,0,0,1,0,차대차 - 측면충돌,차로위반,건조,맑음,단일로 - 기타,승용,남,58세,상해없음,승용,남,61세,경상
2016110200100226,2016년 11월 2일 10시,수요일,경상북도 경산시 하양읍,중상사고,0,1,1,0,차대차 - 정면충돌,신호위반,건조,맑음,교차로 - 교차로안,화물,남,72세,경상,승용,남,68세,중상
2016110200100227,2016년 11월 2일 10시,수요일,경상북도 구미시 공단동,경상사고,0,0,1,0,차대차 - 기타,교차로운행방법위반,건조,맑음,교차로 - 교차로안,화물,남,58세,상해없음,원동기,남,23세,경상
2016110200100228,2016년 11월 2일 10시,수요일,경상북도 포항시 남구 구룡포읍,경상사고,0,0,1,0,차대사람 - 기타,안전운전불이행,건조,맑음,교차로 - 교차로부근,승합,남,58세,상해없음,보행자,여,63세,경상
2016110200100264,2016년 11월 2일 11시,수요일,경상북도 청도군 청도읍,경상사고,0,0,3,0,차대차 - 측면충돌,신호위반,건조,맑음,교차로 - 교차로안,승용,남,71세,경상,승용,남,38세,경상
2016110200100290,2016년 11월 2일 12시,수요일,경상북도 포항시 북구 동빈1가,경상사고,0,0,2,0,차대차 - 추돌,안전운전불이행,건조,맑음,교차로 - 교차로안,승용,남,47세,상해없음,승용,남,56세,경상
2016110200100291,2016년 11월 2일 12시,수요일,경상북도 포항시 남구 동해면,경상사고,0,0,1,0,차대차 - 측면충돌,안전운전불이행,건조,맑음,단일로 - 기타,승용,남,58세,상해없음,원동기,남,77세,경상
2016110200100317,2016년 11월 2일 13시,수요일,경상북도 김천시 신음동,중상사고,0,1,2,0,차대차 - 측면충돌,교차로운행방법위반,건조,맑음,교차로 - 교차로안,승용,남,29세,상해없음,승용,남,64세,중상
2016110200100343,2016년 11월 2일 14시,수요일,경상북도 포항시 북구 죽도동,경상사고,0,0,1,0,차대차 - 정면충돌,신호위반,건조,맑음,교차로 - 교차로안,승용,남,76세,상해없음,승용,여,27세,경상
2016110200100344,2016년 11월 2일 14시,수요일,경상북도 포항시 북구 송라면,경상사고,0,0,1,0,차대차 - 정면충돌,안전운전불이행,건조,맑음,단일로 - 기타,원동기,남,77세,상해없음,자전거,남,74세,경상
2016110200100345,2016년 11월 2일 14시,수요일,경상북도 포항시 북구 죽도동,경상사고,0,0,1,0,차대차 - 정면충돌,안전운전불이행,건조,맑음,단일로 - 기타,승용,남,32세,상해없음,승용,여,40세,경상
2016110200100346,2016년 11월 2일 14시,수요일,경상북도 영천시 문외동,경상사고,0,0,1,0,차대차 - 측면직각충돌,불법유턴,건조,맑음,교차로 - 교차로부근,자전거,남,25세,경상,승용,여,56세,상해없음
2016110200100347,2016년 11월 2일 14시,수요일,경상북도 문경시 영순면,중상사고,0,2,1,0,차대차 - 기타,안전운전불이행,건조,맑음,교차로 - 교차로안,화물,남,66세,상해없음,승용,여,40세,경상
2016110200100348,2016년 11월 2일 14시,수요일,경상북도 구미시 공단동,경상사고,0,0,2,1,차대차 - 측면충돌,교차로운행방법위반,건조,맑음,교차로 - 교차로안,승용,남,42세,부상신고,승용,남,63세,경상
2016110200100373,2016년 11월 2일 15시,수요일,경상북도 김천시 농소면,경상사고,0,0,1,0,차대차 - 측면충돌,안전운전불이행,건조,맑음,단일로 - 기타,승용,남,37세,상해없음,이륜,남,76세,경상
2016110200100399,2016년 11월 2일 16시,수요일,경상북도 안동시 용상동,중상사고,0,1,0,0,차대사람 - 보도통행중,보행자보호의무위반,건조,맑음,단일로 - 횡단보도상,승용,남,33세,상해없음,보행자,남,8세,중상
2016110200100400,2016년 11월 2일 16시,수요일,경상북도 칠곡군 북삼읍,경상사고,0,0,1,0,차대사람 - 횡단중,안전운전불이행,건조,맑음,단일로 - 기타,승용,여,38세,상해없음,보행자,남,8세,경상
2016110200100401,2016년 11월 2일 16시,수요일,경상북도 경산시 옥산동,경상사고,0,0,1,0,차대사람 - 기타,보행자보호의무위반,건조,맑음,단일로 - 기타,승용,남,74세,상해없음,보행자,남,31세,경상
2016110200100440,2016년 11월 2일 17시,수요일,경상북도 칠곡군 약목면,경상사고,0,0,2,1,차대차 - 정면충돌,안전운전불이행,건조,맑음,단일로 - 기타,화물,남,43세,부상신고,화물,남,28세,경상
2016110200100484,2016년 11월 2일 18시,수요일,경상북도 안동시 수하동,중상사고,0,1,0,0,차대차 - 정면충돌,교차로운행방법위반,건조,맑음,교차로 - 교차로안,승용,여,35세,상해없음,승용,여,62세,중상
2016110200100525,2016년 11월 2일 19시,수요일,경상북도 구미시 사곡동,경상사고,0,0,1,0,차대사람 - 횡단중,보행자보호의무위반,건조,맑음,교차로 - 교차로부근,승용,남,53세,상해없음,보행자,여,57세,경상
2016110200100563,2016년 11월 2일 20시,수요일,경상북도 구미시 상모동,경상사고,0,0,1,0,차대차 - 측면충돌,중앙선침범,건조,맑음,단일로 - 기타,승용,남,29세,상해없음,승용,남,43세,경상
2016110200100596,2016년 11월 2일 21시,수요일,경상북도 상주시 냉림동,중상사고,0,1,0,0,차대차 - 측면직각충돌,교차로운행방법위반,건조,맑음,교차로 - 교차로안,승용,여,31세,상해없음,이륜,남,49세,중상
2016110200100597,2016년 11월 2일 21시,수요일,경상북도 영천시 야사동,경상사고,0,0,1,0,차대차 - 측면직각충돌,차로위반,건조,맑음,교차로 - 교차로부근,승용,여,30세,상해없음,원동기,남,19세,경상
2016110200100598,2016년 11월 2일 21시,수요일,경상북도 구미시 황상동,경상사고,0,0,1,0,차대차 - 정면충돌,신호위반,건조,맑음,교차로 - 교차로안,화물,남,39세,상해없음,화물,남,34세,경상
2016110200100621,2016년 11월 2일 22시,수요일,경상북도 포항시 남구 오천읍,경상사고,0,0,1,0,차대차 - 측면직각충돌,신호위반,건조,맑음,교차로 - 교차로안,승용,여,31세,상해없음,승용,여,53세,상해없음
2016110200100655,2016년 11월 2일 23시,수요일,경상북도 경산시 옥산동,부상신고사고,0,0,0,1,차대차 - 측면충돌,안전운전불이행,건조,맑음,교차로 - 교차로안,이륜,남,24세,부상신고,승용,여,53세,상해없음
2016110200100656,2016년 11월 2일 23시,수요일,경상북도 구미시 도량동,경상사고,0,0,1,0,차대사람 - 횡단중,안전운전불이행,건조,맑음,교차로 - 교차로부근,승용,남,44세,상해없음,보행자,남,24세,경상
2016110300100047,2016년 11월 3일 03시,목요일,경상북도 구미시 공단동,중상사고,0,1,0,0,차대차 - 측면충돌,신호위반,건조,맑음,교차로 - 교차로안,승용,남,30세,중상,화물,남,57세,상해없음
2016110300100092,2016년 11월 3일 06시,목요일,경상북도 김천시 농소면,경상사고,0,0,1,0,차대차 - 정면충돌,교차로운행방법위반,건조,맑음,교차로 - 교차로안,승용,여,42세,경상,승용,남,38세,상해없음
2016110300100093,2016년 11월 3일 06시,목요일,경상북도 경산시 사동,중상사고,0,1,0,0,차대차 - 정면충돌,신호위반,건조,맑음,교차로 - 교차로안,화물,남,55세,상해없음,승용,남,56세,중상
2016110300100113,2016년 11월 3일 07시,목요일,경상북도 칠곡군 왜관읍,중상사고,0,1,0,0,차대차 - 측면충돌,교차로운행방법위반,건조,맑음,교차로 - 교차로안,원동기,남,30세,중상,화물,남,28세,상해없음
2016110300100114,2016년 11월 3일 07시,목요일,경상북도 군위군 효령면,중상사고,0,1,0,0,차대차 - 기타,중앙선침범,건조,맑음,단일로 - 기타,승용,남,46세,상해없음,화물,남,60세,중상
2016110300100147,2016년 11월 3일 08시,목요일,경상북도 포항시 북구 죽장면,경상사고,0,0,1,0,차대차 - 정면충돌,안전운전불이행,건조,맑음,단일로 - 기타,화물,남,69세,기타불명,자전거,남,15세,경상
2016110300100148,2016년 11월 3일 08시,목요일,경상북도 상주시 낙동면,경상사고,0,0,2,0,차대차 - 측면직각충돌,안전운전불이행,건조,맑음,단일로 - 기타,화물,남,54세,상해없음,화물,남,67세,경상
2016110300100149,2016년 11월 3일 08시,목요일,경상북도 예천군 호명면,중상사고,0,1,0,0,차대사람 - 길가장자리구역통행중,안전운전불이행,건조,맑음,단일로 - 터널,승용,남,52세,상해없음,보행자,남,40세,중상
2016110300100150,2016년 11월 3일 08시,목요일,경상북도 봉화군 석포면,경상사고,0,0,2,2,차대차 - 정면충돌,교차로운행방법위반,건조,맑음,교차로 - 교차로안,승용,여,57세,상해없음,승용,남,36세,경상
2016110300100179,2016년 11월 3일 09시,목요일,경상북도 포항시 남구 연일읍,사망사고,2,0,0,0,차대차 - 기타,안전운전불이행,건조,맑음,단일로 - 기타,화물,남,29세,상해없음,화물,남,52세,상해없음
2016110300100205,2016년 11월 3일 10시,목요일,경상북도 의성군 안계면,중상사고,0,1,1,0,차대사람 - 차도통행중,안전운전불이행,건조,맑음,단일로 - 기타,이륜,남,66세,경상,보행자,여,73세,중상
2016110300100206,2016년 11월 3일 10시,목요일,경상북도 포항시 남구 지곡동,경상사고,0,0,1,0,차대차 - 기타,직진우회전진행방해,건조,맑음,교차로 - 교차로안,승용,남,49세,상해없음,승용,여,44세,경상
2016110300100236,2016년 11월 3일 11시,목요일,경상북도 경주시 안강읍,경상사고,0,0,1,0,차대차 - 측면충돌,안전운전불이행,건조,맑음,교차로 - 교차로안,이륜,남,80세,경상,화물,남,59세,상해없음
2016110300100237,2016년 11월 3일 11시,목요일,경상북도 경주시 율동,경상사고,0,0,1,0,차대차 - 측면충돌,안전운전불이행,건조,맑음,단일로 - 기타,화물,남,53세,상해없음,승용,남,47세,경상
2016110300100317,2016년 11월 3일 14시,목요일,경상북도 경주시 동천동,경상사고,0,0,1,0,차대차 - 추돌,안전운전불이행,건조,맑음,단일로 - 기타,승용,여,30세,상해없음,승용,여,43세,경상
2016110300100318,2016년 11월 3일 14시,목요일,경상북도 영주시 영주동,경상사고,0,0,2,0,차대차 - 측면충돌,안전운전불이행,건조,맑음,교차로 - 교차로안,승용,남,58세,상해없음,승용,남,57세,상해없음
2016110300100319,2016년 11월 3일 14시,목요일,경상북도 영천시 완산동,중상사고,0,1,1,0,차대차 - 측면충돌,교차로운행방법위반,건조,맑음,단일로 - 기타,승용,남,65세,중상,화물,남,50세,경상
2016110300100350,2016년 11월 3일 15시,목요일,경상북도 경주시 황성동,중상사고,0,1,0,0,차대사람 - 횡단중,보행자보호의무위반,건조,맑음,단일로 - 횡단보도상,승용,남,35세,상해없음,보행자,남,10세,중상
2016110300100351,2016년 11월 3일 15시,목요일,경상북도 김천시 평화동,경상사고,0,0,1,0,차대차 - 정면충돌,안전운전불이행,건조,맑음,단일로 - 기타,승합,남,30세,상해없음,승합,남,72세,상해없음
2016110300100392,2016년 11월 3일 16시,목요일,경상북도 김천시 구성면,경상사고,0,0,1,0,차대차 - 정면충돌,안전운전불이행,건조,맑음,교차로 - 교차로부근,승용,남,34세,상해없음,농기계,남,78세,경상
2016110300100393,2016년 11월 3일 16시,목요일,경상북도 영천시 창구동,경상사고,0,0,2,0,차대차 - 측면직각충돌,안전운전불이행,건조,맑음,교차로 - 교차로안,화물,남,64세,경상,승합,남,44세,경상
2016110300100394,2016년 11월 3일 16시,목요일,경상북도 영천시 화북면,중상사고,0,1,0,0,차대차 - 정면충돌,안전운전불이행,건조,맑음,단일로 - 기타,승용,여,53세,상해없음,원동기,남,73세,중상
2016110300100395,2016년 11월 3일 16시,목요일,경상북도 경산시 중방동,경상사고,0,0,1,0,차대사람 - 횡단중,보행자보호의무위반,건조,맑음,교차로 - 교차로부근,승용,남,25세,상해없음,보행자,여,9세,경상
2016110300100396,2016년 11월 3일 16시,목요일,경상북도 구미시 상모동,중상사고,0,1,0,0,차대차 - 측면충돌,안전운전불이행,건조,맑음,교차로 - 교차로안,승용,여,51세,기타불명,승용,여,41세,중상
2016110300100434,2016년 11월 3일 17시,목요일,경상북도 경주시 현곡면,경상사고,0,0,2,0,차대차 - 추돌,안전운전불이행,건조,맑음,단일로 - 기타,승용,남,24세,상해없음,승용,남,35세,경상
2016110300100435,2016년 11월 3일 17시,목요일,경상북도 김천시 율곡동,경상사고,0,0,1,0,차대차 - 측면충돌,교차로운행방법위반,건조,맑음,교차로 - 교차로안,승용,남,64세,상해없음,승용,남,32세,경상
2016110300100437,2016년 11월 3일 17시,목요일,경상북도 구미시 원평동,경상사고,0,0,1,0,차대차 - 기타,안전운전불이행,건조,맑음,교차로 - 교차로안,승용,여,55세,상해없음,화물,남,40세,경상
2016110300100438,2016년 11월 3일 17시,목요일,경상북도 구미시 인의동,부상신고사고,0,0,0,1,차량단독 - 기타,안전운전불이행,건조,맑음,단일로 - 기타,이륜,남,33세,부상신고,,,,
2016110300100494,2016년 11월 3일 18시,목요일,경상북도 안동시 송현동,경상사고,0,0,2,0,차대차 - 측면직각충돌,중앙선침범,건조,맑음,단일로 - 기타,승용,남,56세,상해없음,승용,남,40세,경상
2016110300100495,2016년 11월 3일 18시,목요일,경상북도 포항시 남구 연일읍,경상사고,0,0,2,0,차대차 - 기타,직진우회전진행방해,건조,맑음,교차로 - 교차로안,승용,여,46세,경상,승용,남,54세,경상
2016110300100535,2016년 11월 3일 19시,목요일,경상북도 안동시 수상동,경상사고,0,0,2,0,차대차 - 측면직각충돌,안전운전불이행,건조,맑음,단일로 - 기타,승용,남,28세,상해없음,승용,여,20세,경상
2016110300100536,2016년 11월 3일 19시,목요일,경상북도 안동시 와룡면,사망사고,1,0,0,0,차대사람 - 길가장자리구역통행중,안전운전불이행,건조,맑음,단일로 - 기타,화물,남,50세,상해없음,보행자,남,68세,사망
2016110300100537,2016년 11월 3일 19시,목요일,경상북도 경산시 계양동,중상사고,0,1,0,0,차대사람 - 횡단중,안전운전불이행,건조,맑음,교차로 - 교차로부근,승용,남,24세,상해없음,보행자,여,83세,중상
2016110300100538,2016년 11월 3일 19시,목요일,경상북도 구미시 사곡동,중상사고,0,1,0,0,차대사람 - 횡단중,안전운전불이행,건조,맑음,교차로 - 교차로안,승합,남,40세,상해없음,보행자,여,57세,중상
2016110300100539,2016년 11월 3일 19시,목요일,경상북도 구미시 오태동,경상사고,0,0,1,0,차대차 - 추돌,안전운전불이행,건조,맑음,단일로 - 기타,승용,남,48세,상해없음,화물,남,51세,상해없음
2016110300100568,2016년 11월 3일 20시,목요일,경상북도 칠곡군 석적읍,중상사고,0,1,0,0,차대사람 - 횡단중,보행자보호의무위반,건조,맑음,단일로 - 기타,승용,남,31세,상해없음,보행자,남,36세,중상
2016110300100596,2016년 11월 3일 21시,목요일,경상북도 김천시 성내동,사망사고,1,0,0,0,차대사람 - 기타,안전운전불이행,건조,흐림,단일로 - 횡단보도부근,승용,여,43세,상해없음,보행자,남,54세,사망
2016110300100597,2016년 11월 3일 21시,목요일,경상북도 경산시 사동,경상사고,0,0,2,0,차대차 - 정면충돌,교차로운행방법위반,건조,맑음,교차로 - 교차로안,화물,남,43세,상해없음,승용,남,54세,경상
2016110300100645,2016년 11월 3일 23시,목요일,경상북도 경주시 동천동,중상사고,0,1,0,0,차대사람 - 횡단중,보행자보호의무위반,건조,맑음,단일로 - 횡단보도상,승용,남,37세,상해없음,보행자,남,56세,중상
2016110300100646,2016년 11월 3일 23시,목요일,경상북도 안동시 옥동,중상사고,0,1,0,0,차대차 - 측면충돌,교차로운행방법위반,건조,맑음,교차로 - 교차로안,승용,남,34세,상해없음,승용,남,59세,중상
2016110300100647,2016년 11월 3일 23시,목요일,경상북도 구미시 상모동,부상신고사고,0,0,0,1,차대차 - 측면충돌,안전운전불이행,건조,맑음,단일로 - 기타,이륜,남,35세,부상신고,승용,남,61세,상해없음
2016110300100648,2016년 11월 3일 23시,목요일,경상북도 구미시 인의동,중상사고,0,1,0,0,차대차 - 측면충돌,안전운전불이행,건조,맑음,교차로 - 교차로안,승합,남,50세,상해없음,이륜,남,29세,중상
2016110400100009,2016년 11월 4일 00시,금요일,경상북도 칠곡군 북삼읍,중상사고,0,1,0,1,차대차 - 정면충돌,중앙선침범,건조,맑음,단일로 - 기타,자전거,남,37세,중상,이륜,남,18세,부상신고
2016110400100020,2016년 11월 4일 01시,금요일,경상북도 청도군 청도읍,중상사고,0,1,1,0,차대차 - 정면충돌,중앙선침범,건조,맑음,단일로 - 기타,승용,남,34세,경상,화물,남,27세,중상
2016110400100075,2016년 11월 4일 06시,금요일,경상북도 포항시 북구 죽도동,경상사고,0,0,1,0,차대사람 - 횡단중,보행자보호의무위반,건조,맑음,단일로 - 횡단보도상,승용,남,73세,상해없음,보행자,여,41세,경상
2016110400100090,2016년 11월 4일 07시,금요일,경상북도 청도군 청도읍,경상사고,0,0,2,0,차대차 - 측면충돌,안전운전불이행,습기,안개,교차로 - 교차로부근,승용,여,29세,상해없음,승용,남,56세,경상
2016110400100129,2016년 11월 4일 08시,금요일,경상북도 상주시 낙양동,중상사고,0,1,0,0,차대차 - 측면충돌,신호위반,건조,맑음,교차로 - 교차로안,승용,남,55세,상해없음,승용,여,31세,중상
2016110400100130,2016년 11월 4일 08시,금요일,경상북도 칠곡군 석적읍,경상사고,0,0,2,0,차대차 - 정면충돌,안전운전불이행,건조,맑음,교차로 - 교차로부근,승용,남,31세,상해없음,승용,남,24세,경상
2016110400100131,2016년 11월 4일 08시,금요일,경상북도 문경시 공평동,중상사고,0,1,0,0,차대차 - 추돌,안전운전불이행,건조,맑음,단일로 - 기타,화물,남,60세,상해없음,농기계,남,76세,중상
2016110400100132,2016년 11월 4일 08시,금요일,경상북도 영덕군 지품면,중상사고,0,1,0,0,차대차 - 측면충돌,교차로운행방법위반,건조,맑음,교차로 - 교차로안,승용,여,55세,상해없음,이륜,여,62세,중상
2016110400100133,2016년 11월 4일 08시,금요일,경상북도 영양군 영양읍,경상사고,0,0,1,0,차대차 - 측면직각충돌,교차로운행방법위반,건조,맑음,교차로 - 교차로안,승용,여,56세,상해없음,승용,남,34세,경상
2016110400100168,2016년 11월 4일 09시,금요일,경상북도 문경시 점촌동,경상사고,0,0,4,0,차대차 - 기타,안전운전불이행,건조,맑음,교차로 - 교차로안,승합,남,34세,경상,승용,여,58세,경상
2016110400100169,2016년 11월 4일 09시,금요일,경상북도 문경시 모전동,중상사고,0,1,2,0,차대차 - 기타,직진우회전진행방해,건조,맑음,교차로 - 교차로안,승용,남,72세,경상,화물,남,52세,중상
2016110400100170,2016년 11월 4일 09시,금요일,경상북도 성주군 성주읍,경상사고,0,0,1,0,차대차 - 정면충돌,교차로운행방법위반,건조,맑음,교차로 - 교차로안,건설기계,남,64세,상해없음,승용,남,50세,경상
2016110400100199,2016년 11월 4일 10시,금요일,경상북도 칠곡군 왜관읍,경상사고,0,0,1,0,차대차 - 측면충돌,직진우회전진행방해,건조,맑음,교차로 - 교차로안,승용,여,39세,상해없음,원동기,남,65세,경상
2016110400100200,2016년 11월 4일 10시,금요일,경상북도 예천군 호명면,경상사고,0,0,1,0,차대차 - 측면직각충돌,안전운전불이행,건조,맑음,교차로 - 교차로부근,화물,남,50세,상해없음,원동기,여,72세,경상
2016110400100226,2016년 11월 4일 11시,금요일,경상북도 경산시 와촌면,중상사고,0,1,0,0,차대사람 - 기타,안전운전불이행,건조,맑음,단일로 - 횡단보도상,건설기계,남,52세,상해없음,보행자,여,84세,중상
2016110400100227,2016년 11월 4일 11시,금요일,경상북도 경산시 진량읍,경상사고,0,0,1,0,차대차 - 정면충돌,안전거리미확보,건조,맑음,교차로 - 교차로부근,승용,남,29세,상해없음,승용,여,22세,경상
2016110400100245,2016년 11월 4일 12시,금요일,경상북도 영덕군 영덕읍,중상사고,0,1,0,0,차대차 - 측면충돌,교차로운행방법위반,건조,맑음,교차로 - 교차로안,화물,남,31세,상해없음,자전거,여,75세,중상
2016110400100277,2016년 11월 4일 13시,금요일,경상북도 문경시 모전동,경상사고,0,0,1,0,차대차 - 측면충돌,직진우회전진행방해,건조,맑음,교차로 - 교차로안,승용,남,68세,상해없음,원동기,남,62세,경상
2016110400100278,2016년 11월 4일 13시,금요일,경상북도 포항시 남구 오천읍,경상사고,0,0,1,0,차대차 - 기타,안전운전불이행,건조,맑음,단일로 - 기타,이륜,남,34세,경상,승용,여,37세,상해없음
2016110400100307,2016년 11월 4일 14시,금요일,경상북도 문경시 마성면,중상사고,0,1,0,0,차량단독 - 전도전복,안전운전불이행,건조,맑음,단일로 - 기타,승용,여,34세,중상,,,,
2016110400100308,2016년 11월 4일 14시,금요일,경상북도 예천군 예천읍,경상사고,0,0,1,0,차량단독 - 전도전복,안전운전불이행,건조,맑음,단일로 - 기타,이륜,남,84세,경상,,,,
2016110400100309,2016년 11월 4일 14시,금요일,경상북도 울진군 북면,중상사고,0,1,0,0,차대차 - 정면충돌,안전운전불이행,건조,맑음,단일로 - 기타,승용,남,33세,상해없음,이륜,남,42세,중상
2016110400100310,2016년 11월 4일 14시,금요일,경상북도 포항시 남구 상도동,경상사고,0,0,1,0,차대차 - 측면충돌,직진우회전진행방해,건조,맑음,교차로 - 교차로안,자전거,여,38세,경상,승용,여,29세,상해없음
2016110400100353,2016년 11월 4일 15시,금요일,경상북도 안동시 길안면,중상사고,0,1,0,0,차대차 - 추돌,안전운전불이행,건조,맑음,단일로 - 기타,화물,남,55세,상해없음,승용,여,56세,중상
2016110400100354,2016년 11월 4일 15시,금요일,경상북도 상주시 서문동,경상사고,0,0,1,0,차대차 - 측면직각충돌,교차로운행방법위반,건조,맑음,교차로 - 교차로안,승용,여,59세,상해없음,자전거,여,71세,경상
2016110400100355,2016년 11월 4일 15시,금요일,경상북도 상주시 남성동,중상사고,0,1,0,0,차대사람 - 횡단중,보행자보호의무위반,건조,맑음,교차로 - 교차로부근,화물,남,48세,상해없음,보행자,여,44세,중상
2016110400100356,2016년 11월 4일 15시,금요일,경상북도 영주시 휴천동,중상사고,0,1,0,0,차대차 - 측면충돌,안전운전불이행,건조,맑음,단일로 - 기타,승용,남,38세,상해없음,원동기,남,29세,중상
2016110400100357,2016년 11월 4일 15시,금요일,경상북도 영덕군 병곡면,경상사고,0,0,2,0,차대차 - 추돌,안전운전불이행,건조,맑음,단일로 - 기타,화물,남,58세,상해없음,승용,여,36세,경상
2016110400100395,2016년 11월 4일 16시,금요일,경상북도 경주시 황성동,중상사고,0,1,0,0,차대차 - 추돌,안전운전불이행,건조,맑음,단일로 - 기타,승용,남,61세,상해없음,승용,남,65세,중상