사고번호,사고일시,요일,시군구,사고내용,사망자수,중상자수,경상자수,부상신고자수,사고유형,법규위반,노면상태,기상상태,도로형태,가해운전자 차종,가해운전자 성별,가해운전자 연령,가해운전자 상해정도,피해운전자 차종,피해운전자 성별,피해운전자 연령,피해운전자 상해정도
2016110400100396,2016년 11월 4일 16시,금요일,경상북도 상주시 남성동,중상사고,0,1,0,0,차대사람 - 횡단중,보행자보호의무위반,건조,맑음,단일로 - 횡단보도상,승합,여,56세,상해없음,보행자,여,77세,중상
2016110400100397,2016년 11월 4일 16시,금요일,경상북도 상주시 계산동,경상사고,0,0,1,0,차대차 - 측면직각충돌,교차로운행방법위반,건조,맑음,교차로 - 교차로안,화물,남,57세,상해없음,승용,남,50세,경상
2016110400100398,2016년 11월 4일 16시,금요일,경상북도 경산시 옥산동,중상사고,0,1,0,0,차대차 - 정면충돌,교차로운행방법위반,건조,맑음,단일로 - 기타,승용,여,51세,상해없음,승용,여,49세,중상
2016110400100399,2016년 11월 4일 16시,금요일,경상북도 예천군 감천면,사망사고,1,0,0,0,차대차 - 측면충돌,안전운전불이행,건조,맑음,교차로 - 교차로안,화물,남,65세,상해없음,이륜,남,45세,사망
2016110400100435,2016년 11월 4일 17시,금요일,경상북도 안동시 태화동,경상사고,0,0,1,0,차대차 - 추돌,안전운전불이행,건조,맑음,단일로 - 교량,이륜,남,65세,경상,승용,여,57세,상해없음
2016110400100436,2016년 11월 4일 17시,금요일,경상북도 안동시 풍산읍,경상사고,0,0,3,0,차대차 - 추돌,안전거리미확보,건조,맑음,단일로 - 기타,승용,남,53세,경상,화물,남,45세,경상
2016110400100437,2016년 11월 4일 17시,금요일,경상북도 영주시 문수면,중상사고,0,1,0,0,차대차 - 측면충돌,교차로운행방법위반,건조,맑음,교차로 - 교차로안,승용,남,55세,상해없음,원동기,남,74세,중상
2016110400100438,2016년 11월 4일 17시,금요일,경상북도 군위군 군위읍,경상사고,0,0,1,0,차대차 - 기타,직진우회전진행방해,건조,맑음,교차로 - 교차로안,화물,남,47세,상해없음,승용,남,31세,경상
2016110400100439,2016년 11월 4일 17시,금요일,경상북도 포항시 남구 오천읍,중상사고,0,1,0,0,차대사람 - 기타,안전운전불이행,건조,맑음,교차로 - 교차로안,승용,남,62세,상해없음,보행자,여,50세,중상
2016110400100440,2016년 11월 4일 17시,금요일,경상북도 포항시 남구 호미곶면,경상사고,0,0,3,0,차대차 - 측면직각충돌,안전운전불이행,건조,맑음,교차로 - 교차로안,기타불명,남,49세,경상,승용,여,42세,경상
2016110400100441,2016년 11월 4일 17시,금요일,경상북도 포항시 북구 기계면,중상사고,0,2,0,0,차대차 - 추돌,안전운전불이행,건조,맑음,단일로 - 기타,화물,남,38세,중상,건설기계,남,55세,상해없음
2016110400100494,2016년 11월 4일 18시,금요일,경상북도 경산시 남천면,중상사고,0,3,0,0,차대차 - 추돌,안전운전불이행,건조,맑음,단일로 - 기타,화물,남,42세,중상,건설기계,남,53세,상해없음
2016110400100495,2016년 11월 4일 18시,금요일,경상북도 예천군 은풍면,중상사고,0,3,2,0,차대차 - 정면충돌,중앙선침범,건조,맑음,단일로 - 기타,승용,남,30세,상해없음,승합,여,40세,중상
2016110400100496,2016년 11월 4일 18시,금요일,경상북도 포항시 남구 상도동,경상사고,0,0,1,0,차대차 - 기타,신호위반,건조,맑음,교차로 - 교차로안,승용,남,28세,상해없음,이륜,남,26세,경상
2016110400100539,2016년 11월 4일 19시,금요일,경상북도 포항시 북구 청하면,경상사고,0,0,1,0,차대차 - 추돌,안전거리미확보,건조,맑음,단일로 - 기타,승용,남,33세,상해없음,승용,남,39세,경상
2016110400100540,2016년 11월 4일 19시,금요일,경상북도 구미시 부곡동,중상사고,0,1,1,0,차대차 - 정면충돌,안전운전불이행,건조,맑음,교차로 - 교차로안,화물,남,35세,중상,승용,남,62세,경상
2016110400100541,2016년 11월 4일 19시,금요일,경상북도 포항시 남구 오천읍,경상사고,0,0,4,0,차대차 - 측면충돌,안전거리미확보,건조,맑음,단일로 - 기타,승용,남,37세,경상,승용,여,60세,경상
2016110400100605,2016년 11월 4일 21시,금요일,경상북도 구미시 고아읍,경상사고,0,0,1,0,차대차 - 기타,차로위반,건조,맑음,교차로 - 교차로안,승용,남,52세,상해없음,원동기,남,20세,경상
2016110400100634,2016년 11월 4일 22시,금요일,경상북도 포항시 북구 죽도동,경상사고,0,0,1,0,차대사람 - 횡단중,안전운전불이행,건조,맑음,단일로 - 기타,승용,여,65세,상해없음,보행자,남,48세,경상
2016110400100650,2016년 11월 4일 23시,금요일,경상북도 경주시 황성동,중상사고,0,1,0,0,차대차 - 측면충돌,안전운전불이행,건조,맑음,교차로 - 교차로안,승용,남,18세,상해없음,이륜,남,20세,중상
2016110500100010,2016년 11월 5일 00시,토요일,경상북도 안동시 옥동,경상사고,0,0,1,0,차대사람 - 횡단중,보행자보호의무위반,건조,맑음,단일로 - 횡단보도상,승용,남,38세,상해없음,보행자,남,44세,경상
2016110500100011,2016년 11월 5일 00시,토요일,경상북도 문경시 흥덕동,경상사고,0,0,3,0,차대차 - 기타,안전운전불이행,건조,맑음,교차로 - 교차로안,승용,남,20세,경상,승합,남,36세,경상
2016110500100110,2016년 11월 5일 06시,토요일,경상북도 경산시 압량면,경상사고,0,0,1,0,차대차 - 기타,차로위반,건조,맑음,단일로 - 기타,화물,남,62세,상해없음,승용,여,65세,경상
2016110500100130,2016년 11월 5일 07시,토요일,경상북도 경주시 황성동,중상사고,0,1,1,0,차대차 - 측면충돌,안전운전불이행,건조,맑음,단일로 - 기타,이륜,남,72세,경상,승용,남,60세,상해없음
2016110500100156,2016년 11월 5일 08시,토요일,경상북도 포항시 북구 죽도동,경상사고,0,0,1,0,차대차 - 정면충돌,신호위반,건조,맑음,교차로 - 교차로안,원동기,남,46세,상해없음,승용,남,37세,경상
2016110500100157,2016년 11월 5일 08시,토요일,경상북도 안동시 임동면,경상사고,0,0,1,0,차대차 - 기타,중앙선침범,건조,맑음,단일로 - 기타,승용,남,32세,기타불명,화물,남,42세,경상
2016110500100158,2016년 11월 5일 08시,토요일,경상북도 상주시 지천동,경상사고,0,0,1,0,차대차 - 측면직각충돌,안전운전불이행,건조,맑음,교차로 - 교차로안,화물,남,61세,상해없음,승용,남,50세,경상
2016110500100184,2016년 11월 5일 09시,토요일,경상북도 경주시 외동읍,경상사고,0,0,1,0,차대차 - 측면충돌,안전운전불이행,습기,맑음,교차로 - 교차로안,화물,남,52세,상해없음,원동기,여,69세,경상
2016110500100185,2016년 11월 5일 09시,토요일,경상북도 경주시 안강읍,경상사고,0,0,2,1,차대차 - 정면충돌,안전운전불이행,건조,맑음,단일로 - 기타,승용,남,28세,경상,승용,남,24세,부상신고
2016110500100186,2016년 11월 5일 09시,토요일,경상북도 안동시 서후면,경상사고,0,0,1,0,차대차 - 정면충돌,안전운전불이행,건조,맑음,단일로 - 기타,승용,남,67세,상해없음,승용,남,52세,상해없음
2016110500100237,2016년 11월 5일 11시,토요일,경상북도 경산시 옥산동,경상사고,0,0,2,0,차대차 - 정면충돌,교차로운행방법위반,건조,맑음,교차로 - 교차로안,승용,여,31세,상해없음,승용,남,63세,경상
2016110500100238,2016년 11월 5일 11시,토요일,경상북도 경산시 중방동,중상사고,0,1,0,0,차대차 - 정면충돌,교차로운행방법위반,건조,맑음,단일로 - 기타,승용,남,68세,상해없음,승합,남,44세,상해없음
2016110500100239,2016년 11월 5일 11시,토요일,경상북도 구미시 송정동,중상사고,0,1,0,0,차대차 - 측면충돌,안전운전불이행,건조,맑음,교차로 - 교차로안,승용,남,64세,상해없음,승용,여,35세,중상
2016110500100273,2016년 11월 5일 12시,토요일,경상북도 포항시 북구 상원동,경상사고,0,0,1,0,차대사람 - 보도통행중,기타,건조,맑음,기타 - 기타,원동기,남,60세,상해없음,보행자,여,65세,경상
2016110500100274,2016년 11월 5일 12시,토요일,경상북도 의성군 안계면,중상사고,0,1,0,0,차대사람 - 횡단중,안전운전불이행,건조,맑음,교차로 - 교차로안,승용,여,53세,상해없음,보행자,여,83세,중상
2016110500100275,2016년 11월 5일 12시,토요일,경상북도 경산시 중방동,중상사고,0,1,0,0,차대차 - 측면직각충돌,안전운전불이행,건조,맑음,교차로 - 교차로부근,승합,남,54세,상해없음,승용,남,65세,상해없음
2016110500100276,2016년 11월 5일 12시,토요일,경상북도 구미시 도량동,경상사고,0,0,2,0,차대차 - 추돌,안전거리미확보,건조,맑음,교차로 - 교차로부근,승용,여,35세,상해없음,승용,여,50세,경상
2016110500100309,2016년 11월 5일 13시,토요일,경상북도 안동시 용상동,경상사고,0,0,1,0,차대차 - 정면충돌,신호위반,건조,맑음,교차로 - 교차로안,승용,여,47세,상해없음,승용,남,51세,경상
2016110500100310,2016년 11월 5일 13시,토요일,경상북도 군위군 우보면,경상사고,0,0,1,0,차대차 - 기타,안전운전불이행,건조,맑음,교차로 - 교차로안,원동기,남,78세,경상,화물,남,57세,상해없음
2016110500100311,2016년 11월 5일 13시,토요일,경상북도 구미시 고아읍,경상사고,0,0,1,0,차대차 - 기타,교차로운행방법위반,건조,맑음,교차로 - 교차로안,승용,여,37세,상해없음,자전거,남,7세,경상
2016110500100352,2016년 11월 5일 14시,토요일,경상북도 경주시 성동동,중상사고,0,1,0,0,차대차 - 측면충돌,기타,건조,맑음,단일로 - 기타,승용,남,58세,상해없음,이륜,여,81세,중상
2016110500100383,2016년 11월 5일 15시,토요일,경상북도 경주시 황성동,경상사고,0,0,1,0,차대사람 - 횡단중,안전운전불이행,건조,맑음,단일로 - 기타,승용,남,50세,상해없음,보행자,여,15세,경상
2016110500100384,2016년 11월 5일 15시,토요일,경상북도 경주시 성동동,부상신고사고,0,0,0,1,차대차 - 추돌,안전운전불이행,건조,맑음,단일로 - 기타,승용,남,46세,상해없음,승용,남,57세,부상신고
2016110500100385,2016년 11월 5일 15시,토요일,경상북도 포항시 북구 흥해읍,경상사고,0,0,1,0,차대차 - 측면충돌,안전운전불이행,건조,맑음,단일로 - 기타,이륜,남,44세,경상,화물,남,70세,상해없음
2016110500100386,2016년 11월 5일 15시,토요일,경상북도 영주시 영주동,중상사고,0,1,0,0,차대사람 - 횡단중,보행자보호의무위반,건조,맑음,단일로 - 횡단보도상,승용,남,67세,상해없음,보행자,남,26세,중상
2016110500100412,2016년 11월 5일 16시,토요일,경상북도 경주시 사정동,경상사고,0,0,1,0,차대차 - 측면충돌,중앙선침범,건조,맑음,단일로 - 횡단보도상,이륜,남,84세,경상,승용,남,54세,상해없음
2016110500100413,2016년 11월 5일 16시,토요일,경상북도 포항시 북구 덕산동,경상사고,0,0,1,0,차대차 - 측면충돌,교차로운행방법위반,건조,맑음,교차로 - 교차로안,원동기,여,51세,경상,승용,남,51세,상해없음
2016110500100414,2016년 11월 5일 16시,토요일,경상북도 영천시 화남면,중상사고,0,2,1,0,차대차 - 정면충돌,중앙선침범,건조,맑음,단일로 - 기타,승용,남,49세,경상,화물,남,39세,중상
2016110500100415,2016년 11월 5일 16시,토요일,경상북도 구미시 남통동,중상사고,0,1,0,0,차대차 - 기타,중앙선침범,건조,맑음,단일로 - 기타,승용,여,33세,상해없음,이륜,남,20세,중상
2016110500100439,2016년 11월 5일 17시,토요일,경상북도 안동시 송천동,경상사고,0,0,1,0,차대차 - 정면충돌,안전운전불이행,건조,맑음,단일로 - 기타,자전거,남,25세,경상,승용,남,46세,상해없음
2016110500100440,2016년 11월 5일 17시,토요일,경상북도 안동시 옥야동,경상사고,0,0,1,0,차대차 - 기타,안전운전불이행,건조,맑음,교차로 - 교차로부근,승용,여,51세,상해없음,이륜,남,74세,상해없음
2016110500100476,2016년 11월 5일 18시,토요일,경상북도 경주시 내남면,중상사고,0,1,0,0,차대차 - 추돌,안전운전불이행,건조,맑음,단일로 - 기타,화물,남,65세,상해없음,농기계,남,52세,중상
2016110500100477,2016년 11월 5일 18시,토요일,경상북도 경주시 노서동,중상사고,0,1,0,0,차대사람 - 차도통행중,안전운전불이행,건조,맑음,교차로 - 교차로부근,승용,남,48세,상해없음,보행자,여,58세,중상
2016110500100478,2016년 11월 5일 18시,토요일,경상북도 포항시 북구 장성동,경상사고,0,0,1,0,차대차 - 측면충돌,안전운전불이행,건조,맑음,교차로 - 교차로안,승용,남,29세,상해없음,승용,여,64세,경상
2016110500100479,2016년 11월 5일 18시,토요일,경상북도 안동시 옥야동,중상사고,0,1,0,0,차대사람 - 횡단중,안전운전불이행,건조,맑음,단일로 - 기타,이륜,남,59세,상해없음,보행자,여,64세,중상
2016110500100480,2016년 11월 5일 18시,토요일,경상북도 영천시 화남면,중상사고,0,1,0,0,차대사람 - 횡단중,안전운전불이행,건조,맑음,단일로 - 기타,화물,남,50세,상해없음,보행자,여,75세,중상
2016110500100481,2016년 11월 5일 18시,토요일,경상북도 예천군 풍양면,경상사고,0,0,3,0,차대차 - 정면충돌,안전운전불이행,건조,맑음,단일로 - 기타,화물,남,66세,경상,농기계,남,66세,기타불명
2016110500100482,2016년 11월 5일 18시,토요일,경상북도 구미시 구평동,경상사고,0,0,2,0,차대차 - 측면충돌,중앙선침범,건조,맑음,기타 - 기타,승용,남,26세,경상,승용,남,24세,경상
2016110500100483,2016년 11월 5일 18시,토요일,경상북도 포항시 남구 대잠동,경상사고,0,0,1,0,차대사람 - 횡단중,안전운전불이행,건조,맑음,단일로 - 기타,승용,남,25세,상해없음,보행자,남,16세,경상
2016110500100484,2016년 11월 5일 18시,토요일,경상북도 포항시 남구 대잠동,경상사고,0,0,1,0,차대차 - 측면직각충돌,직진우회전진행방해,건조,맑음,교차로 - 교차로안,승용,남,73세,상해없음,승용,남,23세,경상
2016110500100521,2016년 11월 5일 19시,토요일,경상북도 경산시 중방동,경상사고,0,0,1,0,차대사람 - 횡단중,안전운전불이행,건조,맑음,단일로 - 기타,승용,남,57세,상해없음,보행자,여,22세,경상
2016110500100553,2016년 11월 5일 20시,토요일,경상북도 구미시 임은동,중상사고,0,1,0,0,차대차 - 측면충돌,신호위반,건조,맑음,단일로 - 기타,승합,남,56세,상해없음,자전거,남,11세,중상
2016110500100587,2016년 11월 5일 21시,토요일,경상북도 경주시 동천동,중상사고,0,2,0,0,차대차 - 정면충돌,안전운전불이행,건조,맑음,교차로 - 교차로안,승용,여,38세,상해없음,이륜,남,36세,중상
2016110500100588,2016년 11월 5일 21시,토요일,경상북도 포항시 북구 장성동,사망사고,1,0,1,0,차대차 - 정면충돌,안전운전불이행,건조,맑음,교차로 - 교차로안,승용,여,50세,사망,승용,남,60세,경상
2016110500100589,2016년 11월 5일 21시,토요일,경상북도 포항시 북구 죽도동,경상사고,0,0,3,0,차대차 - 정면충돌,안전운전불이행,건조,맑음,교차로 - 교차로부근,승용,남,67세,상해없음,승용,남,68세,경상
2016110500100590,2016년 11월 5일 21시,토요일,경상북도 김천시 어모면,중상사고,0,1,1,0,차대차 - 측면충돌,안전운전불이행,건조,맑음,단일로 - 기타,승용,남,35세,상해없음,승용,남,47세,중상
2016110500100591,2016년 11월 5일 21시,토요일,경상북도 김천시 신음동,중상사고,0,1,1,0,차대사람 - 기타,안전운전불이행,건조,맑음,단일로 - 기타,화물,남,43세,경상,보행자,여,55세,중상
2016110500100619,2016년 11월 5일 22시,토요일,경상북도 포항시 북구 항구동,경상사고,0,0,4,0,차대차 - 정면충돌,안전거리미확보,건조,맑음,단일로 - 기타,승용,여,51세,상해없음,승용,남,31세,경상
2016110500100651,2016년 11월 5일 23시,토요일,경상북도 김천시 아포읍,경상사고,0,0,1,0,차대사람 - 횡단중,안전운전불이행,건조,맑음,교차로 - 교차로안,승용,남,50세,상해없음,보행자,남,39세,경상
2016110500100652,2016년 11월 5일 23시,토요일,경상북도 구미시 원평동,중상사고,0,1,0,0,차대사람 - 횡단중,안전운전불이행,건조,맑음,단일로 - 기타,승용,남,44세,상해없음,보행자,남,69세,중상
2016110600100030,2016년 11월 6일 01시,일요일,경상북도 안동시 옥야동,경상사고,0,0,1,0,차대차 - 측면충돌,신호위반,건조,맑음,교차로 - 교차로안,이륜,남,32세,경상,화물,남,53세,상해없음
2016110600100031,2016년 11월 6일 01시,일요일,경상북도 상주시 낙동면,경상사고,0,0,7,0,차대차 - 측면직각충돌,안전운전불이행,건조,맑음,단일로 - 기타,화물,남,38세,상해없음,승합,남,21세,경상
2016110600100073,2016년 11월 6일 05시,일요일,경상북도 포항시 남구 대잠동,경상사고,0,0,1,0,차대차 - 측면충돌,직진우회전진행방해,습기,비,교차로 - 교차로안,승합,남,27세,상해없음,승용,남,59세,경상
2016110600100095,2016년 11월 6일 06시,일요일,경상북도 영주시 봉현면,경상사고,0,0,1,0,차대차 - 측면충돌,신호위반,건조,맑음,교차로 - 교차로안,화물,남,34세,상해없음,승용,남,35세,경상
2016110600100114,2016년 11월 6일 08시,일요일,경상북도 영주시 가흥동,경상사고,0,0,1,0,차대사람 - 횡단중,안전운전불이행,건조,맑음,교차로 - 교차로안,승용,여,39세,상해없음,보행자,여,60세,경상
2016110600100149,2016년 11월 6일 10시,일요일,경상북도 청송군 부동면,중상사고,0,1,2,0,차대차 - 정면충돌,중앙선침범,건조,맑음,단일로 - 기타,화물,남,58세,상해없음,승용,남,32세,경상
2016110600100173,2016년 11월 6일 11시,일요일,경상북도 경산시 하양읍,경상사고,0,0,2,0,차대차 - 측면충돌,안전운전불이행,건조,맑음,교차로 - 교차로안,화물,남,39세,상해없음,승용,여,61세,경상
2016110600100245,2016년 11월 6일 14시,일요일,경상북도 경주시 성건동,경상사고,0,0,1,0,차대사람 - 횡단중,안전운전불이행,건조,맑음,단일로 - 기타,승용,여,23세,상해없음,보행자,남,79세,경상
2016110600100246,2016년 11월 6일 14시,일요일,경상북도 칠곡군 석적읍,중상사고,0,1,1,1,차대차 - 정면충돌,교차로운행방법위반,건조,맑음,교차로 - 교차로안,승용,남,38세,부상신고,승용,남,30세,경상
2016110600100306,2016년 11월 6일 16시,일요일,경상북도 경주시 석장동,중상사고,0,1,0,0,차대차 - 측면충돌,안전운전불이행,건조,맑음,교차로 - 교차로안,승용,남,72세,상해없음,원동기,남,24세,중상
2016110600100307,2016년 11월 6일 16시,일요일,경상북도 포항시 북구 기계면,중상사고,0,1,0,0,차대사람 - 기타,안전운전불이행,기타,맑음,기타 - 기타,화물,남,78세,상해없음,보행자,여,54세,중상
2016110600100308,2016년 11월 6일 16시,일요일,경상북도 경산시 하양읍,중상사고,0,2,2,0,차대차 - 정면충돌,중앙선침범,건조,맑음,단일로 - 기타,승용,남,46세,경상,승용,남,59세,경상
2016110600100309,2016년 11월 6일 16시,일요일,경상북도 성주군 성주읍,경상사고,0,0,1,0,차대차 - 정면충돌,안전운전불이행,건조,맑음,교차로 - 교차로안,이륜,여,23세,경상,화물,남,41세,상해없음
2016110600100310,2016년 11월 6일 16시,일요일,경상북도 포항시 남구 인덕동,경상사고,0,0,1,0,차대차 - 기타,불법유턴,건조,맑음,단일로 - 기타,승용,남,31세,기타불명,승용,여,24세,경상
2016110600100338,2016년 11월 6일 17시,일요일,경상북도 구미시 오태동,경상사고,0,0,2,0,차대차 - 측면직각충돌,안전운전불이행,건조,맑음,교차로 - 교차로안,승용,남,49세,상해없음,승용,남,38세,경상
2016110600100376,2016년 11월 6일 18시,일요일,경상북도 경주시 외동읍,중상사고,0,1,0,0,차대차 - 측면충돌,안전운전불이행,건조,맑음,단일로 - 기타,화물,남,52세,상해없음,화물,남,33세,상해없음
2016110600100377,2016년 11월 6일 18시,일요일,경상북도 포항시 북구 죽장면,중상사고,0,2,8,0,차대차 - 정면충돌,중앙선침범,건조,맑음,단일로 - 기타,화물,남,60세,상해없음,승합,남,75세,상해없음
2016110600100378,2016년 11월 6일 18시,일요일,경상북도 안동시 남선면,경상사고,0,0,1,0,차대차 - 정면충돌,안전운전불이행,건조,맑음,단일로 - 기타,화물,남,42세,상해없음,승용,남,35세,경상
2016110600100379,2016년 11월 6일 18시,일요일,경상북도 칠곡군 왜관읍,중상사고,0,1,0,0,차대사람 - 길가장자리구역통행중,중앙선침범,건조,맑음,교차로 - 교차로부근,승용,여,42세,상해없음,보행자,여,62세,중상
2016110600100380,2016년 11월 6일 18시,일요일,경상북도 경산시 사정동,중상사고,0,1,0,0,차량단독 - 전도전복,안전운전불이행,건조,맑음,단일로 - 기타,이륜,남,23세,중상,,,,
2016110600100381,2016년 11월 6일 18시,일요일,경상북도 봉화군 석포면,중상사고,0,2,1,0,차대차 - 정면충돌,중앙선침범,습기,흐림,단일로 - 기타,승용,남,26세,경상,승용,남,45세,중상
2016110600100382,2016년 11월 6일 18시,일요일,경상북도 구미시 산동면,중상사고,0,1,1,0,차대차 - 측면충돌,중앙선침범,건조,맑음,교차로 - 교차로부근,화물,남,61세,경상,승용,남,57세,중상
2016110600100416,2016년 11월 6일 19시,일요일,경상북도 칠곡군 지천면,경상사고,0,0,2,0,차대차 - 추돌,안전운전불이행,건조,맑음,단일로 - 기타,기타불명,기타불명,기타불명,기타불명,승용,남,51세,경상
2016110600100445,2016년 11월 6일 20시,일요일,경상북도 경산시 옥산동,중상사고,0,1,0,0,차대차 - 추돌,안전운전불이행,건조,맑음,교차로 - 교차로부근,승용,남,56세,상해없음,승용,남,29세,중상
2016110600100469,2016년 11월 6일 21시,일요일,경상북도 경산시 하양읍,경상사고,0,0,1,0,차대사람 - 횡단중,교차로운행방법위반,건조,맑음,교차로 - 교차로안,승용,남,54세,상해없음,보행자,남,47세,경상
2016110600100493,2016년 11월 6일 22시,일요일,경상북도 김천시 대덕면,경상사고,0,0,1,0,차량단독 - 전도전복,안전운전불이행,건조,맑음,단일로 - 기타,화물,남,35세,경상,,,,
2016110600100494,2016년 11월 6일 22시,일요일,경상북도 구미시 도량동,경상사고,0,0,2,0,차대차 - 정면충돌,안전운전불이행,건조,맑음,교차로 - 교차로안,승용,남,19세,기타불명,승용,남,61세,경상
2016110700100006,2016년 11월 7일 00시,월요일,경상북도 구미시 형곡동,부상신고사고,0,0,0,1,차대사람 - 횡단중,기타,건조,맑음,기타 - 기타,승용,남,33세,상해없음,보행자,여,85세,부상신고
2016110700100023,2016년 11월 7일 02시,월요일,경상북도 구미시 진평동,경상사고,0,0,1,0,차대차 - 기타,교차로운행방법위반,건조,맑음,교차로 - 교차로안,승용,남,44세,상해없음,승용,남,25세,경상
2016110700100065,2016년 11월 7일 06시,월요일,경상북도 경주시 황성동,중상사고,0,1,0,0,차대차 - 측면충돌,안전운전불이행,건조,맑음,교차로 - 교차로부근,기타불명,기타불명,기타불명,기타불명,자전거,남,68세,중상
2016110700100066,2016년 11월 7일 06시,월요일,경상북도 경산시 남천면,중상사고,0,1,0,0,차량단독 - 전도전복,안전운전불이행,건조,맑음,단일로 - 기타,승용,남,52세,중상,,,,
2016110700100086,2016년 11월 7일 07시,월요일,경상북도 경주시 황오동,부상신고사고,0,0,0,1,차대차 - 기타,기타,습기,흐림,교차로 - 교차로부근,기타불명,기타불명,기타불명,기타불명,자전거,여,57세,부상신고
2016110700100087,2016년 11월 7일 07시,월요일,경상북도 포항시 북구 흥해읍,중상사고,0,1,0,0,차대사람 - 횡단중,안전운전불이행,습기,비,단일로 - 기타,승용,여,25세,상해없음,보행자,여,79세,중상
2016110700100088,2016년 11월 7일 07시,월요일,경상북도 김천시 응명동,경상사고,0,0,1,0,차대차 - 측면충돌,안전운전불이행,건조,맑음,단일로 - 기타,승용,남,31세,상해없음,승용,남,31세,경상
2016110700100089,2016년 11월 7일 07시,월요일,경상북도 영천시 야사동,경상사고,0,0,1,0,차대차 - 측면직각충돌,안전운전불이행,건조,맑음,단일로 - 기타,승용,남,55세,상해없음,승용,남,44세,경상
2016110700100123,2016년 11월 7일 08시,월요일,경상북도 포항시 북구 대흥동,중상사고,0,1,0,0,차대차 - 기타,안전운전불이행,건조,맑음,교차로 - 교차로부근,승용,여,53세,상해없음,자전거,남,74세,중상
2016110700100124,2016년 11월 7일 08시,월요일,경상북도 칠곡군 왜관읍,중상사고,0,1,0,0,차대차 - 측면직각충돌,직진우회전진행방해,건조,맑음,교차로 - 교차로안,승용,남,58세,상해없음,원동기,여,27세,중상
2016110700100194,2016년 11월 7일 10시,월요일,경상북도 안동시 옥야동,중상사고,0,1,1,0,차대차 - 측면직각충돌,신호위반,건조,맑음,교차로 - 교차로안,이륜,남,72세,중상,승용,남,40세,상해없음
2016110700100226,2016년 11월 7일 11시,월요일,경상북도 경산시 대동,중상사고,0,1,0,0,차량단독 - 기타,기타,건조,맑음,단일로 - 기타,승합,남,37세,상해없음,,,,
2016110700100248,2016년 11월 7일 12시,월요일,경상북도 경주시 성건동,중상사고,0,1,0,0,차대차 - 측면충돌,안전운전불이행,건조,맑음,교차로 - 교차로안,승용,남,67세,상해없음,이륜,남,19세,중상
2016110700100249,2016년 11월 7일 12시,월요일,경상북도 포항시 북구 동빈1가,중상사고,0,1,0,0,차대차 - 정면충돌,안전운전불이행,건조,맑음,단일로 - 기타,승용,남,21세,상해없음,자전거,남,80세,중상
2016110700100250,2016년 11월 7일 12시,월요일,경상북도 울진군 죽변면,중상사고,0,1,0,0,차대차 - 정면충돌,중앙선침범,건조,맑음,단일로 - 기타,승용,남,73세,상해없음,원동기,여,61세,중상
2016110700100251,2016년 11월 7일 12시,월요일,경상북도 구미시 선산읍,부상신고사고,0,0,0,1,차대차 - 추돌,신호위반,건조,맑음,교차로 - 교차로안,이륜,남,20세,부상신고,승용,남,44세,상해없음
2016110700100277,2016년 11월 7일 13시,월요일,경상북도 경주시 동천동,경상사고,0,0,3,0,차대차 - 측면충돌,안전운전불이행,건조,맑음,교차로 - 교차로안,승용,남,32세,경상,승용,남,54세,경상
2016110700100278,2016년 11월 7일 13시,월요일,경상북도 칠곡군 왜관읍,경상사고,0,0,1,0,차대차 - 측면직각충돌,안전운전불이행,건조,맑음,단일로 - 기타,승용,남,19세,상해없음,원동기,남,27세,경상
2016110700100279,2016년 11월 7일 13시,월요일,경상북도 문경시 마성면,경상사고,0,0,2,0,차대차 - 측면직각충돌,기타,건조,맑음,교차로 - 교차로안,승용,남,30세,경상,승용,남,71세,경상
2016110700100306,2016년 11월 7일 14시,월요일,경상북도 경주시 안강읍,경상사고,0,0,1,0,차대차 - 측면직각충돌,안전운전불이행,건조,맑음,교차로 - 교차로안,건설기계,남,62세,상해없음,승합,남,42세,경상
2016110700100307,2016년 11월 7일 14시,월요일,경상북도 포항시 북구 죽도동,경상사고,0,0,1,0,차대차 - 정면충돌,안전운전불이행,건조,맑음,교차로 - 교차로안,원동기,여,28세,경상,승합,남,43세,상해없음
2016110700100308,2016년 11월 7일 14시,월요일,경상북도 상주시 서문동,중상사고,0,1,0,0,차대차 - 측면충돌,교차로운행방법위반,건조,맑음,교차로 - 교차로안,승합,남,25세,상해없음,이륜,남,47세,중상
2016110700100310,2016년 11월 7일 14시,월요일,경상북도 영양군 청기면,중상사고,0,1,1,0,차대차 - 측면충돌,안전운전불이행,건조,맑음,단일로 - 기타,화물,남,66세,경상,농기계,남,74세,중상
2016110700100311,2016년 11월 7일 14시,월요일,경상북도 포항시 남구 대잠동,경상사고,0,0,3,0,차대차 - 측면충돌,직진우회전진행방해,건조,맑음,교차로 - 교차로안,승용,남,70세,경상,승용,남,62세,경상
2016110700100336,2016년 11월 7일 15시,월요일,경상북도 안동시 이천동,경상사고,0,0,1,0,차량단독 - 공작물충돌,안전운전불이행,건조,맑음,단일로 - 기타,승용,남,77세,경상,,,,
2016110700100337,2016년 11월 7일 15시,월요일,경상북도 구미시 송정동,사망사고,1,0,0,0,차대사람 - 횡단중,보행자보호의무위반,건조,맑음,단일로 - 횡단보도상,승용,남,53세,상해없음,보행자,남,66세,사망