사고번호,사고일시,요일,시군구,사고내용,사망자수,중상자수,경상자수,부상신고자수,사고유형,법규위반,노면상태,기상상태,도로형태,가해운전자 차종,가해운전자 성별,가해운전자 연령,가해운전자 상해정도,피해운전자 차종,피해운전자 성별,피해운전자 연령,피해운전자 상해정도
2016111000100512,2016년 11월 10일 19시,목요일,경상북도 포항시 북구 두호동,중상사고,0,1,0,0,차대차 - 측면충돌,안전운전불이행,건조,맑음,단일로 - 기타,승용,남,31세,상해없음,이륜,남,17세,중상
2016111000100513,2016년 11월 10일 19시,목요일,경상북도 포항시 남구 오천읍,경상사고,0,0,1,0,차대사람 - 횡단중,안전운전불이행,건조,맑음,단일로 - 기타,승용,남,33세,상해없음,보행자,남,40세,경상
2016111000100514,2016년 11월 10일 19시,목요일,경상북도 포항시 남구 상도동,중상사고,0,1,0,0,차대차 - 측면직각충돌,중앙선침범,건조,맑음,교차로 - 교차로부근,승용,남,43세,상해없음,원동기,남,26세,중상
2016111000100552,2016년 11월 10일 20시,목요일,경상북도 김천시 구성면,부상신고사고,0,0,0,1,차량단독 - 전도전복,안전운전불이행,건조,맑음,단일로 - 기타,화물,남,57세,부상신고,,,,
2016111000100553,2016년 11월 10일 20시,목요일,경상북도 경산시 중방동,경상사고,0,0,1,0,차대차 - 기타,안전운전불이행,건조,맑음,교차로 - 교차로안,이륜,남,51세,경상,승용,남,65세,상해없음
2016111000100587,2016년 11월 10일 21시,목요일,경상북도 안동시 풍산읍,중상사고,0,1,0,0,차대사람 - 길가장자리구역통행중,안전운전불이행,건조,맑음,단일로 - 기타,승용,남,55세,상해없음,보행자,남,62세,중상
2016111000100588,2016년 11월 10일 21시,목요일,경상북도 구미시 도량동,경상사고,0,0,2,0,차대차 - 기타,안전운전불이행,건조,맑음,교차로 - 교차로부근,승용,남,21세,기타불명,승용,남,24세,경상
2016111000100615,2016년 11월 10일 22시,목요일,경상북도 포항시 북구 항구동,경상사고,0,0,4,0,차대차 - 추돌,안전운전불이행,건조,맑음,교차로 - 교차로안,승용,여,52세,상해없음,승용,여,47세,경상
2016111100100014,2016년 11월 11일 00시,금요일,경상북도 칠곡군 석적읍,부상신고사고,0,0,0,1,차대차 - 측면직각충돌,안전운전불이행,습기,비,교차로 - 교차로안,이륜,남,24세,부상신고,승용,여,48세,상해없음
2016111100100015,2016년 11월 11일 00시,금요일,경상북도 영덕군 강구면,사망사고,1,0,0,0,차량단독 - 공작물충돌,안전운전불이행,건조,맑음,단일로 - 기타,승용,남,44세,사망,,,,
2016111100100035,2016년 11월 11일 01시,금요일,경상북도 구미시 시미동,경상사고,0,0,2,0,차대차 - 기타,안전운전불이행,건조,맑음,교차로 - 교차로부근,승용,남,33세,상해없음,승용,여,46세,경상
2016111100100036,2016년 11월 11일 01시,금요일,경상북도 구미시 사곡동,중상사고,0,1,1,0,차대차 - 정면충돌,안전운전불이행,건조,맑음,교차로 - 교차로부근,승용,남,57세,상해없음,승용,남,48세,중상
2016111100100090,2016년 11월 11일 05시,금요일,경상북도 안동시 송현동,중상사고,0,1,0,0,차대사람 - 보도통행중,안전운전불이행,건조,맑음,교차로 - 교차로안,승용,남,69세,상해없음,보행자,여,76세,중상
2016111100100091,2016년 11월 11일 05시,금요일,경상북도 경산시 압량면,중상사고,0,1,0,0,차대사람 - 기타,안전운전불이행,습기,비,단일로 - 기타,승용,남,47세,상해없음,보행자,여,68세,중상
2016111100100114,2016년 11월 11일 06시,금요일,경상북도 경주시 탑동,중상사고,0,1,0,0,차대차 - 기타,안전운전불이행,습기,흐림,교차로 - 교차로부근,화물,남,61세,상해없음,화물,남,56세,중상
2016111100100115,2016년 11월 11일 06시,금요일,경상북도 경주시 동천동,중상사고,0,1,0,0,차대사람 - 횡단중,보행자보호의무위반,건조,맑음,교차로 - 교차로부근,승용,남,64세,상해없음,보행자,여,52세,중상
2016111100100116,2016년 11월 11일 06시,금요일,경상북도 영주시 가흥동,중상사고,0,1,0,0,차대사람 - 횡단중,안전운전불이행,건조,흐림,단일로 - 기타,승합,남,68세,상해없음,보행자,남,56세,중상
2016111100100117,2016년 11월 11일 06시,금요일,경상북도 영천시 봉동,경상사고,0,0,1,0,차대차 - 추돌,안전운전불이행,건조,맑음,교차로 - 교차로안,화물,남,39세,상해없음,화물,남,48세,경상
2016111100100118,2016년 11월 11일 06시,금요일,경상북도 영덕군 달산면,사망사고,1,0,0,0,차대사람 - 길가장자리구역통행중,안전운전불이행,습기,맑음,단일로 - 기타,화물,남,48세,상해없음,보행자,남,82세,사망
2016111100100137,2016년 11월 11일 07시,금요일,경상북도 경산시 압량면,중상사고,0,4,0,0,차대차 - 정면충돌,안전운전불이행,건조,맑음,교차로 - 교차로부근,화물,남,63세,상해없음,승용,남,56세,중상
2016111100100138,2016년 11월 11일 07시,금요일,경상북도 경산시 진량읍,경상사고,0,0,1,0,차대사람 - 횡단중,안전운전불이행,건조,맑음,단일로 - 기타,화물,남,60세,상해없음,보행자,여,14세,경상
2016111100100139,2016년 11월 11일 07시,금요일,경상북도 포항시 남구 효자동,경상사고,0,0,3,0,차대차 - 추돌,안전거리미확보,건조,맑음,단일로 - 기타,승용,남,45세,상해없음,승용,남,40세,경상
2016111100100179,2016년 11월 11일 08시,금요일,경상북도 경주시 성건동,중상사고,0,1,2,0,차대차 - 측면직각충돌,안전운전불이행,건조,맑음,교차로 - 교차로안,승용,남,34세,상해없음,승용,남,36세,경상
2016111100100180,2016년 11월 11일 08시,금요일,경상북도 김천시 부곡동,경상사고,0,0,1,0,차대차 - 측면충돌,교차로운행방법위반,건조,맑음,교차로 - 교차로안,자전거,남,16세,경상,승용,여,46세,상해없음
2016111100100181,2016년 11월 11일 08시,금요일,경상북도 구미시 고아읍,중상사고,0,1,1,0,차대차 - 측면충돌,중앙선침범,건조,맑음,교차로 - 교차로안,승용,여,50세,상해없음,승용,여,36세,중상
2016111100100182,2016년 11월 11일 08시,금요일,경상북도 포항시 남구 대도동,경상사고,0,0,1,0,차대차 - 추돌,안전운전불이행,건조,맑음,교차로 - 교차로부근,승용,남,23세,상해없음,승용,남,65세,경상
2016111100100183,2016년 11월 11일 08시,금요일,경상북도 포항시 남구 대잠동,경상사고,0,0,2,0,차대차 - 기타,직진우회전진행방해,건조,맑음,교차로 - 교차로안,이륜,남,62세,경상,승용,여,44세,경상
2016111100100221,2016년 11월 11일 09시,금요일,경상북도 영주시 부석면,경상사고,0,0,2,0,차대차 - 측면충돌,안전운전불이행,건조,맑음,교차로 - 교차로안,화물,남,34세,경상,승용,여,55세,경상
2016111100100222,2016년 11월 11일 09시,금요일,경상북도 칠곡군 가산면,중상사고,0,2,1,0,차대차 - 추돌,안전운전불이행,건조,맑음,단일로 - 기타,승용,남,56세,상해없음,승용,남,28세,중상
2016111100100261,2016년 11월 11일 10시,금요일,경상북도 상주시 냉림동,경상사고,0,0,1,0,차대사람 - 횡단중,안전운전불이행,건조,맑음,단일로 - 기타,화물,남,53세,상해없음,보행자,남,78세,경상
2016111100100262,2016년 11월 11일 10시,금요일,경상북도 경산시 정평동,경상사고,0,0,1,0,차대차 - 측면충돌,신호위반,건조,맑음,교차로 - 교차로안,승합,남,45세,상해없음,승용,남,74세,경상
2016111100100263,2016년 11월 11일 10시,금요일,경상북도 구미시 공단동,경상사고,0,0,1,0,차대차 - 측면충돌,안전운전불이행,건조,맑음,교차로 - 교차로안,승용,여,50세,상해없음,화물,남,47세,경상
2016111100100264,2016년 11월 11일 10시,금요일,경상북도 구미시 공단동,중상사고,0,2,0,0,차대차 - 기타,차로위반,건조,맑음,교차로 - 교차로부근,승용,기타불명,기타불명,기타불명,승합,남,61세,상해없음
2016111100100309,2016년 11월 11일 11시,금요일,경상북도 경산시 계양동,중상사고,0,1,0,0,차대차 - 기타,기타,건조,맑음,단일로 - 기타,승용,남,28세,기타불명,자전거,남,24세,중상
2016111100100339,2016년 11월 11일 12시,금요일,경상북도 영양군 석보면,중상사고,0,2,1,0,차대차 - 정면충돌,안전운전불이행,건조,맑음,단일로 - 기타,승용,여,47세,상해없음,승용,여,39세,경상
2016111100100370,2016년 11월 11일 13시,금요일,경상북도 영천시 야사동,중상사고,0,1,0,0,차대사람 - 횡단중,안전운전불이행,건조,맑음,단일로 - 기타,원동기,남,19세,상해없음,보행자,여,7세,중상
2016111100100371,2016년 11월 11일 13시,금요일,경상북도 영천시 화남면,경상사고,0,0,3,0,차대차 - 기타,기타,건조,맑음,단일로 - 기타,승용,남,72세,상해없음,승용,남,52세,경상
2016111100100372,2016년 11월 11일 13시,금요일,경상북도 고령군 쌍림면,경상사고,0,0,1,0,차대차 - 측면직각충돌,신호위반,건조,맑음,교차로 - 교차로안,화물,남,69세,상해없음,승용,남,52세,경상
2016111100100373,2016년 11월 11일 13시,금요일,경상북도 포항시 남구 구룡포읍,경상사고,0,0,2,0,차대차 - 측면직각충돌,안전운전불이행,건조,맑음,교차로 - 교차로안,승용,남,41세,상해없음,승용,남,58세,경상
2016111100100406,2016년 11월 11일 14시,금요일,경상북도 고령군 대가야읍,중상사고,0,1,0,0,차대차 - 추돌,안전운전불이행,건조,맑음,단일로 - 기타,승용,여,48세,상해없음,자전거,여,72세,중상
2016111100100439,2016년 11월 11일 15시,금요일,경상북도 예천군 예천읍,중상사고,0,3,0,0,차대차 - 측면충돌,안전운전불이행,건조,맑음,교차로 - 교차로안,승용,남,63세,중상,화물,남,48세,중상
2016111100100440,2016년 11월 11일 15시,금요일,경상북도 포항시 남구 상도동,경상사고,0,0,3,0,차대차 - 측면충돌,안전거리미확보,건조,맑음,단일로 - 기타,건설기계,남,41세,상해없음,승용,여,36세,경상
2016111100100441,2016년 11월 11일 15시,금요일,경상북도 구미시 임은동,경상사고,0,0,2,0,차대차 - 측면직각충돌,안전거리미확보,건조,맑음,단일로 - 기타,특수,남,26세,상해없음,승용,여,62세,경상
2016111100100519,2016년 11월 11일 17시,금요일,경상북도 상주시 모서면,중상사고,0,1,0,0,차대차 - 측면직각충돌,중앙선침범,건조,맑음,단일로 - 기타,화물,남,64세,상해없음,이륜,여,64세,중상
2016111100100520,2016년 11월 11일 17시,금요일,경상북도 경산시 하양읍,경상사고,0,0,1,0,차대차 - 정면충돌,안전운전불이행,건조,맑음,단일로 - 기타,이륜,여,19세,상해없음,승용,남,36세,경상
2016111100100586,2016년 11월 11일 18시,금요일,경상북도 포항시 북구 흥해읍,중상사고,0,1,2,0,차대차 - 추돌,안전거리미확보,건조,맑음,단일로 - 기타,승용,남,59세,상해없음,승용,남,37세,중상
2016111100100587,2016년 11월 11일 18시,금요일,경상북도 영주시 가흥동,경상사고,0,0,1,0,차대차 - 측면직각충돌,안전운전불이행,건조,맑음,교차로 - 교차로안,승용,여,59세,상해없음,승용,남,46세,경상
2016111100100588,2016년 11월 11일 18시,금요일,경상북도 영천시 완산동,경상사고,0,0,1,0,차대차 - 정면충돌,안전운전불이행,건조,맑음,단일로 - 기타,승용,남,35세,상해없음,승용,남,67세,경상
2016111100100589,2016년 11월 11일 18시,금요일,경상북도 경산시 남천면,중상사고,0,3,0,0,차대차 - 측면충돌,안전운전불이행,건조,맑음,단일로 - 교량,승용,남,47세,중상,승용,남,73세,중상
2016111100100590,2016년 11월 11일 18시,금요일,경상북도 군위군 효령면,중상사고,0,1,1,0,차대차 - 추돌,안전운전불이행,건조,맑음,단일로 - 기타,승용,남,31세,상해없음,농기계,남,73세,중상
2016111100100591,2016년 11월 11일 18시,금요일,경상북도 구미시 공단동,경상사고,0,0,1,0,차대차 - 추돌,안전운전불이행,건조,맑음,단일로 - 기타,승용,남,50세,상해없음,승용,여,56세,경상
2016111100100592,2016년 11월 11일 18시,금요일,경상북도 구미시 공단동,중상사고,0,2,3,2,차대차 - 추돌,안전운전불이행,건조,맑음,단일로 - 기타,승용,남,50세,상해없음,승용,여,31세,경상
2016111100100593,2016년 11월 11일 18시,금요일,경상북도 구미시 구포동,경상사고,0,0,1,0,차대차 - 측면충돌,교차로운행방법위반,건조,맑음,교차로 - 교차로부근,화물,남,54세,상해없음,자전거,남,32세,경상
2016111100100594,2016년 11월 11일 18시,금요일,경상북도 포항시 남구 오천읍,경상사고,0,0,1,0,차대차 - 측면직각충돌,안전운전불이행,건조,맑음,교차로 - 교차로부근,원동기,남,28세,경상,승용,여,48세,상해없음
2016111100100595,2016년 11월 11일 18시,금요일,경상북도 김천시 농소면,경상사고,0,0,1,0,차대차 - 측면직각충돌,안전운전불이행,건조,맑음,단일로 - 기타,기타불명,기타불명,기타불명,기타불명,기타불명,기타불명,기타불명,기타불명
2016111100100656,2016년 11월 11일 19시,금요일,경상북도 경주시 성건동,중상사고,0,1,1,0,차대차 - 추돌,안전운전불이행,건조,맑음,교차로 - 교차로안,승용,여,24세,상해없음,승용,남,56세,경상
2016111100100696,2016년 11월 11일 20시,금요일,경상북도 경주시 성건동,중상사고,0,1,0,0,차대사람 - 횡단중,안전운전불이행,건조,맑음,단일로 - 기타,원동기,남,55세,상해없음,보행자,여,73세,중상
2016111100100697,2016년 11월 11일 20시,금요일,경상북도 구미시 공단동,중상사고,0,1,0,0,차대차 - 기타,안전운전불이행,건조,맑음,교차로 - 교차로안,승용,남,35세,상해없음,이륜,남,39세,중상
2016111100100698,2016년 11월 11일 20시,금요일,경상북도 상주시 화서면,경상사고,0,0,1,0,차대사람 - 기타,안전운전불이행,건조,맑음,기타 - 기타,승용,남,36세,상해없음,보행자,여,55세,경상
2016111100100730,2016년 11월 11일 21시,금요일,경상북도 구미시 비산동,경상사고,0,0,1,0,차대사람 - 기타,안전운전불이행,건조,맑음,기타 - 기타,화물,남,51세,상해없음,보행자,남,26세,경상
2016111100100751,2016년 11월 11일 22시,금요일,경상북도 경주시 성건동,경상사고,0,0,1,0,차대차 - 측면충돌,안전운전불이행,건조,맑음,교차로 - 교차로부근,승용,여,55세,상해없음,승용,여,45세,경상
2016111100100784,2016년 11월 11일 23시,금요일,경상북도 안동시 태화동,경상사고,0,0,2,0,차대차 - 정면충돌,교차로운행방법위반,건조,맑음,교차로 - 교차로안,승용,남,61세,경상,화물,남,45세,상해없음
2016111200100013,2016년 11월 12일 00시,토요일,경상북도 칠곡군 약목면,부상신고사고,0,0,0,1,차량단독 - 전도전복,안전운전불이행,건조,맑음,단일로 - 기타,승용,남,36세,부상신고,,,,
2016111200100036,2016년 11월 12일 01시,토요일,경상북도 영주시 휴천동,중상사고,0,1,1,0,차대차 - 측면충돌,중앙선침범,건조,맑음,단일로 - 기타,원동기,남,18세,중상,승용,남,54세,상해없음
2016111200100095,2016년 11월 12일 05시,토요일,경상북도 상주시 사벌면,중상사고,0,2,0,0,차대차 - 측면직각충돌,중앙선침범,건조,맑음,교차로 - 교차로안,승용,남,21세,상해없음,화물,남,70세,중상
2016111200100115,2016년 11월 12일 06시,토요일,경상북도 칠곡군 석적읍,중상사고,0,1,0,0,차대차 - 정면충돌,교차로운행방법위반,건조,맑음,교차로 - 교차로안,승용,남,21세,상해없음,승용,남,36세,중상
2016111200100116,2016년 11월 12일 06시,토요일,경상북도 문경시 산양면,중상사고,0,1,0,0,차대차 - 추돌,안전거리미확보,습기,흐림,교차로 - 교차로부근,화물,남,60세,상해없음,승용,남,63세,상해없음
2016111200100136,2016년 11월 12일 07시,토요일,경상북도 경산시 상방동,중상사고,0,1,0,0,차대차 - 정면충돌,신호위반,건조,맑음,교차로 - 교차로안,승용,남,50세,상해없음,자전거,여,64세,중상
2016111200100137,2016년 11월 12일 07시,토요일,경상북도 구미시 도량동,경상사고,0,0,2,0,차대차 - 기타,안전운전불이행,건조,맑음,단일로 - 기타,승용,남,24세,상해없음,승용,남,56세,상해없음
2016111200100152,2016년 11월 12일 08시,토요일,경상북도 포항시 북구 죽도동,경상사고,0,0,1,0,차대차 - 정면충돌,안전운전불이행,건조,맑음,단일로 - 기타,승용,남,35세,상해없음,이륜,남,31세,경상
2016111200100153,2016년 11월 12일 08시,토요일,경상북도 영천시 조교동,경상사고,0,0,4,0,차대차 - 추돌,안전운전불이행,건조,맑음,교차로 - 교차로부근,승용,남,45세,상해없음,승용,남,52세,경상
2016111200100154,2016년 11월 12일 08시,토요일,경상북도 구미시 임은동,중상사고,0,1,0,0,차대차 - 측면충돌,안전운전불이행,건조,맑음,교차로 - 교차로안,화물,남,46세,상해없음,승용,남,38세,상해없음
2016111200100176,2016년 11월 12일 09시,토요일,경상북도 포항시 북구 두호동,경상사고,0,0,2,0,차대차 - 측면충돌,신호위반,건조,맑음,교차로 - 교차로안,승용,남,61세,경상,승용,여,44세,경상
2016111200100205,2016년 11월 12일 10시,토요일,경상북도 포항시 북구 죽도동,경상사고,0,0,1,0,차대차 - 기타,안전운전불이행,건조,맑음,단일로 - 기타,자전거,여,62세,경상,화물,남,35세,상해없음
2016111200100206,2016년 11월 12일 10시,토요일,경상북도 안동시 일직면,경상사고,0,0,3,0,차대차 - 측면직각충돌,안전운전불이행,건조,맑음,단일로 - 기타,승용,남,68세,상해없음,승용,여,44세,경상
2016111200100207,2016년 11월 12일 10시,토요일,경상북도 청도군 금천면,경상사고,0,0,1,0,차대차 - 측면충돌,안전운전불이행,건조,맑음,교차로 - 교차로안,원동기,남,73세,경상,승용,남,53세,상해없음
2016111200100208,2016년 11월 12일 10시,토요일,경상북도 청송군 부동면,중상사고,0,1,0,0,차대차 - 측면직각충돌,안전운전불이행,건조,맑음,단일로 - 기타,화물,남,58세,상해없음,원동기,남,78세,중상
2016111200100242,2016년 11월 12일 11시,토요일,경상북도 문경시 문경읍,부상신고사고,0,0,0,1,차대차 - 기타,안전운전불이행,건조,맑음,단일로 - 기타,자전거,남,84세,부상신고,승합,남,79세,상해없음
2016111200100243,2016년 11월 12일 11시,토요일,경상북도 경산시 옥산동,부상신고사고,0,0,0,1,차대사람 - 횡단중,안전운전불이행,건조,맑음,단일로 - 기타,화물,남,39세,상해없음,보행자,남,75세,부상신고
2016111200100275,2016년 11월 12일 12시,토요일,경상북도 영천시 완산동,경상사고,0,0,1,0,차대차 - 기타,안전거리미확보,건조,맑음,단일로 - 교량,승용,남,35세,상해없음,승용,남,52세,상해없음
2016111200100276,2016년 11월 12일 12시,토요일,경상북도 경산시 사동,중상사고,0,1,0,0,차대사람 - 횡단중,기타,건조,맑음,교차로 - 교차로안,승용,여,29세,상해없음,보행자,여,64세,중상
2016111200100277,2016년 11월 12일 12시,토요일,경상북도 군위군 효령면,사망사고,1,0,0,0,차대사람 - 차도통행중,과속,건조,맑음,단일로 - 기타,승용,남,30세,상해없음,보행자,남,52세,사망
2016111200100311,2016년 11월 12일 13시,토요일,경상북도 경주시 양남면,중상사고,0,1,2,0,차대차 - 정면충돌,중앙선침범,건조,맑음,단일로 - 기타,화물,남,73세,중상,승용,남,35세,경상
2016111200100312,2016년 11월 12일 13시,토요일,경상북도 경주시 배반동,경상사고,0,0,2,0,차대차 - 기타,안전운전불이행,건조,맑음,단일로 - 기타,승용,여,30세,상해없음,승용,남,31세,경상
2016111200100313,2016년 11월 12일 13시,토요일,경상북도 청송군 현서면,중상사고,0,1,0,0,차대차 - 정면충돌,중앙선침범,건조,맑음,단일로 - 기타,승용,남,43세,상해없음,화물,남,36세,중상
2016111200100351,2016년 11월 12일 14시,토요일,경상북도 영천시 교촌동,중상사고,0,1,0,0,차대사람 - 횡단중,안전운전불이행,건조,맑음,단일로 - 기타,승용,남,28세,상해없음,보행자,남,10세,중상
2016111200100352,2016년 11월 12일 14시,토요일,경상북도 칠곡군 가산면,경상사고,0,0,5,0,차대차 - 추돌,안전거리미확보,건조,맑음,단일로 - 터널,승용,남,53세,경상,승용,남,32세,경상
2016111200100395,2016년 11월 12일 15시,토요일,경상북도 경주시 양북면,중상사고,0,1,2,1,차대차 - 측면충돌,중앙선침범,건조,맑음,단일로 - 기타,승용,남,57세,상해없음,승용,남,37세,경상
2016111200100396,2016년 11월 12일 15시,토요일,경상북도 포항시 북구 죽도동,중상사고,0,1,0,0,차대사람 - 횡단중,보행자보호의무위반,건조,맑음,교차로 - 교차로부근,승용,남,74세,상해없음,보행자,여,55세,중상
2016111200100397,2016년 11월 12일 15시,토요일,경상북도 포항시 북구 죽도동,중상사고,0,1,0,0,차대차 - 기타,안전운전불이행,건조,맑음,단일로 - 기타,자전거,여,59세,중상,승용,여,27세,상해없음
2016111200100398,2016년 11월 12일 15시,토요일,경상북도 경산시 하양읍,중상사고,0,1,1,0,차대차 - 측면충돌,교차로운행방법위반,건조,맑음,교차로 - 교차로안,이륜,남,50세,중상,승용,여,40세,경상
2016111200100399,2016년 11월 12일 15시,토요일,경상북도 성주군 성주읍,경상사고,0,0,1,0,차대사람 - 기타,안전운전불이행,건조,맑음,기타 - 기타,이륜,남,50세,상해없음,보행자,남,31세,경상
2016111200100400,2016년 11월 12일 15시,토요일,경상북도 포항시 남구 오천읍,중상사고,0,2,0,0,차대사람 - 횡단중,안전운전불이행,건조,맑음,단일로 - 기타,승합,남,50세,상해없음,보행자,남,8세,중상
2016111200100466,2016년 11월 12일 17시,토요일,경상북도 김천시 양천동,중상사고,0,1,0,0,차대사람 - 기타,안전운전불이행,건조,맑음,교차로 - 교차로안,승용,남,69세,상해없음,보행자,남,68세,중상
2016111200100467,2016년 11월 12일 17시,토요일,경상북도 포항시 남구 연일읍,경상사고,0,0,2,0,차대차 - 추돌,안전거리미확보,건조,맑음,단일로 - 기타,화물,남,60세,상해없음,승용,남,38세,상해없음
2016111200100503,2016년 11월 12일 18시,토요일,경상북도 포항시 남구 해도동,경상사고,0,0,1,0,차대차 - 정면충돌,안전운전불이행,건조,맑음,단일로 - 기타,이륜,남,24세,상해없음,승용,남,65세,경상
2016111200100544,2016년 11월 12일 19시,토요일,경상북도 김천시 신음동,경상사고,0,0,1,0,차대차 - 추돌,안전운전불이행,건조,맑음,단일로 - 기타,승용,남,52세,상해없음,승용,남,24세,경상
2016111200100545,2016년 11월 12일 19시,토요일,경상북도 구미시 송정동,중상사고,0,1,0,0,차대차 - 정면충돌,안전운전불이행,건조,맑음,단일로 - 기타,승용,남,45세,상해없음,이륜,남,62세,중상
2016111200100546,2016년 11월 12일 19시,토요일,경상북도 구미시 도량동,경상사고,0,0,1,0,차대차 - 정면충돌,중앙선침범,건조,맑음,단일로 - 기타,승용,여,41세,상해없음,이륜,남,31세,경상
2016111200100570,2016년 11월 12일 20시,토요일,경상북도 청도군 화양읍,중상사고,0,1,0,0,차대차 - 정면충돌,안전운전불이행,건조,맑음,단일로 - 기타,이륜,남,51세,중상,농기계,남,68세,기타불명
2016111200100571,2016년 11월 12일 20시,토요일,경상북도 구미시 봉곡동,경상사고,0,0,1,0,차대사람 - 횡단중,보행자보호의무위반,건조,맑음,교차로 - 교차로부근,승용,남,27세,상해없음,보행자,여,14세,경상
2016111200100604,2016년 11월 12일 21시,토요일,경상북도 안동시 송현동,경상사고,0,0,1,0,차대차 - 측면직각충돌,직진우회전진행방해,건조,맑음,교차로 - 교차로안,승용,남,29세,상해없음,승용,남,48세,경상
2016111200100605,2016년 11월 12일 21시,토요일,경상북도 경산시 옥산동,경상사고,0,0,1,0,차대차 - 측면충돌,안전운전불이행,건조,맑음,단일로 - 기타,승용,남,41세,상해없음,승용,여,61세,경상
2016111200100626,2016년 11월 12일 22시,토요일,경상북도 포항시 북구 죽도동,중상사고,0,1,0,0,차대사람 - 횡단중,보행자보호의무위반,건조,맑음,교차로 - 교차로안,승용,남,31세,상해없음,보행자,여,61세,중상
2016111200100641,2016년 11월 12일 23시,토요일,경상북도 경산시 진량읍,사망사고,1,0,0,0,차대사람 - 횡단중,안전운전불이행,건조,맑음,단일로 - 기타,승용,남,24세,상해없음,보행자,남,60세,사망
2016111200100642,2016년 11월 12일 23시,토요일,경상북도 안동시 남후면,중상사고,0,1,0,0,차량단독 - 공작물충돌,안전운전불이행,건조,맑음,단일로 - 기타,승용,남,28세,중상,,,,
2016111300100074,2016년 11월 13일 05시,일요일,경상북도 김천시 부곡동,중상사고,0,1,1,0,차대차 - 측면직각충돌,교차로운행방법위반,건조,맑음,교차로 - 교차로부근,승용,남,23세,경상,승용,남,45세,중상
2016111300100099,2016년 11월 13일 07시,일요일,경상북도 포항시 북구 남빈동,중상사고,0,1,0,0,차대사람 - 횡단중,안전운전불이행,건조,맑음,교차로 - 교차로부근,승용,여,51세,상해없음,보행자,남,58세,중상
2016111300100116,2016년 11월 13일 08시,일요일,경상북도 포항시 북구 두호동,경상사고,0,0,1,0,차대차 - 정면충돌,안전거리미확보,건조,맑음,단일로 - 기타,승용,여,22세,상해없음,승용,남,65세,경상
2016111300100160,2016년 11월 13일 10시,일요일,경상북도 포항시 북구 장성동,경상사고,0,0,2,0,차대차 - 측면충돌,직진우회전진행방해,건조,맑음,교차로 - 교차로안,승용,남,45세,상해없음,승용,여,52세,경상
2016111300100161,2016년 11월 13일 10시,일요일,경상북도 김천시 어모면,중상사고,0,2,0,0,차대차 - 측면충돌,교차로운행방법위반,건조,맑음,교차로 - 교차로안,화물,남,24세,중상,특수,남,60세,중상
2016111300100162,2016년 11월 13일 10시,일요일,경상북도 칠곡군 석적읍,경상사고,0,0,1,1,차대차 - 추돌,안전운전불이행,건조,맑음,교차로 - 교차로부근,화물,남,34세,부상신고,화물,남,35세,경상
2016111300100186,2016년 11월 13일 11시,일요일,경상북도 포항시 북구 청하면,경상사고,0,0,1,4,차대차 - 정면충돌,안전거리미확보,건조,맑음,단일로 - 기타,화물,남,58세,상해없음,승합,남,57세,상해없음
2016111300100187,2016년 11월 13일 11시,일요일,경상북도 안동시 풍산읍,경상사고,0,0,1,0,차대차 - 측면충돌,직진우회전진행방해,건조,맑음,교차로 - 교차로안,화물,남,41세,경상,승합,남,55세,상해없음
2016111300100188,2016년 11월 13일 11시,일요일,경상북도 청송군 진보면,경상사고,0,0,2,0,차대차 - 정면충돌,중앙선침범,건조,맑음,단일로 - 기타,승용,여,39세,상해없음,이륜,남,56세,경상
2016111300100210,2016년 11월 13일 12시,일요일,경상북도 영천시 청통면,경상사고,0,0,3,0,차대차 - 측면직각충돌,중앙선침범,건조,맑음,단일로 - 기타,승용,남,49세,상해없음,승용,남,45세,경상
2016111300100211,2016년 11월 13일 12시,일요일,경상북도 영천시 야사동,경상사고,0,0,4,0,차대차 - 측면직각충돌,교차로운행방법위반,건조,맑음,교차로 - 교차로안,승용,남,31세,경상,화물,남,65세,경상
2016111300100212,2016년 11월 13일 12시,일요일,경상북도 포항시 남구 오천읍,경상사고,0,0,5,0,차대차 - 추돌,안전운전불이행,건조,맑음,단일로 - 기타,승용,남,63세,상해없음,승용,여,40세,경상
2016111300100253,2016년 11월 13일 14시,일요일,경상북도 포항시 북구 흥해읍,경상사고,0,0,2,0,차대차 - 추돌,신호위반,건조,맑음,교차로 - 교차로안,화물,남,51세,상해없음,승용,남,63세,경상
2016111300100254,2016년 11월 13일 14시,일요일,경상북도 영천시 고경면,경상사고,0,0,2,0,차대차 - 정면충돌,안전거리미확보,건조,맑음,단일로 - 기타,승용,남,59세,경상,승용,남,61세,상해없음
2016111300100255,2016년 11월 13일 14시,일요일,경상북도 경산시 남산면,경상사고,0,0,1,0,차대차 - 정면충돌,안전운전불이행,건조,맑음,단일로 - 기타,승용,남,81세,상해없음,자전거,남,57세,경상