사고번호,사고일시,요일,시군구,사고내용,사망자수,중상자수,경상자수,부상신고자수,사고유형,법규위반,노면상태,기상상태,도로형태,가해운전자 차종,가해운전자 성별,가해운전자 연령,가해운전자 상해정도,피해운전자 차종,피해운전자 성별,피해운전자 연령,피해운전자 상해정도
2016111800100536,2016년 11월 18일 18시,금요일,경상북도 포항시 남구 동촌동,경상사고,0,0,1,0,차대차 - 기타,안전거리미확보,습기,맑음,단일로 - 기타,이륜,남,52세,경상,화물,남,45세,상해없음
2016111800100612,2016년 11월 18일 19시,금요일,경상북도 경주시 안강읍,중상사고,0,1,0,0,차대사람 - 횡단중,안전운전불이행,습기,비,단일로 - 기타,승용,남,40세,상해없음,보행자,남,68세,중상
2016111800100613,2016년 11월 18일 19시,금요일,경상북도 경주시 안강읍,사망사고,1,0,0,0,차대차 - 기타,안전운전불이행,습기,비,단일로 - 기타,화물,남,57세,상해없음,자전거,남,74세,사망
2016111800100614,2016년 11월 18일 19시,금요일,경상북도 포항시 북구 장성동,중상사고,0,1,1,0,차대차 - 정면충돌,교차로운행방법위반,습기,비,교차로 - 교차로안,화물,남,59세,경상,승용,남,34세,중상
2016111800100615,2016년 11월 18일 19시,금요일,경상북도 문경시 산양면,경상사고,0,0,3,0,차대차 - 측면직각충돌,안전운전불이행,습기,비,교차로 - 교차로안,승용,여,51세,경상,승용,여,32세,경상
2016111800100616,2016년 11월 18일 19시,금요일,경상북도 구미시 사곡동,중상사고,0,1,1,0,차대차 - 추돌,안전운전불이행,습기,비,교차로 - 교차로부근,화물,남,21세,상해없음,화물,남,49세,중상
2016111800100617,2016년 11월 18일 19시,금요일,경상북도 구미시 상모동,경상사고,0,0,1,0,차대차 - 기타,교차로운행방법위반,습기,비,교차로 - 교차로안,승용,여,55세,기타불명,승용,남,30세,경상
2016111800100662,2016년 11월 18일 20시,금요일,경상북도 영천시 화룡동,경상사고,0,0,2,0,차대차 - 추돌,안전운전불이행,습기,비,교차로 - 교차로안,기타불명,기타불명,기타불명,기타불명,화물,남,49세,경상
2016111800100663,2016년 11월 18일 20시,금요일,경상북도 고령군 대가야읍,경상사고,0,0,1,0,차대차 - 측면직각충돌,교차로운행방법위반,습기,비,교차로 - 교차로안,승용,여,28세,상해없음,원동기,남,26세,경상
2016111800100664,2016년 11월 18일 20시,금요일,경상북도 구미시 옥계동,부상신고사고,0,0,0,1,차대차 - 기타,차로위반,습기,비,단일로 - 기타,기타불명,기타불명,기타불명,기타불명,이륜,남,43세,부상신고
2016111800100665,2016년 11월 18일 20시,금요일,경상북도 포항시 남구 오천읍,경상사고,0,0,1,0,차대차 - 기타,안전운전불이행,건조,맑음,단일로 - 기타,승합,남,40세,상해없음,이륜,남,36세,경상
2016111800100666,2016년 11월 18일 20시,금요일,경상북도 포항시 남구 대송면,경상사고,0,0,1,0,차대차 - 기타,안전운전불이행,습기,비,단일로 - 기타,화물,여,56세,상해없음,승용,남,21세,경상
2016111800100710,2016년 11월 18일 21시,금요일,경상북도 경주시 배반동,경상사고,0,0,1,0,차대차 - 정면충돌,중앙선침범,습기,비,교차로 - 교차로부근,승용,남,68세,상해없음,화물,남,51세,경상
2016111800100711,2016년 11월 18일 21시,금요일,경상북도 경주시 배반동,경상사고,0,0,1,1,차대차 - 측면충돌,안전거리미확보,습기,비,단일로 - 기타,승용,여,48세,부상신고,승용,남,30세,경상
2016111800100712,2016년 11월 18일 21시,금요일,경상북도 포항시 북구 죽도동,중상사고,0,1,1,0,차대차 - 정면충돌,안전운전불이행,습기,비,교차로 - 교차로부근,승용,여,47세,상해없음,승용,남,56세,중상
2016111800100713,2016년 11월 18일 21시,금요일,경상북도 포항시 북구 죽도동,경상사고,0,0,1,0,차대차 - 추돌,안전운전불이행,습기,비,단일로 - 기타,승용,남,20세,상해없음,승용,여,43세,경상
2016111800100714,2016년 11월 18일 21시,금요일,경상북도 칠곡군 왜관읍,중상사고,0,1,0,0,차대차 - 기타,안전운전불이행,습기,비,단일로 - 기타,승용,남,31세,기타불명,승용,남,30세,중상
2016111800100715,2016년 11월 18일 21시,금요일,경상북도 경산시 백천동,경상사고,0,0,1,0,차대차 - 기타,안전운전불이행,습기,비,교차로 - 교차로안,이륜,남,27세,경상,승용,여,49세,상해없음
2016111800100716,2016년 11월 18일 21시,금요일,경상북도 고령군 대가야읍,경상사고,0,0,1,0,차대차 - 측면직각충돌,안전운전불이행,건조,맑음,단일로 - 기타,승용,여,44세,상해없음,승용,여,26세,경상
2016111800100717,2016년 11월 18일 21시,금요일,경상북도 포항시 남구 오천읍,경상사고,0,0,1,0,차대차 - 측면직각충돌,직진우회전진행방해,습기,비,교차로 - 교차로안,승용,남,45세,상해없음,이륜,남,25세,경상
2016111800100718,2016년 11월 18일 21시,금요일,경상북도 포항시 남구 오천읍,경상사고,0,0,1,0,차대차 - 추돌,안전운전불이행,습기,비,교차로 - 교차로부근,승용,남,45세,상해없음,승용,남,49세,경상
2016111800100755,2016년 11월 18일 22시,금요일,경상북도 포항시 북구 동빈2가,경상사고,0,0,2,0,차대차 - 정면충돌,안전운전불이행,습기,비,교차로 - 교차로부근,승용,남,66세,상해없음,승용,남,30세,경상
2016111800100756,2016년 11월 18일 22시,금요일,경상북도 칠곡군 북삼읍,경상사고,0,0,1,0,차대차 - 측면충돌,중앙선침범,습기,비,교차로 - 교차로부근,승용,남,50세,상해없음,이륜,남,19세,경상
2016111800100757,2016년 11월 18일 22시,금요일,경상북도 문경시 모전동,경상사고,0,0,1,0,차대사람 - 횡단중,중앙선침범,습기,비,단일로 - 기타,원동기,남,16세,상해없음,보행자,남,45세,경상
2016111800100758,2016년 11월 18일 22시,금요일,경상북도 김천시 남면,경상사고,0,0,3,0,차대차 - 기타,중앙선침범,습기,비,단일로 - 기타,승용,남,25세,상해없음,승용,여,34세,경상
2016111800100794,2016년 11월 18일 23시,금요일,경상북도 경주시 현곡면,중상사고,0,1,3,0,차대차 - 추돌,안전운전불이행,습기,비,단일로 - 기타,화물,남,54세,상해없음,승용,남,29세,중상
2016111900100028,2016년 11월 19일 00시,토요일,경상북도 구미시 광평동,경상사고,0,0,2,0,차대차 - 정면충돌,안전운전불이행,습기,비,교차로 - 교차로부근,승용,남,21세,상해없음,승용,남,40세,경상
2016111900100050,2016년 11월 19일 01시,토요일,경상북도 칠곡군 북삼읍,부상신고사고,0,0,0,1,차대차 - 정면충돌,안전운전불이행,습기,비,단일로 - 기타,승용,남,25세,부상신고,승용,남,43세,기타불명
2016111900100068,2016년 11월 19일 02시,토요일,경상북도 경산시 계양동,경상사고,0,0,1,0,차대사람 - 횡단중,보행자보호의무위반,습기,비,단일로 - 기타,이륜,남,17세,상해없음,보행자,여,30세,경상
2016111900100129,2016년 11월 19일 07시,토요일,경상북도 김천시 봉산면,중상사고,0,1,0,0,차대사람 - 횡단중,보행자보호의무위반,건조,맑음,단일로 - 횡단보도상,건설기계,남,43세,상해없음,보행자,여,17세,중상
2016111900100152,2016년 11월 19일 08시,토요일,경상북도 칠곡군 석적읍,경상사고,0,0,1,0,차대차 - 추돌,안전운전불이행,습기,비,교차로 - 교차로부근,화물,남,50세,상해없음,승용,남,48세,경상
2016111900100153,2016년 11월 19일 08시,토요일,경상북도 영덕군 영덕읍,경상사고,0,0,1,0,차대차 - 측면충돌,교차로운행방법위반,건조,맑음,교차로 - 교차로안,화물,여,69세,상해없음,승용,남,58세,경상
2016111900100154,2016년 11월 19일 08시,토요일,경상북도 청도군 청도읍,경상사고,0,0,4,0,차대차 - 측면직각충돌,직진우회전진행방해,건조,맑음,교차로 - 교차로안,승용,여,49세,경상,화물,남,69세,경상
2016111900100180,2016년 11월 19일 09시,토요일,경상북도 영주시 문정동,경상사고,0,0,2,0,차대차 - 추돌,안전운전불이행,습기,맑음,단일로 - 기타,화물,남,66세,상해없음,승용,남,63세,경상
2016111900100213,2016년 11월 19일 10시,토요일,경상북도 상주시 외서면,중상사고,0,1,0,0,차대차 - 측면충돌,교차로운행방법위반,건조,맑음,교차로 - 교차로부근,화물,남,55세,상해없음,화물,여,48세,중상
2016111900100214,2016년 11월 19일 10시,토요일,경상북도 영덕군 축산면,경상사고,0,0,1,0,차대차 - 측면충돌,안전운전불이행,건조,맑음,단일로 - 기타,화물,남,54세,상해없음,승용,여,33세,경상
2016111900100244,2016년 11월 19일 11시,토요일,경상북도 안동시 길안면,중상사고,0,2,0,0,차량단독 - 기타,안전운전불이행,건조,맑음,단일로 - 기타,승용,여,45세,중상,,,,
2016111900100245,2016년 11월 19일 11시,토요일,경상북도 영주시 휴천동,중상사고,0,1,0,0,차대차 - 측면충돌,안전운전불이행,건조,맑음,단일로 - 기타,화물,남,70세,상해없음,원동기,남,50세,중상
2016111900100287,2016년 11월 19일 12시,토요일,경상북도 경산시 조영동,경상사고,0,0,1,0,차대차 - 측면충돌,안전운전불이행,건조,맑음,교차로 - 교차로부근,승용,남,25세,상해없음,이륜,남,22세,경상
2016111900100325,2016년 11월 19일 13시,토요일,경상북도 포항시 북구 흥해읍,중상사고,0,4,0,0,차량단독 - 전도전복,안전운전불이행,건조,맑음,단일로 - 기타,승용,남,60세,상해없음,,,,
2016111900100326,2016년 11월 19일 13시,토요일,경상북도 상주시 복룡동,사망사고,1,0,0,0,차대차 - 측면직각충돌,안전운전불이행,건조,흐림,단일로 - 기타,화물,남,55세,상해없음,자전거,남,74세,사망
2016111900100327,2016년 11월 19일 13시,토요일,경상북도 영주시 영주동,중상사고,0,1,0,0,차대사람 - 횡단중,보행자보호의무위반,건조,맑음,교차로 - 교차로부근,승용,여,48세,상해없음,보행자,남,54세,중상
2016111900100328,2016년 11월 19일 13시,토요일,경상북도 문경시 가은읍,경상사고,0,0,1,0,차대차 - 기타,안전운전불이행,습기,흐림,단일로 - 기타,화물,남,55세,상해없음,자전거,남,64세,경상
2016111900100329,2016년 11월 19일 13시,토요일,경상북도 성주군 선남면,경상사고,0,0,1,0,차대차 - 측면충돌,안전운전불이행,건조,맑음,기타 - 기타,화물,남,44세,상해없음,승용,여,40세,경상
2016111900100330,2016년 11월 19일 13시,토요일,경상북도 구미시 인의동,경상사고,0,0,2,0,차대사람 - 기타,안전운전불이행,건조,맑음,교차로 - 교차로부근,승용,남,23세,상해없음,보행자,남,31세,경상
2016111900100331,2016년 11월 19일 13시,토요일,경상북도 구미시 공단동,경상사고,0,0,1,0,차대차 - 측면충돌,안전운전불이행,건조,맑음,교차로 - 교차로부근,승용,남,32세,상해없음,승용,남,50세,경상
2016111900100369,2016년 11월 19일 14시,토요일,경상북도 포항시 북구 죽도동,중상사고,0,1,0,0,차대사람 - 횡단중,보행자보호의무위반,건조,맑음,교차로 - 교차로부근,이륜,남,29세,상해없음,보행자,여,62세,중상
2016111900100370,2016년 11월 19일 14시,토요일,경상북도 구미시 형곡동,경상사고,0,0,1,0,차대차 - 측면충돌,안전운전불이행,건조,맑음,단일로 - 기타,승용,남,24세,상해없음,이륜,남,60세,경상
2016111900100410,2016년 11월 19일 15시,토요일,경상북도 포항시 북구 장성동,경상사고,0,0,1,0,차대차 - 측면충돌,직진우회전진행방해,건조,맑음,교차로 - 교차로안,승용,남,39세,상해없음,승용,여,28세,경상
2016111900100442,2016년 11월 19일 16시,토요일,경상북도 포항시 북구 송라면,중상사고,0,1,3,0,차대차 - 정면충돌,안전운전불이행,건조,맑음,교차로 - 교차로부근,화물,남,65세,경상,승용,여,56세,경상
2016111900100443,2016년 11월 19일 16시,토요일,경상북도 포항시 북구 송라면,중상사고,0,1,0,0,차대사람 - 차도통행중,안전운전불이행,건조,맑음,단일로 - 기타,승용,여,60세,기타불명,보행자,여,81세,중상
2016111900100444,2016년 11월 19일 16시,토요일,경상북도 상주시 함창읍,경상사고,0,0,1,0,차대차 - 측면직각충돌,교차로운행방법위반,건조,맑음,교차로 - 교차로안,승용,남,39세,상해없음,승용,여,38세,경상
2016111900100445,2016년 11월 19일 16시,토요일,경상북도 영주시 문수면,중상사고,0,1,0,0,차대차 - 측면충돌,안전운전불이행,건조,맑음,단일로 - 기타,원동기,남,76세,중상,특수,남,48세,기타불명
2016111900100446,2016년 11월 19일 16시,토요일,경상북도 청도군 각북면,중상사고,0,1,0,0,차대차 - 기타,중앙선침범,건조,흐림,단일로 - 기타,화물,남,60세,상해없음,자전거,여,33세,중상
2016111900100488,2016년 11월 19일 17시,토요일,경상북도 상주시 사벌면,경상사고,0,0,1,0,차대차 - 정면충돌,안전운전불이행,건조,맑음,단일로 - 기타,승용,남,55세,상해없음,화물,남,59세,경상
2016111900100489,2016년 11월 19일 17시,토요일,경상북도 군위군 우보면,경상사고,0,0,1,0,차대차 - 측면충돌,중앙선침범,건조,맑음,단일로 - 기타,이륜,남,51세,경상,승용,남,52세,상해없음
2016111900100490,2016년 11월 19일 17시,토요일,경상북도 구미시 광평동,경상사고,0,0,2,0,차대차 - 추돌,안전운전불이행,건조,맑음,교차로 - 교차로부근,승용,남,42세,상해없음,승용,남,62세,경상
2016111900100491,2016년 11월 19일 17시,토요일,경상북도 구미시 산동면,경상사고,0,0,2,0,차대차 - 측면충돌,안전거리미확보,건조,맑음,단일로 - 기타,화물,남,62세,상해없음,승합,남,35세,경상
2016111900100538,2016년 11월 19일 18시,토요일,경상북도 칠곡군 왜관읍,중상사고,0,1,0,0,차대사람 - 기타,안전운전불이행,건조,맑음,단일로 - 기타,승용,남,54세,상해없음,보행자,남,2세,중상
2016111900100539,2016년 11월 19일 18시,토요일,경상북도 경산시 하양읍,경상사고,0,0,1,0,차대차 - 정면충돌,중앙선침범,건조,맑음,단일로 - 기타,화물,남,46세,상해없음,이륜,남,16세,경상
2016111900100606,2016년 11월 19일 19시,토요일,경상북도 포항시 북구 항구동,중상사고,0,1,0,0,차대차 - 정면충돌,안전운전불이행,건조,맑음,단일로 - 기타,자전거,남,11세,중상,승용,남,50세,상해없음
2016111900100607,2016년 11월 19일 19시,토요일,경상북도 포항시 북구 우현동,경상사고,0,0,1,0,차대차 - 기타,안전운전불이행,건조,맑음,단일로 - 기타,승용,여,53세,상해없음,승용,남,24세,경상
2016111900100608,2016년 11월 19일 19시,토요일,경상북도 청도군 청도읍,경상사고,0,0,1,0,차대사람 - 횡단중,신호위반,건조,맑음,교차로 - 교차로안,승용,남,27세,상해없음,보행자,여,22세,경상
2016111900100609,2016년 11월 19일 19시,토요일,경상북도 성주군 성주읍,중상사고,0,1,0,0,차대차 - 기타,안전운전불이행,건조,맑음,교차로 - 교차로부근,승용,남,35세,상해없음,이륜,남,60세,중상
2016111900100610,2016년 11월 19일 19시,토요일,경상북도 구미시 공단동,중상사고,0,1,0,0,차대사람 - 횡단중,안전운전불이행,건조,맑음,단일로 - 기타,승용,남,34세,상해없음,보행자,여,30세,중상
2016111900100647,2016년 11월 19일 20시,토요일,경상북도 경주시 신평동,중상사고,0,1,2,0,차대차 - 측면충돌,안전운전불이행,건조,맑음,단일로 - 기타,승용,남,37세,상해없음,승용,남,58세,경상
2016111900100648,2016년 11월 19일 20시,토요일,경상북도 고령군 대가야읍,경상사고,0,0,4,0,차대차 - 측면직각충돌,직진우회전진행방해,건조,맑음,교차로 - 교차로안,승용,여,31세,상해없음,승용,남,52세,경상
2016111900100649,2016년 11월 19일 20시,토요일,경상북도 포항시 남구 송내동,경상사고,0,0,2,0,차대차 - 추돌,안전운전불이행,건조,맑음,단일로 - 기타,승용,남,67세,상해없음,승용,남,32세,경상
2016111900100676,2016년 11월 19일 21시,토요일,경상북도 경산시 자인면,경상사고,0,0,1,0,차대차 - 기타,직진우회전진행방해,건조,맑음,교차로 - 교차로안,승용,여,50세,상해없음,승용,남,57세,상해없음
2016111900100677,2016년 11월 19일 21시,토요일,경상북도 경산시 계양동,중상사고,0,1,0,0,차량단독 - 전도전복,안전운전불이행,습기,비,단일로 - 기타,이륜,남,44세,중상,,,,
2016111900100707,2016년 11월 19일 22시,토요일,경상북도 경산시 계양동,중상사고,0,1,0,0,차대차 - 측면충돌,안전운전불이행,건조,맑음,단일로 - 기타,기타불명,기타불명,기타불명,기타불명,이륜,남,18세,중상
2016111900100732,2016년 11월 19일 23시,토요일,경상북도 상주시 무양동,중상사고,0,1,1,0,차대차 - 측면직각충돌,교차로운행방법위반,건조,맑음,교차로 - 교차로안,승용,남,56세,상해없음,승용,남,23세,경상
2016111900100733,2016년 11월 19일 23시,토요일,경상북도 구미시 봉곡동,경상사고,0,0,2,0,차대차 - 측면충돌,교차로운행방법위반,건조,맑음,교차로 - 교차로안,이륜,남,16세,경상,이륜,남,42세,경상
2016111900100734,2016년 11월 19일 23시,토요일,경상북도 구미시 황상동,경상사고,0,0,1,0,차대차 - 측면충돌,교차로운행방법위반,건조,맑음,교차로 - 교차로안,승용,여,27세,상해없음,승용,남,50세,경상
2016112000100008,2016년 11월 20일 00시,일요일,경상북도 구미시 사곡동,경상사고,0,0,1,0,차대차 - 측면충돌,안전운전불이행,건조,맑음,교차로 - 교차로안,승용,남,30세,상해없음,승용,남,52세,상해없음
2016112000100045,2016년 11월 20일 02시,일요일,경상북도 경산시 압량면,경상사고,0,0,2,0,차대차 - 측면충돌,교차로운행방법위반,건조,맑음,교차로 - 교차로안,승용,여,41세,상해없음,승용,남,26세,경상
2016112000100058,2016년 11월 20일 03시,일요일,경상북도 구미시 원평동,경상사고,0,0,2,0,차대차 - 측면충돌,중앙선침범,건조,맑음,단일로 - 기타,승용,남,34세,상해없음,승용,남,38세,경상
2016112000100071,2016년 11월 20일 04시,일요일,경상북도 경주시 서면,사망사고,1,0,0,0,차량단독 - 전도전복,안전운전불이행,건조,흐림,단일로 - 기타,승용,남,20세,사망,,,,
2016112000100158,2016년 11월 20일 10시,일요일,경상북도 구미시 봉곡동,경상사고,0,0,1,0,차대차 - 측면충돌,안전거리미확보,건조,맑음,단일로 - 기타,화물,남,46세,상해없음,원동기,남,23세,경상
2016112000100186,2016년 11월 20일 11시,일요일,경상북도 영주시 풍기읍,사망사고,1,0,0,0,차대차 - 측면충돌,중앙선침범,건조,맑음,단일로 - 기타,승용,여,40세,상해없음,이륜,남,75세,사망
2016112000100187,2016년 11월 20일 11시,일요일,경상북도 영덕군 강구면,중상사고,0,2,1,0,차대사람 - 기타,안전운전불이행,건조,맑음,단일로 - 기타,승용,남,71세,상해없음,보행자,여,59세,중상
2016112000100207,2016년 11월 20일 12시,일요일,경상북도 영주시 평은면,경상사고,0,0,3,1,차대차 - 추돌,안전운전불이행,건조,맑음,단일로 - 기타,승합,남,36세,상해없음,승용,남,54세,경상
2016112000100208,2016년 11월 20일 12시,일요일,경상북도 영천시 완산동,경상사고,0,0,1,0,차대사람 - 기타,안전운전불이행,건조,맑음,단일로 - 기타,승용,남,64세,상해없음,보행자,남,15세,경상
2016112000100209,2016년 11월 20일 12시,일요일,경상북도 포항시 남구 이동,경상사고,0,0,1,0,차대차 - 기타,안전운전불이행,건조,맑음,단일로 - 기타,승용,남,42세,상해없음,승용,여,41세,경상
2016112000100244,2016년 11월 20일 13시,일요일,경상북도 김천시 남면,경상사고,0,0,2,0,차대차 - 측면충돌,중앙선침범,건조,맑음,교차로 - 교차로안,승용,남,59세,상해없음,승용,남,52세,경상
2016112000100245,2016년 11월 20일 13시,일요일,경상북도 문경시 모전동,경상사고,0,0,3,0,차대차 - 측면충돌,신호위반,건조,맑음,교차로 - 교차로안,승용,남,63세,경상,승용,남,54세,경상
2016112000100246,2016년 11월 20일 13시,일요일,경상북도 성주군 선남면,중상사고,0,2,0,0,차대차 - 정면충돌,중앙선침범,건조,맑음,단일로 - 기타,승용,남,81세,상해없음,승용,남,51세,중상
2016112000100275,2016년 11월 20일 14시,일요일,경상북도 경주시 충효동,경상사고,0,0,1,0,차대차 - 측면직각충돌,안전운전불이행,건조,맑음,단일로 - 기타,승용,여,63세,상해없음,승용,여,30세,경상
2016112000100276,2016년 11월 20일 14시,일요일,경상북도 포항시 북구 우현동,경상사고,0,0,1,0,차대사람 - 횡단중,안전운전불이행,건조,맑음,교차로 - 교차로부근,승용,여,28세,상해없음,보행자,여,19세,경상
2016112000100309,2016년 11월 20일 15시,일요일,경상북도 경주시 율동,중상사고,0,1,1,0,차대차 - 기타,안전운전불이행,건조,맑음,단일로 - 기타,승용,남,41세,상해없음,승용,여,34세,중상
2016112000100310,2016년 11월 20일 15시,일요일,경상북도 안동시 임하면,중상사고,0,2,1,0,차대차 - 정면충돌,중앙선침범,건조,맑음,단일로 - 기타,화물,남,26세,상해없음,승용,남,72세,경상
2016112000100311,2016년 11월 20일 15시,일요일,경상북도 김천시 평화동,경상사고,0,0,1,0,차대사람 - 기타,안전운전불이행,건조,맑음,단일로 - 기타,승용,남,71세,상해없음,보행자,여,80세,경상
2016112000100343,2016년 11월 20일 16시,일요일,경상북도 포항시 북구 남빈동,경상사고,0,0,1,0,차대차 - 정면충돌,신호위반,건조,맑음,교차로 - 교차로안,승용,남,52세,상해없음,승합,남,47세,상해없음
2016112000100344,2016년 11월 20일 16시,일요일,경상북도 상주시 사벌면,중상사고,0,1,5,0,차대차 - 측면직각충돌,안전운전불이행,건조,맑음,교차로 - 교차로안,승용,남,66세,경상,화물,남,43세,중상
2016112000100345,2016년 11월 20일 16시,일요일,경상북도 칠곡군 왜관읍,경상사고,0,0,1,0,차대차 - 추돌,안전운전불이행,건조,맑음,교차로 - 교차로부근,승용,남,50세,상해없음,화물,남,37세,경상
2016112000100379,2016년 11월 20일 17시,일요일,경상북도 경산시 하양읍,중상사고,0,1,0,0,차대사람 - 기타,안전운전불이행,건조,맑음,단일로 - 기타,이륜,남,41세,상해없음,보행자,여,60세,중상
2016112000100380,2016년 11월 20일 17시,일요일,경상북도 영덕군 영해면,경상사고,0,0,1,0,차대차 - 정면충돌,중앙선침범,건조,맑음,단일로 - 기타,승용,남,71세,상해없음,이륜,남,67세,경상
2016112000100381,2016년 11월 20일 17시,일요일,경상북도 포항시 남구 상도동,경상사고,0,0,3,0,차대차 - 측면충돌,교차로운행방법위반,건조,맑음,교차로 - 교차로안,승용,남,75세,상해없음,승용,여,43세,경상
2016112000100416,2016년 11월 20일 18시,일요일,경상북도 안동시 송현동,경상사고,0,0,1,0,차대차 - 정면충돌,중앙선침범,건조,맑음,교차로 - 교차로부근,승용,남,83세,상해없음,승용,남,54세,경상
2016112000100417,2016년 11월 20일 18시,일요일,경상북도 안동시 임하면,경상사고,0,0,1,0,차대사람 - 길가장자리구역통행중,안전운전불이행,건조,맑음,단일로 - 기타,승용,남,77세,기타불명,보행자,여,33세,경상
2016112000100418,2016년 11월 20일 18시,일요일,경상북도 영주시 풍기읍,경상사고,0,0,2,0,차대사람 - 횡단중,안전운전불이행,건조,맑음,단일로 - 기타,원동기,남,14세,경상,보행자,남,66세,경상
2016112000100419,2016년 11월 20일 18시,일요일,경상북도 문경시 마성면,중상사고,0,5,1,0,차대차 - 측면충돌,안전운전불이행,건조,맑음,교차로 - 교차로안,승용,남,56세,중상,승합,남,47세,경상
2016112000100420,2016년 11월 20일 18시,일요일,경상북도 울릉군 울릉읍,부상신고사고,0,0,0,1,차량단독 - 기타,안전운전불이행,건조,맑음,단일로 - 기타,이륜,여,55세,부상신고,,,,
2016112000100444,2016년 11월 20일 19시,일요일,경상북도 포항시 북구 신흥동,경상사고,0,0,1,0,차대차 - 정면충돌,안전운전불이행,건조,맑음,단일로 - 기타,승용,남,59세,상해없음,자전거,여,59세,경상
2016112000100477,2016년 11월 20일 20시,일요일,경상북도 구미시 비산동,경상사고,0,0,2,0,차대차 - 측면충돌,안전운전불이행,건조,맑음,단일로 - 기타,승용,남,47세,상해없음,승용,남,26세,경상
2016112000100478,2016년 11월 20일 20시,일요일,경상북도 포항시 남구 상도동,중상사고,0,1,1,0,차대차 - 정면충돌,중앙선침범,건조,맑음,단일로 - 기타,자전거,남,62세,경상,자전거,남,15세,중상
2016112000100495,2016년 11월 20일 21시,일요일,경상북도 포항시 북구 죽도동,중상사고,0,1,0,0,차대차 - 추돌,안전운전불이행,건조,맑음,교차로 - 교차로부근,승용,남,45세,상해없음,승용,남,31세,중상
2016112000100517,2016년 11월 20일 22시,일요일,경상북도 영천시 야사동,부상신고사고,0,0,0,1,차대사람 - 기타,안전운전불이행,건조,맑음,단일로 - 기타,승용,남,42세,기타불명,보행자,여,63세,부상신고
2016112000100545,2016년 11월 20일 23시,일요일,경상북도 포항시 남구 오천읍,중상사고,0,1,1,0,차대차 - 추돌,안전운전불이행,건조,맑음,단일로 - 기타,화물,남,62세,중상,화물,남,36세,경상
2016112100100009,2016년 11월 21일 00시,월요일,경상북도 영주시 휴천동,경상사고,0,0,1,0,차대사람 - 횡단중,안전운전불이행,건조,맑음,교차로 - 교차로안,승용,남,34세,상해없음,보행자,남,34세,경상
2016112100100010,2016년 11월 21일 00시,월요일,경상북도 구미시 진평동,경상사고,0,0,3,0,차대차 - 정면충돌,교차로운행방법위반,건조,맑음,교차로 - 교차로안,승용,남,23세,경상,승용,여,31세,경상
2016112100100017,2016년 11월 21일 01시,월요일,경상북도 김천시 성내동,중상사고,0,1,1,0,차대차 - 측면충돌,교차로운행방법위반,건조,맑음,교차로 - 교차로안,승용,남,57세,상해없음,승용,남,20세,상해없음
2016112100100080,2016년 11월 21일 07시,월요일,경상북도 칠곡군 왜관읍,중상사고,0,1,0,0,차대사람 - 횡단중,안전운전불이행,건조,맑음,교차로 - 교차로부근,승용,여,55세,상해없음,보행자,남,33세,중상
2016112100100110,2016년 11월 21일 08시,월요일,경상북도 칠곡군 약목면,중상사고,0,1,1,0,차대차 - 측면충돌,직진우회전진행방해,건조,맑음,교차로 - 교차로안,승용,남,59세,경상,승용,여,49세,중상
2016112100100111,2016년 11월 21일 08시,월요일,경상북도 성주군 선남면,중상사고,0,2,6,0,차대차 - 추돌,안전운전불이행,건조,맑음,기타 - 기타,승용,남,31세,상해없음,승용,남,21세,중상
2016112100100152,2016년 11월 21일 09시,월요일,경상북도 경산시 옥산동,경상사고,0,0,3,0,차대차 - 정면충돌,안전거리미확보,건조,맑음,단일로 - 기타,승용,남,30세,상해없음,승용,여,58세,경상
2016112100100195,2016년 11월 21일 10시,월요일,경상북도 포항시 북구 용흥동,경상사고,0,0,1,0,차대차 - 측면충돌,안전운전불이행,건조,맑음,교차로 - 교차로부근,승용,남,79세,상해없음,승용,여,32세,경상
2016112100100226,2016년 11월 21일 11시,월요일,경상북도 의성군 가음면,중상사고,0,1,0,0,차대사람 - 기타,안전운전불이행,건조,맑음,단일로 - 기타,화물,남,43세,상해없음,보행자,여,79세,중상
2016112100100227,2016년 11월 21일 11시,월요일,경상북도 경산시 진량읍,경상사고,0,0,1,0,차대차 - 측면직각충돌,신호위반,건조,맑음,교차로 - 교차로안,승용,남,48세,상해없음,자전거,남,79세,경상
2016112100100228,2016년 11월 21일 11시,월요일,경상북도 구미시 공단동,경상사고,0,0,1,0,차대차 - 추돌,안전운전불이행,건조,맑음,교차로 - 교차로부근,화물,남,39세,상해없음,화물,남,51세,경상
2016112100100255,2016년 11월 21일 12시,월요일,경상북도 봉화군 봉화읍,경상사고,0,0,1,0,차대사람 - 기타,안전운전불이행,건조,맑음,기타 - 기타,화물,남,43세,상해없음,보행자,남,73세,경상