사고번호,사고일시,요일,시군구,사고내용,사망자수,중상자수,경상자수,부상신고자수,사고유형,법규위반,노면상태,기상상태,도로형태,가해운전자 차종,가해운전자 성별,가해운전자 연령,가해운전자 상해정도,피해운전자 차종,피해운전자 성별,피해운전자 연령,피해운전자 상해정도
2016112100100316,2016년 11월 21일 14시,월요일,경상북도 포항시 북구 장성동,경상사고,0,0,1,0,차대차 - 정면충돌,차로위반,건조,맑음,교차로 - 교차로부근,승용,여,39세,상해없음,원동기,남,17세,경상
2016112100100317,2016년 11월 21일 14시,월요일,경상북도 경산시 사동,중상사고,0,1,0,0,차대차 - 정면충돌,안전운전불이행,건조,맑음,교차로 - 교차로안,화물,남,20세,상해없음,이륜,남,55세,중상
2016112100100318,2016년 11월 21일 14시,월요일,경상북도 성주군 월항면,중상사고,0,1,0,0,차대차 - 측면직각충돌,안전운전불이행,건조,맑음,교차로 - 교차로안,승용,여,41세,상해없음,자전거,여,68세,중상
2016112100100319,2016년 11월 21일 14시,월요일,경상북도 구미시 송정동,부상신고사고,0,0,0,1,차대차 - 기타,안전운전불이행,건조,맑음,교차로 - 교차로부근,자전거,남,76세,부상신고,승용,여,37세,상해없음
2016112100100346,2016년 11월 21일 15시,월요일,경상북도 안동시 남후면,중상사고,0,1,0,0,차대차 - 측면직각충돌,안전운전불이행,건조,맑음,기타 - 기타,화물,남,64세,상해없음,이륜,남,78세,중상
2016112100100388,2016년 11월 21일 16시,월요일,경상북도 경주시 인왕동,경상사고,0,0,1,0,차대차 - 측면충돌,안전운전불이행,건조,맑음,교차로 - 교차로안,이륜,남,61세,경상,승용,남,54세,상해없음
2016112100100389,2016년 11월 21일 16시,월요일,경상북도 경주시 용강동,경상사고,0,0,1,0,차대차 - 추돌,안전운전불이행,건조,맑음,단일로 - 기타,승합,남,65세,상해없음,승용,남,30세,경상
2016112100100390,2016년 11월 21일 16시,월요일,경상북도 안동시 남선면,중상사고,0,1,0,0,차대차 - 추돌,안전운전불이행,건조,맑음,단일로 - 터널,승용,남,56세,중상,건설기계,남,45세,상해없음
2016112100100391,2016년 11월 21일 16시,월요일,경상북도 영덕군 강구면,경상사고,0,0,1,0,차대차 - 측면충돌,교차로운행방법위반,건조,맑음,교차로 - 교차로안,이륜,여,60세,경상,승합,여,51세,상해없음
2016112100100426,2016년 11월 21일 17시,월요일,경상북도 경주시 안강읍,중상사고,0,1,0,0,차대사람 - 횡단중,안전운전불이행,건조,맑음,단일로 - 기타,승용,여,54세,상해없음,보행자,여,70세,중상
2016112100100427,2016년 11월 21일 17시,월요일,경상북도 경주시 용강동,부상신고사고,0,0,0,1,차대차 - 추돌,안전운전불이행,건조,맑음,단일로 - 기타,이륜,남,74세,부상신고,승용,여,37세,상해없음
2016112100100428,2016년 11월 21일 17시,월요일,경상북도 김천시 신음동,중상사고,0,1,1,0,차대차 - 정면충돌,교차로운행방법위반,건조,맑음,교차로 - 교차로안,승용,여,45세,경상,승용,여,36세,중상
2016112100100429,2016년 11월 21일 17시,월요일,경상북도 영천시 대전동,중상사고,0,1,0,0,차대차 - 추돌,안전운전불이행,건조,맑음,단일로 - 기타,화물,남,50세,중상,건설기계,남,57세,상해없음
2016112100100430,2016년 11월 21일 17시,월요일,경상북도 구미시 고아읍,경상사고,0,0,1,0,차대차 - 정면충돌,신호위반,건조,맑음,교차로 - 교차로안,승용,남,29세,경상,승용,남,51세,상해없음
2016112100100534,2016년 11월 21일 19시,월요일,경상북도 경주시 배반동,중상사고,0,1,0,0,차대차 - 측면충돌,안전운전불이행,건조,맑음,단일로 - 기타,승용,남,39세,상해없음,자전거,남,53세,중상
2016112100100586,2016년 11월 21일 21시,월요일,경상북도 경주시 강동면,중상사고,0,1,0,0,차량단독 - 전도전복,안전운전불이행,건조,맑음,단일로 - 기타,승용,남,67세,상해없음,,,,
2016112100100587,2016년 11월 21일 21시,월요일,경상북도 구미시 구포동,경상사고,0,0,1,0,차대차 - 측면충돌,신호위반,건조,맑음,교차로 - 교차로안,승용,남,34세,상해없음,승용,남,20세,경상
2016112100100634,2016년 11월 21일 23시,월요일,경상북도 영천시 금노동,중상사고,0,1,0,0,차량단독 - 전도전복,안전운전불이행,건조,맑음,교차로 - 교차로안,승용,남,55세,중상,,,,
2016112200100012,2016년 11월 22일 00시,화요일,경상북도 영천시 완산동,경상사고,0,0,1,0,차대사람 - 횡단중,안전운전불이행,건조,맑음,단일로 - 기타,화물,남,53세,상해없음,보행자,남,45세,경상
2016112200100028,2016년 11월 22일 02시,화요일,경상북도 경주시 노서동,중상사고,0,2,0,0,차대차 - 추돌,안전운전불이행,건조,맑음,교차로 - 교차로부근,승용,남,21세,상해없음,승용,남,56세,중상
2016112200100053,2016년 11월 22일 05시,화요일,경상북도 상주시 화서면,중상사고,0,1,0,0,차대차 - 측면직각충돌,안전운전불이행,건조,흐림,단일로 - 기타,화물,남,57세,상해없음,원동기,남,73세,중상
2016112200100054,2016년 11월 22일 05시,화요일,경상북도 구미시 고아읍,중상사고,0,1,0,0,차량단독 - 공작물충돌,안전운전불이행,건조,맑음,단일로 - 기타,승용,여,52세,중상,,,,
2016112200100064,2016년 11월 22일 06시,화요일,경상북도 의성군 의성읍,사망사고,1,0,0,0,차대사람 - 횡단중,안전운전불이행,습기,맑음,교차로 - 교차로안,건설기계,남,51세,상해없음,보행자,여,63세,사망
2016112200100065,2016년 11월 22일 06시,화요일,경상북도 포항시 남구 연일읍,경상사고,0,0,1,0,차대차 - 정면충돌,중앙선침범,건조,맑음,단일로 - 기타,승용,남,47세,기타불명,승용,남,40세,경상
2016112200100080,2016년 11월 22일 07시,화요일,경상북도 김천시 부곡동,경상사고,0,0,2,0,차대차 - 정면충돌,신호위반,건조,맑음,교차로 - 교차로안,화물,남,58세,경상,승용,남,48세,경상
2016112200100108,2016년 11월 22일 08시,화요일,경상북도 구미시 공단동,중상사고,0,1,0,0,차대차 - 측면직각충돌,안전운전불이행,건조,맑음,교차로 - 교차로안,승용,남,23세,상해없음,이륜,여,64세,중상
2016112200100136,2016년 11월 22일 09시,화요일,경상북도 안동시 옥야동,경상사고,0,0,1,0,차대사람 - 차도통행중,안전운전불이행,건조,맑음,단일로 - 기타,승용,여,61세,상해없음,보행자,남,77세,경상
2016112200100137,2016년 11월 22일 09시,화요일,경상북도 영천시 문외동,경상사고,0,0,3,0,차대차 - 측면충돌,교차로운행방법위반,건조,맑음,교차로 - 교차로안,승용,남,60세,경상,승용,남,70세,경상
2016112200100138,2016년 11월 22일 09시,화요일,경상북도 영천시 완산동,경상사고,0,0,1,0,차대차 - 기타,기타,건조,맑음,단일로 - 기타,화물,남,55세,상해없음,이륜,남,66세,경상
2016112200100162,2016년 11월 22일 10시,화요일,경상북도 포항시 북구 죽도동,경상사고,0,0,1,0,차대사람 - 횡단중,안전운전불이행,건조,맑음,단일로 - 기타,승용,남,54세,상해없음,보행자,여,63세,경상
2016112200100214,2016년 11월 22일 12시,화요일,경상북도 영천시 성내동,경상사고,0,0,2,0,차대차 - 추돌,안전운전불이행,건조,맑음,교차로 - 교차로부근,승용,여,59세,상해없음,승용,남,67세,경상
2016112200100215,2016년 11월 22일 12시,화요일,경상북도 구미시 선기동,경상사고,0,0,3,0,차대차 - 측면직각충돌,중앙선침범,건조,맑음,단일로 - 기타,승용,남,45세,경상,승용,남,58세,경상
2016112200100240,2016년 11월 22일 13시,화요일,경상북도 경주시 탑동,경상사고,0,0,2,0,차대차 - 기타,안전운전불이행,건조,맑음,교차로 - 교차로부근,화물,남,54세,상해없음,승용,남,55세,경상
2016112200100241,2016년 11월 22일 13시,화요일,경상북도 경주시 서악동,경상사고,0,0,2,0,차대차 - 추돌,안전운전불이행,건조,맑음,교차로 - 교차로부근,승용,남,46세,상해없음,화물,남,67세,경상
2016112200100242,2016년 11월 22일 13시,화요일,경상북도 포항시 북구 우현동,경상사고,0,0,1,0,차대사람 - 횡단중,안전운전불이행,건조,맑음,단일로 - 기타,승용,남,27세,상해없음,보행자,여,21세,경상
2016112200100243,2016년 11월 22일 13시,화요일,경상북도 경산시 와촌면,경상사고,0,0,1,0,차대사람 - 기타,안전운전불이행,건조,맑음,단일로 - 기타,화물,남,55세,상해없음,보행자,여,90세 이상,경상
2016112200100244,2016년 11월 22일 13시,화요일,경상북도 구미시 송정동,경상사고,0,0,1,0,차대차 - 정면충돌,안전운전불이행,건조,맑음,교차로 - 교차로부근,승용,남,38세,상해없음,승용,여,34세,경상
2016112200100245,2016년 11월 22일 13시,화요일,경상북도 포항시 남구 구룡포읍,경상사고,0,0,2,0,차대차 - 정면충돌,직진우회전진행방해,건조,맑음,교차로 - 교차로안,원동기,남,74세,경상,화물,남,58세,상해없음
2016112200100246,2016년 11월 22일 13시,화요일,경상북도 포항시 남구 인덕동,경상사고,0,0,1,0,차대차 - 측면충돌,중앙선침범,건조,맑음,단일로 - 기타,이륜,남,83세,경상,승용,여,48세,상해없음
2016112200100247,2016년 11월 22일 13시,화요일,경상북도 포항시 남구 연일읍,중상사고,0,1,1,0,차대차 - 측면직각충돌,직진우회전진행방해,건조,맑음,교차로 - 교차로안,승용,남,53세,경상,승용,여,46세,중상
2016112200100272,2016년 11월 22일 14시,화요일,경상북도 포항시 북구 우현동,경상사고,0,0,2,0,차대차 - 정면충돌,신호위반,건조,맑음,교차로 - 교차로안,승용,여,43세,경상,승용,남,45세,경상
2016112200100273,2016년 11월 22일 14시,화요일,경상북도 봉화군 봉화읍,경상사고,0,0,2,0,차대차 - 기타,안전운전불이행,건조,맑음,단일로 - 기타,이륜,남,70세,경상,승합,남,34세,경상
2016112200100274,2016년 11월 22일 14시,화요일,경상북도 봉화군 소천면,경상사고,0,0,2,0,차대차 - 정면충돌,중앙선침범,건조,맑음,교차로 - 교차로부근,화물,여,70세,상해없음,승합,남,53세,경상
2016112200100321,2016년 11월 22일 16시,화요일,경상북도 경주시 외동읍,부상신고사고,0,0,0,1,차대차 - 측면충돌,안전운전불이행,건조,맑음,단일로 - 기타,이륜,남,74세,부상신고,승용,남,54세,상해없음
2016112200100322,2016년 11월 22일 16시,화요일,경상북도 김천시 감천면,중상사고,0,1,0,0,차대사람 - 횡단중,보행자보호의무위반,건조,맑음,단일로 - 기타,화물,남,42세,상해없음,보행자,남,7세,중상
2016112200100323,2016년 11월 22일 16시,화요일,경상북도 영양군 영양읍,경상사고,0,0,1,0,차대차 - 측면직각충돌,교차로운행방법위반,건조,맑음,교차로 - 교차로안,승용,여,28세,경상,승용,남,72세,상해없음
2016112200100324,2016년 11월 22일 16시,화요일,경상북도 포항시 남구 효자동,중상사고,0,1,0,0,차대사람 - 횡단중,안전운전불이행,건조,맑음,기타 - 기타,승용,여,62세,상해없음,보행자,남,1세,중상
2016112200100363,2016년 11월 22일 17시,화요일,경상북도 경주시 충효동,중상사고,0,1,0,0,차대차 - 측면충돌,안전운전불이행,건조,맑음,교차로 - 교차로안,승용,남,57세,상해없음,원동기,남,40세,중상
2016112200100364,2016년 11월 22일 17시,화요일,경상북도 경주시 산내면,중상사고,0,1,0,1,차대차 - 정면충돌,중앙선침범,건조,맑음,단일로 - 기타,승용,남,53세,부상신고,승용,여,58세,중상
2016112200100365,2016년 11월 22일 17시,화요일,경상북도 성주군 용암면,경상사고,0,0,1,0,차대차 - 정면충돌,안전운전불이행,건조,맑음,교차로 - 교차로안,승용,남,63세,상해없음,승용,남,56세,경상
2016112200100366,2016년 11월 22일 17시,화요일,경상북도 구미시 신평동,경상사고,0,0,2,0,차대차 - 추돌,안전운전불이행,건조,맑음,교차로 - 교차로안,승용,남,27세,상해없음,승용,남,25세,경상
2016112200100367,2016년 11월 22일 17시,화요일,경상북도 포항시 남구 연일읍,경상사고,0,0,1,0,차대차 - 측면직각충돌,안전거리미확보,건조,맑음,단일로 - 기타,화물,남,50세,상해없음,승용,여,30세,경상
2016112200100417,2016년 11월 22일 18시,화요일,경상북도 경주시 현곡면,경상사고,0,0,1,0,차량단독 - 전도전복,안전운전불이행,건조,맑음,단일로 - 기타,승용,여,48세,경상,,,,
2016112200100418,2016년 11월 22일 18시,화요일,경상북도 안동시 길안면,부상신고사고,0,0,0,1,차량단독 - 전도전복,안전운전불이행,건조,맑음,단일로 - 기타,승용,여,46세,부상신고,,,,
2016112200100419,2016년 11월 22일 18시,화요일,경상북도 칠곡군 왜관읍,경상사고,0,0,1,0,차대차 - 정면충돌,교차로운행방법위반,건조,맑음,단일로 - 기타,승합,남,43세,상해없음,자전거,남,42세,경상
2016112200100420,2016년 11월 22일 18시,화요일,경상북도 예천군 예천읍,중상사고,0,1,0,0,차대사람 - 횡단중,안전운전불이행,건조,맑음,단일로 - 기타,승용,여,29세,상해없음,보행자,남,79세,중상
2016112200100421,2016년 11월 22일 18시,화요일,경상북도 구미시 상모동,경상사고,0,0,1,0,차대사람 - 횡단중,안전운전불이행,건조,맑음,교차로 - 교차로안,화물,남,49세,상해없음,보행자,여,64세,경상
2016112200100422,2016년 11월 22일 18시,화요일,경상북도 포항시 남구 대도동,경상사고,0,0,1,0,차대차 - 정면충돌,안전운전불이행,건조,맑음,단일로 - 기타,승용,여,36세,상해없음,자전거,남,57세,경상
2016112200100470,2016년 11월 22일 19시,화요일,경상북도 경주시 동천동,중상사고,0,1,1,0,차대사람 - 횡단중,안전운전불이행,건조,맑음,단일로 - 기타,원동기,남,30세,경상,보행자,여,26세,중상
2016112200100471,2016년 11월 22일 19시,화요일,경상북도 포항시 남구 효자동,경상사고,0,0,1,0,차대차 - 측면충돌,중앙선침범,건조,맑음,단일로 - 기타,승용,여,56세,상해없음,원동기,남,17세,경상
2016112200100529,2016년 11월 22일 21시,화요일,경상북도 칠곡군 기산면,경상사고,0,0,1,1,차대차 - 정면충돌,교차로운행방법위반,건조,맑음,교차로 - 교차로안,승용,남,67세,부상신고,승용,여,28세,경상
2016112200100530,2016년 11월 22일 21시,화요일,경상북도 구미시 광평동,경상사고,0,0,1,0,차대차 - 기타,안전운전불이행,건조,맑음,단일로 - 기타,승용,여,56세,상해없음,이륜,남,19세,경상
2016112200100554,2016년 11월 22일 22시,화요일,경상북도 경주시 성건동,경상사고,0,0,1,0,차대차 - 측면충돌,안전운전불이행,건조,맑음,단일로 - 기타,승용,남,54세,상해없음,원동기,남,19세,경상
2016112200100579,2016년 11월 22일 23시,화요일,경상북도 경산시 압량면,경상사고,0,0,2,0,차대사람 - 기타,안전운전불이행,건조,맑음,단일로 - 기타,승용,남,24세,상해없음,보행자,남,21세,경상
2016112300100099,2016년 11월 23일 07시,수요일,경상북도 경산시 하양읍,중상사고,0,1,0,0,차대차 - 측면직각충돌,기타,건조,맑음,교차로 - 교차로안,승용,남,56세,상해없음,자전거,남,15세,중상
2016112300100100,2016년 11월 23일 07시,수요일,경상북도 포항시 남구 대송면,경상사고,0,0,3,0,차대차 - 측면직각충돌,안전운전불이행,건조,맑음,교차로 - 교차로안,승용,여,33세,경상,승용,여,35세,경상
2016112300100137,2016년 11월 23일 08시,수요일,경상북도 경주시 신평동,경상사고,0,0,1,0,차대사람 - 횡단중,안전운전불이행,건조,맑음,단일로 - 기타,승용,여,29세,상해없음,보행자,여,20세,경상
2016112300100175,2016년 11월 23일 09시,수요일,경상북도 예천군 예천읍,중상사고,0,1,0,0,차대사람 - 기타,안전운전불이행,건조,맑음,단일로 - 기타,화물,남,73세,상해없음,보행자,남,47세,중상
2016112300100209,2016년 11월 23일 10시,수요일,경상북도 경주시 외동읍,중상사고,0,1,0,0,차대차 - 추돌,안전운전불이행,건조,맑음,교차로 - 교차로부근,화물,남,64세,상해없음,화물,남,59세,중상
2016112300100210,2016년 11월 23일 10시,수요일,경상북도 포항시 북구 죽도동,경상사고,0,0,1,0,차대차 - 측면충돌,안전운전불이행,건조,맑음,교차로 - 교차로안,승용,남,71세,경상,화물,남,55세,상해없음
2016112300100211,2016년 11월 23일 10시,수요일,경상북도 영천시 북안면,사망사고,1,1,0,0,차대차 - 추돌,안전운전불이행,건조,맑음,단일로 - 기타,화물,남,43세,상해없음,화물,남,42세,중상
2016112300100212,2016년 11월 23일 10시,수요일,경상북도 영천시 임고면,중상사고,0,1,0,0,차대차 - 측면직각충돌,직진우회전진행방해,건조,맑음,교차로 - 교차로안,화물,남,61세,상해없음,화물,남,74세,중상
2016112300100240,2016년 11월 23일 11시,수요일,경상북도 포항시 남구 오천읍,경상사고,0,0,2,0,차대차 - 기타,신호위반,건조,맑음,교차로 - 교차로안,화물,남,61세,상해없음,승용,남,50세,경상
2016112300100261,2016년 11월 23일 12시,수요일,경상북도 경주시 인왕동,경상사고,0,0,4,0,차대차 - 측면충돌,안전운전불이행,건조,맑음,단일로 - 기타,승용,남,63세,상해없음,승합,남,59세,경상
2016112300100262,2016년 11월 23일 12시,수요일,경상북도 예천군 풍양면,경상사고,0,0,1,0,차대사람 - 길가장자리구역통행중,안전운전불이행,건조,맑음,단일로 - 기타,이륜,여,76세,상해없음,보행자,여,56세,경상
2016112300100288,2016년 11월 23일 13시,수요일,경상북도 문경시 점촌동,중상사고,0,1,0,0,차대차 - 측면직각충돌,직진우회전진행방해,건조,맑음,교차로 - 교차로안,승용,여,42세,상해없음,원동기,남,71세,중상
2016112300100289,2016년 11월 23일 13시,수요일,경상북도 문경시 호계면,경상사고,0,0,2,0,차대차 - 측면충돌,안전운전불이행,건조,맑음,교차로 - 교차로안,승용,남,27세,경상,승용,여,45세,경상
2016112300100313,2016년 11월 23일 14시,수요일,경상북도 의성군 봉양면,중상사고,0,1,0,0,차량단독 - 전도전복,안전운전불이행,건조,맑음,단일로 - 기타,화물,남,68세,상해없음,,,,
2016112300100327,2016년 11월 23일 15시,수요일,경상북도 경주시 양북면,경상사고,0,0,1,0,차대차 - 기타,안전운전불이행,건조,맑음,단일로 - 기타,화물,남,52세,상해없음,승합,남,39세,상해없음
2016112300100347,2016년 11월 23일 15시,수요일,경상북도 영주시 가흥동,중상사고,0,1,0,0,차대차 - 측면충돌,안전운전불이행,건조,맑음,단일로 - 기타,화물,남,63세,상해없음,원동기,남,76세,중상
2016112300100348,2016년 11월 23일 15시,수요일,경상북도 영천시 도남동,경상사고,0,0,2,0,차대차 - 측면충돌,기타,건조,맑음,교차로 - 교차로안,화물,남,65세,경상,승용,남,29세,경상
2016112300100350,2016년 11월 23일 15시,수요일,경상북도 경산시 중산동,경상사고,0,0,1,0,차대사람 - 횡단중,안전운전불이행,건조,맑음,단일로 - 기타,승용,여,57세,상해없음,보행자,여,7세,경상
2016112300100382,2016년 11월 23일 16시,수요일,경상북도 의성군 봉양면,중상사고,0,1,0,0,차대차 - 측면충돌,안전운전불이행,건조,맑음,단일로 - 기타,화물,여,53세,상해없음,농기계,남,83세,중상
2016112300100383,2016년 11월 23일 16시,수요일,경상북도 영천시 야사동,경상사고,0,0,1,0,차대차 - 측면충돌,안전운전불이행,건조,맑음,단일로 - 기타,승용,남,19세,상해없음,승용,남,32세,경상
2016112300100384,2016년 11월 23일 16시,수요일,경상북도 포항시 남구 대잠동,경상사고,0,0,1,0,차대사람 - 기타,안전운전불이행,건조,맑음,단일로 - 기타,승용,남,44세,상해없음,보행자,남,31세,경상
2016112300100418,2016년 11월 23일 17시,수요일,경상북도 경주시 외동읍,부상신고사고,0,0,0,1,차대차 - 추돌,안전거리미확보,건조,맑음,단일로 - 교량,원동기,남,54세,부상신고,승용,남,51세,상해없음
2016112300100419,2016년 11월 23일 17시,수요일,경상북도 경산시 갑제동,경상사고,0,0,3,0,차대차 - 추돌,안전운전불이행,건조,맑음,교차로 - 교차로부근,승용,남,39세,상해없음,승용,여,41세,경상
2016112300100470,2016년 11월 23일 18시,수요일,경상북도 포항시 북구 용흥동,중상사고,0,1,0,0,차대차 - 정면충돌,안전운전불이행,건조,맑음,단일로 - 기타,화물,남,50세,상해없음,자전거,여,52세,중상
2016112300100471,2016년 11월 23일 18시,수요일,경상북도 영천시 대창면,중상사고,0,1,0,0,차대사람 - 길가장자리구역통행중,안전운전불이행,건조,맑음,단일로 - 기타,승용,여,31세,상해없음,보행자,여,65세,중상
2016112300100514,2016년 11월 23일 19시,수요일,경상북도 고령군 대가야읍,경상사고,0,0,1,0,차대차 - 측면직각충돌,안전운전불이행,건조,맑음,교차로 - 교차로안,승용,남,68세,상해없음,승용,여,54세,경상
2016112300100515,2016년 11월 23일 19시,수요일,경상북도 구미시 황상동,경상사고,0,0,1,0,차대차 - 추돌,안전운전불이행,건조,맑음,교차로 - 교차로부근,승용,남,22세,상해없음,이륜,남,20세,경상
2016112300100516,2016년 11월 23일 19시,수요일,경상북도 포항시 남구 대도동,중상사고,0,1,0,0,차대차 - 기타,신호위반,건조,맑음,교차로 - 교차로안,화물,남,39세,상해없음,이륜,남,30세,중상
2016112300100569,2016년 11월 23일 21시,수요일,경상북도 포항시 북구 장성동,중상사고,0,1,0,0,차대사람 - 기타,보행자보호의무위반,건조,맑음,교차로 - 교차로부근,승용,여,50세,상해없음,보행자,남,30세,중상
2016112300100570,2016년 11월 23일 21시,수요일,경상북도 구미시 공단동,부상신고사고,0,0,0,1,차량단독 - 전도전복,안전운전불이행,건조,맑음,단일로 - 기타,이륜,남,36세,부상신고,,,,
2016112300100599,2016년 11월 23일 22시,수요일,경상북도 안동시 남선면,경상사고,0,0,3,0,차대차 - 추돌,안전운전불이행,건조,맑음,단일로 - 기타,승용,남,41세,경상,승용,여,52세,경상
2016112300100622,2016년 11월 23일 23시,수요일,경상북도 구미시 옥계동,중상사고,0,1,0,0,차대차 - 측면충돌,신호위반,건조,맑음,교차로 - 교차로안,이륜,남,38세,중상,승용,남,39세,상해없음
2016112400100016,2016년 11월 24일 00시,목요일,경상북도 안동시 송현동,중상사고,0,1,0,0,차대사람 - 보도통행중,보행자보호의무위반,건조,맑음,단일로 - 기타,승용,남,63세,상해없음,보행자,남,32세,중상
2016112400100048,2016년 11월 24일 05시,목요일,경상북도 구미시 고아읍,중상사고,0,2,0,0,차대차 - 정면충돌,안전운전불이행,건조,맑음,단일로 - 기타,승용,남,27세,중상,화물,남,58세,중상
2016112400100067,2016년 11월 24일 06시,목요일,경상북도 구미시 신동,중상사고,0,2,0,0,차대차 - 기타,안전운전불이행,건조,맑음,단일로 - 기타,승용,여,61세,상해없음,농기계,남,77세,중상
2016112400100089,2016년 11월 24일 07시,목요일,경상북도 포항시 북구 장성동,경상사고,0,0,1,0,차대차 - 측면충돌,중앙선침범,습기,맑음,단일로 - 기타,화물,남,29세,상해없음,화물,남,55세,경상
2016112400100090,2016년 11월 24일 07시,목요일,경상북도 경산시 상방동,중상사고,0,1,0,0,차대사람 - 횡단중,보행자보호의무위반,건조,맑음,교차로 - 교차로부근,승용,여,46세,상해없음,보행자,여,78세,중상
2016112400100091,2016년 11월 24일 07시,목요일,경상북도 고령군 다산면,경상사고,0,0,3,0,차대차 - 추돌,안전운전불이행,건조,맑음,단일로 - 기타,승용,남,35세,경상,승용,여,35세,경상
2016112400100092,2016년 11월 24일 07시,목요일,경상북도 구미시 공단동,경상사고,0,0,1,0,차대차 - 측면충돌,중앙선침범,건조,맑음,교차로 - 교차로부근,승용,남,23세,상해없음,승용,여,23세,경상
2016112400100144,2016년 11월 24일 08시,목요일,경상북도 경주시 안강읍,중상사고,0,1,0,0,차대사람 - 기타,안전운전불이행,건조,맑음,단일로 - 기타,승용,남,58세,상해없음,보행자,여,68세,중상
2016112400100145,2016년 11월 24일 08시,목요일,경상북도 성주군 초전면,경상사고,0,0,1,0,차대차 - 측면충돌,안전운전불이행,건조,맑음,교차로 - 교차로부근,화물,남,45세,상해없음,이륜,여,68세,경상
2016112400100146,2016년 11월 24일 08시,목요일,경상북도 구미시 형곡동,중상사고,0,1,0,0,차대사람 - 횡단중,안전운전불이행,건조,맑음,교차로 - 교차로안,승용,여,40세,상해없음,보행자,여,16세,중상
2016112400100147,2016년 11월 24일 08시,목요일,경상북도 포항시 남구 해도동,경상사고,0,0,2,0,차대차 - 정면충돌,신호위반,건조,맑음,교차로 - 교차로안,승용,여,29세,경상,승용,여,39세,경상
2016112400100182,2016년 11월 24일 09시,목요일,경상북도 김천시 지좌동,경상사고,0,0,2,0,차대차 - 기타,차로위반,건조,맑음,교차로 - 교차로부근,화물,남,58세,상해없음,승용,여,33세,경상
2016112400100253,2016년 11월 24일 11시,목요일,경상북도 경주시 양남면,경상사고,0,0,1,0,차대차 - 측면충돌,안전운전불이행,건조,맑음,단일로 - 기타,승용,남,63세,상해없음,승용,남,83세,경상
2016112400100254,2016년 11월 24일 11시,목요일,경상북도 안동시 와룡면,중상사고,0,2,0,0,차대차 - 측면충돌,안전운전불이행,건조,맑음,단일로 - 기타,화물,여,59세,상해없음,화물,남,63세,중상
2016112400100309,2016년 11월 24일 13시,목요일,경상북도 안동시 풍산읍,경상사고,0,0,2,0,차대차 - 측면직각충돌,직진우회전진행방해,건조,맑음,교차로 - 교차로안,승용,남,63세,상해없음,승용,남,66세,경상
2016112400100310,2016년 11월 24일 13시,목요일,경상북도 경산시 사동,경상사고,0,0,3,0,차대차 - 측면직각충돌,직진우회전진행방해,건조,맑음,교차로 - 교차로안,승용,남,57세,경상,승용,여,55세,경상
2016112400100345,2016년 11월 24일 14시,목요일,경상북도 경주시 성건동,중상사고,0,1,0,0,차대사람 - 기타,안전운전불이행,건조,맑음,교차로 - 교차로안,승용,남,57세,상해없음,보행자,남,73세,중상
2016112400100346,2016년 11월 24일 14시,목요일,경상북도 영양군 수비면,경상사고,0,0,1,0,차대차 - 측면직각충돌,안전운전불이행,건조,맑음,단일로 - 기타,승용,남,75세,상해없음,이륜,남,33세,경상
2016112400100347,2016년 11월 24일 14시,목요일,경상북도 구미시 지산동,중상사고,0,1,0,0,차대차 - 측면충돌,교차로운행방법위반,건조,맑음,교차로 - 교차로안,승용,여,64세,상해없음,승용,여,42세,중상
2016112400100382,2016년 11월 24일 15시,목요일,경상북도 안동시 법흥동,중상사고,0,1,0,0,차대사람 - 횡단중,안전운전불이행,건조,맑음,교차로 - 교차로부근,승용,남,31세,상해없음,보행자,여,73세,중상
2016112400100383,2016년 11월 24일 15시,목요일,경상북도 의성군 봉양면,중상사고,0,1,0,0,차량단독 - 전도전복,안전운전불이행,건조,맑음,단일로 - 기타,이륜,남,82세,중상,,,,
2016112400100384,2016년 11월 24일 15시,목요일,경상북도 포항시 남구 효자동,경상사고,0,0,1,0,차대차 - 추돌,교차로운행방법위반,건조,맑음,교차로 - 교차로안,승용,남,34세,상해없음,승용,여,39세,경상
2016112400100455,2016년 11월 24일 17시,목요일,경상북도 경주시 외동읍,중상사고,0,1,0,0,차대차 - 측면충돌,안전운전불이행,건조,맑음,단일로 - 기타,승용,여,54세,상해없음,승용,여,47세,중상
2016112400100456,2016년 11월 24일 17시,목요일,경상북도 상주시 함창읍,경상사고,0,0,1,0,차대차 - 측면충돌,교차로운행방법위반,건조,맑음,단일로 - 기타,화물,여,63세,상해없음,화물,여,47세,경상
2016112400100457,2016년 11월 24일 17시,목요일,경상북도 상주시 함창읍,경상사고,0,0,2,0,차대차 - 추돌,안전운전불이행,건조,맑음,단일로 - 기타,승용,남,41세,상해없음,승용,남,48세,경상
2016112400100458,2016년 11월 24일 17시,목요일,경상북도 경산시 사동,경상사고,0,0,1,0,차대사람 - 횡단중,안전운전불이행,건조,맑음,교차로 - 교차로안,승용,여,51세,상해없음,보행자,남,6세,경상