사고번호,사고일시,요일,시군구,사고내용,사망자수,중상자수,경상자수,부상신고자수,사고유형,법규위반,노면상태,기상상태,도로형태,가해운전자 차종,가해운전자 성별,가해운전자 연령,가해운전자 상해정도,피해운전자 차종,피해운전자 성별,피해운전자 연령,피해운전자 상해정도
2016112700100061,2016년 11월 27일 02시,일요일,경상북도 칠곡군 기산면,경상사고,0,0,1,0,차대차 - 측면충돌,안전운전불이행,건조,맑음,단일로 - 기타,승용,남,39세,경상,승용,여,44세,상해없음
2016112700100062,2016년 11월 27일 02시,일요일,경상북도 구미시 시미동,경상사고,0,0,1,0,차대차 - 추돌,안전운전불이행,건조,맑음,교차로 - 교차로부근,승용,남,30세,상해없음,승용,남,42세,경상
2016112700100067,2016년 11월 27일 03시,일요일,경상북도 경주시 동천동,경상사고,0,0,1,0,차량단독 - 전도전복,안전운전불이행,건조,맑음,단일로 - 기타,승합,남,23세,경상,,,,
2016112700100105,2016년 11월 27일 06시,일요일,경상북도 영천시 청통면,사망사고,2,0,0,0,차대사람 - 기타,안전운전불이행,결빙,흐림,단일로 - 기타,화물,남,58세,상해없음,보행자,남,70세,사망
2016112700100134,2016년 11월 27일 08시,일요일,경상북도 김천시 양천동,중상사고,0,2,1,0,차대차 - 측면충돌,중앙선침범,습기,흐림,교차로 - 교차로부근,승용,남,28세,경상,승용,남,56세,중상
2016112700100152,2016년 11월 27일 09시,일요일,경상북도 칠곡군 약목면,중상사고,0,1,0,0,차대차 - 추돌,안전운전불이행,건조,맑음,단일로 - 기타,승합,남,57세,상해없음,승용,여,59세,중상
2016112700100169,2016년 11월 27일 10시,일요일,경상북도 구미시 지산동,경상사고,0,0,3,0,차대차 - 기타,안전운전불이행,건조,맑음,교차로 - 교차로안,승용,남,44세,기타불명,승용,남,41세,경상
2016112700100186,2016년 11월 27일 11시,일요일,경상북도 경주시 양북면,경상사고,0,0,3,1,차대차 - 정면충돌,중앙선침범,건조,맑음,단일로 - 기타,승용,남,68세,부상신고,승용,여,38세,경상
2016112700100187,2016년 11월 27일 11시,일요일,경상북도 영천시 완산동,중상사고,0,1,0,0,차대사람 - 길가장자리구역통행중,안전운전불이행,건조,맑음,단일로 - 기타,승용,여,52세,상해없음,보행자,여,58세,중상
2016112700100203,2016년 11월 27일 12시,일요일,경상북도 구미시 도량동,중상사고,0,1,1,0,차대차 - 측면직각충돌,교차로운행방법위반,건조,맑음,교차로 - 교차로안,승용,여,49세,중상,승용,여,26세,경상
2016112700100221,2016년 11월 27일 13시,일요일,경상북도 경산시 서상동,경상사고,0,0,1,0,차대차 - 기타,안전운전불이행,건조,맑음,교차로 - 교차로안,승용,남,60세,상해없음,자전거,여,66세,경상
2016112700100286,2016년 11월 27일 15시,일요일,경상북도 성주군 선남면,경상사고,0,0,1,0,차대사람 - 길가장자리구역통행중,안전운전불이행,건조,맑음,단일로 - 기타,승합,남,68세,상해없음,보행자,남,66세,경상
2016112700100287,2016년 11월 27일 15시,일요일,경상북도 포항시 남구 동해면,중상사고,0,2,2,0,차대차 - 추돌,안전운전불이행,건조,맑음,단일로 - 횡단보도부근,화물,남,57세,경상,승용,남,35세,중상
2016112700100315,2016년 11월 27일 16시,일요일,경상북도 안동시 명륜동,중상사고,0,1,0,0,차대차 - 정면충돌,안전운전불이행,건조,맑음,단일로 - 기타,승용,남,50세,상해없음,이륜,남,36세,중상
2016112700100316,2016년 11월 27일 16시,일요일,경상북도 영천시 금호읍,경상사고,0,0,2,0,차대차 - 측면충돌,안전거리미확보,건조,맑음,단일로 - 기타,승용,남,80세,상해없음,승합,남,61세,경상
2016112700100317,2016년 11월 27일 16시,일요일,경상북도 고령군 운수면,중상사고,0,1,0,0,차대사람 - 기타,안전운전불이행,건조,맑음,단일로 - 기타,승용,남,69세,상해없음,보행자,여,67세,중상
2016112700100340,2016년 11월 27일 17시,일요일,경상북도 경주시 안강읍,경상사고,0,0,5,0,차대차 - 측면충돌,안전운전불이행,건조,맑음,교차로 - 교차로안,화물,남,77세,경상,승용,남,39세,경상
2016112700100341,2016년 11월 27일 17시,일요일,경상북도 안동시 성곡동,경상사고,0,0,1,0,차량단독 - 전도전복,기타,결빙,맑음,단일로 - 기타,이륜,남,18세,경상,,,,
2016112700100342,2016년 11월 27일 17시,일요일,경상북도 영주시 풍기읍,중상사고,0,2,0,0,차대차 - 정면충돌,안전운전불이행,건조,맑음,교차로 - 교차로안,승용,남,56세,상해없음,화물,남,24세,중상
2016112700100381,2016년 11월 27일 18시,일요일,경상북도 칠곡군 북삼읍,부상신고사고,0,0,0,1,차대차 - 측면충돌,교차로운행방법위반,건조,맑음,교차로 - 교차로안,이륜,남,45세,부상신고,화물,남,54세,상해없음
2016112700100382,2016년 11월 27일 18시,일요일,경상북도 영천시 야사동,경상사고,0,0,2,0,차대사람 - 횡단중,보행자보호의무위반,건조,맑음,단일로 - 횡단보도상,이륜,남,30세,경상,보행자,여,62세,경상
2016112700100410,2016년 11월 27일 19시,일요일,경상북도 경주시 충효동,경상사고,0,0,1,0,차대차 - 추돌,안전운전불이행,건조,맑음,단일로 - 기타,승용,남,57세,상해없음,승용,남,61세,상해없음
2016112700100411,2016년 11월 27일 19시,일요일,경상북도 칠곡군 약목면,경상사고,0,0,3,0,차대차 - 추돌,안전운전불이행,건조,맑음,단일로 - 기타,승용,남,21세,경상,승용,여,37세,경상
2016112700100412,2016년 11월 27일 19시,일요일,경상북도 고령군 다산면,중상사고,0,2,0,0,차대차 - 추돌,안전운전불이행,건조,맑음,단일로 - 기타,승용,남,35세,상해없음,원동기,남,33세,중상
2016112700100413,2016년 11월 27일 19시,일요일,경상북도 포항시 남구 청림동,경상사고,0,0,1,0,차대차 - 측면직각충돌,직진우회전진행방해,건조,맑음,교차로 - 교차로안,화물,남,57세,상해없음,승용,여,52세,경상
2016112700100414,2016년 11월 27일 19시,일요일,경상북도 상주시 낙동면,경상사고,0,0,5,0,차대차 - 정면충돌,안전거리미확보,건조,맑음,단일로 - 기타,승용,남,19세,상해없음,승용,남,35세,경상
2016112700100441,2016년 11월 27일 20시,일요일,경상북도 영천시 금호읍,경상사고,0,0,1,0,차대차 - 측면충돌,안전거리미확보,건조,맑음,단일로 - 기타,화물,남,53세,상해없음,승용,여,55세,경상
2016112700100442,2016년 11월 27일 20시,일요일,경상북도 고령군 대가야읍,중상사고,0,2,0,0,차대차 - 기타,중앙선침범,건조,맑음,단일로 - 기타,자전거,여,64세,중상,원동기,남,39세,중상
2016112700100466,2016년 11월 27일 21시,일요일,경상북도 구미시 임수동,경상사고,0,0,3,0,차대차 - 추돌,안전운전불이행,건조,맑음,교차로 - 교차로부근,승용,남,48세,상해없음,승용,남,23세,경상
2016112800100004,2016년 11월 28일 00시,월요일,경상북도 의성군 다인면,사망사고,1,0,0,0,차량단독 - 전도전복,안전운전불이행,습기,안개,단일로 - 기타,화물,남,56세,사망,,,,
2016112800100021,2016년 11월 28일 03시,월요일,경상북도 경주시 조양동,사망사고,1,0,0,0,차대차 - 기타,안전운전불이행,건조,맑음,단일로 - 기타,승용,남,28세,상해없음,자전거,남,20세,사망
2016112800100089,2016년 11월 28일 07시,월요일,경상북도 경주시 성건동,중상사고,0,1,0,0,차대사람 - 횡단중,안전운전불이행,건조,맑음,단일로 - 기타,승용,여,48세,상해없음,보행자,남,27세,중상
2016112800100090,2016년 11월 28일 07시,월요일,경상북도 포항시 북구 학산동,중상사고,0,1,0,0,차대차 - 정면충돌,교차로운행방법위반,건조,맑음,교차로 - 교차로안,승용,남,50세,상해없음,자전거,남,15세,중상
2016112800100130,2016년 11월 28일 08시,월요일,경상북도 경주시 황성동,경상사고,0,0,1,0,차대차 - 측면충돌,안전운전불이행,건조,맑음,교차로 - 교차로안,승용,여,56세,상해없음,자전거,여,40세,경상
2016112800100131,2016년 11월 28일 08시,월요일,경상북도 포항시 북구 덕수동,경상사고,0,0,1,0,차대차 - 측면충돌,신호위반,건조,맑음,교차로 - 교차로안,승용,여,53세,상해없음,승용,남,74세,경상
2016112800100132,2016년 11월 28일 08시,월요일,경상북도 안동시 용상동,중상사고,0,1,0,0,차대차 - 정면충돌,안전운전불이행,건조,맑음,단일로 - 기타,화물,남,47세,상해없음,이륜,남,73세,중상
2016112800100133,2016년 11월 28일 08시,월요일,경상북도 안동시 옥동,중상사고,0,1,0,0,차대사람 - 보도통행중,안전운전불이행,건조,맑음,단일로 - 기타,승용,여,34세,상해없음,보행자,여,7세,중상
2016112800100134,2016년 11월 28일 08시,월요일,경상북도 고령군 쌍림면,경상사고,0,0,1,0,차대차 - 측면직각충돌,안전운전불이행,건조,맑음,단일로 - 기타,승용,남,57세,상해없음,승용,남,37세,경상
2016112800100135,2016년 11월 28일 08시,월요일,경상북도 구미시 공단동,중상사고,0,3,1,0,차대차 - 정면충돌,교차로운행방법위반,건조,맑음,교차로 - 교차로안,승용,여,41세,중상,승용,남,57세,중상
2016112800100176,2016년 11월 28일 09시,월요일,경상북도 상주시 남성동,중상사고,0,1,0,0,차대차 - 측면충돌,안전운전불이행,건조,맑음,교차로 - 교차로안,화물,남,66세,상해없음,자전거,남,69세,중상
2016112800100177,2016년 11월 28일 09시,월요일,경상북도 영주시 가흥동,경상사고,0,0,2,0,차대차 - 추돌,안전운전불이행,건조,맑음,교차로 - 교차로안,승용,남,42세,상해없음,승용,여,29세,경상
2016112800100178,2016년 11월 28일 09시,월요일,경상북도 울진군 울진읍,중상사고,0,1,0,0,차대차 - 정면충돌,중앙선침범,건조,맑음,단일로 - 기타,승용,남,77세,상해없음,승용,여,52세,중상
2016112800100217,2016년 11월 28일 10시,월요일,경상북도 경주시 외동읍,경상사고,0,0,1,0,차대차 - 측면충돌,안전운전불이행,건조,맑음,교차로 - 교차로부근,화물,남,43세,상해없음,화물,남,47세,경상
2016112800100245,2016년 11월 28일 11시,월요일,경상북도 문경시 호계면,경상사고,0,0,5,0,차대차 - 정면충돌,중앙선침범,건조,맑음,단일로 - 기타,화물,남,63세,경상,승용,남,52세,경상
2016112800100246,2016년 11월 28일 11시,월요일,경상북도 예천군 용궁면,중상사고,0,1,1,0,차대차 - 추돌,안전거리미확보,건조,맑음,단일로 - 기타,화물,남,61세,상해없음,승용,여,24세,중상
2016112800100247,2016년 11월 28일 11시,월요일,경상북도 포항시 남구 대도동,경상사고,0,0,1,0,차대차 - 측면충돌,안전운전불이행,건조,맑음,단일로 - 기타,승용,여,37세,상해없음,승용,여,39세,경상
2016112800100248,2016년 11월 28일 11시,월요일,경상북도 포항시 남구 대송면,중상사고,0,2,0,0,차대차 - 측면직각충돌,직진우회전진행방해,건조,맑음,교차로 - 교차로안,특수,남,47세,상해없음,승용,남,52세,중상
2016112800100278,2016년 11월 28일 12시,월요일,경상북도 포항시 북구 청하면,경상사고,0,0,1,0,차대차 - 추돌,안전운전불이행,건조,맑음,단일로 - 기타,화물,남,58세,상해없음,승용,남,41세,경상
2016112800100279,2016년 11월 28일 12시,월요일,경상북도 상주시 모서면,중상사고,0,1,0,0,차대차 - 추돌,안전운전불이행,건조,맑음,교차로 - 교차로안,원동기,남,59세,중상,농기계,남,74세,기타불명
2016112800100311,2016년 11월 28일 13시,월요일,경상북도 경주시 마동,중상사고,0,1,0,0,차대사람 - 횡단중,안전운전불이행,건조,맑음,단일로 - 기타,승용,남,47세,상해없음,보행자,여,73세,중상
2016112800100312,2016년 11월 28일 13시,월요일,경상북도 포항시 북구 죽도동,경상사고,0,0,2,0,차대차 - 정면충돌,신호위반,건조,맑음,단일로 - 기타,원동기,남,20세,경상,원동기,남,52세,경상
2016112800100313,2016년 11월 28일 13시,월요일,경상북도 안동시 율세동,경상사고,0,0,1,0,차대사람 - 길가장자리구역통행중,안전운전불이행,건조,맑음,단일로 - 기타,승용,남,25세,상해없음,보행자,여,18세,경상
2016112800100314,2016년 11월 28일 13시,월요일,경상북도 경산시 사동,경상사고,0,0,1,0,차대사람 - 기타,안전운전불이행,건조,맑음,교차로 - 교차로부근,승용,여,51세,상해없음,보행자,여,63세,경상
2016112800100315,2016년 11월 28일 13시,월요일,경상북도 포항시 남구 동촌동,경상사고,0,0,3,0,차대차 - 추돌,안전거리미확보,건조,맑음,교차로 - 교차로부근,화물,남,59세,상해없음,승용,여,34세,경상
2016112800100352,2016년 11월 28일 14시,월요일,경상북도 영덕군 병곡면,경상사고,0,0,1,0,차대차 - 측면충돌,교차로운행방법위반,건조,맑음,교차로 - 교차로안,화물,여,56세,상해없음,승용,남,46세,경상
2016112800100353,2016년 11월 28일 14시,월요일,경상북도 포항시 남구 효자동,경상사고,0,0,2,0,차대차 - 추돌,안전거리미확보,건조,맑음,교차로 - 교차로부근,승용,남,48세,상해없음,승용,여,52세,경상
2016112800100354,2016년 11월 28일 14시,월요일,경상북도 상주시 사벌면,중상사고,0,2,1,0,차대차 - 추돌,안전운전불이행,건조,맑음,단일로 - 기타,승용,남,48세,상해없음,승용,남,46세,중상
2016112800100386,2016년 11월 28일 15시,월요일,경상북도 경산시 진량읍,경상사고,0,0,1,0,차대차 - 정면충돌,교차로운행방법위반,건조,맑음,교차로 - 교차로안,승용,남,39세,상해없음,이륜,남,37세,경상
2016112800100423,2016년 11월 28일 16시,월요일,경상북도 포항시 북구 죽도동,중상사고,0,1,0,0,차대사람 - 차도통행중,안전운전불이행,건조,맑음,단일로 - 기타,화물,남,42세,상해없음,보행자,여,72세,중상
2016112800100424,2016년 11월 28일 16시,월요일,경상북도 경산시 중방동,경상사고,0,0,1,0,차대사람 - 횡단중,안전운전불이행,건조,맑음,단일로 - 횡단보도상,자전거,남,12세,상해없음,보행자,여,62세,경상
2016112800100465,2016년 11월 28일 17시,월요일,경상북도 상주시 남성동,경상사고,0,0,1,0,차대차 - 측면충돌,안전운전불이행,건조,맑음,단일로 - 기타,자전거,여,78세,경상,자전거,남,14세,상해없음
2016112800100466,2016년 11월 28일 17시,월요일,경상북도 칠곡군 왜관읍,중상사고,0,1,0,0,차대사람 - 기타,안전운전불이행,건조,맑음,단일로 - 기타,승용,여,49세,상해없음,보행자,남,35세,중상
2016112800100467,2016년 11월 28일 17시,월요일,경상북도 경산시 하양읍,경상사고,0,0,1,0,차대차 - 정면충돌,안전운전불이행,건조,맑음,단일로 - 기타,승용,여,39세,상해없음,승용,여,34세,경상
2016112800100468,2016년 11월 28일 17시,월요일,경상북도 포항시 남구 오천읍,경상사고,0,0,1,0,차대차 - 정면충돌,안전운전불이행,건조,맑음,단일로 - 기타,자전거,남,10세,경상,승용,남,50세,상해없음
2016112800100469,2016년 11월 28일 17시,월요일,경상북도 포항시 남구 연일읍,중상사고,0,1,0,0,차량단독 - 공작물충돌,안전운전불이행,건조,맑음,단일로 - 기타,이륜,남,42세,중상,,,,
2016112800100527,2016년 11월 28일 18시,월요일,경상북도 예천군 예천읍,경상사고,0,0,1,0,차대사람 - 횡단중,안전운전불이행,건조,맑음,단일로 - 기타,승용,남,43세,상해없음,보행자,여,67세,경상
2016112800100528,2016년 11월 28일 18시,월요일,경상북도 고령군 다산면,중상사고,0,2,1,0,차대차 - 추돌,안전운전불이행,건조,맑음,교차로 - 교차로안,승용,남,62세,상해없음,승용,남,46세,중상
2016112800100573,2016년 11월 28일 19시,월요일,경상북도 경산시 중방동,경상사고,0,0,1,0,차대사람 - 횡단중,안전운전불이행,건조,맑음,교차로 - 교차로안,승용,남,52세,상해없음,보행자,여,60세,경상
2016112800100630,2016년 11월 28일 21시,월요일,경상북도 김천시 대항면,중상사고,0,1,0,0,차량단독 - 전도전복,안전운전불이행,건조,맑음,단일로 - 기타,이륜,남,57세,중상,,,,
2016112800100631,2016년 11월 28일 21시,월요일,경상북도 경산시 압량면,경상사고,0,0,1,0,차대차 - 측면충돌,교차로운행방법위반,건조,맑음,교차로 - 교차로안,승용,남,62세,상해없음,승용,남,41세,경상
2016112800100632,2016년 11월 28일 21시,월요일,경상북도 구미시 진평동,경상사고,0,0,3,1,차대차 - 추돌,안전운전불이행,건조,맑음,단일로 - 기타,승합,남,31세,부상신고,승용,여,40세,경상
2016112800100679,2016년 11월 28일 23시,월요일,경상북도 김천시 어모면,사망사고,1,0,0,0,차량단독 - 기타,안전운전불이행,건조,맑음,단일로 - 기타,이륜,남,26세,사망,,,,
2016112800100680,2016년 11월 28일 23시,월요일,경상북도 구미시 지산동,경상사고,0,0,1,0,차대차 - 측면충돌,안전운전불이행,건조,맑음,단일로 - 기타,승용,남,47세,상해없음,승용,남,49세,경상
2016112900100013,2016년 11월 29일 01시,화요일,경상북도 구미시 송정동,경상사고,0,0,6,0,차대차 - 측면충돌,신호위반,건조,맑음,교차로 - 교차로안,승용,여,43세,상해없음,승용,여,30세,경상
2016112900100049,2016년 11월 29일 05시,화요일,경상북도 성주군 성주읍,중상사고,0,1,0,0,차대사람 - 횡단중,안전운전불이행,건조,맑음,기타 - 기타,승용,남,56세,상해없음,보행자,남,74세,중상
2016112900100079,2016년 11월 29일 07시,화요일,경상북도 포항시 북구 흥해읍,경상사고,0,0,1,0,차대차 - 기타,신호위반,건조,맑음,교차로 - 교차로안,화물,남,63세,상해없음,화물,남,70세,경상
2016112900100080,2016년 11월 29일 07시,화요일,경상북도 칠곡군 석적읍,경상사고,0,0,1,0,차대차 - 측면충돌,교차로운행방법위반,건조,맑음,교차로 - 교차로안,승용,남,33세,상해없음,승용,남,34세,경상
2016112900100081,2016년 11월 29일 07시,화요일,경상북도 경산시 사정동,경상사고,0,0,1,0,차대사람 - 기타,기타,건조,맑음,단일로 - 기타,승합,남,54세,상해없음,보행자,여,16세,경상
2016112900100082,2016년 11월 29일 07시,화요일,경상북도 구미시 공단동,중상사고,0,1,1,0,차대사람 - 횡단중,안전운전불이행,건조,맑음,단일로 - 기타,이륜,남,36세,경상,보행자,남,78세,중상
2016112900100133,2016년 11월 29일 08시,화요일,경상북도 영천시 대창면,경상사고,0,0,1,0,차량단독 - 기타,안전운전불이행,결빙,흐림,단일로 - 기타,승용,여,47세,경상,,,,
2016112900100180,2016년 11월 29일 09시,화요일,경상북도 영천시 완산동,경상사고,0,0,1,0,차대차 - 측면충돌,안전운전불이행,건조,맑음,단일로 - 기타,승용,남,58세,상해없음,원동기,남,45세,경상
2016112900100202,2016년 11월 29일 10시,화요일,경상북도 경주시 사정동,중상사고,0,1,0,0,차대차 - 정면충돌,안전운전불이행,건조,맑음,단일로 - 기타,승용,남,57세,상해없음,자전거,남,63세,중상
2016112900100203,2016년 11월 29일 10시,화요일,경상북도 안동시 안흥동,중상사고,0,1,0,0,차대차 - 측면직각충돌,신호위반,건조,맑음,교차로 - 교차로안,승용,여,66세,상해없음,이륜,남,76세,중상
2016112900100206,2016년 11월 29일 10시,화요일,경상북도 포항시 남구 송도동,경상사고,0,0,1,0,차대차 - 기타,안전운전불이행,건조,맑음,단일로 - 기타,건설기계,남,45세,상해없음,승용,남,61세,상해없음
2016112900100234,2016년 11월 29일 11시,화요일,경상북도 구미시 도량동,중상사고,0,1,0,0,차대차 - 측면직각충돌,안전운전불이행,건조,맑음,교차로 - 교차로안,건설기계,남,50세,상해없음,자전거,남,66세,중상
2016112900100266,2016년 11월 29일 12시,화요일,경상북도 안동시 신안동,중상사고,0,1,0,0,차대차 - 측면직각충돌,안전운전불이행,건조,맑음,단일로 - 기타,승합,남,35세,상해없음,자전거,남,75세,중상
2016112900100296,2016년 11월 29일 13시,화요일,경상북도 구미시 송정동,경상사고,0,0,2,0,차대차 - 측면충돌,안전운전불이행,기타,기타,단일로 - 기타,승용,남,65세,기타불명,승용,여,46세,경상
2016112900100297,2016년 11월 29일 13시,화요일,경상북도 포항시 남구 대송면,중상사고,0,1,1,0,차대차 - 추돌,안전거리미확보,건조,맑음,교차로 - 교차로안,건설기계,남,58세,상해없음,승용,여,50세,중상
2016112900100324,2016년 11월 29일 14시,화요일,경상북도 경주시 용강동,경상사고,0,0,1,0,차대차 - 기타,안전운전불이행,건조,맑음,단일로 - 기타,화물,남,39세,상해없음,승용,남,40세,경상
2016112900100325,2016년 11월 29일 14시,화요일,경상북도 문경시 영순면,부상신고사고,0,0,0,1,차대차 - 정면충돌,안전운전불이행,건조,맑음,교차로 - 교차로안,화물,남,55세,부상신고,승용,남,69세,상해없음
2016112900100326,2016년 11월 29일 14시,화요일,경상북도 고령군 성산면,경상사고,0,0,2,0,차대차 - 정면충돌,안전운전불이행,건조,맑음,단일로 - 기타,승용,남,62세,경상,건설기계,남,50세,경상
2016112900100363,2016년 11월 29일 15시,화요일,경상북도 경산시 정평동,경상사고,0,0,2,0,차대차 - 정면충돌,안전운전불이행,건조,맑음,단일로 - 기타,승용,남,53세,상해없음,승용,남,34세,경상
2016112900100364,2016년 11월 29일 15시,화요일,경상북도 경산시 사동,경상사고,0,0,1,0,차대사람 - 기타,보행자보호의무위반,건조,맑음,교차로 - 교차로안,승용,여,58세,상해없음,보행자,남,45세,경상
2016112900100400,2016년 11월 29일 16시,화요일,경상북도 경산시 조영동,경상사고,0,0,2,0,차대차 - 기타,신호위반,건조,맑음,교차로 - 교차로안,승용,남,23세,상해없음,승용,여,33세,경상
2016112900100446,2016년 11월 29일 17시,화요일,경상북도 영천시 범어동,경상사고,0,0,1,0,차대차 - 측면직각충돌,안전운전불이행,건조,맑음,교차로 - 교차로안,승용,여,63세,경상,화물,남,62세,상해없음
2016112900100447,2016년 11월 29일 17시,화요일,경상북도 봉화군 춘양면,중상사고,0,1,0,0,차량단독 - 전도전복,안전운전불이행,건조,맑음,단일로 - 기타,이륜,남,79세,중상,,,,
2016112900100448,2016년 11월 29일 17시,화요일,경상북도 포항시 남구 오천읍,경상사고,0,0,1,1,차대차 - 측면직각충돌,직진우회전진행방해,건조,맑음,교차로 - 교차로안,승용,여,47세,부상신고,승용,남,68세,경상
2016112900100494,2016년 11월 29일 18시,화요일,경상북도 안동시 운흥동,경상사고,0,0,1,0,차대사람 - 횡단중,보행자보호의무위반,건조,맑음,교차로 - 교차로안,승용,여,33세,상해없음,보행자,남,54세,경상
2016112900100495,2016년 11월 29일 18시,화요일,경상북도 의성군 안계면,경상사고,0,0,1,0,차대차 - 정면충돌,직진우회전진행방해,건조,맑음,교차로 - 교차로부근,승용,남,34세,상해없음,이륜,여,72세,경상
2016112900100496,2016년 11월 29일 18시,화요일,경상북도 경산시 정평동,경상사고,0,0,1,0,차대사람 - 횡단중,보행자보호의무위반,건조,맑음,단일로 - 횡단보도상,승용,남,26세,상해없음,보행자,여,26세,경상
2016112900100536,2016년 11월 29일 19시,화요일,경상북도 안동시 용상동,경상사고,0,0,3,0,차대차 - 정면충돌,신호위반,건조,맑음,교차로 - 교차로안,승용,남,25세,상해없음,승용,여,34세,경상
2016112900100537,2016년 11월 29일 19시,화요일,경상북도 상주시 청리면,중상사고,0,1,0,0,차대차 - 추돌,안전운전불이행,건조,맑음,단일로 - 기타,승용,남,32세,상해없음,화물,남,53세,상해없음
2016112900100538,2016년 11월 29일 19시,화요일,경상북도 영천시 야사동,경상사고,0,0,1,0,차대사람 - 기타,안전운전불이행,건조,맑음,단일로 - 기타,기타불명,기타불명,기타불명,기타불명,보행자,남,25세,경상
2016112900100574,2016년 11월 29일 20시,화요일,경상북도 문경시 모전동,경상사고,0,0,1,0,차대차 - 측면직각충돌,안전운전불이행,건조,맑음,교차로 - 교차로부근,승용,남,42세,상해없음,승용,남,37세,경상
2016112900100575,2016년 11월 29일 20시,화요일,경상북도 구미시 고아읍,중상사고,0,1,0,0,차대차 - 측면충돌,교차로운행방법위반,건조,맑음,교차로 - 교차로안,승용,여,34세,상해없음,이륜,남,55세,중상
2016112900100596,2016년 11월 29일 21시,화요일,경상북도 포항시 북구 죽도동,사망사고,1,0,0,0,차대사람 - 횡단중,안전운전불이행,습기,비,단일로 - 기타,승용,남,37세,상해없음,보행자,남,67세,사망
2016112900100597,2016년 11월 29일 21시,화요일,경상북도 영천시 북안면,중상사고,0,2,0,0,차대차 - 정면충돌,교차로운행방법위반,건조,맑음,교차로 - 교차로안,승용,남,29세,중상,화물,남,60세,중상
2016112900100598,2016년 11월 29일 21시,화요일,경상북도 문경시 모전동,경상사고,0,0,1,0,차대차 - 측면충돌,안전운전불이행,건조,맑음,교차로 - 교차로안,승합,남,37세,상해없음,승용,남,36세,경상
2016112900100599,2016년 11월 29일 21시,화요일,경상북도 울진군 죽변면,중상사고,0,1,0,0,차량단독 - 전도전복,안전운전불이행,습기,비,단일로 - 기타,승용,남,34세,중상,,,,
2016112900100600,2016년 11월 29일 21시,화요일,경상북도 구미시 진평동,경상사고,0,0,1,0,차대차 - 정면충돌,안전운전불이행,건조,맑음,교차로 - 교차로안,승용,남,22세,상해없음,승용,남,51세,경상
2016112900100601,2016년 11월 29일 21시,화요일,경상북도 구미시 임은동,경상사고,0,0,1,0,차대차 - 측면충돌,안전운전불이행,건조,맑음,단일로 - 기타,승용,남,44세,상해없음,이륜,남,17세,경상
2016112900100621,2016년 11월 29일 22시,화요일,경상북도 경주시 석장동,경상사고,0,0,1,0,차대사람 - 횡단중,보행자보호의무위반,습기,비,교차로 - 교차로안,승용,여,47세,상해없음,보행자,여,21세,경상
2016112900100622,2016년 11월 29일 22시,화요일,경상북도 포항시 북구 두호동,경상사고,0,0,1,0,차대차 - 정면충돌,교차로운행방법위반,습기,비,교차로 - 교차로안,승용,여,54세,상해없음,원동기,남,22세,경상
2016112900100623,2016년 11월 29일 22시,화요일,경상북도 포항시 북구 두호동,경상사고,0,0,1,0,차대차 - 기타,안전운전불이행,습기,비,단일로 - 기타,승용,기타불명,기타불명,기타불명,승용,남,70세,상해없음
2016112900100624,2016년 11월 29일 22시,화요일,경상북도 안동시 옥동,경상사고,0,0,1,0,차대사람 - 횡단중,안전운전불이행,건조,맑음,교차로 - 교차로부근,승용,여,42세,상해없음,보행자,여,33세,경상
2016112900100625,2016년 11월 29일 22시,화요일,경상북도 구미시 임수동,경상사고,0,0,2,0,차대차 - 정면충돌,안전운전불이행,건조,맑음,교차로 - 교차로부근,승용,남,31세,상해없음,승용,남,28세,상해없음
2016112900100626,2016년 11월 29일 22시,화요일,경상북도 포항시 남구 상도동,경상사고,0,0,1,0,차대차 - 기타,교차로운행방법위반,습기,비,교차로 - 교차로안,승용,남,33세,상해없음,승합,남,57세,경상
2016112900100649,2016년 11월 29일 23시,화요일,경상북도 경주시 동천동,경상사고,0,0,1,0,차대사람 - 횡단중,안전운전불이행,습기,비,단일로 - 기타,승용,남,48세,상해없음,보행자,남,59세,경상
2016113000100018,2016년 11월 30일 01시,수요일,경상북도 칠곡군 석적읍,부상신고사고,0,0,0,1,차대차 - 측면직각충돌,안전운전불이행,건조,맑음,단일로 - 기타,승용,남,57세,상해없음,승용,남,64세,부상신고
2016113000100033,2016년 11월 30일 02시,수요일,경상북도 구미시 신평동,중상사고,0,1,0,0,차대차 - 측면직각충돌,신호위반,건조,맑음,교차로 - 교차로안,승용,남,30세,상해없음,승용,남,48세,중상
2016113000100056,2016년 11월 30일 05시,수요일,경상북도 청도군 청도읍,경상사고,0,0,1,0,차대사람 - 횡단중,안전운전불이행,건조,흐림,단일로 - 기타,화물,남,77세,상해없음,보행자,남,43세,경상