사고번호,사고일시,요일,시군구,사고내용,사망자수,중상자수,경상자수,부상신고자수,사고유형,법규위반,노면상태,기상상태,도로형태,가해운전자 차종,가해운전자 성별,가해운전자 연령,가해운전자 상해정도,피해운전자 차종,피해운전자 성별,피해운전자 연령,피해운전자 상해정도
2016113000100067,2016년 11월 30일 06시,수요일,경상북도 문경시 산북면,사망사고,1,0,0,0,차대사람 - 횡단중,안전운전불이행,건조,맑음,교차로 - 교차로안,화물,남,51세,상해없음,보행자,남,74세,사망
2016113000100092,2016년 11월 30일 07시,수요일,경상북도 포항시 남구 해도동,경상사고,0,0,1,0,차대사람 - 횡단중,안전운전불이행,습기,비,단일로 - 기타,승용,남,31세,상해없음,보행자,여,68세,경상
2016113000100119,2016년 11월 30일 08시,수요일,경상북도 경주시 황성동,중상사고,0,3,3,0,차대차 - 정면충돌,안전운전불이행,습기,비,교차로 - 교차로안,승용,남,76세,경상,승용,여,41세,중상
2016113000100120,2016년 11월 30일 08시,수요일,경상북도 포항시 북구 흥해읍,경상사고,0,0,1,0,차대차 - 기타,안전운전불이행,습기,비,단일로 - 기타,화물,여,51세,상해없음,승용,여,44세,경상
2016113000100121,2016년 11월 30일 08시,수요일,경상북도 칠곡군 지천면,경상사고,0,0,3,1,차대차 - 측면충돌,안전운전불이행,건조,맑음,교차로 - 교차로부근,승용,남,23세,경상,화물,남,33세,경상
2016113000100150,2016년 11월 30일 09시,수요일,경상북도 안동시 태화동,경상사고,0,0,1,0,차대차 - 기타,중앙선침범,건조,맑음,단일로 - 기타,승용,남,43세,상해없음,승용,남,42세,경상
2016113000100151,2016년 11월 30일 09시,수요일,경상북도 영주시 풍기읍,경상사고,0,0,1,0,차대차 - 측면충돌,직진우회전진행방해,건조,맑음,교차로 - 교차로안,승용,남,31세,상해없음,화물,남,63세,경상
2016113000100152,2016년 11월 30일 09시,수요일,경상북도 칠곡군 왜관읍,중상사고,0,1,3,1,차대차 - 추돌,안전운전불이행,건조,맑음,단일로 - 기타,화물,남,80세,경상,화물,남,45세,중상
2016113000100153,2016년 11월 30일 09시,수요일,경상북도 포항시 남구 이동,중상사고,0,1,0,0,차대사람 - 횡단중,안전운전불이행,습기,비,교차로 - 교차로안,승용,여,54세,상해없음,보행자,여,52세,중상
2016113000100177,2016년 11월 30일 10시,수요일,경상북도 구미시 공단동,경상사고,0,0,3,0,차대차 - 추돌,신호위반,건조,맑음,단일로 - 교량,승용,남,33세,상해없음,화물,남,45세,상해없음
2016113000100218,2016년 11월 30일 12시,수요일,경상북도 영천시 임고면,경상사고,0,0,1,0,차대차 - 측면충돌,안전운전불이행,건조,맑음,단일로 - 기타,농기계,남,64세,경상,승용,남,49세,상해없음
2016113000100241,2016년 11월 30일 13시,수요일,경상북도 성주군 성주읍,경상사고,0,0,2,0,차대차 - 측면직각충돌,안전운전불이행,건조,맑음,교차로 - 교차로안,승용,여,62세,경상,화물,남,57세,경상
2016113000100270,2016년 11월 30일 14시,수요일,경상북도 구미시 사곡동,경상사고,0,0,1,0,차대차 - 정면충돌,중앙선침범,건조,맑음,단일로 - 기타,자전거,여,47세,상해없음,이륜,남,20세,경상
2016113000100303,2016년 11월 30일 15시,수요일,경상북도 경주시 북군동,경상사고,0,0,1,0,차대차 - 측면충돌,중앙선침범,습기,비,단일로 - 기타,승용,여,43세,상해없음,승용,남,28세,경상
2016113000100304,2016년 11월 30일 15시,수요일,경상북도 김천시 모암동,경상사고,0,0,1,0,차대차 - 측면충돌,신호위반,건조,맑음,교차로 - 교차로안,이륜,남,74세,경상,승용,남,43세,상해없음
2016113000100305,2016년 11월 30일 15시,수요일,경상북도 영주시 영주동,경상사고,0,0,1,0,차대차 - 추돌,안전운전불이행,습기,비,교차로 - 교차로안,건설기계,남,56세,상해없음,승용,남,68세,경상
2016113000100306,2016년 11월 30일 15시,수요일,경상북도 구미시 송정동,경상사고,0,0,2,0,차대차 - 측면충돌,신호위반,건조,흐림,교차로 - 교차로안,승용,여,58세,상해없음,승용,남,39세,경상
2016113000100338,2016년 11월 30일 16시,수요일,경상북도 구미시 원평동,중상사고,0,1,0,0,차대사람 - 횡단중,안전운전불이행,건조,맑음,단일로 - 기타,승용,여,31세,상해없음,보행자,여,59세,중상
2016113000100373,2016년 11월 30일 17시,수요일,경상북도 포항시 북구 두호동,경상사고,0,0,1,0,차대차 - 정면충돌,안전거리미확보,건조,맑음,단일로 - 기타,승용,남,70세,상해없음,승용,남,46세,경상
2016113000100374,2016년 11월 30일 17시,수요일,경상북도 영천시 북안면,중상사고,0,1,2,0,차대차 - 추돌,안전거리미확보,건조,흐림,단일로 - 기타,승용,남,34세,상해없음,승용,남,46세,경상
2016113000100375,2016년 11월 30일 17시,수요일,경상북도 영덕군 지품면,사망사고,1,0,0,0,차대사람 - 횡단중,안전운전불이행,습기,비,단일로 - 기타,승용,남,56세,상해없음,보행자,남,50세,사망
2016113000100376,2016년 11월 30일 17시,수요일,경상북도 구미시 송정동,중상사고,0,1,0,0,차대차 - 정면충돌,안전운전불이행,건조,맑음,교차로 - 교차로안,승용,여,40세,상해없음,이륜,남,44세,중상
2016113000100428,2016년 11월 30일 18시,수요일,경상북도 경주시 도지동,중상사고,0,1,0,0,차대차 - 추돌,안전운전불이행,건조,맑음,교차로 - 교차로부근,화물,남,44세,상해없음,승용,여,55세,중상
2016113000100429,2016년 11월 30일 18시,수요일,경상북도 상주시 함창읍,중상사고,0,1,0,0,차대차 - 정면충돌,신호위반,습기,비,교차로 - 교차로안,화물,여,55세,상해없음,승용,남,24세,중상
2016113000100430,2016년 11월 30일 18시,수요일,경상북도 칠곡군 가산면,경상사고,0,0,1,0,차대차 - 정면충돌,안전운전불이행,습기,비,단일로 - 기타,화물,남,63세,상해없음,승용,남,52세,경상
2016113000100431,2016년 11월 30일 18시,수요일,경상북도 칠곡군 석적읍,경상사고,0,0,1,0,차대차 - 추돌,안전운전불이행,건조,맑음,단일로 - 기타,승용,남,59세,상해없음,승용,남,62세,경상
2016113000100432,2016년 11월 30일 18시,수요일,경상북도 청도군 청도읍,중상사고,0,1,0,0,차대사람 - 횡단중,안전운전불이행,습기,비,기타 - 기타,화물,남,50세,상해없음,보행자,여,55세,중상
2016113000100433,2016년 11월 30일 18시,수요일,경상북도 청도군 운문면,경상사고,0,0,1,0,차대사람 - 길가장자리구역통행중,안전운전불이행,습기,비,단일로 - 기타,승용,남,53세,상해없음,보행자,여,60세,경상
2016113000100434,2016년 11월 30일 18시,수요일,경상북도 구미시 진평동,경상사고,0,0,1,0,차대사람 - 횡단중,보행자보호의무위반,습기,비,교차로 - 교차로부근,원동기,남,52세,상해없음,보행자,남,73세,경상
2016113000100480,2016년 11월 30일 19시,수요일,경상북도 포항시 북구 장성동,경상사고,0,0,1,0,차대사람 - 횡단중,안전운전불이행,습기,비,단일로 - 기타,기타불명,기타불명,기타불명,기타불명,보행자,남,54세,경상
2016113000100481,2016년 11월 30일 19시,수요일,경상북도 구미시 원평동,중상사고,0,1,0,0,차대사람 - 횡단중,보행자보호의무위반,건조,맑음,교차로 - 교차로부근,승용,여,50세,상해없음,보행자,남,80세,중상
2016113000100506,2016년 11월 30일 20시,수요일,경상북도 상주시 성동동,경상사고,0,0,1,0,차량단독 - 전도전복,안전운전불이행,습기,비,단일로 - 기타,자전거,남,59세,경상,,,,
2016113000100507,2016년 11월 30일 20시,수요일,경상북도 구미시 원평동,중상사고,0,1,0,0,차대사람 - 횡단중,안전운전불이행,건조,맑음,단일로 - 기타,승용,남,70세,상해없음,보행자,남,44세,중상
2016113000100508,2016년 11월 30일 20시,수요일,경상북도 포항시 남구 대잠동,경상사고,0,0,1,0,차대차 - 정면충돌,중앙선침범,건조,맑음,단일로 - 기타,화물,남,44세,상해없음,화물,남,48세,경상
2016113000100580,2016년 11월 30일 22시,수요일,경상북도 경주시 석장동,경상사고,0,0,1,0,차대차 - 측면직각충돌,안전운전불이행,습기,비,교차로 - 교차로안,특수,남,25세,상해없음,승용,남,26세,경상
2016113000100581,2016년 11월 30일 22시,수요일,경상북도 포항시 북구 중앙동,중상사고,0,1,0,0,차대사람 - 기타,기타,건조,맑음,단일로 - 기타,승용,여,37세,상해없음,보행자,여,63세,중상
2016113000100582,2016년 11월 30일 22시,수요일,경상북도 경산시 진량읍,중상사고,0,2,2,0,차대차 - 정면충돌,안전운전불이행,건조,맑음,단일로 - 기타,승용,남,35세,상해없음,승용,남,49세,중상
2016113000100623,2016년 11월 30일 23시,수요일,경상북도 포항시 북구 두호동,경상사고,0,0,1,0,차대차 - 측면충돌,신호위반,건조,맑음,교차로 - 교차로안,승용,남,59세,상해없음,승용,남,26세,경상
2016113000100624,2016년 11월 30일 23시,수요일,경상북도 상주시 서문동,경상사고,0,0,1,0,차대차 - 측면충돌,안전운전불이행,습기,비,단일로 - 기타,승용,남,31세,상해없음,이륜,남,17세,경상
2016120100100037,2016년 12월 1일 01시,목요일,경상북도 안동시 운안동,부상신고사고,0,0,0,1,차대차 - 정면충돌,안전운전불이행,건조,맑음,단일로 - 기타,승용,여,37세,부상신고,승용,남,55세,기타불명
2016120100100109,2016년 12월 1일 07시,목요일,경상북도 경주시 충효동,부상신고사고,0,0,0,3,차대차 - 측면충돌,안전운전불이행,건조,맑음,교차로 - 교차로안,승용,여,48세,부상신고,승용,남,32세,부상신고
2016120100100110,2016년 12월 1일 07시,목요일,경상북도 구미시 공단동,중상사고,0,1,0,0,차대차 - 기타,신호위반,건조,맑음,교차로 - 교차로안,화물,남,58세,상해없음,화물,남,34세,중상
2016120100100151,2016년 12월 1일 08시,목요일,경상북도 경주시 황남동,중상사고,0,1,0,0,차대차 - 정면충돌,안전운전불이행,건조,맑음,단일로 - 기타,승용,여,42세,상해없음,자전거,여,63세,중상
2016120100100152,2016년 12월 1일 08시,목요일,경상북도 칠곡군 왜관읍,중상사고,0,1,0,0,차대사람 - 횡단중,보행자보호의무위반,건조,맑음,단일로 - 기타,승용,여,41세,상해없음,보행자,남,82세,중상
2016120100100220,2016년 12월 1일 10시,목요일,경상북도 영천시 신령면,중상사고,0,1,0,0,차대차 - 정면충돌,중앙선침범,건조,맑음,단일로 - 기타,자전거,남,67세,중상,승합,남,63세,상해없음
2016120100100221,2016년 12월 1일 10시,목요일,경상북도 고령군 대가야읍,중상사고,0,1,0,0,차대차 - 측면직각충돌,교차로운행방법위반,건조,맑음,교차로 - 교차로안,승용,남,64세,상해없음,승용,여,43세,중상
2016120100100248,2016년 12월 1일 11시,목요일,경상북도 예천군 예천읍,중상사고,0,2,0,0,차대차 - 측면직각충돌,직진우회전진행방해,건조,맑음,교차로 - 교차로안,승용,남,67세,중상,승용,남,71세,중상
2016120100100276,2016년 12월 1일 12시,목요일,경상북도 상주시 함창읍,경상사고,0,0,1,0,차대차 - 측면충돌,안전운전불이행,건조,맑음,교차로 - 교차로안,화물,남,73세,상해없음,승용,남,57세,경상
2016120100100277,2016년 12월 1일 12시,목요일,경상북도 영천시 완산동,경상사고,0,0,1,0,차대차 - 추돌,안전운전불이행,건조,맑음,기타 - 기타,승용,남,41세,상해없음,승용,여,60세,경상
2016120100100278,2016년 12월 1일 12시,목요일,경상북도 경산시 중방동,경상사고,0,0,1,0,차대차 - 추돌,기타,건조,맑음,단일로 - 기타,이륜,남,31세,상해없음,승용,여,31세,경상
2016120100100296,2016년 12월 1일 13시,목요일,경상북도 영덕군 영덕읍,경상사고,0,0,1,0,차대차 - 측면충돌,교차로운행방법위반,건조,맑음,교차로 - 교차로안,승용,남,24세,상해없음,승용,여,42세,경상
2016120100100330,2016년 12월 1일 14시,목요일,경상북도 안동시 남선면,중상사고,0,1,0,0,차대차 - 측면직각충돌,안전운전불이행,건조,맑음,단일로 - 기타,화물,남,22세,상해없음,특수,남,49세,상해없음
2016120100100363,2016년 12월 1일 15시,목요일,경상북도 고령군 덕곡면,경상사고,0,0,1,0,차량단독 - 공작물충돌,안전운전불이행,건조,맑음,단일로 - 기타,화물,남,73세,경상,,,,
2016120100100364,2016년 12월 1일 15시,목요일,경상북도 구미시 봉곡동,중상사고,0,1,0,0,차대사람 - 횡단중,안전운전불이행,건조,맑음,단일로 - 기타,승용,여,45세,상해없음,보행자,남,8세,중상
2016120100100365,2016년 12월 1일 15시,목요일,경상북도 포항시 남구 대송면,중상사고,0,1,1,0,차대차 - 측면충돌,안전운전불이행,건조,맑음,단일로 - 기타,승용,남,33세,경상,승용,여,36세,중상
2016120100100401,2016년 12월 1일 16시,목요일,경상북도 경주시 구황동,경상사고,0,0,1,0,차대차 - 측면충돌,안전운전불이행,건조,맑음,교차로 - 교차로안,승용,남,58세,상해없음,승용,남,35세,경상
2016120100100402,2016년 12월 1일 16시,목요일,경상북도 포항시 북구 신광면,경상사고,0,0,1,0,차대차 - 측면충돌,안전운전불이행,건조,맑음,교차로 - 교차로부근,승용,남,39세,상해없음,이륜,남,84세,경상
2016120100100403,2016년 12월 1일 16시,목요일,경상북도 김천시 신음동,중상사고,0,1,0,0,차대차 - 측면직각충돌,안전운전불이행,건조,맑음,단일로 - 기타,자전거,여,19세,중상,승용,여,57세,상해없음
2016120100100404,2016년 12월 1일 16시,목요일,경상북도 구미시 도량동,중상사고,0,1,0,0,차대차 - 기타,중앙선침범,건조,맑음,기타 - 기타,승용,여,41세,상해없음,이륜,남,17세,중상
2016120100100453,2016년 12월 1일 17시,목요일,경상북도 김천시 대덕면,중상사고,0,1,0,0,차량단독 - 전도전복,안전운전불이행,건조,맑음,단일로 - 기타,이륜,남,81세,중상,,,,
2016120100100455,2016년 12월 1일 17시,목요일,경상북도 칠곡군 왜관읍,중상사고,0,1,0,0,차대차 - 추돌,안전운전불이행,건조,맑음,단일로 - 기타,승용,남,60세,상해없음,농기계,남,51세,중상
2016120100100456,2016년 12월 1일 17시,목요일,경상북도 구미시 시미동,경상사고,0,0,1,0,차대차 - 측면직각충돌,안전운전불이행,건조,맑음,교차로 - 교차로안,승용,여,36세,상해없음,승용,남,34세,경상
2016120100100457,2016년 12월 1일 17시,목요일,경상북도 칠곡군 가산면,중상사고,0,1,0,0,차대차 - 추돌,안전운전불이행,건조,맑음,단일로 - 기타,화물,남,72세,상해없음,승용,여,49세,상해없음
2016120100100458,2016년 12월 1일 17시,목요일,경상북도 영천시 문외동,사망사고,1,0,1,0,차대사람 - 횡단중,보행자보호의무위반,건조,맑음,단일로 - 기타,이륜,남,30세,경상,보행자,남,78세,사망
2016120100100459,2016년 12월 1일 17시,목요일,경상북도 영덕군 영해면,경상사고,0,0,1,0,차대차 - 측면충돌,교차로운행방법위반,건조,맑음,교차로 - 교차로안,원동기,여,47세,경상,승용,남,53세,상해없음
2016120100100460,2016년 12월 1일 17시,목요일,경상북도 포항시 남구 오천읍,경상사고,0,0,3,0,차대차 - 측면충돌,직진우회전진행방해,건조,맑음,교차로 - 교차로안,승용,남,53세,경상,승용,남,58세,경상
2016120100100506,2016년 12월 1일 18시,목요일,경상북도 포항시 북구 장성동,경상사고,0,0,1,0,차대차 - 측면충돌,신호위반,건조,맑음,교차로 - 교차로부근,승용,남,49세,상해없음,이륜,남,35세,경상
2016120100100507,2016년 12월 1일 18시,목요일,경상북도 김천시 농소면,중상사고,0,1,0,0,차대차 - 측면충돌,신호위반,건조,맑음,교차로 - 교차로안,승용,남,21세,상해없음,승용,남,53세,중상
2016120100100508,2016년 12월 1일 18시,목요일,경상북도 상주시 낙동면,경상사고,0,0,1,0,차대차 - 측면직각충돌,안전운전불이행,건조,맑음,단일로 - 기타,승용,여,24세,상해없음,승용,남,29세,경상
2016120100100544,2016년 12월 1일 19시,목요일,경상북도 경산시 대평동,경상사고,0,0,1,0,차대차 - 정면충돌,안전운전불이행,건조,맑음,교차로 - 교차로부근,화물,남,73세,상해없음,승용,여,52세,경상
2016120100100545,2016년 12월 1일 19시,목요일,경상북도 고령군 대가야읍,경상사고,0,0,1,0,차대차 - 추돌,안전운전불이행,건조,맑음,단일로 - 기타,승용,남,24세,상해없음,자전거,남,15세,경상
2016120100100546,2016년 12월 1일 19시,목요일,경상북도 구미시 사곡동,중상사고,0,1,4,0,차대차 - 측면충돌,신호위반,건조,맑음,교차로 - 교차로안,승용,남,70세,상해없음,승합,남,34세,경상
2016120100100574,2016년 12월 1일 20시,목요일,경상북도 안동시 안흥동,중상사고,0,1,0,0,차대차 - 정면충돌,안전운전불이행,건조,맑음,단일로 - 기타,승용,남,68세,상해없음,이륜,남,24세,중상
2016120100100575,2016년 12월 1일 20시,목요일,경상북도 경산시 압량면,경상사고,0,0,1,0,차대차 - 정면충돌,안전운전불이행,건조,맑음,단일로 - 기타,자전거,남,16세,경상,화물,남,58세,상해없음
2016120100100576,2016년 12월 1일 20시,목요일,경상북도 포항시 남구 오천읍,중상사고,0,1,0,0,차대차 - 측면직각충돌,신호위반,건조,맑음,교차로 - 교차로안,원동기,남,20세,중상,승용,남,19세,상해없음
2016120100100612,2016년 12월 1일 21시,목요일,경상북도 영천시 망정동,경상사고,0,0,4,0,차대차 - 측면충돌,교차로운행방법위반,건조,맑음,교차로 - 교차로안,화물,남,61세,상해없음,승용,남,22세,경상
2016120100100613,2016년 12월 1일 21시,목요일,경상북도 포항시 남구 송도동,경상사고,0,0,1,0,차대사람 - 횡단중,안전운전불이행,건조,맑음,교차로 - 교차로부근,승용,남,50세,상해없음,보행자,여,61세,경상
2016120100100638,2016년 12월 1일 22시,목요일,경상북도 칠곡군 왜관읍,경상사고,0,0,1,0,차대차 - 기타,안전운전불이행,건조,맑음,교차로 - 교차로부근,승용,남,37세,상해없음,승용,남,30세,경상
2016120100100639,2016년 12월 1일 22시,목요일,경상북도 경산시 계양동,중상사고,0,1,0,0,차대차 - 측면직각충돌,안전거리미확보,건조,맑음,단일로 - 기타,승용,남,59세,상해없음,이륜,남,17세,중상
2016120200100012,2016년 12월 2일 00시,금요일,경상북도 포항시 남구 호미곶면,경상사고,0,0,1,0,차량단독 - 도로외이탈 - 기타,안전운전불이행,건조,맑음,교차로 - 교차로부근,승용,남,58세,상해없음,,,,
2016120200100043,2016년 12월 2일 03시,금요일,경상북도 상주시 사벌면,중상사고,0,1,1,0,차대차 - 측면직각충돌,중앙선침범,건조,맑음,단일로 - 기타,승용,남,35세,경상,승용,남,14세,상해없음
2016120200100065,2016년 12월 2일 05시,금요일,경상북도 경주시 용강동,사망사고,1,0,1,0,차대차 - 추돌,안전운전불이행,건조,맑음,단일로 - 기타,화물,남,23세,상해없음,화물,남,51세,경상
2016120200100082,2016년 12월 2일 06시,금요일,경상북도 상주시 만산동,경상사고,0,0,4,0,차대차 - 추돌,안전운전불이행,건조,흐림,교차로 - 교차로부근,건설기계,남,54세,상해없음,승용,남,56세,경상
2016120200100083,2016년 12월 2일 06시,금요일,경상북도 포항시 남구 오천읍,경상사고,0,0,2,0,차대차 - 정면충돌,안전운전불이행,건조,맑음,교차로 - 교차로안,승용,남,71세,경상,승용,남,54세,경상
2016120200100105,2016년 12월 2일 07시,금요일,경상북도 안동시 남문동,경상사고,0,0,1,0,차대차 - 정면충돌,교차로운행방법위반,건조,맑음,교차로 - 교차로안,화물,남,35세,상해없음,승용,남,57세,경상
2016120200100143,2016년 12월 2일 08시,금요일,경상북도 경주시 성동동,중상사고,0,1,1,0,차대차 - 추돌,안전거리미확보,건조,맑음,교차로 - 교차로부근,승용,남,34세,상해없음,승용,여,48세,중상
2016120200100144,2016년 12월 2일 08시,금요일,경상북도 안동시 광석동,중상사고,0,1,0,0,차대사람 - 보도통행중,보행자보호의무위반,건조,맑음,단일로 - 기타,승용,여,55세,상해없음,보행자,여,34세,중상
2016120200100145,2016년 12월 2일 08시,금요일,경상북도 고령군 다산면,경상사고,0,0,1,0,차대차 - 측면직각충돌,직진우회전진행방해,건조,맑음,교차로 - 교차로안,승용,남,52세,상해없음,승용,여,59세,경상
2016120200100189,2016년 12월 2일 09시,금요일,경상북도 경주시 외동읍,사망사고,1,0,0,0,차대사람 - 횡단중,안전운전불이행,건조,맑음,단일로 - 기타,승합,남,56세,상해없음,보행자,여,82세,사망
2016120200100190,2016년 12월 2일 09시,금요일,경상북도 성주군 성주읍,경상사고,0,0,1,0,차대차 - 측면충돌,안전운전불이행,건조,맑음,기타 - 기타,승용,남,75세,상해없음,이륜,남,83세,경상
2016120200100206,2016년 12월 2일 10시,금요일,경상북도 구미시 선산읍,중상사고,0,2,0,0,차대차 - 측면충돌,안전운전불이행,건조,맑음,교차로 - 교차로안,화물,남,72세,상해없음,승용,남,45세,중상
2016120200100240,2016년 12월 2일 11시,금요일,경상북도 경주시 노서동,경상사고,0,0,1,0,차대차 - 측면충돌,안전운전불이행,건조,맑음,기타 - 기타,승용,남,74세,상해없음,화물,남,24세,경상
2016120200100274,2016년 12월 2일 12시,금요일,경상북도 경주시 서악동,중상사고,0,1,0,0,차대차 - 측면충돌,안전운전불이행,건조,맑음,단일로 - 기타,승용,여,42세,상해없음,이륜,남,64세,중상
2016120200100275,2016년 12월 2일 12시,금요일,경상북도 상주시 헌신동,중상사고,0,2,0,0,차대차 - 측면충돌,안전운전불이행,건조,맑음,단일로 - 기타,화물,남,74세,상해없음,농기계,남,72세,중상
2016120200100276,2016년 12월 2일 12시,금요일,경상북도 예천군 예천읍,사망사고,1,0,0,0,차량단독 - 공작물충돌,안전운전불이행,건조,맑음,단일로 - 기타,화물,남,79세,사망,,,,
2016120200100307,2016년 12월 2일 13시,금요일,경상북도 포항시 남구 청림동,경상사고,0,0,1,0,차대차 - 정면충돌,안전운전불이행,건조,맑음,교차로 - 교차로안,승용,남,57세,상해없음,원동기,남,25세,경상
2016120200100350,2016년 12월 2일 14시,금요일,경상북도 영천시 완산동,중상사고,0,1,0,0,차대사람 - 횡단중,보행자보호의무위반,건조,맑음,단일로 - 횡단보도상,승용,남,77세,상해없음,보행자,여,70세,중상
2016120200100351,2016년 12월 2일 14시,금요일,경상북도 영천시 금호읍,경상사고,0,0,1,0,차대차 - 측면직각충돌,안전운전불이행,건조,맑음,단일로 - 기타,승용,여,68세,상해없음,화물,남,65세,경상
2016120200100352,2016년 12월 2일 14시,금요일,경상북도 문경시 모전동,경상사고,0,0,1,0,차대차 - 기타,안전운전불이행,건조,맑음,교차로 - 교차로안,승용,남,55세,상해없음,승용,여,56세,경상
2016120200100353,2016년 12월 2일 14시,금요일,경상북도 구미시 구평동,경상사고,0,0,1,0,차대사람 - 횡단중,안전운전불이행,건조,맑음,단일로 - 기타,승용,남,62세,상해없음,보행자,남,42세,경상
2016120200100392,2016년 12월 2일 15시,금요일,경상북도 경주시 성동동,중상사고,0,1,0,0,차대사람 - 횡단중,보행자보호의무위반,건조,맑음,단일로 - 횡단보도상,화물,남,53세,상해없음,보행자,남,70세,중상
2016120200100393,2016년 12월 2일 15시,금요일,경상북도 문경시 영신동,경상사고,0,0,2,0,차대차 - 정면충돌,중앙선침범,건조,맑음,단일로 - 기타,승용,여,49세,상해없음,승용,남,30세,경상
2016120200100394,2016년 12월 2일 15시,금요일,경상북도 칠곡군 동명면,중상사고,0,1,0,0,차대사람 - 기타,안전운전불이행,건조,맑음,기타 - 기타,화물,남,37세,상해없음,보행자,남,12세,중상
2016120200100428,2016년 12월 2일 16시,금요일,경상북도 포항시 북구 흥해읍,경상사고,0,0,2,0,차대차 - 정면충돌,안전거리미확보,건조,맑음,단일로 - 기타,화물,남,48세,경상,승용,여,34세,경상
2016120200100429,2016년 12월 2일 16시,금요일,경상북도 칠곡군 북삼읍,경상사고,0,0,1,1,차대차 - 측면직각충돌,직진우회전진행방해,건조,맑음,교차로 - 교차로안,화물,남,58세,부상신고,승용,남,69세,경상
2016120200100430,2016년 12월 2일 16시,금요일,경상북도 경산시 중방동,중상사고,0,1,0,0,차대차 - 정면충돌,교차로운행방법위반,건조,맑음,교차로 - 교차로안,승용,여,25세,상해없음,이륜,남,82세,중상
2016120200100475,2016년 12월 2일 17시,금요일,경상북도 경주시 성건동,경상사고,0,0,1,0,차대사람 - 횡단중,안전운전불이행,건조,맑음,단일로 - 기타,화물,남,48세,상해없음,보행자,남,48세,경상
2016120200100476,2016년 12월 2일 17시,금요일,경상북도 경산시 사정동,경상사고,0,0,1,0,차대차 - 기타,안전운전불이행,건조,맑음,교차로 - 교차로안,승용,여,50세,상해없음,승합,남,32세,상해없음
2016120200100477,2016년 12월 2일 17시,금요일,경상북도 경산시 용성면,경상사고,0,0,2,0,차대차 - 기타,중앙선침범,건조,맑음,단일로 - 기타,화물,남,54세,상해없음,화물,남,61세,경상
2016120200100542,2016년 12월 2일 18시,금요일,경상북도 안동시 용상동,중상사고,0,1,1,0,차대차 - 정면충돌,신호위반,건조,맑음,교차로 - 교차로안,승용,남,62세,상해없음,화물,남,77세,경상
2016120200100543,2016년 12월 2일 18시,금요일,경상북도 영덕군 영덕읍,경상사고,0,0,1,0,차대차 - 측면직각충돌,안전운전불이행,건조,맑음,단일로 - 기타,화물,남,34세,상해없음,화물,남,70세,상해없음
2016120200100544,2016년 12월 2일 18시,금요일,경상북도 성주군 용암면,사망사고,1,0,0,0,차대사람 - 횡단중,안전운전불이행,건조,맑음,기타 - 기타,승용,남,36세,상해없음,보행자,여,73세,사망
2016120200100545,2016년 12월 2일 18시,금요일,경상북도 구미시 오태동,경상사고,0,0,2,0,차대차 - 측면충돌,신호위반,건조,맑음,교차로 - 교차로안,승용,여,41세,경상,승용,여,58세,경상
2016120200100546,2016년 12월 2일 18시,금요일,경상북도 포항시 남구 오천읍,경상사고,0,0,1,0,차대차 - 추돌,안전운전불이행,건조,맑음,단일로 - 기타,화물,남,64세,상해없음,승합,여,39세,경상
2016120200100585,2016년 12월 2일 19시,금요일,경상북도 김천시 대덕면,중상사고,0,1,0,0,차대사람 - 횡단중,안전운전불이행,건조,맑음,교차로 - 교차로안,승용,여,25세,상해없음,보행자,여,63세,중상
2016120200100586,2016년 12월 2일 19시,금요일,경상북도 구미시 지산동,중상사고,0,2,0,0,차대차 - 추돌,안전운전불이행,건조,맑음,기타 - 기타,승용,남,53세,상해없음,승용,남,44세,중상
2016120200100626,2016년 12월 2일 20시,금요일,경상북도 고령군 운수면,중상사고,0,1,0,0,차대차 - 추돌,안전운전불이행,건조,맑음,단일로 - 기타,화물,남,57세,중상,화물,남,66세,기타불명
2016120200100627,2016년 12월 2일 20시,금요일,경상북도 구미시 광평동,경상사고,0,0,1,0,차대차 - 추돌,안전거리미확보,건조,맑음,단일로 - 기타,승용,남,49세,상해없음,승용,여,46세,경상
2016120200100656,2016년 12월 2일 21시,금요일,경상북도 포항시 북구 장성동,경상사고,0,0,1,0,차대차 - 정면충돌,안전운전불이행,건조,맑음,단일로 - 기타,승용,여,49세,상해없음,승용,남,47세,경상
2016120200100657,2016년 12월 2일 21시,금요일,경상북도 문경시 신기동,중상사고,0,1,0,0,차대차 - 추돌,안전운전불이행,건조,맑음,단일로 - 기타,승용,남,59세,상해없음,원동기,남,68세,중상
2016120200100658,2016년 12월 2일 21시,금요일,경상북도 경산시 진량읍,경상사고,0,0,1,0,차대차 - 기타,안전운전불이행,건조,맑음,교차로 - 교차로부근,승용,남,61세,상해없음,이륜,남,26세,경상
2016120200100659,2016년 12월 2일 21시,금요일,경상북도 포항시 남구 상도동,중상사고,0,2,3,1,차대차 - 추돌,안전운전불이행,건조,맑음,교차로 - 교차로부근,승용,여,29세,상해없음,승용,남,29세,중상
2016120200100680,2016년 12월 2일 22시,금요일,경상북도 김천시 모암동,경상사고,0,0,2,0,차대차 - 정면충돌,안전거리미확보,건조,맑음,단일로 - 기타,승합,남,60세,상해없음,승용,여,30세,경상