사고번호,사고일시,요일,시군구,사고내용,사망자수,중상자수,경상자수,부상신고자수,사고유형,법규위반,노면상태,기상상태,도로형태,가해운전자 차종,가해운전자 성별,가해운전자 연령,가해운전자 상해정도,피해운전자 차종,피해운전자 성별,피해운전자 연령,피해운전자 상해정도
2016121000100142,2016년 12월 10일 08시,토요일,경상북도 경산시 삼풍동,경상사고,0,0,1,0,차대차 - 추돌,안전운전불이행,건조,맑음,교차로 - 교차로부근,승용,여,53세,상해없음,승용,남,45세,경상
2016121000100166,2016년 12월 10일 09시,토요일,경상북도 포항시 북구 죽도동,중상사고,0,1,0,0,차대사람 - 횡단중,안전운전불이행,건조,맑음,교차로 - 교차로안,승용,여,47세,상해없음,보행자,여,74세,중상
2016121000100199,2016년 12월 10일 10시,토요일,경상북도 울진군 매화면,중상사고,0,1,2,0,차대차 - 측면직각충돌,안전운전불이행,건조,맑음,단일로 - 기타,승용,여,44세,상해없음,승용,여,42세,중상
2016121000100227,2016년 12월 10일 11시,토요일,경상북도 구미시 고아읍,경상사고,0,0,3,0,차대차 - 정면충돌,교차로운행방법위반,건조,맑음,교차로 - 교차로안,승용,남,55세,상해없음,승용,남,33세,경상
2016121000100253,2016년 12월 10일 12시,토요일,경상북도 김천시 신음동,경상사고,0,0,1,0,차대차 - 추돌,안전운전불이행,건조,맑음,단일로 - 기타,승용,남,29세,상해없음,승용,남,31세,경상
2016121000100254,2016년 12월 10일 12시,토요일,경상북도 의성군 비안면,경상사고,0,0,2,0,차대차 - 측면충돌,안전운전불이행,건조,맑음,단일로 - 기타,승용,여,52세,상해없음,이륜,남,79세,경상
2016121000100255,2016년 12월 10일 12시,토요일,경상북도 칠곡군 동명면,경상사고,0,0,1,3,차대차 - 측면충돌,안전운전불이행,건조,맑음,단일로 - 기타,승용,남,52세,상해없음,승용,남,37세,경상
2016121000100286,2016년 12월 10일 13시,토요일,경상북도 경주시 내남면,경상사고,0,0,1,0,차대차 - 측면직각충돌,안전운전불이행,건조,맑음,단일로 - 기타,승용,남,65세,상해없음,승용,남,51세,경상
2016121000100287,2016년 12월 10일 13시,토요일,경상북도 문경시 모전동,경상사고,0,0,1,0,차대차 - 기타,안전운전불이행,건조,맑음,교차로 - 교차로안,승용,여,48세,상해없음,원동기,남,57세,경상
2016121000100288,2016년 12월 10일 13시,토요일,경상북도 구미시 임은동,경상사고,0,0,1,0,차대차 - 측면충돌,직진우회전진행방해,건조,맑음,교차로 - 교차로부근,승용,여,28세,기타불명,이륜,남,51세,경상
2016121000100320,2016년 12월 10일 14시,토요일,경상북도 포항시 북구 흥해읍,중상사고,0,1,0,0,차대차 - 정면충돌,안전거리미확보,건조,맑음,단일로 - 기타,승용,남,70세,상해없음,승용,남,45세,중상
2016121000100321,2016년 12월 10일 14시,토요일,경상북도 상주시 모동면,중상사고,0,1,1,0,차대차 - 정면충돌,중앙선침범,건조,맑음,단일로 - 기타,화물,남,55세,상해없음,화물,남,23세,경상
2016121000100322,2016년 12월 10일 14시,토요일,경상북도 의성군 다인면,경상사고,0,0,3,0,차대차 - 추돌,중앙선침범,건조,맑음,단일로 - 기타,승용,여,65세,경상,건설기계,남,41세,경상
2016121000100323,2016년 12월 10일 14시,토요일,경상북도 문경시 흥덕동,경상사고,0,0,1,0,차대차 - 기타,교차로운행방법위반,건조,맑음,교차로 - 교차로안,승용,남,69세,상해없음,이륜,남,66세,경상
2016121000100324,2016년 12월 10일 14시,토요일,경상북도 경산시 중방동,경상사고,0,0,1,0,차대차 - 기타,안전운전불이행,건조,맑음,교차로 - 교차로부근,승용,여,44세,상해없음,이륜,남,33세,경상
2016121000100361,2016년 12월 10일 15시,토요일,경상북도 경주시 내남면,중상사고,0,1,0,0,차량단독 - 전도전복,안전운전불이행,건조,맑음,단일로 - 기타,화물,남,67세,중상,,,,
2016121000100362,2016년 12월 10일 15시,토요일,경상북도 상주시 신봉동,경상사고,0,0,2,0,차대차 - 추돌,안전거리미확보,건조,맑음,교차로 - 교차로부근,승용,남,32세,상해없음,승용,여,45세,경상
2016121000100363,2016년 12월 10일 15시,토요일,경상북도 영천시 완산동,중상사고,0,2,4,0,차대차 - 추돌,안전운전불이행,건조,맑음,교차로 - 교차로부근,화물,남,39세,경상,승용,남,42세,경상
2016121000100364,2016년 12월 10일 15시,토요일,경상북도 경산시 대평동,중상사고,0,1,0,0,차대차 - 정면충돌,안전운전불이행,건조,맑음,교차로 - 교차로안,이륜,남,23세,상해없음,자전거,남,60세,중상
2016121000100396,2016년 12월 10일 16시,토요일,경상북도 고령군 쌍림면,사망사고,1,0,0,0,차대차 - 측면직각충돌,안전운전불이행,건조,맑음,교차로 - 교차로안,원동기,여,72세,사망,승용,남,50세,상해없음
2016121000100430,2016년 12월 10일 17시,토요일,경상북도 안동시 태화동,중상사고,0,1,0,0,차대차 - 정면충돌,안전거리미확보,건조,맑음,단일로 - 기타,승용,여,37세,상해없음,이륜,여,45세,중상
2016121000100432,2016년 12월 10일 17시,토요일,경상북도 영주시 풍기읍,경상사고,0,0,1,0,차대차 - 측면충돌,직진우회전진행방해,건조,맑음,교차로 - 교차로안,승용,남,63세,상해없음,승용,남,58세,상해없음
2016121000100476,2016년 12월 10일 18시,토요일,경상북도 안동시 용상동,경상사고,0,0,1,0,차대차 - 정면충돌,신호위반,건조,맑음,단일로 - 기타,이륜,남,73세,경상,승용,남,57세,상해없음
2016121000100514,2016년 12월 10일 19시,토요일,경상북도 경주시 외동읍,경상사고,0,0,1,0,차대차 - 측면충돌,안전운전불이행,건조,맑음,단일로 - 기타,승용,여,55세,상해없음,승용,남,30세,경상
2016121000100515,2016년 12월 10일 19시,토요일,경상북도 영주시 휴천동,경상사고,0,0,1,0,차대사람 - 기타,안전운전불이행,습기,비,단일로 - 횡단보도상,화물,남,52세,상해없음,보행자,남,40세,경상
2016121000100604,2016년 12월 10일 22시,토요일,경상북도 포항시 북구 죽도동,경상사고,0,0,2,0,차대차 - 정면충돌,신호위반,건조,맑음,교차로 - 교차로안,승용,남,63세,상해없음,승용,남,45세,경상
2016121000100605,2016년 12월 10일 22시,토요일,경상북도 의성군 안계면,중상사고,0,1,0,0,차대사람 - 횡단중,안전운전불이행,건조,맑음,교차로 - 교차로부근,화물,남,54세,상해없음,보행자,여,70세,중상
2016121000100606,2016년 12월 10일 22시,토요일,경상북도 포항시 남구 연일읍,경상사고,0,0,1,0,차대사람 - 횡단중,보행자보호의무위반,건조,맑음,단일로 - 횡단보도상,승용,남,60세,상해없음,보행자,여,59세,경상
2016121000100633,2016년 12월 10일 23시,토요일,경상북도 포항시 남구 대도동,중상사고,0,1,0,0,차대사람 - 횡단중,중앙선침범,건조,맑음,단일로 - 횡단보도상,승용,남,51세,상해없음,보행자,여,61세,중상
2016121000100634,2016년 12월 10일 23시,토요일,경상북도 포항시 남구 상도동,경상사고,0,0,2,0,차대차 - 측면직각충돌,신호위반,건조,맑음,교차로 - 교차로부근,승용,남,58세,상해없음,승용,남,34세,상해없음
2016121100100012,2016년 12월 11일 00시,일요일,경상북도 김천시 교동,중상사고,0,2,1,2,차량단독 - 전도전복,안전운전불이행,건조,맑음,단일로 - 기타,승용,남,19세,중상,,,,
2016121100100077,2016년 12월 11일 04시,일요일,경상북도 경산시 사동,경상사고,0,0,1,0,차대차 - 정면충돌,신호위반,건조,맑음,교차로 - 교차로안,승용,남,34세,상해없음,승용,여,34세,경상
2016121100100096,2016년 12월 11일 06시,일요일,경상북도 의성군 안평면,중상사고,0,1,0,0,차대차 - 추돌,안전운전불이행,건조,맑음,단일로 - 기타,승용,남,36세,상해없음,화물,남,62세,중상
2016121100100121,2016년 12월 11일 08시,일요일,경상북도 경주시 안강읍,사망사고,1,0,0,0,차량단독 - 전도전복,안전운전불이행,건조,맑음,단일로 - 기타,승용,남,41세,사망,,,,
2016121100100122,2016년 12월 11일 08시,일요일,경상북도 구미시 진평동,경상사고,0,0,2,0,차대차 - 측면충돌,직진우회전진행방해,건조,맑음,교차로 - 교차로안,승용,남,42세,상해없음,화물,남,57세,경상
2016121100100158,2016년 12월 11일 10시,일요일,경상북도 포항시 북구 신광면,중상사고,0,1,0,0,차대차 - 정면충돌,안전운전불이행,기타,맑음,교차로 - 교차로안,승용,남,49세,상해없음,이륜,여,74세,중상
2016121100100159,2016년 12월 11일 10시,일요일,경상북도 안동시 옥동,경상사고,0,0,1,0,차대사람 - 횡단중,안전운전불이행,건조,맑음,교차로 - 교차로안,승용,여,44세,상해없음,보행자,여,82세,경상
2016121100100160,2016년 12월 11일 10시,일요일,경상북도 문경시 흥덕동,중상사고,0,3,0,0,차대차 - 정면충돌,안전운전불이행,건조,맑음,단일로 - 기타,승용,남,79세,중상,승용,남,43세,중상
2016121100100161,2016년 12월 11일 10시,일요일,경상북도 울진군 매화면,경상사고,0,0,1,0,차대차 - 추돌,안전운전불이행,건조,맑음,단일로 - 기타,화물,남,60세,상해없음,승용,남,20세,경상
2016121100100162,2016년 12월 11일 10시,일요일,경상북도 군위군 군위읍,중상사고,0,1,0,0,차대차 - 정면충돌,신호위반,건조,맑음,교차로 - 교차로안,승용,남,24세,기타불명,승용,남,44세,중상
2016121100100232,2016년 12월 11일 13시,일요일,경상북도 안동시 당북동,경상사고,0,0,1,0,차대사람 - 횡단중,안전운전불이행,건조,맑음,교차로 - 교차로부근,기타불명,기타불명,기타불명,기타불명,보행자,남,42세,경상
2016121100100233,2016년 12월 11일 13시,일요일,경상북도 포항시 남구 상도동,경상사고,0,0,1,0,차대차 - 정면충돌,안전운전불이행,건조,맑음,단일로 - 기타,이륜,남,37세,경상,이륜,남,16세,상해없음
2016121100100259,2016년 12월 11일 14시,일요일,경상북도 경주시 노동동,중상사고,0,1,0,0,차대차 - 측면충돌,신호위반,건조,맑음,교차로 - 교차로안,원동기,남,17세,중상,승용,남,24세,상해없음
2016121100100260,2016년 12월 11일 14시,일요일,경상북도 포항시 북구 동빈2가,경상사고,0,0,2,0,차대차 - 정면충돌,차로위반,건조,맑음,단일로 - 기타,승용,남,57세,상해없음,승용,여,61세,경상
2016121100100261,2016년 12월 11일 14시,일요일,경상북도 포항시 북구 흥해읍,경상사고,0,0,4,0,차대차 - 추돌,안전거리미확보,건조,맑음,단일로 - 기타,승용,남,25세,상해없음,승용,남,31세,경상
2016121100100262,2016년 12월 11일 14시,일요일,경상북도 의성군 금성면,중상사고,0,2,1,0,차대차 - 정면충돌,중앙선침범,건조,맑음,단일로 - 기타,화물,남,64세,중상,승용,남,27세,경상
2016121100100263,2016년 12월 11일 14시,일요일,경상북도 포항시 남구 이동,경상사고,0,0,2,0,차대차 - 측면충돌,안전거리미확보,건조,맑음,단일로 - 기타,승용,남,62세,경상,승용,여,57세,경상
2016121100100283,2016년 12월 11일 15시,일요일,경상북도 포항시 북구 죽도동,중상사고,0,1,0,0,차대차 - 정면충돌,안전운전불이행,건조,맑음,단일로 - 기타,원동기,남,60세,상해없음,자전거,여,90세 이상,중상
2016121100100284,2016년 12월 11일 15시,일요일,경상북도 영주시 가흥동,경상사고,0,0,2,0,차대차 - 측면충돌,신호위반,건조,맑음,교차로 - 교차로안,승용,남,53세,상해없음,승용,여,37세,경상
2016121100100285,2016년 12월 11일 15시,일요일,경상북도 영천시 문외동,경상사고,0,0,1,0,차대사람 - 횡단중,안전운전불이행,건조,맑음,단일로 - 기타,이륜,남,54세,상해없음,보행자,남,5세,경상
2016121100100306,2016년 12월 11일 16시,일요일,경상북도 경주시 사정동,경상사고,0,0,1,0,차대사람 - 기타,안전운전불이행,기타,맑음,단일로 - 기타,자전거,남,9세,상해없음,보행자,여,2세,경상
2016121100100307,2016년 12월 11일 16시,일요일,경상북도 칠곡군 기산면,부상신고사고,0,0,0,2,차대차 - 정면충돌,교차로운행방법위반,건조,맑음,교차로 - 교차로안,승용,남,31세,부상신고,승합,남,37세,부상신고
2016121100100308,2016년 12월 11일 16시,일요일,경상북도 문경시 모전동,경상사고,0,0,1,0,차대사람 - 기타,안전운전불이행,건조,맑음,단일로 - 기타,승용,남,66세,상해없음,보행자,남,14세,경상
2016121100100309,2016년 12월 11일 16시,일요일,경상북도 포항시 남구 오천읍,경상사고,0,0,1,0,차대차 - 정면충돌,직진우회전진행방해,건조,맑음,교차로 - 교차로안,이륜,남,27세,경상,승용,여,36세,상해없음
2016121100100342,2016년 12월 11일 17시,일요일,경상북도 포항시 북구 송라면,중상사고,0,1,4,0,차대차 - 측면충돌,안전거리미확보,건조,맑음,단일로 - 기타,승용,남,67세,상해없음,승용,남,33세,경상
2016121100100343,2016년 12월 11일 17시,일요일,경상북도 칠곡군 석적읍,경상사고,0,0,5,0,차대차 - 추돌,안전거리미확보,건조,맑음,단일로 - 기타,승용,남,28세,상해없음,승용,여,45세,경상
2016121100100344,2016년 12월 11일 17시,일요일,경상북도 영덕군 지품면,중상사고,0,1,1,0,차대차 - 정면충돌,중앙선침범,건조,맑음,단일로 - 기타,승용,여,50세,상해없음,화물,남,59세,경상
2016121100100378,2016년 12월 11일 18시,일요일,경상북도 포항시 남구 해도동,경상사고,0,0,1,0,차대차 - 기타,안전운전불이행,건조,맑음,단일로 - 기타,화물,남,57세,상해없음,승용,여,63세,경상
2016121100100415,2016년 12월 11일 19시,일요일,경상북도 청송군 진보면,중상사고,0,4,0,0,차량단독 - 도로외이탈 - 추락,안전운전불이행,건조,맑음,단일로 - 기타,승용,남,57세,중상,,,,
2016121100100416,2016년 12월 11일 19시,일요일,경상북도 포항시 남구 이동,경상사고,0,0,1,0,차대사람 - 횡단중,안전운전불이행,건조,맑음,단일로 - 횡단보도부근,승용,여,40세,상해없음,보행자,여,28세,경상
2016121100100448,2016년 12월 11일 20시,일요일,경상북도 칠곡군 석적읍,경상사고,0,0,1,0,차대차 - 측면직각충돌,안전거리미확보,건조,맑음,단일로 - 기타,승용,남,44세,상해없음,이륜,남,31세,경상
2016121100100464,2016년 12월 11일 21시,일요일,경상북도 안동시 녹전면,중상사고,0,3,0,0,차량단독 - 전도전복,안전운전불이행,건조,맑음,단일로 - 기타,승용,여,54세,중상,,,,
2016121100100491,2016년 12월 11일 23시,일요일,경상북도 칠곡군 북삼읍,경상사고,0,0,1,0,차대차 - 측면직각충돌,안전운전불이행,건조,맑음,단일로 - 기타,승용,남,25세,상해없음,이륜,남,18세,경상
2016121200100006,2016년 12월 12일 00시,월요일,경상북도 경주시 노서동,중상사고,0,1,1,0,차대차 - 측면충돌,안전운전불이행,건조,맑음,교차로 - 교차로부근,승용,남,26세,중상,이륜,남,19세,상해없음
2016121200100007,2016년 12월 12일 00시,월요일,경상북도 포항시 남구 호동,사망사고,1,0,0,0,차대차 - 추돌,안전운전불이행,건조,맑음,교차로 - 교차로부근,승용,남,34세,사망,화물,남,65세,기타불명
2016121200100053,2016년 12월 12일 06시,월요일,경상북도 경주시 외동읍,중상사고,0,1,0,0,차대사람 - 길가장자리구역통행중,안전운전불이행,건조,맑음,단일로 - 기타,승용,남,30세,상해없음,보행자,남,67세,중상
2016121200100054,2016년 12월 12일 06시,월요일,경상북도 청도군 운문면,사망사고,1,0,0,0,차량단독 - 전도전복,안전운전불이행,건조,맑음,기타 - 기타,승용,남,59세,사망,,,,
2016121200100104,2016년 12월 12일 08시,월요일,경상북도 예천군 호명면,중상사고,0,1,0,0,차대차 - 측면충돌,안전운전불이행,건조,맑음,교차로 - 교차로안,이륜,남,75세,중상,승용,남,69세,상해없음
2016121200100105,2016년 12월 12일 08시,월요일,경상북도 울진군 후포면,경상사고,0,0,1,0,차대사람 - 길가장자리구역통행중,안전운전불이행,건조,맑음,단일로 - 기타,승용,남,56세,상해없음,보행자,여,36세,경상
2016121200100138,2016년 12월 12일 09시,월요일,경상북도 영천시 청통면,중상사고,0,1,3,0,차대차 - 측면직각충돌,직진우회전진행방해,건조,맑음,교차로 - 교차로안,승용,남,38세,경상,화물,남,55세,경상
2016121200100140,2016년 12월 12일 09시,월요일,경상북도 성주군 선남면,중상사고,0,1,1,0,차대차 - 정면충돌,안전운전불이행,건조,맑음,단일로 - 기타,화물,남,49세,상해없음,화물,남,73세,상해없음
2016121200100141,2016년 12월 12일 09시,월요일,경상북도 포항시 남구 호동,경상사고,0,0,1,0,차대차 - 기타,안전운전불이행,건조,흐림,교차로 - 교차로안,승용,남,28세,경상,건설기계,남,43세,상해없음
2016121200100164,2016년 12월 12일 10시,월요일,경상북도 경주시 동천동,경상사고,0,0,1,0,차대차 - 기타,안전운전불이행,건조,맑음,교차로 - 교차로안,승용,남,35세,상해없음,승용,여,39세,경상
2016121200100165,2016년 12월 12일 10시,월요일,경상북도 울진군 후포면,중상사고,0,1,0,0,차대사람 - 길가장자리구역통행중,안전운전불이행,건조,맑음,기타 - 기타,승용,남,69세,상해없음,보행자,남,42세,중상
2016121200100190,2016년 12월 12일 11시,월요일,경상북도 포항시 북구 두호동,중상사고,0,1,0,0,차대사람 - 횡단중,안전운전불이행,건조,맑음,단일로 - 기타,승용,남,46세,상해없음,보행자,여,68세,중상
2016121200100191,2016년 12월 12일 11시,월요일,경상북도 안동시 법상동,중상사고,0,1,0,0,차대사람 - 길가장자리구역통행중,안전운전불이행,건조,맑음,교차로 - 교차로안,화물,남,67세,상해없음,보행자,여,20세,중상
2016121200100192,2016년 12월 12일 11시,월요일,경상북도 경산시 남방동,경상사고,0,0,1,0,차대차 - 기타,안전운전불이행,건조,맑음,교차로 - 교차로안,승합,남,57세,상해없음,승용,여,53세,경상
2016121200100219,2016년 12월 12일 12시,월요일,경상북도 경주시 성건동,경상사고,0,0,1,0,차대차 - 측면충돌,안전운전불이행,건조,맑음,교차로 - 교차로안,원동기,여,55세,경상,승용,여,33세,상해없음
2016121200100220,2016년 12월 12일 12시,월요일,경상북도 경주시 건천읍,중상사고,0,1,0,0,차대차 - 측면충돌,안전운전불이행,건조,맑음,교차로 - 교차로안,이륜,남,73세,중상,승용,여,56세,상해없음
2016121200100221,2016년 12월 12일 12시,월요일,경상북도 경산시 와촌면,중상사고,0,1,1,0,차대사람 - 기타,안전운전불이행,건조,맑음,단일로 - 기타,승용,여,60세,경상,보행자,남,66세,중상
2016121200100244,2016년 12월 12일 13시,월요일,경상북도 영주시 휴천동,경상사고,0,0,1,0,차대차 - 측면충돌,직진우회전진행방해,건조,맑음,교차로 - 교차로안,승용,남,53세,상해없음,승용,남,62세,상해없음
2016121200100245,2016년 12월 12일 13시,월요일,경상북도 영천시 금호읍,중상사고,0,1,2,0,차대차 - 추돌,안전운전불이행,건조,맑음,단일로 - 기타,승용,여,59세,중상,승용,남,52세,경상
2016121200100246,2016년 12월 12일 13시,월요일,경상북도 구미시 도량동,중상사고,0,1,0,0,차대차 - 측면충돌,안전운전불이행,건조,맑음,단일로 - 기타,승용,남,49세,상해없음,승용,남,43세,중상
2016121200100270,2016년 12월 12일 14시,월요일,경상북도 경산시 진량읍,경상사고,0,0,1,0,차대차 - 측면충돌,신호위반,건조,맑음,교차로 - 교차로안,화물,남,48세,상해없음,특수,남,50세,경상
2016121200100291,2016년 12월 12일 15시,월요일,경상북도 칠곡군 왜관읍,경상사고,0,0,2,0,차대사람 - 기타,안전운전불이행,건조,맑음,단일로 - 기타,승용,여,22세,상해없음,보행자,여,57세,경상
2016121200100292,2016년 12월 12일 15시,월요일,경상북도 예천군 예천읍,중상사고,0,1,0,0,차대차 - 측면직각충돌,안전거리미확보,건조,맑음,단일로 - 기타,승용,여,53세,상해없음,이륜,남,89세,중상
2016121200100293,2016년 12월 12일 15시,월요일,경상북도 포항시 남구 대잠동,경상사고,0,0,3,0,차대차 - 추돌,안전거리미확보,건조,맑음,단일로 - 기타,승용,남,63세,상해없음,승용,남,35세,경상
2016121200100326,2016년 12월 12일 16시,월요일,경상북도 안동시 일직면,경상사고,0,0,1,0,차대차 - 정면충돌,안전운전불이행,건조,맑음,교차로 - 교차로안,이륜,남,69세,경상,화물,남,60세,상해없음
2016121200100327,2016년 12월 12일 16시,월요일,경상북도 영덕군 강구면,경상사고,0,0,1,0,차대차 - 추돌,차로위반,건조,맑음,단일로 - 기타,승용,남,59세,상해없음,승용,남,58세,경상
2016121200100328,2016년 12월 12일 16시,월요일,경상북도 구미시 해평면,중상사고,0,1,0,0,차량단독 - 전도전복,안전운전불이행,건조,맑음,단일로 - 기타,이륜,남,20세,중상,,,,
2016121200100329,2016년 12월 12일 16시,월요일,경상북도 문경시 문경읍,중상사고,0,2,1,0,차량단독 - 전도전복,안전운전불이행,건조,맑음,단일로 - 기타,승용,여,39세,상해없음,,,,
2016121200100362,2016년 12월 12일 17시,월요일,경상북도 안동시 수상동,경상사고,0,0,1,0,차대차 - 정면충돌,안전운전불이행,건조,맑음,교차로 - 교차로안,승용,남,23세,상해없음,승용,남,34세,경상
2016121200100363,2016년 12월 12일 17시,월요일,경상북도 칠곡군 왜관읍,경상사고,0,0,1,0,차량단독 - 공작물충돌,교차로운행방법위반,건조,맑음,교차로 - 교차로안,화물,남,22세,경상,,,,
2016121200100364,2016년 12월 12일 17시,월요일,경상북도 칠곡군 약목면,경상사고,0,0,2,0,차대차 - 측면직각충돌,안전운전불이행,건조,맑음,교차로 - 교차로부근,승용,여,49세,경상,승용,남,35세,경상
2016121200100365,2016년 12월 12일 17시,월요일,경상북도 포항시 남구 해도동,경상사고,0,0,2,0,차대차 - 정면충돌,안전운전불이행,건조,맑음,교차로 - 교차로부근,승용,남,58세,상해없음,승용,남,66세,경상
2016121200100366,2016년 12월 12일 17시,월요일,경상북도 포항시 남구 구룡포읍,경상사고,0,0,1,0,차대차 - 측면직각충돌,신호위반,건조,맑음,교차로 - 교차로안,승용,남,50세,상해없음,화물,남,51세,경상
2016121200100423,2016년 12월 12일 18시,월요일,경상북도 경주시 황성동,경상사고,0,0,1,0,차대차 - 측면충돌,안전운전불이행,건조,맑음,단일로 - 기타,원동기,남,47세,경상,승용,여,35세,상해없음
2016121200100424,2016년 12월 12일 18시,월요일,경상북도 포항시 북구 용흥동,사망사고,1,0,0,0,차량단독 - 전도전복,신호위반,건조,맑음,단일로 - 기타,승용,남,61세,사망,,,,
2016121200100425,2016년 12월 12일 18시,월요일,경상북도 칠곡군 왜관읍,경상사고,0,0,1,0,차대사람 - 기타,안전운전불이행,건조,맑음,단일로 - 기타,승용,여,47세,상해없음,보행자,여,67세,경상
2016121200100453,2016년 12월 12일 19시,월요일,경상북도 영주시 가흥동,경상사고,0,0,1,0,차대차 - 추돌,교차로운행방법위반,건조,맑음,교차로 - 교차로안,특수,남,46세,상해없음,승용,여,40세,경상
2016121200100482,2016년 12월 12일 20시,월요일,경상북도 안동시 옥동,경상사고,0,0,2,0,차대차 - 추돌,안전거리미확보,건조,맑음,단일로 - 기타,승용,남,34세,상해없음,승용,남,65세,경상
2016121200100483,2016년 12월 12일 20시,월요일,경상북도 칠곡군 석적읍,경상사고,0,0,2,0,차대차 - 추돌,안전운전불이행,건조,맑음,단일로 - 기타,승용,남,30세,상해없음,승용,여,35세,경상
2016121200100511,2016년 12월 12일 21시,월요일,경상북도 구미시 원평동,경상사고,0,0,1,0,차대차 - 측면직각충돌,안전운전불이행,건조,맑음,단일로 - 기타,승용,남,51세,상해없음,승용,남,33세,경상
2016121200100548,2016년 12월 12일 23시,월요일,경상북도 경산시 계양동,경상사고,0,0,1,0,차대차 - 정면충돌,신호위반,건조,맑음,교차로 - 교차로안,승용,남,32세,상해없음,이륜,남,20세,경상
2016121300100026,2016년 12월 13일 02시,화요일,경상북도 문경시 모전동,경상사고,0,0,3,0,차대차 - 측면충돌,안전운전불이행,건조,맑음,교차로 - 교차로안,승용,남,59세,기타불명,승용,남,45세,경상
2016121300100030,2016년 12월 13일 03시,화요일,경상북도 경주시 황성동,경상사고,0,0,2,0,차대차 - 측면충돌,안전운전불이행,건조,맑음,교차로 - 교차로안,승용,남,27세,경상,특수,남,46세,경상
2016121300100034,2016년 12월 13일 04시,화요일,경상북도 포항시 남구 연일읍,중상사고,0,1,0,0,차대사람 - 기타,안전운전불이행,건조,맑음,단일로 - 기타,승용,남,63세,상해없음,보행자,남,38세,중상
2016121300100035,2016년 12월 13일 04시,화요일,경상북도 포항시 남구 연일읍,경상사고,0,0,1,0,차대차 - 정면충돌,중앙선침범,건조,맑음,단일로 - 기타,이륜,남,21세,상해없음,이륜,남,17세,경상
2016121300100057,2016년 12월 13일 06시,화요일,경상북도 상주시 남장동,중상사고,0,1,2,0,차량단독 - 공작물충돌,안전운전불이행,결빙,안개,단일로 - 교량,승용,남,60세,상해없음,,,,
2016121300100058,2016년 12월 13일 06시,화요일,경상북도 예천군 풍양면,경상사고,0,0,1,0,차량단독 - 공작물충돌,안전운전불이행,결빙,흐림,단일로 - 교량,화물,남,62세,상해없음,,,,
2016121300100085,2016년 12월 13일 07시,화요일,경상북도 상주시 화개동,중상사고,0,1,1,0,차대차 - 정면충돌,안전운전불이행,결빙,흐림,단일로 - 교량,화물,남,62세,중상,승용,남,57세,경상
2016121300100086,2016년 12월 13일 07시,화요일,경상북도 경산시 하양읍,중상사고,0,1,0,0,차대차 - 측면충돌,신호위반,건조,맑음,교차로 - 교차로부근,승용,남,38세,상해없음,승용,남,48세,중상
2016121300100087,2016년 12월 13일 07시,화요일,경상북도 포항시 남구 연일읍,경상사고,0,0,1,0,차대차 - 추돌,안전운전불이행,건조,맑음,교차로 - 교차로부근,승용,남,26세,경상,승용,여,51세,상해없음
2016121300100122,2016년 12월 13일 08시,화요일,경상북도 안동시 옥동,중상사고,0,1,0,0,차대사람 - 횡단중,안전운전불이행,건조,맑음,교차로 - 교차로안,화물,남,24세,상해없음,보행자,여,67세,중상
2016121300100123,2016년 12월 13일 08시,화요일,경상북도 경산시 옥산동,중상사고,0,1,0,0,차대사람 - 횡단중,보행자보호의무위반,건조,맑음,단일로 - 기타,승용,여,55세,상해없음,보행자,여,49세,중상
2016121300100124,2016년 12월 13일 08시,화요일,경상북도 구미시 고아읍,경상사고,0,0,1,0,차대사람 - 횡단중,안전운전불이행,건조,맑음,단일로 - 기타,승용,여,58세,상해없음,보행자,여,66세,경상
2016121300100125,2016년 12월 13일 08시,화요일,경상북도 포항시 남구 효자동,경상사고,0,0,1,1,차대차 - 기타,중앙선침범,건조,맑음,단일로 - 기타,승용,여,29세,부상신고,화물,남,63세,경상
2016121300100156,2016년 12월 13일 09시,화요일,경상북도 경주시 동천동,경상사고,0,0,3,0,차량단독 - 기타,안전운전불이행,건조,맑음,교차로 - 교차로안,승합,남,44세,상해없음,,,,
2016121300100157,2016년 12월 13일 09시,화요일,경상북도 상주시 외서면,중상사고,0,2,0,0,차량단독 - 도로외이탈 - 기타,안전운전불이행,결빙,맑음,단일로 - 기타,화물,남,72세,상해없음,,,,
2016121300100176,2016년 12월 13일 10시,화요일,경상북도 구미시 원평동,중상사고,0,1,0,0,차대차 - 측면충돌,교차로운행방법위반,건조,맑음,교차로 - 교차로안,건설기계,남,57세,상해없음,화물,남,30세,중상
2016121300100177,2016년 12월 13일 10시,화요일,경상북도 포항시 남구 상도동,경상사고,0,0,2,0,차대차 - 추돌,안전운전불이행,건조,맑음,단일로 - 기타,승용,남,22세,상해없음,화물,남,65세,경상
2016121300100224,2016년 12월 13일 12시,화요일,경상북도 포항시 북구 동빈2가,중상사고,0,3,2,0,차대차 - 정면충돌,안전운전불이행,건조,맑음,단일로 - 기타,건설기계,남,60세,상해없음,특수,남,57세,중상