사고번호,사고일시,요일,시군구,사고내용,사망자수,중상자수,경상자수,부상신고자수,사고유형,법규위반,노면상태,기상상태,도로형태,가해운전자 차종,가해운전자 성별,가해운전자 연령,가해운전자 상해정도,피해운전자 차종,피해운전자 성별,피해운전자 연령,피해운전자 상해정도
2016121600100349,2016년 12월 16일 14시,금요일,경상북도 포항시 남구 대잠동,경상사고,0,0,1,0,차대차 - 측면충돌,직진우회전진행방해,건조,맑음,교차로 - 교차로안,승용,남,59세,상해없음,승용,여,34세,상해없음
2016121600100385,2016년 12월 16일 15시,금요일,경상북도 경주시 동천동,중상사고,0,1,0,0,차대사람 - 횡단중,안전운전불이행,건조,맑음,교차로 - 교차로부근,승용,남,64세,상해없음,보행자,남,70세,중상
2016121600100386,2016년 12월 16일 15시,금요일,경상북도 포항시 북구 덕수동,경상사고,0,0,1,0,차대차 - 측면충돌,차로위반,건조,맑음,교차로 - 교차로부근,승용,남,74세,상해없음,승용,남,57세,경상
2016121600100387,2016년 12월 16일 15시,금요일,경상북도 상주시 거동동,중상사고,0,1,0,0,차대사람 - 횡단중,안전운전불이행,건조,맑음,단일로 - 기타,화물,남,23세,상해없음,보행자,남,29세,중상
2016121600100388,2016년 12월 16일 15시,금요일,경상북도 영천시 오미동,경상사고,0,0,1,0,차대차 - 추돌,안전운전불이행,건조,맑음,단일로 - 기타,승용,여,57세,상해없음,승용,남,75세,경상
2016121600100427,2016년 12월 16일 16시,금요일,경상북도 영천시 야사동,중상사고,0,1,2,0,차대차 - 측면직각충돌,안전운전불이행,건조,맑음,교차로 - 교차로안,승용,여,49세,경상,승용,여,49세,중상
2016121600100473,2016년 12월 16일 17시,금요일,경상북도 예천군 지보면,중상사고,0,2,0,0,차대차 - 정면충돌,중앙선침범,건조,흐림,단일로 - 기타,승용,남,29세,상해없음,화물,남,48세,중상
2016121600100474,2016년 12월 16일 17시,금요일,경상북도 포항시 남구 해도동,경상사고,0,0,2,0,차대차 - 측면충돌,안전운전불이행,건조,맑음,단일로 - 기타,이륜,남,59세,경상,승용,남,33세,경상
2016121600100475,2016년 12월 16일 17시,금요일,경상북도 포항시 남구 오천읍,중상사고,0,1,0,0,차대차 - 측면충돌,안전운전불이행,건조,맑음,단일로 - 기타,승용,남,67세,상해없음,원동기,남,19세,중상
2016121600100514,2016년 12월 16일 18시,금요일,경상북도 구미시 원평동,경상사고,0,0,3,0,차대차 - 추돌,안전운전불이행,건조,맑음,단일로 - 기타,승용,남,49세,상해없음,승용,여,45세,상해없음
2016121600100515,2016년 12월 16일 18시,금요일,경상북도 칠곡군 가산면,경상사고,0,0,1,0,차대차 - 추돌,안전운전불이행,건조,맑음,단일로 - 기타,화물,남,35세,상해없음,승용,남,33세,경상
2016121600100555,2016년 12월 16일 19시,금요일,경상북도 포항시 북구 죽도동,경상사고,0,0,2,0,차대차 - 정면충돌,신호위반,건조,맑음,교차로 - 교차로안,승용,여,54세,기타불명,승용,여,46세,경상
2016121600100556,2016년 12월 16일 19시,금요일,경상북도 포항시 북구 두호동,경상사고,0,0,2,0,차대차 - 추돌,안전운전불이행,건조,맑음,교차로 - 교차로부근,승용,남,65세,상해없음,승용,남,53세,경상
2016121600100557,2016년 12월 16일 19시,금요일,경상북도 포항시 북구 두호동,중상사고,0,1,0,0,차대사람 - 횡단중,기타,건조,맑음,단일로 - 기타,승합,남,52세,상해없음,보행자,여,71세,중상
2016121600100558,2016년 12월 16일 19시,금요일,경상북도 김천시 신음동,경상사고,0,0,1,0,차대사람 - 횡단중,보행자보호의무위반,건조,맑음,단일로 - 횡단보도상,승용,남,74세,상해없음,보행자,여,14세,경상
2016121600100559,2016년 12월 16일 19시,금요일,경상북도 예천군 은풍면,사망사고,1,0,0,0,차대사람 - 기타,안전운전불이행,건조,맑음,단일로 - 기타,화물,남,41세,상해없음,보행자,남,53세,사망
2016121600100560,2016년 12월 16일 19시,금요일,경상북도 구미시 원평동,중상사고,0,1,0,0,차대차 - 측면충돌,안전운전불이행,건조,맑음,단일로 - 기타,승용,남,54세,상해없음,승용,남,32세,중상
2016121600100561,2016년 12월 16일 19시,금요일,경상북도 구미시 남통동,경상사고,0,0,2,0,차대차 - 측면직각충돌,안전운전불이행,건조,맑음,단일로 - 기타,승용,여,42세,상해없음,승용,남,39세,경상
2016121600100562,2016년 12월 16일 19시,금요일,경상북도 포항시 남구 오천읍,경상사고,0,0,1,0,차대차 - 측면충돌,교차로운행방법위반,건조,맑음,교차로 - 교차로안,승용,여,60세,상해없음,자전거,남,58세,경상
2016121600100596,2016년 12월 16일 20시,금요일,경상북도 경주시 황오동,경상사고,0,0,1,0,차대차 - 측면충돌,안전운전불이행,건조,맑음,교차로 - 교차로안,승용,남,45세,상해없음,승용,여,54세,경상
2016121600100653,2016년 12월 16일 22시,금요일,경상북도 안동시 옥동,경상사고,0,0,1,0,차대차 - 정면충돌,불법유턴,습기,맑음,단일로 - 기타,승용,여,33세,상해없음,이륜,남,19세,경상
2016121600100654,2016년 12월 16일 22시,금요일,경상북도 경산시 계양동,경상사고,0,0,1,0,차대차 - 정면충돌,신호위반,건조,맑음,교차로 - 교차로안,승용,남,56세,상해없음,화물,남,28세,경상
2016121600100655,2016년 12월 16일 22시,금요일,경상북도 청도군 이서면,경상사고,0,0,1,1,차대차 - 측면충돌,안전운전불이행,건조,맑음,단일로 - 기타,승용,여,28세,상해없음,승용,여,26세,기타불명
2016121600100656,2016년 12월 16일 22시,금요일,경상북도 울진군 후포면,중상사고,0,1,1,0,차대차 - 추돌,안전운전불이행,건조,맑음,단일로 - 기타,원동기,남,18세,경상,자전거,남,73세,중상
2016121700100014,2016년 12월 17일 00시,토요일,경상북도 안동시 운흥동,경상사고,0,0,2,0,차대차 - 측면충돌,안전운전불이행,건조,맑음,교차로 - 교차로안,승용,남,30세,상해없음,승용,남,61세,경상
2016121700100047,2016년 12월 17일 01시,토요일,경상북도 성주군 벽진면,중상사고,0,1,1,0,차량단독 - 전도전복,안전운전불이행,건조,맑음,기타 - 기타,승용,여,54세,상해없음,,,,
2016121700100064,2016년 12월 17일 02시,토요일,경상북도 구미시 원평동,중상사고,0,1,0,0,차대사람 - 횡단중,안전운전불이행,건조,맑음,단일로 - 기타,승용,남,22세,상해없음,보행자,남,35세,중상
2016121700100094,2016년 12월 17일 05시,토요일,경상북도 구미시 임수동,경상사고,0,0,1,0,차량단독 - 공작물충돌,안전운전불이행,건조,맑음,단일로 - 기타,승용,여,24세,경상,,,,
2016121700100108,2016년 12월 17일 06시,토요일,경상북도 경산시 진량읍,중상사고,0,1,1,0,차대차 - 정면충돌,안전운전불이행,건조,맑음,단일로 - 기타,화물,남,46세,경상,승용,남,50세,중상
2016121700100109,2016년 12월 17일 06시,토요일,경상북도 구미시 진평동,중상사고,0,1,0,0,차대차 - 측면직각충돌,교차로운행방법위반,건조,맑음,교차로 - 교차로안,이륜,남,68세,중상,승용,남,30세,상해없음
2016121700100135,2016년 12월 17일 08시,토요일,경상북도 구미시 원평동,경상사고,0,0,4,0,차대차 - 추돌,안전운전불이행,건조,맑음,단일로 - 기타,승용,남,21세,상해없음,승용,남,28세,경상
2016121700100158,2016년 12월 17일 09시,토요일,경상북도 경주시 충효동,경상사고,0,0,1,0,차대차 - 측면직각충돌,안전운전불이행,기타,맑음,교차로 - 교차로안,승용,남,27세,경상,승용,남,49세,상해없음
2016121700100159,2016년 12월 17일 09시,토요일,경상북도 포항시 북구 우현동,경상사고,0,0,1,0,차대차 - 정면충돌,안전거리미확보,건조,맑음,단일로 - 기타,승용,남,66세,상해없음,승합,남,54세,경상
2016121700100160,2016년 12월 17일 09시,토요일,경상북도 포항시 북구 대흥동,경상사고,0,0,1,0,차대차 - 측면충돌,안전운전불이행,건조,맑음,교차로 - 교차로안,이륜,남,73세,경상,승용,여,49세,상해없음
2016121700100161,2016년 12월 17일 09시,토요일,경상북도 영주시 가흥동,경상사고,0,0,1,0,차대사람 - 보도통행중,기타,건조,맑음,단일로 - 기타,승용,남,23세,상해없음,보행자,남,74세,경상
2016121700100162,2016년 12월 17일 09시,토요일,경상북도 영주시 휴천동,경상사고,0,0,1,0,차대차 - 측면충돌,교차로운행방법위반,건조,맑음,교차로 - 교차로안,승용,여,73세,상해없음,승용,남,51세,경상
2016121700100190,2016년 12월 17일 10시,토요일,경상북도 경산시 계양동,경상사고,0,0,2,0,차대차 - 추돌,안전운전불이행,건조,맑음,단일로 - 기타,승용,남,49세,상해없음,승용,남,58세,경상
2016121700100191,2016년 12월 17일 10시,토요일,경상북도 봉화군 춘양면,중상사고,0,1,0,0,차량단독 - 전도전복,안전운전불이행,결빙,눈,단일로 - 교량,승용,남,77세,상해없음,,,,
2016121700100216,2016년 12월 17일 11시,토요일,경상북도 포항시 북구 우현동,중상사고,0,1,0,0,차대차 - 추돌,안전운전불이행,건조,맑음,단일로 - 기타,승용,남,26세,상해없음,승용,남,57세,중상
2016121700100217,2016년 12월 17일 11시,토요일,경상북도 구미시 원평동,중상사고,0,1,0,0,차대차 - 정면충돌,신호위반,건조,맑음,교차로 - 교차로안,승용,남,34세,상해없음,승용,남,24세,중상
2016121700100253,2016년 12월 17일 12시,토요일,경상북도 김천시 대항면,경상사고,0,0,1,0,차대사람 - 차도통행중,안전운전불이행,건조,맑음,단일로 - 기타,승용,남,74세,상해없음,보행자,여,79세,경상
2016121700100254,2016년 12월 17일 12시,토요일,경상북도 영주시 휴천동,중상사고,0,1,0,0,차대사람 - 횡단중,보행자보호의무위반,건조,맑음,단일로 - 횡단보도상,화물,남,28세,상해없음,보행자,남,32세,중상
2016121700100255,2016년 12월 17일 12시,토요일,경상북도 칠곡군 북삼읍,중상사고,0,1,0,0,차대차 - 측면충돌,교차로운행방법위반,건조,맑음,교차로 - 교차로안,승용,남,20세,상해없음,이륜,남,74세,중상
2016121700100256,2016년 12월 17일 12시,토요일,경상북도 청송군 청송읍,중상사고,0,1,0,0,차대차 - 측면직각충돌,교차로운행방법위반,건조,맑음,교차로 - 교차로안,승용,남,68세,상해없음,승용,여,51세,중상
2016121700100257,2016년 12월 17일 12시,토요일,경상북도 울릉군 북면,경상사고,0,0,3,0,차대차 - 정면충돌,중앙선침범,건조,맑음,단일로 - 기타,승용,남,58세,상해없음,승용,남,53세,경상
2016121700100351,2016년 12월 17일 15시,토요일,경상북도 칠곡군 북삼읍,경상사고,0,0,1,0,차대차 - 추돌,안전거리미확보,건조,맑음,단일로 - 기타,승용,남,47세,상해없음,승용,여,25세,경상
2016121700100352,2016년 12월 17일 15시,토요일,경상북도 청도군 청도읍,경상사고,0,0,1,0,차대차 - 측면충돌,직진우회전진행방해,건조,맑음,교차로 - 교차로안,화물,남,53세,상해없음,원동기,남,80세,경상
2016121700100377,2016년 12월 17일 16시,토요일,경상북도 경주시 현곡면,경상사고,0,0,1,0,차대차 - 추돌,안전운전불이행,건조,맑음,교차로 - 교차로안,승용,여,33세,상해없음,승용,남,34세,경상
2016121700100410,2016년 12월 17일 17시,토요일,경상북도 포항시 북구 용흥동,경상사고,0,0,1,0,차대차 - 측면충돌,안전운전불이행,기타,맑음,교차로 - 교차로안,승용,여,53세,상해없음,승용,여,72세,경상
2016121700100411,2016년 12월 17일 17시,토요일,경상북도 안동시 임동면,중상사고,0,2,0,0,차대차 - 정면충돌,중앙선침범,건조,맑음,단일로 - 기타,화물,남,22세,중상,승합,남,48세,상해없음
2016121700100412,2016년 12월 17일 17시,토요일,경상북도 김천시 성내동,중상사고,0,1,0,0,차대사람 - 횡단중,보행자보호의무위반,건조,맑음,단일로 - 기타,승용,남,61세,상해없음,보행자,여,53세,중상
2016121700100413,2016년 12월 17일 17시,토요일,경상북도 구미시 장천면,사망사고,1,0,0,0,차대사람 - 횡단중,안전운전불이행,건조,맑음,단일로 - 기타,승용,남,35세,상해없음,보행자,여,75세,사망
2016121700100414,2016년 12월 17일 17시,토요일,경상북도 구미시 구평동,경상사고,0,0,1,0,차대차 - 정면충돌,안전운전불이행,건조,맑음,교차로 - 교차로안,승용,여,36세,상해없음,이륜,남,22세,경상
2016121700100459,2016년 12월 17일 18시,토요일,경상북도 영주시 영주동,중상사고,0,1,0,0,차대사람 - 횡단중,보행자보호의무위반,건조,맑음,교차로 - 교차로부근,승용,남,56세,상해없음,보행자,여,80세,중상
2016121700100460,2016년 12월 17일 18시,토요일,경상북도 상주시 낙동면,중상사고,0,2,1,0,차대차 - 추돌,안전거리미확보,건조,맑음,단일로 - 기타,화물,남,41세,상해없음,화물,남,58세,중상
2016121700100461,2016년 12월 17일 18시,토요일,경상북도 칠곡군 동명면,중상사고,0,3,5,0,차대차 - 추돌,안전거리미확보,건조,맑음,단일로 - 기타,승용,남,48세,경상,승용,남,32세,경상
2016121700100519,2016년 12월 17일 19시,토요일,경상북도 경주시 석장동,경상사고,0,0,1,0,차대사람 - 횡단중,보행자보호의무위반,건조,맑음,교차로 - 교차로안,화물,남,40세,상해없음,보행자,남,23세,경상
2016121700100520,2016년 12월 17일 19시,토요일,경상북도 포항시 북구 송라면,경상사고,0,0,2,0,차대차 - 측면충돌,안전거리미확보,건조,맑음,단일로 - 기타,화물,남,62세,상해없음,승용,남,39세,경상
2016121700100521,2016년 12월 17일 19시,토요일,경상북도 안동시 용상동,경상사고,0,0,1,0,차량단독 - 전도전복,안전운전불이행,건조,맑음,기타 - 기타,이륜,남,42세,경상,,,,
2016121700100522,2016년 12월 17일 19시,토요일,경상북도 김천시 남산동,경상사고,0,0,1,0,차대차 - 측면직각충돌,교차로운행방법위반,건조,맑음,교차로 - 교차로안,이륜,남,77세,경상,승용,여,38세,상해없음
2016121700100523,2016년 12월 17일 19시,토요일,경상북도 성주군 대가면,사망사고,1,1,0,0,차대차 - 정면충돌,안전운전불이행,건조,맑음,기타 - 기타,승용,남,34세,상해없음,이륜,남,51세,중상
2016121700100524,2016년 12월 17일 19시,토요일,경상북도 구미시 진평동,중상사고,0,1,0,0,차대차 - 기타,안전운전불이행,건조,맑음,교차로 - 교차로안,원동기,남,34세,중상,승용,여,39세,상해없음
2016121700100564,2016년 12월 17일 20시,토요일,경상북도 경주시 동방동,경상사고,0,0,4,4,차대차 - 추돌,안전거리미확보,건조,맑음,단일로 - 기타,화물,남,66세,상해없음,승용,남,37세,경상
2016121700100565,2016년 12월 17일 20시,토요일,경상북도 경주시 안강읍,중상사고,0,1,0,0,차대사람 - 기타,안전운전불이행,건조,맑음,단일로 - 기타,승용,여,24세,상해없음,보행자,남,38세,중상
2016121700100566,2016년 12월 17일 20시,토요일,경상북도 안동시 옥동,경상사고,0,0,1,0,차대사람 - 횡단중,보행자보호의무위반,건조,맑음,단일로 - 기타,승용,남,41세,상해없음,보행자,여,31세,경상
2016121700100595,2016년 12월 17일 21시,토요일,경상북도 구미시 형곡동,중상사고,0,1,0,0,차대사람 - 횡단중,안전운전불이행,기타,기타,단일로 - 기타,승용,남,38세,상해없음,보행자,남,8세,중상
2016121700100596,2016년 12월 17일 21시,토요일,경상북도 구미시 사곡동,부상신고사고,0,0,0,1,차대차 - 측면충돌,안전운전불이행,건조,맑음,단일로 - 기타,이륜,남,62세,부상신고,승용,남,35세,기타불명
2016121700100626,2016년 12월 17일 22시,토요일,경상북도 경산시 진량읍,경상사고,0,0,1,0,차대차 - 측면충돌,안전운전불이행,건조,흐림,교차로 - 교차로안,기타불명,기타불명,기타불명,기타불명,승용,남,28세,경상
2016121700100627,2016년 12월 17일 22시,토요일,경상북도 경산시 남방동,중상사고,0,1,0,0,차대차 - 측면충돌,신호위반,건조,맑음,교차로 - 교차로안,승용,남,18세,상해없음,승용,여,36세,중상
2016121700100628,2016년 12월 17일 22시,토요일,경상북도 구미시 광평동,경상사고,0,0,1,1,차대차 - 측면충돌,교차로운행방법위반,기타,기타,교차로 - 교차로안,승용,남,61세,부상신고,승용,남,33세,경상
2016121700100656,2016년 12월 17일 23시,토요일,경상북도 안동시 송현동,경상사고,0,0,1,0,차대차 - 정면충돌,안전운전불이행,건조,맑음,교차로 - 교차로부근,승용,남,29세,상해없음,이륜,남,38세,경상
2016121800100020,2016년 12월 18일 00시,일요일,경상북도 포항시 북구 양덕동,경상사고,0,0,1,0,차대사람 - 횡단중,안전운전불이행,건조,맑음,단일로 - 기타,원동기,남,17세,상해없음,보행자,남,25세,경상
2016121800100039,2016년 12월 18일 01시,일요일,경상북도 포항시 북구 동빈1가,경상사고,0,0,2,0,차대차 - 측면충돌,신호위반,건조,맑음,교차로 - 교차로안,승용,여,58세,상해없음,승용,남,28세,경상
2016121800100040,2016년 12월 18일 01시,일요일,경상북도 포항시 남구 상도동,경상사고,0,0,1,0,차대차 - 측면충돌,신호위반,건조,맑음,교차로 - 교차로안,승용,여,56세,상해없음,승용,남,56세,경상
2016121800100041,2016년 12월 18일 01시,일요일,경상북도 구미시 장천면,사망사고,1,4,0,0,차대차 - 추돌,안전운전불이행,건조,맑음,단일로 - 기타,승용,남,22세,상해없음,승용,남,45세,사망
2016121800100056,2016년 12월 18일 02시,일요일,경상북도 경주시 용강동,중상사고,0,3,1,0,차대차 - 추돌,안전운전불이행,건조,맑음,단일로 - 기타,승용,남,23세,중상,승용,남,49세,중상
2016121800100087,2016년 12월 18일 05시,일요일,경상북도 칠곡군 왜관읍,중상사고,0,1,0,0,차대차 - 정면충돌,신호위반,건조,맑음,교차로 - 교차로안,이륜,남,80세,중상,승용,남,51세,상해없음
2016121800100116,2016년 12월 18일 07시,일요일,경상북도 영주시 가흥동,경상사고,0,0,3,0,차대차 - 측면충돌,신호위반,건조,맑음,교차로 - 교차로안,승합,남,55세,상해없음,화물,남,37세,경상
2016121800100130,2016년 12월 18일 08시,일요일,경상북도 칠곡군 기산면,중상사고,0,2,0,0,차대차 - 정면충돌,중앙선침범,건조,맑음,단일로 - 기타,승용,여,22세,중상,승용,남,38세,중상
2016121800100143,2016년 12월 18일 09시,일요일,경상북도 구미시 신평동,중상사고,0,1,0,0,차대사람 - 횡단중,안전운전불이행,건조,맑음,단일로 - 기타,승용,여,29세,상해없음,보행자,남,38세,중상
2016121800100252,2016년 12월 18일 15시,일요일,경상북도 청도군 청도읍,중상사고,0,1,0,0,차대차 - 측면충돌,직진우회전진행방해,건조,맑음,교차로 - 교차로안,승용,여,44세,상해없음,이륜,남,68세,중상
2016121800100274,2016년 12월 18일 16시,일요일,경상북도 포항시 북구 동빈1가,중상사고,0,1,1,0,차대차 - 정면충돌,신호위반,건조,맑음,교차로 - 교차로안,승용,남,50세,상해없음,승용,여,39세,경상
2016121800100275,2016년 12월 18일 16시,일요일,경상북도 영덕군 남정면,중상사고,0,4,0,0,차대차 - 추돌,안전거리미확보,건조,맑음,단일로 - 기타,승합,남,48세,상해없음,화물,남,53세,중상
2016121800100336,2016년 12월 18일 18시,일요일,경상북도 상주시 냉림동,경상사고,0,0,1,0,차대차 - 측면충돌,안전운전불이행,건조,맑음,단일로 - 기타,자전거,남,14세,경상,승용,여,33세,상해없음
2016121800100337,2016년 12월 18일 18시,일요일,경상북도 영주시 가흥동,중상사고,0,1,0,0,차대차 - 추돌,교차로운행방법위반,건조,맑음,교차로 - 교차로안,승용,여,45세,상해없음,승용,여,24세,중상
2016121800100338,2016년 12월 18일 18시,일요일,경상북도 영천시 완산동,중상사고,0,1,0,0,차대사람 - 횡단중,안전운전불이행,건조,맑음,교차로 - 교차로부근,화물,남,56세,상해없음,보행자,남,79세,중상
2016121800100339,2016년 12월 18일 18시,일요일,경상북도 경산시 계양동,경상사고,0,0,1,0,차대차 - 측면충돌,안전운전불이행,건조,맑음,교차로 - 교차로부근,승용,여,49세,상해없음,승용,남,29세,경상
2016121800100372,2016년 12월 18일 19시,일요일,경상북도 영천시 화남면,경상사고,0,0,1,0,차대차 - 정면충돌,교차로운행방법위반,건조,맑음,교차로 - 교차로안,화물,남,71세,상해없음,승용,남,40세,경상
2016121800100403,2016년 12월 18일 20시,일요일,경상북도 구미시 송정동,중상사고,0,1,1,0,차대차 - 측면충돌,신호위반,건조,맑음,교차로 - 교차로안,승용,남,49세,중상,승용,남,49세,경상
2016121800100432,2016년 12월 18일 21시,일요일,경상북도 포항시 북구 용흥동,경상사고,0,0,1,0,차대차 - 측면충돌,교차로운행방법위반,건조,맑음,교차로 - 교차로안,승용,남,59세,상해없음,승용,여,54세,경상
2016121800100476,2016년 12월 18일 23시,일요일,경상북도 칠곡군 기산면,부상신고사고,0,0,0,1,차대사람 - 길가장자리구역통행중,안전운전불이행,건조,맑음,단일로 - 기타,승용,남,37세,상해없음,보행자,남,40세,부상신고
2016121900100007,2016년 12월 19일 00시,월요일,경상북도 울릉군 울릉읍,중상사고,0,1,0,0,차량단독 - 전도전복,안전운전불이행,건조,맑음,단일로 - 기타,화물,남,35세,중상,,,,
2016121900100081,2016년 12월 19일 06시,월요일,경상북도 구미시 도량동,경상사고,0,0,1,0,차대차 - 측면충돌,신호위반,습기,비,교차로 - 교차로안,승용,여,47세,상해없음,승용,여,28세,경상
2016121900100109,2016년 12월 19일 07시,월요일,경상북도 포항시 북구 장성동,경상사고,0,0,1,0,차대차 - 측면충돌,안전운전불이행,습기,비,단일로 - 기타,승용,여,52세,상해없음,이륜,남,30세,경상
2016121900100110,2016년 12월 19일 07시,월요일,경상북도 안동시 풍산읍,경상사고,0,0,1,0,차대차 - 추돌,안전거리미확보,기타,비,단일로 - 기타,화물,남,38세,상해없음,건설기계,남,48세,경상
2016121900100111,2016년 12월 19일 07시,월요일,경상북도 봉화군 재산면,중상사고,0,1,1,0,차대차 - 정면충돌,중앙선침범,결빙,눈,단일로 - 기타,화물,남,53세,상해없음,화물,남,50세,경상
2016121900100112,2016년 12월 19일 07시,월요일,경상북도 포항시 남구 장흥동,경상사고,0,0,1,0,차대차 - 기타,안전운전불이행,건조,맑음,교차로 - 교차로안,승용,남,44세,상해없음,이륜,남,57세,경상
2016121900100144,2016년 12월 19일 08시,월요일,경상북도 예천군 보문면,중상사고,0,3,1,0,차량단독 - 도로외이탈 - 추락,안전운전불이행,결빙,흐림,단일로 - 기타,승용,여,46세,중상,,,,
2016121900100145,2016년 12월 19일 08시,월요일,경상북도 포항시 남구 오천읍,경상사고,0,0,2,0,차대차 - 추돌,안전운전불이행,건조,맑음,교차로 - 교차로부근,승용,남,47세,상해없음,승용,여,26세,경상
2016121900100179,2016년 12월 19일 09시,월요일,경상북도 영주시 봉현면,부상신고사고,0,0,0,1,차대차 - 측면충돌,신호위반,건조,맑음,교차로 - 교차로안,화물,남,69세,부상신고,승합,남,39세,상해없음
2016121900100208,2016년 12월 19일 10시,월요일,경상북도 경산시 하양읍,경상사고,0,0,1,0,차대차 - 정면충돌,신호위반,건조,맑음,교차로 - 교차로안,화물,여,36세,상해없음,화물,남,71세,경상
2016121900100209,2016년 12월 19일 10시,월요일,경상북도 구미시 구포동,부상신고사고,0,0,0,1,차량단독 - 전도전복,안전운전불이행,습기,비,단일로 - 기타,승용,여,29세,부상신고,,,,
2016121900100234,2016년 12월 19일 11시,월요일,경상북도 포항시 북구 청하면,경상사고,0,0,1,0,차대차 - 측면충돌,안전운전불이행,건조,맑음,단일로 - 기타,승용,여,50세,경상,승용,남,45세,상해없음
2016121900100235,2016년 12월 19일 11시,월요일,경상북도 상주시 외서면,사망사고,1,0,0,0,차량단독 - 공작물충돌,안전운전불이행,습기,흐림,단일로 - 기타,화물,남,62세,사망,,,,
2016121900100236,2016년 12월 19일 11시,월요일,경상북도 경산시 사동,경상사고,0,0,1,0,차대차 - 추돌,안전운전불이행,건조,맑음,단일로 - 기타,승용,남,63세,상해없음,승용,여,33세,경상
2016121900100237,2016년 12월 19일 11시,월요일,경상북도 구미시 송정동,경상사고,0,0,1,0,차대차 - 기타,안전운전불이행,건조,맑음,단일로 - 기타,승용,남,58세,상해없음,승용,여,49세,경상
2016121900100251,2016년 12월 19일 12시,월요일,경상북도 안동시 옥야동,경상사고,0,0,4,0,차대차 - 측면직각충돌,안전운전불이행,건조,흐림,단일로 - 기타,화물,남,81세,상해없음,승용,여,48세,경상
2016121900100252,2016년 12월 19일 12시,월요일,경상북도 칠곡군 왜관읍,중상사고,0,1,0,0,차대사람 - 기타,안전운전불이행,건조,맑음,단일로 - 기타,화물,남,50세,상해없음,보행자,여,52세,중상
2016121900100276,2016년 12월 19일 13시,월요일,경상북도 경주시 성건동,중상사고,0,2,0,0,차대차 - 측면충돌,기타,습기,비,교차로 - 교차로안,승용,남,68세,상해없음,승용,여,58세,중상
2016121900100277,2016년 12월 19일 13시,월요일,경상북도 포항시 북구 학산동,경상사고,0,0,1,0,차대차 - 추돌,안전운전불이행,건조,흐림,단일로 - 기타,승용,여,54세,상해없음,승용,여,30세,경상
2016121900100341,2016년 12월 19일 15시,월요일,경상북도 안동시 운안동,중상사고,0,1,0,0,차대차 - 측면직각충돌,안전운전불이행,건조,맑음,교차로 - 교차로안,화물,남,42세,상해없음,이륜,남,50세,중상
2016121900100342,2016년 12월 19일 15시,월요일,경상북도 안동시 북후면,경상사고,0,0,1,0,차대차 - 정면충돌,안전운전불이행,건조,맑음,단일로 - 기타,이륜,남,71세,경상,화물,남,55세,상해없음
2016121900100343,2016년 12월 19일 15시,월요일,경상북도 청도군 각남면,중상사고,0,1,0,0,차대차 - 측면충돌,기타,습기,비,교차로 - 교차로안,승용,여,43세,상해없음,이륜,남,78세,중상
2016121900100344,2016년 12월 19일 15시,월요일,경상북도 구미시 인의동,경상사고,0,0,1,0,차대차 - 측면충돌,중앙선침범,습기,비,교차로 - 교차로부근,승용,여,44세,상해없음,이륜,남,50세,경상
2016121900100377,2016년 12월 19일 16시,월요일,경상북도 경주시 성동동,중상사고,0,1,0,0,차대차 - 측면충돌,중앙선침범,습기,비,교차로 - 교차로부근,승용,남,70세,상해없음,승용,남,74세,중상
2016121900100378,2016년 12월 19일 16시,월요일,경상북도 의성군 의성읍,사망사고,1,0,1,0,차대차 - 정면충돌,중앙선침범,습기,비,교차로 - 교차로부근,화물,남,73세,경상,화물,남,73세,사망
2016121900100379,2016년 12월 19일 16시,월요일,경상북도 영주시 영주동,중상사고,0,1,0,0,차대사람 - 횡단중,안전운전불이행,건조,맑음,교차로 - 교차로안,승용,여,42세,상해없음,보행자,여,90세 이상,중상
2016121900100380,2016년 12월 19일 16시,월요일,경상북도 영양군 수비면,중상사고,0,1,0,0,차량단독 - 전도전복,안전운전불이행,건조,맑음,단일로 - 기타,화물,남,44세,중상,,,,
2016121900100411,2016년 12월 19일 17시,월요일,경상북도 안동시 옥동,경상사고,0,0,1,0,차대사람 - 횡단중,안전운전불이행,건조,맑음,단일로 - 기타,승용,여,50세,상해없음,보행자,여,9세,경상
2016121900100412,2016년 12월 19일 17시,월요일,경상북도 영주시 풍기읍,중상사고,0,2,0,0,차대차 - 측면충돌,안전운전불이행,건조,맑음,단일로 - 기타,승용,남,71세,상해없음,승용,여,48세,중상
2016121900100413,2016년 12월 19일 17시,월요일,경상북도 영덕군 남정면,중상사고,0,2,0,0,차대차 - 추돌,안전거리미확보,습기,비,교차로 - 교차로부근,승용,남,69세,상해없음,승용,남,52세,중상
2016121900100414,2016년 12월 19일 17시,월요일,경상북도 봉화군 봉화읍,중상사고,0,1,1,0,차대차 - 추돌,안전운전불이행,건조,맑음,기타 - 기타,승용,여,67세,중상,승용,여,61세,상해없음
2016121900100415,2016년 12월 19일 17시,월요일,경상북도 포항시 남구 효자동,경상사고,0,0,1,0,차대차 - 기타,안전운전불이행,습기,비,단일로 - 기타,승용,여,53세,상해없음,승용,여,48세,경상