사고번호,사고일시,요일,시군구,사고내용,사망자수,중상자수,경상자수,부상신고자수,사고유형,법규위반,노면상태,기상상태,도로형태,가해운전자 차종,가해운전자 성별,가해운전자 연령,가해운전자 상해정도,피해운전자 차종,피해운전자 성별,피해운전자 연령,피해운전자 상해정도
2016121900100466,2016년 12월 19일 18시,월요일,경상북도 경주시 성건동,경상사고,0,0,1,0,차대차 - 측면충돌,안전거리미확보,습기,비,단일로 - 기타,승용,남,68세,상해없음,승용,남,46세,경상
2016121900100467,2016년 12월 19일 18시,월요일,경상북도 포항시 북구 죽도동,경상사고,0,0,2,0,차대차 - 정면충돌,안전거리미확보,건조,맑음,단일로 - 기타,승용,남,38세,상해없음,화물,남,71세,경상
2016121900100469,2016년 12월 19일 18시,월요일,경상북도 영주시 하망동,경상사고,0,0,1,0,차대차 - 측면충돌,안전운전불이행,건조,맑음,단일로 - 기타,승용,여,59세,상해없음,자전거,남,65세,경상
2016121900100470,2016년 12월 19일 18시,월요일,경상북도 경산시 평산동,경상사고,0,0,2,0,차대차 - 추돌,안전운전불이행,건조,흐림,교차로 - 교차로부근,승용,남,57세,상해없음,승합,여,59세,경상
2016121900100471,2016년 12월 19일 18시,월요일,경상북도 포항시 남구 구룡포읍,경상사고,0,0,1,0,차대차 - 기타,안전운전불이행,건조,맑음,교차로 - 교차로안,승용,여,49세,상해없음,원동기,남,19세,경상
2016121900100472,2016년 12월 19일 18시,월요일,경상북도 포항시 남구 효자동,경상사고,0,0,4,0,차대차 - 기타,안전거리미확보,건조,맑음,단일로 - 기타,승용,여,44세,경상,승용,남,56세,경상
2016121900100508,2016년 12월 19일 19시,월요일,경상북도 칠곡군 왜관읍,경상사고,0,0,1,0,차대차 - 기타,교차로운행방법위반,건조,맑음,교차로 - 교차로안,승용,여,39세,경상,승용,기타불명,기타불명,기타불명
2016121900100509,2016년 12월 19일 19시,월요일,경상북도 고령군 다산면,중상사고,0,1,0,0,차대사람 - 횡단중,보행자보호의무위반,습기,흐림,단일로 - 횡단보도상,승용,남,48세,상해없음,보행자,남,65세,중상
2016121900100510,2016년 12월 19일 19시,월요일,경상북도 구미시 진평동,중상사고,0,1,0,0,차대차 - 기타,안전운전불이행,습기,비,기타 - 기타,승용,남,44세,상해없음,이륜,남,47세,중상
2016121900100511,2016년 12월 19일 19시,월요일,경상북도 포항시 남구 해도동,경상사고,0,0,1,0,차대차 - 기타,안전운전불이행,건조,맑음,교차로 - 교차로부근,자전거,남,65세,경상,승용,남,61세,상해없음
2016121900100541,2016년 12월 19일 20시,월요일,경상북도 구미시 비산동,중상사고,0,1,0,0,차대사람 - 횡단중,안전운전불이행,건조,맑음,교차로 - 교차로부근,승용,남,37세,상해없음,보행자,남,65세,중상
2016121900100561,2016년 12월 19일 21시,월요일,경상북도 경주시 광명동,경상사고,0,0,1,0,차량단독 - 전도전복,안전운전불이행,건조,맑음,단일로 - 기타,승용,남,51세,상해없음,,,,
2016121900100562,2016년 12월 19일 21시,월요일,경상북도 경산시 백천동,중상사고,0,1,0,0,차대차 - 측면직각충돌,안전운전불이행,건조,맑음,교차로 - 교차로부근,승용,남,51세,상해없음,이륜,남,20세,중상
2016121900100594,2016년 12월 19일 22시,월요일,경상북도 경주시 서면,중상사고,0,1,1,0,차대차 - 측면충돌,안전운전불이행,습기,흐림,단일로 - 기타,화물,남,33세,상해없음,승용,남,45세,경상
2016121900100595,2016년 12월 19일 22시,월요일,경상북도 경주시 성동동,경상사고,0,0,2,0,차대차 - 측면충돌,안전운전불이행,습기,비,단일로 - 기타,화물,남,65세,상해없음,승용,남,35세,경상
2016121900100596,2016년 12월 19일 22시,월요일,경상북도 안동시 옥동,경상사고,0,0,1,0,차대사람 - 횡단중,안전운전불이행,건조,맑음,단일로 - 기타,승용,남,69세,상해없음,보행자,남,53세,경상
2016121900100597,2016년 12월 19일 22시,월요일,경상북도 안동시 송현동,중상사고,0,1,0,0,차대사람 - 길가장자리구역통행중,안전운전불이행,건조,맑음,단일로 - 기타,승용,남,29세,상해없음,보행자,남,46세,중상
2016121900100598,2016년 12월 19일 22시,월요일,경상북도 울진군 죽변면,중상사고,0,1,2,0,차대차 - 측면충돌,신호위반,건조,맑음,교차로 - 교차로안,화물,남,55세,상해없음,승용,남,36세,경상
2016122000100108,2016년 12월 20일 07시,화요일,경상북도 구미시 봉곡동,중상사고,0,1,0,0,차대차 - 기타,안전거리미확보,건조,맑음,기타 - 기타,승용,남,64세,상해없음,화물,남,53세,중상
2016122000100109,2016년 12월 20일 07시,화요일,경상북도 구미시 진평동,경상사고,0,0,2,0,차대차 - 측면직각충돌,직진우회전진행방해,건조,맑음,교차로 - 교차로안,승용,남,28세,경상,승용,여,33세,경상
2016122000100132,2016년 12월 20일 08시,화요일,경상북도 경주시 외동읍,중상사고,0,1,2,0,차대차 - 측면충돌,중앙선침범,습기,맑음,단일로 - 기타,화물,남,37세,상해없음,승합,남,48세,상해없음
2016122000100133,2016년 12월 20일 08시,화요일,경상북도 포항시 북구 죽장면,중상사고,0,2,0,0,차대차 - 정면충돌,중앙선침범,건조,맑음,단일로 - 기타,화물,남,27세,상해없음,승용,남,49세,중상
2016122000100134,2016년 12월 20일 08시,화요일,경상북도 영천시 금호읍,경상사고,0,0,5,0,차대차 - 추돌,안전운전불이행,습기,안개,단일로 - 기타,승용,여,47세,경상,화물,남,30세,경상
2016122000100135,2016년 12월 20일 08시,화요일,경상북도 경산시 남천면,경상사고,0,0,1,0,차대차 - 정면충돌,중앙선침범,건조,맑음,단일로 - 기타,화물,남,58세,상해없음,승용,여,57세,경상
2016122000100136,2016년 12월 20일 08시,화요일,경상북도 경산시 하양읍,경상사고,0,0,1,0,차대사람 - 횡단중,보행자보호의무위반,건조,흐림,단일로 - 횡단보도상,승용,남,48세,상해없음,보행자,남,15세,경상
2016122000100172,2016년 12월 20일 09시,화요일,경상북도 경주시 강동면,경상사고,0,0,1,1,차대차 - 추돌,안전운전불이행,건조,맑음,단일로 - 터널,화물,남,24세,부상신고,화물,남,42세,경상
2016122000100173,2016년 12월 20일 09시,화요일,경상북도 포항시 북구 동빈2가,중상사고,0,1,2,0,차대차 - 측면충돌,신호위반,건조,맑음,교차로 - 교차로안,승용,여,55세,중상,승용,남,62세,경상
2016122000100211,2016년 12월 20일 10시,화요일,경상북도 경주시 건천읍,중상사고,0,1,0,0,차대차 - 추돌,안전거리미확보,건조,맑음,단일로 - 기타,화물,남,43세,상해없음,화물,남,68세,중상
2016122000100212,2016년 12월 20일 10시,화요일,경상북도 봉화군 춘양면,경상사고,0,0,1,0,차대사람 - 기타,안전운전불이행,건조,맑음,단일로 - 기타,승용,남,73세,상해없음,보행자,여,44세,경상
2016122000100213,2016년 12월 20일 10시,화요일,경상북도 구미시 장천면,중상사고,0,1,0,0,차대차 - 측면충돌,교차로운행방법위반,건조,흐림,교차로 - 교차로안,화물,남,57세,상해없음,승용,남,63세,중상
2016122000100253,2016년 12월 20일 11시,화요일,경상북도 포항시 북구 장성동,경상사고,0,0,3,0,차대차 - 정면충돌,직진우회전진행방해,건조,맑음,교차로 - 교차로안,승용,남,57세,상해없음,승용,남,35세,경상
2016122000100254,2016년 12월 20일 11시,화요일,경상북도 경산시 중방동,경상사고,0,0,1,0,차대차 - 측면직각충돌,신호위반,건조,맑음,교차로 - 교차로안,승용,남,77세,상해없음,화물,남,49세,경상
2016122000100255,2016년 12월 20일 11시,화요일,경상북도 포항시 남구 대잠동,중상사고,0,1,0,0,차대사람 - 횡단중,보행자보호의무위반,건조,맑음,교차로 - 교차로안,화물,남,39세,상해없음,보행자,남,73세,중상
2016122000100283,2016년 12월 20일 12시,화요일,경상북도 안동시 옥동,부상신고사고,0,0,0,1,차대차 - 기타,안전운전불이행,건조,맑음,단일로 - 기타,기타불명,기타불명,기타불명,기타불명,이륜,남,40세,부상신고
2016122000100284,2016년 12월 20일 12시,화요일,경상북도 봉화군 춘양면,경상사고,0,0,1,0,차대차 - 측면충돌,교차로운행방법위반,건조,맑음,교차로 - 교차로안,승용,남,61세,상해없음,승용,여,57세,경상
2016122000100285,2016년 12월 20일 12시,화요일,경상북도 구미시 원평동,경상사고,0,0,2,0,차대차 - 측면충돌,교차로운행방법위반,건조,맑음,교차로 - 교차로안,승용,남,68세,상해없음,승용,남,36세,경상
2016122000100338,2016년 12월 20일 14시,화요일,경상북도 영주시 영주동,경상사고,0,0,1,0,차대차 - 측면충돌,안전운전불이행,건조,맑음,교차로 - 교차로부근,승용,여,52세,상해없음,이륜,남,82세,경상
2016122000100339,2016년 12월 20일 14시,화요일,경상북도 영천시 화산면,경상사고,0,0,2,0,차대차 - 측면직각충돌,교차로운행방법위반,건조,맑음,교차로 - 교차로안,승용,남,23세,경상,화물,남,57세,경상
2016122000100340,2016년 12월 20일 14시,화요일,경상북도 문경시 모전동,경상사고,0,0,1,0,차대차 - 정면충돌,기타,건조,맑음,단일로 - 기타,화물,남,56세,상해없음,승용,남,34세,경상
2016122000100341,2016년 12월 20일 14시,화요일,경상북도 구미시 봉곡동,경상사고,0,0,1,0,차대차 - 기타,안전운전불이행,건조,맑음,단일로 - 기타,승용,남,40세,상해없음,승용,남,51세,경상
2016122000100376,2016년 12월 20일 15시,화요일,경상북도 영주시 영주동,경상사고,0,0,1,0,차대차 - 측면충돌,안전운전불이행,건조,맑음,단일로 - 기타,승용,여,55세,상해없음,이륜,남,59세,경상
2016122000100377,2016년 12월 20일 15시,화요일,경상북도 문경시 점촌동,중상사고,0,1,0,0,차대사람 - 길가장자리구역통행중,보행자보호의무위반,건조,흐림,단일로 - 기타,승용,여,54세,상해없음,보행자,여,45세,중상
2016122000100378,2016년 12월 20일 15시,화요일,경상북도 경산시 중방동,경상사고,0,0,1,0,차대차 - 정면충돌,신호위반,건조,맑음,교차로 - 교차로안,이륜,남,19세,경상,승용,남,73세,상해없음
2016122000100400,2016년 12월 20일 16시,화요일,경상북도 안동시 송현동,경상사고,0,0,3,0,차대차 - 측면직각충돌,신호위반,건조,맑음,교차로 - 교차로안,승용,여,56세,상해없음,승용,남,59세,경상
2016122000100444,2016년 12월 20일 17시,화요일,경상북도 칠곡군 석적읍,경상사고,0,0,1,0,차대차 - 정면충돌,교차로운행방법위반,건조,맑음,교차로 - 교차로안,승용,남,62세,상해없음,승용,여,37세,경상
2016122000100495,2016년 12월 20일 18시,화요일,경상북도 영덕군 영덕읍,사망사고,1,0,0,0,차대사람 - 횡단중,안전운전불이행,건조,맑음,단일로 - 기타,승용,남,61세,상해없음,보행자,여,89세,사망
2016122000100496,2016년 12월 20일 18시,화요일,경상북도 구미시 공단동,경상사고,0,0,1,0,차대차 - 추돌,차로위반,건조,맑음,교차로 - 교차로안,승용,남,46세,기타불명,승용,남,27세,경상
2016122000100497,2016년 12월 20일 18시,화요일,경상북도 구미시 원평동,경상사고,0,0,1,0,차대차 - 기타,교차로운행방법위반,건조,맑음,교차로 - 교차로안,승용,남,45세,상해없음,화물,남,29세,경상
2016122000100540,2016년 12월 20일 19시,화요일,경상북도 경주시 현곡면,경상사고,0,0,1,0,차대차 - 측면충돌,안전운전불이행,건조,맑음,교차로 - 교차로안,승용,남,75세,상해없음,승용,여,43세,경상
2016122000100541,2016년 12월 20일 19시,화요일,경상북도 문경시 점촌동,중상사고,0,1,0,0,차대차 - 기타,안전운전불이행,건조,흐림,교차로 - 교차로안,승용,여,60세,상해없음,승용,남,53세,상해없음
2016122000100542,2016년 12월 20일 19시,화요일,경상북도 포항시 남구 대송면,중상사고,0,1,0,0,차대차 - 측면직각충돌,안전운전불이행,건조,맑음,단일로 - 기타,화물,남,61세,중상,화물,남,43세,상해없음
2016122000100572,2016년 12월 20일 20시,화요일,경상북도 구미시 고아읍,중상사고,0,1,0,0,차대차 - 기타,교차로운행방법위반,건조,맑음,교차로 - 교차로부근,승용,남,54세,상해없음,승용,남,25세,중상
2016122000100606,2016년 12월 20일 21시,화요일,경상북도 포항시 북구 장성동,경상사고,0,0,1,0,차대차 - 기타,안전운전불이행,건조,맑음,단일로 - 기타,자전거,남,33세,경상,승용,여,34세,상해없음
2016122000100607,2016년 12월 20일 21시,화요일,경상북도 구미시 사곡동,경상사고,0,0,1,0,차대사람 - 기타,안전운전불이행,건조,맑음,기타 - 기타,승용,여,42세,상해없음,보행자,남,29세,경상
2016122000100608,2016년 12월 20일 21시,화요일,경상북도 구미시 형곡동,중상사고,0,1,0,0,차대차 - 추돌,안전운전불이행,건조,맑음,교차로 - 교차로부근,승용,여,45세,상해없음,원동기,남,44세,중상
2016122000100609,2016년 12월 20일 21시,화요일,경상북도 포항시 남구 상도동,경상사고,0,0,1,0,차대차 - 측면충돌,안전거리미확보,건조,맑음,단일로 - 기타,승용,남,27세,상해없음,승용,여,33세,경상
2016122000100641,2016년 12월 20일 22시,화요일,경상북도 구미시 송정동,경상사고,0,0,2,0,차대차 - 측면충돌,중앙선침범,기타,기타,교차로 - 교차로부근,승용,여,50세,상해없음,승용,남,39세,경상
2016122000100642,2016년 12월 20일 22시,화요일,경상북도 포항시 남구 대도동,경상사고,0,0,1,0,차대사람 - 길가장자리구역통행중,안전운전불이행,건조,맑음,교차로 - 교차로안,승용,남,61세,상해없음,보행자,남,40세,경상
2016122000100669,2016년 12월 20일 23시,화요일,경상북도 포항시 북구 두호동,경상사고,0,0,1,0,차대차 - 측면충돌,차로위반,건조,맑음,단일로 - 기타,승용,여,52세,상해없음,이륜,남,24세,경상
2016122000100670,2016년 12월 20일 23시,화요일,경상북도 울진군 후포면,중상사고,0,1,1,0,차대차 - 측면충돌,중앙선침범,건조,맑음,교차로 - 교차로부근,승용,남,51세,경상,승용,남,35세,중상
2016122100100037,2016년 12월 21일 02시,수요일,경상북도 영천시 망정동,부상신고사고,0,0,0,1,차대사람 - 횡단중,안전운전불이행,건조,맑음,단일로 - 기타,승용,남,22세,상해없음,보행자,여,54세,부상신고
2016122100100043,2016년 12월 21일 03시,수요일,경상북도 포항시 남구 송도동,경상사고,0,0,1,0,차대차 - 기타,안전운전불이행,습기,맑음,단일로 - 기타,승용,남,60세,상해없음,승용,여,49세,기타불명
2016122100100069,2016년 12월 21일 06시,수요일,경상북도 포항시 북구 장성동,중상사고,0,1,1,0,차대차 - 기타,안전운전불이행,건조,맑음,교차로 - 교차로안,승용,여,38세,중상,승용,남,43세,경상
2016122100100097,2016년 12월 21일 07시,수요일,경상북도 경산시 압량면,중상사고,0,1,0,0,차대차 - 정면충돌,안전운전불이행,건조,맑음,단일로 - 기타,화물,남,45세,상해없음,승용,여,53세,중상
2016122100100098,2016년 12월 21일 07시,수요일,경상북도 포항시 남구 호동,경상사고,0,0,1,2,차대차 - 기타,안전운전불이행,건조,맑음,단일로 - 기타,승용,여,43세,부상신고,승용,여,51세,경상
2016122100100136,2016년 12월 21일 08시,수요일,경상북도 영천시 청통면,경상사고,0,0,2,0,차대차 - 측면충돌,신호위반,습기,비,교차로 - 교차로안,화물,남,48세,경상,특수,남,31세,경상
2016122100100137,2016년 12월 21일 08시,수요일,경상북도 포항시 남구 오천읍,중상사고,0,1,0,0,차대사람 - 횡단중,보행자보호의무위반,건조,맑음,교차로 - 교차로부근,화물,남,59세,상해없음,보행자,여,62세,중상
2016122100100165,2016년 12월 21일 09시,수요일,경상북도 포항시 북구 두호동,경상사고,0,0,2,0,차대차 - 측면충돌,차로위반,건조,맑음,단일로 - 기타,승용,남,56세,상해없음,승용,남,26세,경상
2016122100100166,2016년 12월 21일 09시,수요일,경상북도 안동시 와룡면,경상사고,0,0,1,0,차대차 - 측면충돌,교차로운행방법위반,습기,안개,교차로 - 교차로안,화물,남,55세,상해없음,화물,남,73세,경상
2016122100100167,2016년 12월 21일 09시,수요일,경상북도 영덕군 지품면,경상사고,0,0,1,0,차대차 - 기타,기타,건조,맑음,단일로 - 기타,화물,남,48세,상해없음,화물,남,64세,경상
2016122100100228,2016년 12월 21일 11시,수요일,경상북도 군위군 고로면,사망사고,1,0,0,0,차대차 - 정면충돌,중앙선침범,습기,안개,단일로 - 기타,승용,남,74세,사망,화물,남,42세,상해없음
2016122100100229,2016년 12월 21일 11시,수요일,경상북도 포항시 남구 상도동,경상사고,0,0,2,0,차대차 - 기타,안전운전불이행,건조,맑음,교차로 - 교차로안,승용,여,49세,상해없음,승용,여,55세,경상
2016122100100257,2016년 12월 21일 12시,수요일,경상북도 칠곡군 석적읍,경상사고,0,0,1,0,차대차 - 정면충돌,교차로운행방법위반,건조,맑음,교차로 - 교차로안,화물,남,54세,상해없음,이륜,남,57세,경상
2016122100100279,2016년 12월 21일 13시,수요일,경상북도 성주군 성주읍,중상사고,0,2,2,0,차량단독 - 도로외이탈 - 기타,안전운전불이행,습기,비,기타 - 기타,승용,여,52세,경상,,,,
2016122100100337,2016년 12월 21일 15시,수요일,경상북도 포항시 북구 용흥동,중상사고,0,1,0,0,차대차 - 측면충돌,신호위반,습기,비,교차로 - 교차로안,이륜,여,33세,중상,승용,남,36세,상해없음
2016122100100369,2016년 12월 21일 16시,수요일,경상북도 경주시 용강동,중상사고,0,1,0,0,차대차 - 측면충돌,차로위반,건조,맑음,교차로 - 교차로부근,화물,남,67세,상해없음,승용,여,34세,중상
2016122100100370,2016년 12월 21일 16시,수요일,경상북도 고령군 대가야읍,경상사고,0,0,1,0,차대차 - 기타,직진우회전진행방해,습기,비,교차로 - 교차로부근,화물,남,29세,상해없음,승용,여,42세,경상
2016122100100435,2016년 12월 21일 17시,수요일,경상북도 경주시 현곡면,경상사고,0,0,1,0,차대차 - 추돌,안전운전불이행,습기,비,교차로 - 교차로부근,승용,남,65세,상해없음,승용,남,45세,경상
2016122100100436,2016년 12월 21일 17시,수요일,경상북도 안동시 삼산동,경상사고,0,0,1,0,차대차 - 측면직각충돌,안전운전불이행,습기,비,교차로 - 교차로안,자전거,남,56세,경상,화물,남,36세,상해없음
2016122100100437,2016년 12월 21일 17시,수요일,경상북도 안동시 임동면,경상사고,0,0,1,0,차대차 - 측면직각충돌,안전운전불이행,건조,맑음,단일로 - 기타,화물,남,49세,상해없음,승용,여,67세,경상
2016122100100438,2016년 12월 21일 17시,수요일,경상북도 경산시 하양읍,경상사고,0,0,1,0,차대차 - 정면충돌,안전운전불이행,건조,맑음,단일로 - 기타,이륜,남,80세,경상,이륜,남,74세,상해없음
2016122100100439,2016년 12월 21일 17시,수요일,경상북도 예천군 예천읍,중상사고,0,2,0,0,차대차 - 측면직각충돌,직진우회전진행방해,습기,비,교차로 - 교차로안,승용,남,54세,상해없음,이륜,남,74세,중상
2016122100100440,2016년 12월 21일 17시,수요일,경상북도 청도군 청도읍,중상사고,0,1,1,0,차대차 - 정면충돌,안전운전불이행,습기,비,교차로 - 교차로안,승용,남,32세,경상,승용,남,34세,중상
2016122100100441,2016년 12월 21일 17시,수요일,경상북도 구미시 형곡동,중상사고,0,1,0,0,차대사람 - 횡단중,안전운전불이행,건조,맑음,단일로 - 기타,승용,남,42세,상해없음,보행자,남,59세,중상
2016122100100442,2016년 12월 21일 17시,수요일,경상북도 포항시 남구 이동,경상사고,0,0,2,0,차대차 - 기타,안전운전불이행,건조,맑음,단일로 - 기타,승용,남,56세,상해없음,승용,여,52세,경상
2016122100100538,2016년 12월 21일 18시,수요일,경상북도 경주시 구황동,중상사고,0,1,1,0,차대차 - 추돌,안전운전불이행,습기,비,단일로 - 기타,승용,남,75세,상해없음,승용,여,54세,중상
2016122100100539,2016년 12월 21일 18시,수요일,경상북도 포항시 북구 죽도동,중상사고,0,1,0,0,차대사람 - 횡단중,안전운전불이행,습기,비,단일로 - 기타,승용,남,58세,상해없음,보행자,여,75세,중상
2016122100100540,2016년 12월 21일 18시,수요일,경상북도 김천시 어모면,경상사고,0,0,1,0,차대차 - 측면충돌,교차로운행방법위반,습기,비,교차로 - 교차로안,승용,남,58세,상해없음,승용,남,39세,경상
2016122100100541,2016년 12월 21일 18시,수요일,경상북도 의성군 점곡면,경상사고,0,0,1,0,차대차 - 추돌,안전거리미확보,습기,비,단일로 - 기타,화물,남,45세,상해없음,승용,남,19세,경상
2016122100100542,2016년 12월 21일 18시,수요일,경상북도 경산시 계양동,경상사고,0,0,1,0,차대차 - 추돌,안전운전불이행,습기,비,교차로 - 교차로부근,기타불명,기타불명,기타불명,기타불명,승용,여,42세,경상
2016122100100543,2016년 12월 21일 18시,수요일,경상북도 성주군 선남면,중상사고,0,1,0,0,차대사람 - 횡단중,안전운전불이행,습기,비,기타 - 기타,승용,남,71세,상해없음,보행자,여,60세,중상
2016122100100544,2016년 12월 21일 18시,수요일,경상북도 구미시 원평동,중상사고,0,1,0,0,차대사람 - 횡단중,보행자보호의무위반,습기,비,교차로 - 교차로부근,화물,남,63세,상해없음,보행자,여,18세,중상
2016122100100545,2016년 12월 21일 18시,수요일,경상북도 구미시 공단동,경상사고,0,0,2,0,차대차 - 기타,안전운전불이행,습기,흐림,단일로 - 기타,승용,남,37세,경상,승용,남,47세,경상
2016122100100611,2016년 12월 21일 19시,수요일,경상북도 경산시 중방동,경상사고,0,0,1,0,차대차 - 기타,안전거리미확보,습기,비,단일로 - 기타,화물,남,74세,상해없음,승용,여,24세,경상
2016122100100612,2016년 12월 21일 19시,수요일,경상북도 구미시 황상동,경상사고,0,0,1,0,차대차 - 기타,안전운전불이행,습기,비,단일로 - 기타,승용,여,47세,상해없음,승용,여,39세,경상
2016122100100670,2016년 12월 21일 20시,수요일,경상북도 포항시 남구 오천읍,중상사고,0,1,0,0,차대사람 - 횡단중,안전운전불이행,습기,비,단일로 - 기타,승용,남,55세,상해없음,보행자,여,55세,중상
2016122100100726,2016년 12월 21일 21시,수요일,경상북도 김천시 신음동,경상사고,0,0,1,0,차대차 - 정면충돌,안전운전불이행,습기,비,교차로 - 교차로부근,화물,남,48세,상해없음,승용,여,31세,경상
2016122100100727,2016년 12월 21일 21시,수요일,경상북도 김천시 남면,중상사고,0,2,0,0,차대차 - 정면충돌,안전운전불이행,습기,비,교차로 - 교차로안,승용,남,43세,중상,승용,여,38세,중상
2016122100100728,2016년 12월 21일 21시,수요일,경상북도 김천시 성내동,중상사고,0,1,0,0,차대사람 - 기타,보행자보호의무위반,습기,맑음,단일로 - 횡단보도상,승용,남,67세,상해없음,보행자,여,74세,중상
2016122100100729,2016년 12월 21일 21시,수요일,경상북도 경산시 진량읍,중상사고,0,1,1,0,차대차 - 정면충돌,중앙선침범,습기,비,단일로 - 기타,승용,남,43세,상해없음,승용,남,23세,중상
2016122100100730,2016년 12월 21일 21시,수요일,경상북도 성주군 용암면,경상사고,0,0,1,0,차량단독 - 전도전복,안전운전불이행,습기,비,단일로 - 기타,승합,남,49세,경상,,,,
2016122100100731,2016년 12월 21일 21시,수요일,경상북도 구미시 구포동,경상사고,0,0,1,0,차대사람 - 횡단중,안전운전불이행,건조,맑음,단일로 - 기타,승용,여,52세,상해없음,보행자,남,49세,경상
2016122100100785,2016년 12월 21일 22시,수요일,경상북도 경산시 정평동,경상사고,0,0,2,0,차대차 - 측면충돌,신호위반,습기,비,교차로 - 교차로안,승용,남,51세,상해없음,승용,남,35세,경상
2016122100100786,2016년 12월 21일 22시,수요일,경상북도 구미시 봉곡동,경상사고,0,0,1,0,차대차 - 측면충돌,안전운전불이행,습기,비,교차로 - 교차로부근,승용,남,32세,상해없음,승용,남,39세,경상
2016122100100787,2016년 12월 21일 22시,수요일,경상북도 구미시 황상동,경상사고,0,0,2,0,차대차 - 추돌,안전운전불이행,습기,비,교차로 - 교차로부근,승용,남,45세,상해없음,승용,남,49세,경상
2016122100100788,2016년 12월 21일 22시,수요일,경상북도 포항시 남구 연일읍,중상사고,0,1,0,0,차대차 - 측면직각충돌,신호위반,습기,비,교차로 - 교차로안,승용,남,43세,상해없음,승용,여,30세,중상
2016122100100844,2016년 12월 21일 23시,수요일,경상북도 구미시 임수동,중상사고,0,1,0,0,차대차 - 정면충돌,중앙선침범,습기,비,교차로 - 교차로부근,승용,남,30세,상해없음,승용,남,33세,중상
2016122200100042,2016년 12월 22일 00시,목요일,경상북도 경주시 황성동,경상사고,0,0,1,0,차대사람 - 길가장자리구역통행중,안전운전불이행,습기,비,단일로 - 기타,기타불명,기타불명,기타불명,기타불명,보행자,남,18세,경상
2016122200100043,2016년 12월 22일 00시,목요일,경상북도 영덕군 남정면,중상사고,0,1,0,0,차량단독 - 전도전복,안전운전불이행,습기,비,단일로 - 기타,승용,여,47세,중상,,,,
2016122200100075,2016년 12월 22일 01시,목요일,경상북도 포항시 남구 상도동,중상사고,0,1,0,0,차대사람 - 기타,안전운전불이행,습기,비,교차로 - 교차로부근,승용,남,47세,상해없음,보행자,남,46세,중상
2016122200100076,2016년 12월 22일 01시,목요일,경상북도 포항시 남구 이동,경상사고,0,0,3,0,차대차 - 기타,안전운전불이행,습기,비,교차로 - 교차로부근,승용,여,46세,상해없음,승용,남,63세,경상
2016122200100142,2016년 12월 22일 06시,목요일,경상북도 경산시 신천동,경상사고,0,0,1,0,차대차 - 추돌,안전운전불이행,건조,맑음,단일로 - 기타,승용,남,56세,상해없음,승용,여,49세,경상
2016122200100177,2016년 12월 22일 07시,목요일,경상북도 영천시 금호읍,경상사고,0,0,1,0,차대차 - 추돌,안전운전불이행,건조,흐림,교차로 - 교차로부근,승용,남,34세,상해없음,승용,여,55세,경상
2016122200100222,2016년 12월 22일 08시,목요일,경상북도 영주시 하망동,중상사고,0,1,0,0,차대차 - 측면충돌,안전운전불이행,습기,흐림,교차로 - 교차로안,승용,여,36세,상해없음,이륜,남,25세,중상
2016122200100223,2016년 12월 22일 08시,목요일,경상북도 경산시 남천면,경상사고,0,0,1,0,차대사람 - 기타,안전운전불이행,건조,맑음,교차로 - 교차로안,화물,남,30세,상해없음,보행자,남,26세,경상
2016122200100224,2016년 12월 22일 08시,목요일,경상북도 성주군 초전면,경상사고,0,0,1,0,차대차 - 정면충돌,안전운전불이행,습기,흐림,단일로 - 기타,승용,여,40세,상해없음,화물,남,56세,경상
2016122200100225,2016년 12월 22일 08시,목요일,경상북도 울진군 북면,중상사고,0,1,0,0,차대사람 - 길가장자리구역통행중,안전운전불이행,건조,맑음,단일로 - 기타,승용,남,43세,상해없음,보행자,여,67세,중상
2016122200100226,2016년 12월 22일 08시,목요일,경상북도 포항시 남구 송도동,경상사고,0,0,1,0,차대차 - 측면충돌,신호위반,습기,비,교차로 - 교차로안,승용,남,52세,기타불명,승용,남,42세,경상
2016122200100245,2016년 12월 22일 09시,목요일,경상북도 안동시 태화동,부상신고사고,0,0,0,1,차대차 - 측면직각충돌,차로위반,건조,맑음,단일로 - 기타,승용,남,35세,상해없음,이륜,남,57세,부상신고
2016122200100246,2016년 12월 22일 09시,목요일,경상북도 구미시 원평동,경상사고,0,0,1,0,차대차 - 추돌,안전거리미확보,건조,맑음,단일로 - 기타,승용,남,55세,상해없음,승용,남,34세,경상
2016122200100247,2016년 12월 22일 09시,목요일,경상북도 포항시 남구 인덕동,경상사고,0,0,1,0,차대차 - 추돌,교차로운행방법위반,건조,맑음,교차로 - 교차로부근,화물,남,35세,상해없음,승용,여,38세,경상