사고번호,사고일시,요일,시군구,사고내용,사망자수,중상자수,경상자수,부상신고자수,사고유형,법규위반,노면상태,기상상태,도로형태,가해운전자 차종,가해운전자 성별,가해운전자 연령,가해운전자 상해정도,피해운전자 차종,피해운전자 성별,피해운전자 연령,피해운전자 상해정도
2016122200100264,2016년 12월 22일 10시,목요일,경상북도 경주시 시래동,중상사고,0,1,0,0,차대차 - 정면충돌,안전운전불이행,건조,맑음,단일로 - 기타,건설기계,남,59세,상해없음,이륜,여,64세,중상
2016122200100265,2016년 12월 22일 10시,목요일,경상북도 울진군 평해읍,중상사고,0,1,0,0,차량단독 - 전도전복,안전운전불이행,건조,맑음,단일로 - 기타,이륜,남,81세,중상,,,,
2016122200100289,2016년 12월 22일 11시,목요일,경상북도 성주군 대가면,중상사고,0,1,0,0,차대차 - 측면충돌,안전운전불이행,건조,맑음,기타 - 기타,건설기계,남,52세,상해없음,승용,남,74세,중상
2016122200100305,2016년 12월 22일 12시,목요일,경상북도 영덕군 강구면,중상사고,0,1,0,0,차대차 - 측면직각충돌,안전운전불이행,건조,맑음,단일로 - 기타,승용,여,65세,상해없음,자전거,남,75세,중상
2016122200100335,2016년 12월 22일 13시,목요일,경상북도 경주시 배동,중상사고,0,1,0,0,차량단독 - 전도전복,안전운전불이행,건조,맑음,단일로 - 기타,이륜,여,66세,중상,,,,
2016122200100336,2016년 12월 22일 13시,목요일,경상북도 안동시 수상동,경상사고,0,0,1,0,차대차 - 정면충돌,안전운전불이행,건조,맑음,단일로 - 기타,화물,남,60세,상해없음,승용,남,43세,경상
2016122200100337,2016년 12월 22일 13시,목요일,경상북도 안동시 옥동,중상사고,0,1,1,0,차대차 - 측면직각충돌,안전운전불이행,건조,맑음,교차로 - 교차로안,승용,여,34세,경상,승용,여,27세,중상
2016122200100338,2016년 12월 22일 13시,목요일,경상북도 의성군 단북면,중상사고,0,1,0,0,차대사람 - 횡단중,중앙선침범,건조,맑음,단일로 - 기타,승용,여,65세,상해없음,보행자,남,81세,중상
2016122200100339,2016년 12월 22일 13시,목요일,경상북도 울진군 울진읍,경상사고,0,0,1,0,차대차 - 측면직각충돌,교차로운행방법위반,건조,맑음,교차로 - 교차로안,이륜,남,56세,경상,승용,남,35세,상해없음
2016122200100362,2016년 12월 22일 14시,목요일,경상북도 상주시 인봉동,경상사고,0,0,1,0,차대차 - 측면충돌,신호위반,건조,맑음,교차로 - 교차로안,화물,남,68세,상해없음,승용,남,46세,경상
2016122200100389,2016년 12월 22일 15시,목요일,경상북도 상주시 남성동,중상사고,0,1,0,0,차대사람 - 길가장자리구역통행중,안전운전불이행,습기,비,단일로 - 기타,승용,여,54세,상해없음,보행자,여,63세,중상
2016122200100416,2016년 12월 22일 16시,목요일,경상북도 경주시 인왕동,중상사고,0,2,1,0,차대차 - 측면직각충돌,신호위반,건조,흐림,교차로 - 교차로안,이륜,남,21세,중상,승용,남,32세,경상
2016122200100417,2016년 12월 22일 16시,목요일,경상북도 칠곡군 왜관읍,경상사고,0,0,1,0,차대차 - 기타,직진우회전진행방해,건조,맑음,교차로 - 교차로안,승용,남,28세,상해없음,승용,여,46세,경상
2016122200100418,2016년 12월 22일 16시,목요일,경상북도 구미시 형곡동,경상사고,0,0,1,0,차대차 - 기타,안전운전불이행,건조,맑음,단일로 - 기타,승용,여,54세,상해없음,승용,남,33세,경상
2016122200100461,2016년 12월 22일 17시,목요일,경상북도 경주시 황성동,중상사고,0,1,0,0,차대차 - 추돌,안전운전불이행,건조,맑음,단일로 - 기타,승용,여,61세,상해없음,승용,여,43세,중상
2016122200100462,2016년 12월 22일 17시,목요일,경상북도 영주시 휴천동,경상사고,0,0,2,0,차대차 - 측면충돌,안전운전불이행,건조,맑음,교차로 - 교차로안,승용,남,47세,경상,승용,여,47세,경상
2016122200100463,2016년 12월 22일 17시,목요일,경상북도 문경시 모전동,중상사고,0,1,0,0,차대차 - 기타,불법유턴,건조,맑음,교차로 - 교차로안,승용,남,43세,상해없음,이륜,남,43세,중상
2016122200100464,2016년 12월 22일 17시,목요일,경상북도 포항시 남구 오천읍,경상사고,0,0,1,0,차대차 - 정면충돌,신호위반,건조,맑음,교차로 - 교차로안,이륜,남,33세,경상,승용,남,27세,상해없음
2016122200100516,2016년 12월 22일 18시,목요일,경상북도 포항시 북구 죽도동,경상사고,0,0,1,0,차대차 - 추돌,안전거리미확보,건조,맑음,단일로 - 기타,승용,남,21세,상해없음,승용,여,43세,경상
2016122200100517,2016년 12월 22일 18시,목요일,경상북도 영양군 입암면,중상사고,0,1,0,0,차대차 - 추돌,안전운전불이행,건조,맑음,단일로 - 교량,승용,남,48세,상해없음,농기계,남,66세,중상
2016122200100518,2016년 12월 22일 18시,목요일,경상북도 구미시 임수동,경상사고,0,0,4,0,차대차 - 측면직각충돌,교차로운행방법위반,건조,맑음,교차로 - 교차로안,승용,남,51세,경상,승용,남,29세,경상
2016122200100519,2016년 12월 22일 18시,목요일,경상북도 구미시 사곡동,경상사고,0,0,2,0,차대차 - 추돌,안전거리미확보,건조,맑음,단일로 - 기타,승용,남,26세,상해없음,이륜,남,47세,경상
2016122200100520,2016년 12월 22일 18시,목요일,경상북도 구미시 원평동,경상사고,0,0,1,0,차대차 - 기타,안전운전불이행,기타,맑음,기타 - 기타,승합,남,56세,상해없음,승용,남,53세,상해없음
2016122200100567,2016년 12월 22일 19시,목요일,경상북도 구미시 봉곡동,중상사고,0,1,0,0,차대차 - 기타,안전운전불이행,건조,맑음,단일로 - 기타,승용,남,54세,상해없음,이륜,남,17세,중상
2016122200100596,2016년 12월 22일 20시,목요일,경상북도 경주시 내남면,사망사고,1,0,0,0,차대사람 - 횡단중,안전운전불이행,건조,맑음,단일로 - 기타,승용,남,34세,상해없음,보행자,남,70세,사망
2016122200100597,2016년 12월 22일 20시,목요일,경상북도 경주시 노서동,경상사고,0,0,1,0,차대차 - 기타,기타,건조,맑음,단일로 - 기타,승용,남,47세,상해없음,자전거,남,34세,경상
2016122200100598,2016년 12월 22일 20시,목요일,경상북도 의성군 의성읍,경상사고,0,0,1,0,차대차 - 측면충돌,안전거리미확보,습기,흐림,단일로 - 횡단보도부근,승용,여,49세,상해없음,승용,남,43세,경상
2016122200100637,2016년 12월 22일 21시,목요일,경상북도 경산시 압량면,경상사고,0,0,1,0,차대차 - 정면충돌,교차로운행방법위반,건조,맑음,교차로 - 교차로안,승용,여,42세,상해없음,이륜,남,22세,경상
2016122200100664,2016년 12월 22일 22시,목요일,경상북도 포항시 북구 양덕동,경상사고,0,0,1,0,차대차 - 정면충돌,안전운전불이행,건조,맑음,단일로 - 기타,승용,남,55세,상해없음,승용,남,24세,경상
2016122200100665,2016년 12월 22일 22시,목요일,경상북도 포항시 북구 송라면,경상사고,0,0,1,0,차대차 - 추돌,안전운전불이행,건조,맑음,단일로 - 기타,승용,남,61세,상해없음,농기계,남,74세,경상
2016122200100666,2016년 12월 22일 22시,목요일,경상북도 구미시 비산동,경상사고,0,0,2,0,차대차 - 기타,안전거리미확보,건조,맑음,교차로 - 교차로부근,승용,남,46세,상해없음,승용,남,35세,경상
2016122200100667,2016년 12월 22일 22시,목요일,경상북도 구미시 원평동,중상사고,0,1,0,0,차대사람 - 기타,안전운전불이행,건조,맑음,교차로 - 교차로부근,승용,남,64세,상해없음,보행자,남,47세,중상
2016122200100668,2016년 12월 22일 22시,목요일,경상북도 포항시 남구 대잠동,중상사고,0,1,0,0,차량단독 - 전도전복,안전운전불이행,건조,맑음,단일로 - 기타,승용,남,62세,상해없음,,,,
2016122300100018,2016년 12월 23일 00시,금요일,경상북도 상주시 냉림동,경상사고,0,0,1,0,차대차 - 측면직각충돌,교차로운행방법위반,건조,흐림,교차로 - 교차로안,승용,남,65세,상해없음,승용,남,46세,상해없음
2016122300100037,2016년 12월 23일 01시,금요일,경상북도 포항시 북구 용흥동,중상사고,0,1,1,0,차대사람 - 횡단중,안전운전불이행,건조,맑음,교차로 - 교차로부근,승용,남,21세,상해없음,보행자,여,34세,중상
2016122300100060,2016년 12월 23일 04시,금요일,경상북도 경주시 건천읍,경상사고,0,0,1,0,차대차 - 추돌,안전운전불이행,건조,맑음,단일로 - 기타,승용,남,36세,상해없음,화물,남,36세,경상
2016122300100082,2016년 12월 23일 06시,금요일,경상북도 포항시 남구 괴동동,사망사고,1,0,0,0,차대차 - 측면직각충돌,안전운전불이행,건조,맑음,단일로 - 기타,특수,남,64세,상해없음,승용,남,68세,사망
2016122300100102,2016년 12월 23일 07시,금요일,경상북도 구미시 구포동,경상사고,0,0,1,0,차대차 - 기타,교차로운행방법위반,건조,맑음,교차로 - 교차로안,승용,남,59세,상해없음,승용,남,37세,경상
2016122300100140,2016년 12월 23일 08시,금요일,경상북도 김천시 성내동,경상사고,0,0,3,0,차대차 - 측면충돌,안전운전불이행,건조,맑음,단일로 - 기타,승용,남,45세,상해없음,승용,남,33세,경상
2016122300100141,2016년 12월 23일 08시,금요일,경상북도 포항시 남구 연일읍,경상사고,0,0,1,0,차대차 - 기타,안전운전불이행,건조,맑음,교차로 - 교차로부근,승용,남,64세,상해없음,화물,남,55세,경상
2016122300100202,2016년 12월 23일 10시,금요일,경상북도 포항시 북구 송라면,중상사고,0,1,0,0,차대차 - 기타,차로위반,건조,맑음,단일로 - 기타,승용,여,48세,상해없음,승용,여,52세,중상
2016122300100226,2016년 12월 23일 11시,금요일,경상북도 안동시 북후면,중상사고,0,1,1,1,차대차 - 측면직각충돌,안전거리미확보,건조,맑음,교차로 - 교차로안,승합,남,55세,상해없음,건설기계,남,47세,상해없음
2016122300100227,2016년 12월 23일 11시,금요일,경상북도 구미시 공단동,중상사고,0,1,0,0,차대차 - 추돌,안전운전불이행,건조,맑음,교차로 - 교차로부근,승용,남,51세,상해없음,승용,여,30세,중상
2016122300100262,2016년 12월 23일 12시,금요일,경상북도 상주시 서문동,경상사고,0,0,1,0,차대차 - 측면충돌,안전운전불이행,습기,비,단일로 - 기타,자전거,여,74세,경상,승용,여,25세,상해없음
2016122300100263,2016년 12월 23일 12시,금요일,경상북도 문경시 문경읍,중상사고,0,1,2,0,차대차 - 측면충돌,중앙선침범,습기,맑음,단일로 - 기타,화물,남,55세,상해없음,화물,남,52세,경상
2016122300100294,2016년 12월 23일 13시,금요일,경상북도 포항시 북구 남빈동,중상사고,0,1,0,0,차대사람 - 횡단중,안전운전불이행,건조,맑음,단일로 - 기타,승용,남,74세,상해없음,보행자,여,65세,중상
2016122300100295,2016년 12월 23일 13시,금요일,경상북도 울진군 죽변면,중상사고,0,1,0,0,차대사람 - 횡단중,보행자보호의무위반,건조,맑음,교차로 - 교차로부근,승용,남,39세,상해없음,보행자,여,51세,중상
2016122300100296,2016년 12월 23일 13시,금요일,경상북도 구미시 원평동,경상사고,0,0,1,0,차대차 - 기타,기타,건조,맑음,단일로 - 기타,승용,남,60세,상해없음,자전거,여,39세,경상
2016122300100320,2016년 12월 23일 14시,금요일,경상북도 칠곡군 왜관읍,부상신고사고,0,0,0,1,차대사람 - 횡단중,안전운전불이행,건조,맑음,단일로 - 기타,화물,남,76세,상해없음,보행자,여,19세,부상신고
2016122300100344,2016년 12월 23일 15시,금요일,경상북도 경산시 대동,중상사고,0,1,0,0,차량단독 - 전도전복,기타,건조,맑음,단일로 - 기타,승합,남,53세,상해없음,,,,
2016122300100345,2016년 12월 23일 15시,금요일,경상북도 구미시 원평동,경상사고,0,0,3,0,차대차 - 추돌,신호위반,건조,맑음,교차로 - 교차로안,승합,남,46세,상해없음,승용,여,54세,경상
2016122300100384,2016년 12월 23일 16시,금요일,경상북도 영주시 가흥동,중상사고,0,1,0,0,차대차 - 측면충돌,안전운전불이행,건조,맑음,교차로 - 교차로안,승용,여,51세,상해없음,화물,남,60세,상해없음
2016122300100385,2016년 12월 23일 16시,금요일,경상북도 영주시 문수면,중상사고,0,1,0,0,차대차 - 측면충돌,직진우회전진행방해,건조,맑음,교차로 - 교차로안,승용,남,68세,상해없음,승합,남,75세,중상
2016122300100386,2016년 12월 23일 16시,금요일,경상북도 포항시 남구 오천읍,경상사고,0,0,1,1,차대차 - 측면직각충돌,안전운전불이행,건조,맑음,교차로 - 교차로안,승용,남,26세,상해없음,승용,남,60세,경상
2016122300100465,2016년 12월 23일 18시,금요일,경상북도 안동시 법흥동,중상사고,0,1,0,0,차대사람 - 횡단중,보행자보호의무위반,건조,맑음,단일로 - 횡단보도상,화물,남,50세,상해없음,보행자,여,26세,중상
2016122300100466,2016년 12월 23일 18시,금요일,경상북도 안동시 용상동,중상사고,0,1,0,0,차대차 - 정면충돌,신호위반,건조,맑음,교차로 - 교차로안,승용,남,68세,상해없음,승용,남,48세,중상
2016122300100467,2016년 12월 23일 18시,금요일,경상북도 경산시 진량읍,경상사고,0,0,1,0,차대차 - 기타,안전운전불이행,건조,맑음,단일로 - 기타,승용,남,63세,상해없음,이륜,남,16세,경상
2016122300100468,2016년 12월 23일 18시,금요일,경상북도 고령군 대가야읍,경상사고,0,0,1,0,차대차 - 추돌,안전운전불이행,건조,맑음,교차로 - 교차로부근,화물,남,35세,상해없음,승용,여,26세,경상
2016122300100469,2016년 12월 23일 18시,금요일,경상북도 구미시 공단동,경상사고,0,0,1,0,차대차 - 정면충돌,안전운전불이행,건조,맑음,교차로 - 교차로안,승용,여,44세,상해없음,승용,여,47세,경상
2016122300100516,2016년 12월 23일 19시,금요일,경상북도 포항시 북구 용흥동,경상사고,0,0,1,0,차대차 - 정면충돌,안전운전불이행,건조,맑음,교차로 - 교차로안,승용,남,37세,상해없음,승용,남,30세,경상
2016122300100517,2016년 12월 23일 19시,금요일,경상북도 안동시 태화동,경상사고,0,0,1,0,차대사람 - 차도통행중,안전운전불이행,건조,맑음,교차로 - 교차로안,승용,남,42세,상해없음,보행자,남,51세,경상
2016122300100518,2016년 12월 23일 19시,금요일,경상북도 상주시 신봉동,경상사고,0,0,5,0,차대차 - 측면직각충돌,중앙선침범,건조,맑음,단일로 - 기타,승용,남,24세,상해없음,승용,여,36세,경상
2016122300100519,2016년 12월 23일 19시,금요일,경상북도 경산시 중방동,중상사고,0,2,0,0,차대사람 - 횡단중,보행자보호의무위반,건조,맑음,교차로 - 교차로부근,승용,남,51세,상해없음,보행자,여,55세,중상
2016122300100560,2016년 12월 23일 20시,금요일,경상북도 의성군 안계면,중상사고,0,1,1,0,차대차 - 정면충돌,중앙선침범,건조,맑음,단일로 - 기타,화물,남,65세,상해없음,승용,남,71세,경상
2016122300100600,2016년 12월 23일 21시,금요일,경상북도 경주시 성건동,중상사고,0,1,0,0,차대사람 - 횡단중,안전운전불이행,건조,맑음,단일로 - 기타,승용,남,46세,상해없음,보행자,여,49세,중상
2016122300100601,2016년 12월 23일 21시,금요일,경상북도 경산시 진량읍,경상사고,0,0,2,0,차대차 - 추돌,안전거리미확보,건조,맑음,단일로 - 기타,승용,여,34세,상해없음,승용,남,58세,경상
2016122300100646,2016년 12월 23일 22시,금요일,경상북도 안동시 풍산읍,중상사고,0,1,4,0,차대차 - 측면직각충돌,안전운전불이행,건조,맑음,단일로 - 기타,승용,남,58세,상해없음,승용,남,21세,경상
2016122400100015,2016년 12월 24일 00시,토요일,경상북도 구미시 진평동,경상사고,0,0,1,0,차대사람 - 횡단중,안전운전불이행,건조,맑음,기타 - 기타,승용,남,27세,상해없음,보행자,남,60세,경상
2016122400100060,2016년 12월 24일 02시,토요일,경상북도 포항시 남구 상도동,경상사고,0,0,2,0,차대차 - 기타,안전거리미확보,건조,맑음,교차로 - 교차로부근,승용,남,47세,경상,승용,남,69세,경상
2016122400100078,2016년 12월 24일 03시,토요일,경상북도 포항시 북구 두호동,경상사고,0,0,1,0,차대차 - 측면충돌,중앙선침범,건조,맑음,단일로 - 기타,승용,남,39세,상해없음,이륜,남,17세,경상
2016122400100079,2016년 12월 24일 03시,토요일,경상북도 구미시 공단동,중상사고,0,3,0,0,차대차 - 추돌,안전운전불이행,건조,맑음,교차로 - 교차로부근,승용,남,32세,상해없음,승용,남,53세,중상
2016122400100096,2016년 12월 24일 04시,토요일,경상북도 경산시 조영동,경상사고,0,0,1,0,차대차 - 측면충돌,중앙선침범,건조,맑음,단일로 - 기타,승용,남,24세,상해없음,승용,남,55세,경상
2016122400100149,2016년 12월 24일 08시,토요일,경상북도 포항시 남구 해도동,경상사고,0,0,1,0,차대사람 - 기타,불법유턴,건조,맑음,단일로 - 기타,승용,남,55세,상해없음,보행자,여,63세,경상
2016122400100158,2016년 12월 24일 09시,토요일,경상북도 경주시 동천동,중상사고,0,1,0,0,차대차 - 측면충돌,안전운전불이행,건조,맑음,교차로 - 교차로안,화물,남,57세,상해없음,승용,여,55세,중상
2016122400100159,2016년 12월 24일 09시,토요일,경상북도 칠곡군 석적읍,중상사고,0,1,0,1,차대차 - 측면직각충돌,안전운전불이행,건조,맑음,교차로 - 교차로안,승용,남,23세,상해없음,승용,남,37세,중상
2016122400100179,2016년 12월 24일 10시,토요일,경상북도 경주시 황남동,경상사고,0,0,1,0,차대차 - 추돌,안전운전불이행,건조,맑음,교차로 - 교차로부근,화물,남,74세,상해없음,화물,여,56세,경상
2016122400100180,2016년 12월 24일 10시,토요일,경상북도 포항시 북구 장성동,중상사고,0,2,3,0,차대차 - 기타,안전운전불이행,건조,맑음,교차로 - 교차로안,승용,남,41세,상해없음,승용,남,48세,경상
2016122400100181,2016년 12월 24일 10시,토요일,경상북도 안동시 안막동,중상사고,0,1,0,0,차대차 - 측면충돌,안전운전불이행,건조,맑음,교차로 - 교차로부근,화물,남,76세,상해없음,이륜,남,72세,중상
2016122400100182,2016년 12월 24일 10시,토요일,경상북도 경산시 압량면,중상사고,0,1,0,0,차대차 - 측면충돌,신호위반,건조,맑음,교차로 - 교차로안,화물,남,57세,상해없음,승용,남,28세,중상
2016122400100205,2016년 12월 24일 11시,토요일,경상북도 안동시 송현동,경상사고,0,0,1,0,차대차 - 정면충돌,안전거리미확보,건조,맑음,교차로 - 교차로안,승용,남,58세,상해없음,승용,남,27세,경상
2016122400100206,2016년 12월 24일 11시,토요일,경상북도 구미시 황상동,중상사고,0,1,0,0,차대차 - 기타,직진우회전진행방해,건조,맑음,교차로 - 교차로안,화물,남,43세,상해없음,이륜,남,51세,중상
2016122400100230,2016년 12월 24일 12시,토요일,경상북도 안동시 성곡동,경상사고,0,0,2,0,차대차 - 측면직각충돌,안전운전불이행,건조,맑음,교차로 - 교차로안,승용,남,66세,상해없음,승용,남,55세,경상
2016122400100231,2016년 12월 24일 12시,토요일,경상북도 의성군 봉양면,경상사고,0,0,1,0,차대차 - 측면충돌,교차로운행방법위반,건조,맑음,교차로 - 교차로안,화물,남,50세,상해없음,이륜,여,68세,경상
2016122400100303,2016년 12월 24일 15시,토요일,경상북도 경주시 황성동,중상사고,0,1,0,0,차대차 - 측면직각충돌,안전운전불이행,건조,맑음,교차로 - 교차로안,승용,여,44세,상해없음,자전거,남,67세,중상
2016122400100304,2016년 12월 24일 15시,토요일,경상북도 포항시 북구 용흥동,경상사고,0,0,3,0,차대차 - 기타,안전운전불이행,건조,맑음,기타 - 기타,승용,남,32세,경상,승용,남,44세,경상
2016122400100305,2016년 12월 24일 15시,토요일,경상북도 고령군 다산면,중상사고,0,2,0,0,차대차 - 측면직각충돌,교차로운행방법위반,건조,맑음,교차로 - 교차로안,화물,남,52세,중상,화물,남,61세,중상
2016122400100329,2016년 12월 24일 16시,토요일,경상북도 의성군 의성읍,중상사고,0,1,0,0,차대사람 - 횡단중,안전운전불이행,건조,맑음,단일로 - 기타,화물,남,58세,상해없음,보행자,남,85세,중상
2016122400100330,2016년 12월 24일 16시,토요일,경상북도 포항시 남구 오천읍,중상사고,0,1,0,0,차대차 - 측면직각충돌,안전운전불이행,건조,맑음,단일로 - 기타,원동기,남,17세,중상,승용,여,34세,상해없음
2016122400100368,2016년 12월 24일 17시,토요일,경상북도 경산시 계양동,경상사고,0,0,1,0,차대사람 - 횡단중,보행자보호의무위반,건조,맑음,단일로 - 횡단보도상,승용,남,55세,상해없음,보행자,남,24세,경상
2016122400100369,2016년 12월 24일 17시,토요일,경상북도 포항시 남구 오천읍,경상사고,0,0,1,0,차대차 - 추돌,안전거리미확보,건조,맑음,단일로 - 기타,화물,남,47세,상해없음,화물,남,49세,경상
2016122400100421,2016년 12월 24일 18시,토요일,경상북도 문경시 모전동,경상사고,0,0,6,0,차대차 - 측면충돌,신호위반,건조,맑음,교차로 - 교차로안,승용,여,58세,경상,승용,남,39세,경상
2016122400100422,2016년 12월 24일 18시,토요일,경상북도 구미시 남통동,중상사고,0,1,0,0,차대차 - 정면충돌,안전운전불이행,건조,맑음,교차로 - 교차로부근,승용,남,62세,상해없음,승용,남,52세,중상
2016122400100491,2016년 12월 24일 20시,토요일,경상북도 경주시 성동동,경상사고,0,0,1,0,차대차 - 측면충돌,기타,건조,맑음,단일로 - 기타,승용,남,49세,상해없음,이륜,남,67세,경상
2016122400100492,2016년 12월 24일 20시,토요일,경상북도 포항시 북구 두호동,경상사고,0,0,1,0,차대차 - 측면충돌,안전운전불이행,건조,맑음,교차로 - 교차로안,승용,남,63세,상해없음,이륜,남,67세,경상
2016122400100493,2016년 12월 24일 20시,토요일,경상북도 안동시 풍산읍,경상사고,0,0,2,0,차대차 - 측면직각충돌,신호위반,건조,맑음,교차로 - 교차로안,승용,남,58세,경상,화물,남,58세,경상
2016122400100494,2016년 12월 24일 20시,토요일,경상북도 구미시 진평동,부상신고사고,0,0,0,1,차대차 - 측면충돌,안전운전불이행,건조,맑음,교차로 - 교차로안,이륜,남,28세,부상신고,승용,남,25세,상해없음
2016122400100523,2016년 12월 24일 21시,토요일,경상북도 상주시 사벌면,경상사고,0,0,1,0,차량단독 - 공작물충돌,안전운전불이행,건조,맑음,단일로 - 기타,화물,남,57세,경상,,,,
2016122400100524,2016년 12월 24일 21시,토요일,경상북도 구미시 임수동,경상사고,0,0,3,0,차대차 - 추돌,안전운전불이행,건조,맑음,교차로 - 교차로부근,승용,남,31세,상해없음,승용,남,55세,경상
2016122400100551,2016년 12월 24일 22시,토요일,경상북도 상주시 화서면,경상사고,0,0,2,0,차대차 - 측면직각충돌,안전운전불이행,건조,맑음,단일로 - 기타,승용,남,31세,상해없음,화물,남,54세,경상
2016122400100573,2016년 12월 24일 23시,토요일,경상북도 경주시 사정동,경상사고,0,0,1,0,차대차 - 측면충돌,안전운전불이행,건조,맑음,교차로 - 교차로안,승용,남,65세,상해없음,승용,여,33세,경상
2016122400100574,2016년 12월 24일 23시,토요일,경상북도 구미시 비산동,경상사고,0,0,5,0,차대차 - 추돌,신호위반,건조,맑음,교차로 - 교차로안,승용,남,24세,상해없음,승용,남,50세,경상
2016122500100010,2016년 12월 25일 00시,일요일,경상북도 칠곡군 석적읍,부상신고사고,0,0,0,1,차량단독 - 전도전복,안전운전불이행,건조,맑음,단일로 - 기타,승용,남,45세,부상신고,,,,
2016122500100011,2016년 12월 25일 00시,일요일,경상북도 영천시 신령면,사망사고,1,1,0,0,차량단독 - 공작물충돌,안전운전불이행,건조,맑음,단일로 - 기타,승용,남,56세,중상,,,,
2016122500100012,2016년 12월 25일 00시,일요일,경상북도 영덕군 축산면,중상사고,0,1,0,0,차량단독 - 공작물충돌,안전운전불이행,건조,맑음,단일로 - 기타,화물,남,51세,중상,,,,
2016122500100039,2016년 12월 25일 02시,일요일,경상북도 포항시 북구 장성동,경상사고,0,0,1,0,차대차 - 기타,안전운전불이행,건조,맑음,단일로 - 기타,승용,여,53세,상해없음,승용,남,53세,경상
2016122500100050,2016년 12월 25일 03시,일요일,경상북도 구미시 형곡동,중상사고,0,1,1,0,차대차 - 측면충돌,안전운전불이행,건조,맑음,교차로 - 교차로부근,승용,남,50세,상해없음,승용,남,37세,경상
2016122500100067,2016년 12월 25일 05시,일요일,경상북도 구미시 인의동,경상사고,0,0,1,0,차대차 - 측면직각충돌,안전운전불이행,건조,맑음,단일로 - 기타,승용,남,30세,상해없음,승용,남,47세,경상
2016122500100199,2016년 12월 25일 13시,일요일,경상북도 경주시 황오동,경상사고,0,0,1,0,차대차 - 기타,안전운전불이행,건조,맑음,교차로 - 교차로안,이륜,남,18세,경상,승용,남,66세,상해없음
2016122500100200,2016년 12월 25일 13시,일요일,경상북도 포항시 북구 흥해읍,경상사고,0,0,2,0,차대차 - 측면충돌,신호위반,건조,맑음,교차로 - 교차로안,승용,남,38세,경상,승용,남,63세,경상
2016122500100201,2016년 12월 25일 13시,일요일,경상북도 안동시 노하동,경상사고,0,0,1,0,차대차 - 정면충돌,안전운전불이행,건조,맑음,교차로 - 교차로안,화물,남,47세,상해없음,승용,남,33세,경상
2016122500100224,2016년 12월 25일 14시,일요일,경상북도 포항시 북구 우현동,경상사고,0,0,2,0,차대차 - 측면충돌,안전운전불이행,건조,맑음,단일로 - 기타,승용,남,69세,상해없음,승용,남,25세,경상
2016122500100225,2016년 12월 25일 14시,일요일,경상북도 김천시 율곡동,경상사고,0,0,2,0,차대차 - 추돌,안전운전불이행,건조,맑음,교차로 - 교차로안,승용,남,39세,상해없음,승용,여,64세,경상
2016122500100253,2016년 12월 25일 15시,일요일,경상북도 구미시 임은동,경상사고,0,0,1,0,차대사람 - 횡단중,안전운전불이행,건조,맑음,단일로 - 기타,승용,남,43세,상해없음,보행자,남,16세,경상
2016122500100264,2016년 12월 25일 16시,일요일,경상북도 포항시 북구 죽도동,경상사고,0,0,1,0,차대차 - 기타,안전운전불이행,건조,맑음,교차로 - 교차로안,승용,남,43세,상해없음,승용,여,52세,상해없음
2016122500100291,2016년 12월 25일 17시,일요일,경상북도 구미시 광평동,경상사고,0,0,2,0,차대차 - 추돌,안전운전불이행,건조,맑음,단일로 - 기타,승용,남,33세,상해없음,승용,여,27세,경상
2016122500100320,2016년 12월 25일 18시,일요일,경상북도 경주시 외동읍,중상사고,0,1,0,1,차대차 - 추돌,안전운전불이행,건조,맑음,교차로 - 교차로부근,승용,남,35세,부상신고,승용,남,43세,중상
2016122500100321,2016년 12월 25일 18시,일요일,경상북도 칠곡군 약목면,경상사고,0,0,1,0,차대사람 - 기타,안전운전불이행,건조,맑음,단일로 - 기타,승용,남,47세,상해없음,보행자,남,48세,경상
2016122500100322,2016년 12월 25일 18시,일요일,경상북도 구미시 산동면,경상사고,0,0,1,0,차대사람 - 차도통행중,안전운전불이행,건조,맑음,단일로 - 기타,승용,남,48세,상해없음,보행자,여,72세,경상
2016122500100386,2016년 12월 25일 20시,일요일,경상북도 의성군 단촌면,경상사고,0,0,1,0,차량단독 - 전도전복,안전운전불이행,건조,맑음,단일로 - 기타,이륜,남,80세,경상,,,,
2016122500100409,2016년 12월 25일 21시,일요일,경상북도 경주시 강동면,경상사고,0,0,1,0,차대차 - 정면충돌,안전운전불이행,건조,맑음,단일로 - 기타,승합,남,54세,상해없음,승합,여,54세,경상
2016122500100426,2016년 12월 25일 22시,일요일,경상북도 경주시 신평동,경상사고,0,0,1,0,차량단독 - 전도전복,안전운전불이행,건조,맑음,단일로 - 기타,승용,남,28세,상해없음,,,,
2016122500100427,2016년 12월 25일 22시,일요일,경상북도 경산시 정평동,경상사고,0,0,1,0,차대차 - 측면충돌,교차로운행방법위반,건조,맑음,교차로 - 교차로부근,승용,남,59세,상해없음,승용,남,32세,상해없음
2016122500100428,2016년 12월 25일 22시,일요일,경상북도 구미시 구평동,경상사고,0,0,1,0,차대차 - 측면충돌,안전운전불이행,건조,맑음,단일로 - 기타,승용,남,26세,상해없음,이륜,남,25세,경상