사고번호,사고일시,요일,시군구,사고내용,사망자수,중상자수,경상자수,부상신고자수,사고유형,법규위반,노면상태,기상상태,도로형태,가해운전자 차종,가해운전자 성별,가해운전자 연령,가해운전자 상해정도,피해운전자 차종,피해운전자 성별,피해운전자 연령,피해운전자 상해정도
2016122800100596,2016년 12월 28일 22시,수요일,경상북도 경산시 평산동,부상신고사고,0,0,0,1,차대차 - 정면충돌,교차로운행방법위반,건조,맑음,교차로 - 교차로안,승용,여,44세,상해없음,승용,남,39세,부상신고
2016122800100597,2016년 12월 28일 22시,수요일,경상북도 구미시 사곡동,경상사고,0,0,2,0,차대차 - 기타,안전운전불이행,건조,맑음,단일로 - 기타,승용,남,58세,상해없음,승용,남,53세,경상
2016122800100598,2016년 12월 28일 22시,수요일,경상북도 구미시 원평동,중상사고,0,2,2,0,차대차 - 기타,안전운전불이행,건조,맑음,단일로 - 기타,승용,남,64세,중상,승용,남,58세,중상
2016122800100624,2016년 12월 28일 23시,수요일,경상북도 포항시 북구 죽도동,중상사고,0,1,0,0,차대사람 - 횡단중,보행자보호의무위반,건조,맑음,단일로 - 기타,승용,남,41세,상해없음,보행자,남,53세,중상
2016122800100625,2016년 12월 28일 23시,수요일,경상북도 김천시 부곡동,중상사고,0,1,0,0,차대사람 - 횡단중,기타,건조,맑음,단일로 - 기타,승용,남,52세,상해없음,보행자,남,61세,중상
2016122800100626,2016년 12월 28일 23시,수요일,경상북도 경산시 진량읍,중상사고,0,1,0,0,차대차 - 기타,안전운전불이행,건조,맑음,기타 - 기타,특수,남,50세,상해없음,화물,남,37세,중상
2016122900100050,2016년 12월 29일 02시,목요일,경상북도 포항시 북구 우현동,경상사고,0,0,1,0,차량단독 - 공작물충돌,안전운전불이행,건조,맑음,단일로 - 기타,승용,남,43세,경상,,,,
2016122900100111,2016년 12월 29일 06시,목요일,경상북도 영천시 야사동,경상사고,0,0,1,0,차대사람 - 횡단중,보행자보호의무위반,건조,맑음,단일로 - 횡단보도상,승용,남,23세,상해없음,보행자,여,60세,경상
2016122900100178,2016년 12월 29일 08시,목요일,경상북도 포항시 북구 대신동,중상사고,0,1,0,0,차대차 - 정면충돌,신호위반,건조,맑음,교차로 - 교차로안,화물,남,24세,상해없음,승용,남,43세,중상
2016122900100179,2016년 12월 29일 08시,목요일,경상북도 구미시 도개면,경상사고,0,0,1,0,차량단독 - 전도전복,안전운전불이행,건조,맑음,단일로 - 기타,승용,여,42세,경상,,,,
2016122900100221,2016년 12월 29일 09시,목요일,경상북도 경주시 황성동,경상사고,0,0,1,0,차대사람 - 횡단중,안전운전불이행,건조,맑음,교차로 - 교차로부근,승용,여,58세,상해없음,보행자,남,50세,경상
2016122900100222,2016년 12월 29일 09시,목요일,경상북도 영천시 오미동,경상사고,0,0,1,0,차대차 - 측면직각충돌,중앙선침범,건조,맑음,단일로 - 기타,화물,남,69세,상해없음,승용,여,35세,경상
2016122900100223,2016년 12월 29일 09시,목요일,경상북도 문경시 모전동,경상사고,0,0,1,0,차대차 - 정면충돌,중앙선침범,건조,맑음,교차로 - 교차로부근,승용,남,60세,상해없음,이륜,남,68세,경상
2016122900100245,2016년 12월 29일 10시,목요일,경상북도 영천시 문외동,경상사고,0,0,1,0,차대차 - 추돌,안전운전불이행,건조,맑음,단일로 - 기타,승용,남,56세,경상,승용,여,51세,상해없음
2016122900100246,2016년 12월 29일 10시,목요일,경상북도 경산시 남천면,경상사고,0,0,1,0,차대차 - 정면충돌,중앙선침범,건조,맑음,단일로 - 기타,승용,남,80세,상해없음,승용,남,66세,상해없음
2016122900100247,2016년 12월 29일 10시,목요일,경상북도 영양군 청기면,사망사고,1,0,0,0,차량단독 - 전도전복,안전운전불이행,건조,맑음,단일로 - 기타,원동기,남,49세,사망,,,,
2016122900100280,2016년 12월 29일 11시,목요일,경상북도 김천시 어모면,부상신고사고,0,0,0,1,차대차 - 추돌,안전운전불이행,건조,맑음,단일로 - 기타,이륜,남,37세,부상신고,화물,남,74세,상해없음
2016122900100317,2016년 12월 29일 12시,목요일,경상북도 경주시 안강읍,경상사고,0,0,1,1,차대차 - 측면충돌,안전거리미확보,건조,맑음,단일로 - 기타,화물,남,50세,부상신고,승용,여,55세,경상
2016122900100318,2016년 12월 29일 12시,목요일,경상북도 김천시 성내동,경상사고,0,0,1,0,차대사람 - 횡단중,보행자보호의무위반,건조,맑음,기타 - 기타,승용,남,44세,상해없음,보행자,남,8세,경상
2016122900100360,2016년 12월 29일 13시,목요일,경상북도 의성군 의성읍,중상사고,0,2,0,0,차대차 - 측면충돌,안전운전불이행,건조,맑음,교차로 - 교차로안,화물,남,48세,상해없음,승용,남,43세,중상
2016122900100361,2016년 12월 29일 13시,목요일,경상북도 영천시 조교동,중상사고,0,1,0,0,차대사람 - 기타,안전운전불이행,건조,맑음,단일로 - 기타,승용,여,53세,상해없음,보행자,남,55세,중상
2016122900100362,2016년 12월 29일 13시,목요일,경상북도 문경시 모전동,경상사고,0,0,1,0,차대차 - 측면충돌,직진우회전진행방해,건조,맑음,교차로 - 교차로안,승용,남,26세,상해없음,이륜,남,51세,경상
2016122900100363,2016년 12월 29일 13시,목요일,경상북도 구미시 공단동,경상사고,0,0,1,0,차대차 - 측면충돌,차로위반,건조,맑음,교차로 - 교차로부근,승용,여,58세,상해없음,승용,여,25세,경상
2016122900100396,2016년 12월 29일 14시,목요일,경상북도 문경시 흥덕동,중상사고,0,1,0,0,차대차 - 기타,안전운전불이행,건조,맑음,교차로 - 교차로안,승용,여,45세,상해없음,자전거,남,90세 이상,중상
2016122900100397,2016년 12월 29일 14시,목요일,경상북도 청도군 풍각면,경상사고,0,0,2,0,차대차 - 정면충돌,신호위반,건조,맑음,교차로 - 교차로안,화물,여,58세,경상,승용,남,49세,경상
2016122900100462,2016년 12월 29일 16시,목요일,경상북도 칠곡군 왜관읍,경상사고,0,0,1,0,차대차 - 측면직각충돌,신호위반,건조,맑음,교차로 - 교차로안,화물,남,76세,상해없음,승용,여,52세,경상
2016122900100463,2016년 12월 29일 16시,목요일,경상북도 청송군 현서면,사망사고,1,0,0,0,차대차 - 기타,기타,건조,맑음,단일로 - 기타,화물,남,43세,상해없음,원동기,남,79세,사망
2016122900100464,2016년 12월 29일 16시,목요일,경상북도 구미시 인의동,부상신고사고,0,0,0,1,차대차 - 기타,안전운전불이행,건조,맑음,단일로 - 기타,이륜,남,22세,부상신고,승용,남,24세,상해없음
2016122900100499,2016년 12월 29일 17시,목요일,경상북도 안동시 서후면,중상사고,0,1,0,0,차대차 - 정면충돌,안전운전불이행,건조,맑음,단일로 - 기타,이륜,남,64세,중상,화물,남,67세,상해없음
2016122900100500,2016년 12월 29일 17시,목요일,경상북도 영천시 조교동,중상사고,0,1,0,0,차대차 - 정면충돌,중앙선침범,건조,맑음,단일로 - 기타,화물,남,50세,상해없음,승용,남,45세,중상
2016122900100501,2016년 12월 29일 17시,목요일,경상북도 영천시 야사동,경상사고,0,0,3,0,차대차 - 측면직각충돌,안전거리미확보,건조,맑음,교차로 - 교차로부근,승용,남,62세,상해없음,승용,남,22세,경상
2016122900100502,2016년 12월 29일 17시,목요일,경상북도 구미시 옥계동,경상사고,0,0,1,0,차대차 - 정면충돌,안전운전불이행,건조,맑음,교차로 - 교차로안,승용,남,44세,상해없음,이륜,남,42세,경상
2016122900100554,2016년 12월 29일 18시,목요일,경상북도 의성군 봉양면,사망사고,1,0,0,0,차대사람 - 횡단중,안전운전불이행,건조,맑음,단일로 - 기타,승용,남,43세,상해없음,보행자,여,76세,사망
2016122900100555,2016년 12월 29일 18시,목요일,경상북도 성주군 성주읍,사망사고,1,0,0,0,차대사람 - 횡단중,안전운전불이행,건조,맑음,기타 - 기타,승용,여,45세,상해없음,보행자,여,63세,사망
2016122900100556,2016년 12월 29일 18시,목요일,경상북도 포항시 남구 오천읍,경상사고,0,0,4,0,차대차 - 기타,안전운전불이행,건조,맑음,교차로 - 교차로안,승용,여,43세,경상,승용,여,24세,경상
2016122900100607,2016년 12월 29일 19시,목요일,경상북도 경주시 성건동,경상사고,0,0,1,0,차대차 - 측면충돌,안전운전불이행,건조,맑음,교차로 - 교차로안,승용,여,53세,상해없음,승용,남,38세,경상
2016122900100608,2016년 12월 29일 19시,목요일,경상북도 상주시 남성동,중상사고,0,1,0,0,차대사람 - 보도통행중,보행자보호의무위반,건조,맑음,단일로 - 횡단보도상,승용,남,27세,상해없음,보행자,여,70세,중상
2016122900100702,2016년 12월 29일 21시,목요일,경상북도 포항시 북구 용흥동,경상사고,0,0,1,0,차대사람 - 횡단중,안전운전불이행,건조,맑음,교차로 - 교차로부근,승용,여,56세,상해없음,보행자,남,51세,경상
2016122900100703,2016년 12월 29일 21시,목요일,경상북도 안동시 옥동,경상사고,0,0,1,0,차대사람 - 길가장자리구역통행중,안전운전불이행,건조,맑음,단일로 - 기타,승용,여,41세,상해없음,보행자,여,23세,경상
2016122900100704,2016년 12월 29일 21시,목요일,경상북도 문경시 모전동,경상사고,0,0,1,0,차대차 - 측면직각충돌,안전운전불이행,건조,맑음,교차로 - 교차로안,승용,남,42세,상해없음,승용,남,23세,경상
2016122900100745,2016년 12월 29일 22시,목요일,경상북도 포항시 북구 양덕동,경상사고,0,0,2,0,차대차 - 추돌,안전운전불이행,건조,맑음,단일로 - 기타,승용,남,56세,상해없음,승용,남,65세,경상
2016122900100746,2016년 12월 29일 22시,목요일,경상북도 영천시 문외동,부상신고사고,0,0,0,1,차대차 - 측면직각충돌,직진우회전진행방해,건조,맑음,교차로 - 교차로안,승용,여,26세,상해없음,원동기,남,34세,부상신고
2016123000100024,2016년 12월 30일 00시,금요일,경상북도 칠곡군 북삼읍,경상사고,0,0,2,0,차대사람 - 보도통행중,안전운전불이행,건조,맑음,단일로 - 기타,이륜,남,28세,경상,보행자,남,24세,경상
2016123000100025,2016년 12월 30일 00시,금요일,경상북도 영덕군 영덕읍,중상사고,0,1,0,0,차대차 - 측면충돌,교차로운행방법위반,건조,맑음,교차로 - 교차로안,승용,남,61세,상해없음,승용,남,34세,상해없음
2016123000100048,2016년 12월 30일 01시,금요일,경상북도 경주시 사정동,경상사고,0,0,4,0,차대차 - 측면충돌,신호위반,건조,맑음,교차로 - 교차로안,승용,남,61세,상해없음,승용,여,51세,경상
2016123000100068,2016년 12월 30일 02시,금요일,경상북도 경주시 강동면,중상사고,0,1,0,0,차대차 - 추돌,안전운전불이행,건조,맑음,단일로 - 기타,승용,남,43세,중상,화물,남,59세,상해없음
2016123000100120,2016년 12월 30일 06시,금요일,경상북도 경주시 황성동,중상사고,0,1,0,0,차대차 - 측면충돌,안전운전불이행,건조,맑음,교차로 - 교차로안,승용,남,65세,상해없음,자전거,남,77세,중상
2016123000100121,2016년 12월 30일 06시,금요일,경상북도 상주시 서문동,사망사고,1,1,0,0,차대차 - 측면직각충돌,신호위반,건조,맑음,교차로 - 교차로안,승용,남,22세,상해없음,승용,남,36세,중상
2016123000100122,2016년 12월 30일 06시,금요일,경상북도 청도군 청도읍,경상사고,0,0,2,0,차대차 - 정면충돌,중앙선침범,건조,맑음,단일로 - 기타,승용,남,24세,경상,승용,남,61세,경상
2016123000100187,2016년 12월 30일 08시,금요일,경상북도 포항시 북구 죽도동,중상사고,0,1,0,0,차대사람 - 횡단중,신호위반,건조,맑음,단일로 - 횡단보도상,원동기,여,28세,상해없음,보행자,남,53세,중상
2016123000100188,2016년 12월 30일 08시,금요일,경상북도 의성군 의성읍,경상사고,0,0,2,0,차량단독 - 전도전복,기타,건조,맑음,단일로 - 기타,승용,남,73세,상해없음,,,,
2016123000100189,2016년 12월 30일 08시,금요일,경상북도 고령군 다산면,경상사고,0,0,1,0,차대차 - 추돌,안전운전불이행,건조,맑음,단일로 - 기타,승용,여,57세,상해없음,승용,남,35세,경상
2016123000100190,2016년 12월 30일 08시,금요일,경상북도 구미시 송정동,부상신고사고,0,0,0,1,차대차 - 기타,안전운전불이행,건조,맑음,교차로 - 교차로부근,이륜,남,28세,부상신고,승용,남,63세,상해없음
2016123000100221,2016년 12월 30일 09시,금요일,경상북도 경주시 동천동,중상사고,0,1,0,0,차대차 - 측면충돌,신호위반,건조,맑음,교차로 - 교차로안,승용,남,41세,상해없음,자전거,남,77세,중상
2016123000100222,2016년 12월 30일 09시,금요일,경상북도 안동시 송현동,부상신고사고,0,0,0,1,차대사람 - 보도통행중,안전운전불이행,건조,맑음,기타 - 기타,기타불명,기타불명,기타불명,기타불명,보행자,여,86세,부상신고
2016123000100223,2016년 12월 30일 09시,금요일,경상북도 칠곡군 왜관읍,중상사고,0,1,0,0,차대사람 - 횡단중,보행자보호의무위반,건조,맑음,단일로 - 횡단보도상,승용,남,65세,상해없음,보행자,여,80세,중상
2016123000100224,2016년 12월 30일 09시,금요일,경상북도 영덕군 영해면,경상사고,0,0,1,0,차대차 - 정면충돌,중앙선침범,건조,맑음,단일로 - 기타,승용,여,64세,상해없음,이륜,남,82세,경상
2016123000100247,2016년 12월 30일 10시,금요일,경상북도 구미시 황상동,경상사고,0,0,1,0,차대차 - 기타,교차로운행방법위반,건조,맑음,교차로 - 교차로안,이륜,남,45세,경상,승용,남,43세,상해없음
2016123000100248,2016년 12월 30일 10시,금요일,경상북도 구미시 형곡동,경상사고,0,0,1,0,차대차 - 정면충돌,중앙선침범,건조,맑음,단일로 - 기타,승용,여,40세,상해없음,승용,남,44세,상해없음
2016123000100288,2016년 12월 30일 11시,금요일,경상북도 문경시 흥덕동,경상사고,0,0,1,0,차대사람 - 횡단중,보행자보호의무위반,건조,맑음,교차로 - 교차로안,승용,남,29세,상해없음,보행자,여,79세,경상
2016123000100289,2016년 12월 30일 11시,금요일,경상북도 경산시 진량읍,중상사고,0,1,0,0,차대사람 - 기타,교차로운행방법위반,건조,맑음,교차로 - 교차로부근,승용,여,45세,상해없음,보행자,남,86세,중상
2016123000100290,2016년 12월 30일 11시,금요일,경상북도 영덕군 영해면,중상사고,0,1,0,0,차대사람 - 횡단중,안전운전불이행,건조,맑음,단일로 - 기타,승용,여,62세,상해없음,보행자,여,83세,중상
2016123000100372,2016년 12월 30일 13시,금요일,경상북도 경주시 외동읍,부상신고사고,0,0,0,1,차대차 - 측면충돌,기타,건조,맑음,기타 - 기타,승용,여,47세,상해없음,화물,남,40세,부상신고
2016123000100373,2016년 12월 30일 13시,금요일,경상북도 김천시 신음동,경상사고,0,0,1,0,차대차 - 측면충돌,안전거리미확보,건조,맑음,단일로 - 기타,승용,남,58세,상해없음,이륜,남,69세,경상
2016123000100374,2016년 12월 30일 13시,금요일,경상북도 성주군 성주읍,경상사고,0,0,1,0,차대차 - 기타,안전운전불이행,건조,맑음,교차로 - 교차로안,원동기,여,80세,경상,승용,여,61세,상해없음
2016123000100375,2016년 12월 30일 13시,금요일,경상북도 구미시 공단동,경상사고,0,0,2,1,차대차 - 측면직각충돌,교차로운행방법위반,건조,맑음,교차로 - 교차로안,승용,남,32세,부상신고,승용,남,34세,경상
2016123000100425,2016년 12월 30일 14시,금요일,경상북도 경주시 천북면,중상사고,0,1,0,0,차대사람 - 길가장자리구역통행중,안전운전불이행,건조,맑음,단일로 - 기타,승용,남,30세,상해없음,보행자,여,62세,중상
2016123000100426,2016년 12월 30일 14시,금요일,경상북도 포항시 북구 장성동,경상사고,0,0,1,0,차대차 - 정면충돌,교차로운행방법위반,건조,맑음,교차로 - 교차로안,승용,남,51세,상해없음,이륜,남,22세,경상
2016123000100462,2016년 12월 30일 15시,금요일,경상북도 포항시 남구 오천읍,경상사고,0,0,1,0,차대차 - 추돌,안전거리미확보,건조,맑음,교차로 - 교차로부근,화물,남,58세,상해없음,승용,남,40세,경상
2016123000100500,2016년 12월 30일 16시,금요일,경상북도 경주시 황오동,경상사고,0,0,1,0,차대차 - 추돌,안전운전불이행,건조,맑음,미분류 - 미분류,자전거,여,69세,경상,기타불명,기타불명,기타불명,기타불명
2016123000100501,2016년 12월 30일 16시,금요일,경상북도 포항시 북구 장성동,경상사고,0,0,2,0,차대차 - 정면충돌,직진우회전진행방해,건조,맑음,교차로 - 교차로안,승용,남,60세,상해없음,승용,여,32세,경상
2016123000100502,2016년 12월 30일 16시,금요일,경상북도 성주군 성주읍,경상사고,0,0,1,0,차대사람 - 기타,안전운전불이행,건조,맑음,교차로 - 교차로안,승용,남,67세,상해없음,보행자,남,39세,경상
2016123000100503,2016년 12월 30일 16시,금요일,경상북도 고령군 대가야읍,중상사고,0,1,0,0,차대차 - 추돌,안전운전불이행,건조,맑음,단일로 - 횡단보도부근,화물,남,58세,상해없음,자전거,여,65세,중상
2016123000100548,2016년 12월 30일 17시,금요일,경상북도 경주시 천북면,경상사고,0,0,1,0,차대차 - 기타,중앙선침범,건조,맑음,단일로 - 기타,승용,남,36세,상해없음,승용,남,32세,경상
2016123000100549,2016년 12월 30일 17시,금요일,경상북도 포항시 북구 기계면,중상사고,0,1,0,0,차대차 - 측면충돌,안전운전불이행,건조,맑음,교차로 - 교차로부근,승용,여,38세,상해없음,원동기,여,59세,중상
2016123000100550,2016년 12월 30일 17시,금요일,경상북도 영천시 임고면,경상사고,0,0,1,0,차대차 - 측면직각충돌,교차로운행방법위반,건조,맑음,교차로 - 교차로안,승용,여,55세,상해없음,승용,여,49세,경상
2016123000100617,2016년 12월 30일 18시,금요일,경상북도 영천시 야사동,경상사고,0,0,1,0,차대차 - 측면직각충돌,안전거리미확보,건조,맑음,단일로 - 기타,원동기,남,35세,경상,승용,남,34세,상해없음
2016123000100618,2016년 12월 30일 18시,금요일,경상북도 구미시 인의동,경상사고,0,0,1,0,차대사람 - 횡단중,안전운전불이행,건조,맑음,단일로 - 기타,승용,남,55세,상해없음,보행자,여,15세,경상
2016123000100682,2016년 12월 30일 19시,금요일,경상북도 경산시 중방동,경상사고,0,0,1,0,차대사람 - 횡단중,안전운전불이행,건조,맑음,단일로 - 기타,승용,남,43세,상해없음,보행자,여,74세,경상
2016123000100683,2016년 12월 30일 19시,금요일,경상북도 포항시 남구 상도동,경상사고,0,0,1,0,차대차 - 측면직각충돌,안전운전불이행,건조,맑음,단일로 - 기타,승용,남,64세,상해없음,승용,남,24세,경상
2016123000100736,2016년 12월 30일 20시,금요일,경상북도 포항시 북구 학산동,경상사고,0,0,1,0,차대차 - 정면충돌,안전운전불이행,건조,맑음,교차로 - 교차로부근,승용,여,41세,상해없음,승용,여,46세,경상
2016123000100764,2016년 12월 30일 21시,금요일,경상북도 봉화군 봉화읍,중상사고,0,1,1,0,차대차 - 정면충돌,중앙선침범,건조,맑음,단일로 - 기타,승용,남,59세,상해없음,승용,남,49세,경상
2016123000100798,2016년 12월 30일 22시,금요일,경상북도 구미시 공단동,경상사고,0,0,1,0,차대차 - 측면충돌,교차로운행방법위반,건조,맑음,교차로 - 교차로안,승용,남,60세,상해없음,원동기,남,47세,경상
2016123000100838,2016년 12월 30일 23시,금요일,경상북도 경주시 구정동,경상사고,0,0,2,0,차대차 - 측면충돌,신호위반,건조,맑음,교차로 - 교차로안,승용,남,33세,상해없음,승용,남,25세,경상
2016123000100839,2016년 12월 30일 23시,금요일,경상북도 구미시 임수동,중상사고,0,1,0,0,차대차 - 측면충돌,안전거리미확보,건조,맑음,단일로 - 기타,이륜,남,16세,상해없음,원동기,남,16세,상해없음
2016123100100018,2016년 12월 31일 00시,토요일,경상북도 영주시 가흥동,중상사고,0,1,1,0,차대차 - 측면충돌,교차로운행방법위반,건조,맑음,교차로 - 교차로안,승용,남,52세,기타불명,승용,남,47세,경상
2016123100100059,2016년 12월 31일 01시,토요일,경상북도 안동시 당북동,경상사고,0,0,1,0,차대차 - 정면충돌,안전운전불이행,건조,맑음,교차로 - 교차로안,승용,남,46세,상해없음,화물,남,52세,경상
2016123100100060,2016년 12월 31일 01시,토요일,경상북도 포항시 남구 대잠동,경상사고,0,0,5,0,차대차 - 측면직각충돌,직진우회전진행방해,건조,맑음,교차로 - 교차로안,승용,남,47세,상해없음,승용,여,36세,경상
2016123100100084,2016년 12월 31일 02시,토요일,경상북도 구미시 장천면,경상사고,0,0,1,0,차량단독 - 전도전복,기타,건조,맑음,교차로 - 교차로부근,승용,남,37세,경상,,,,
2016123100100112,2016년 12월 31일 04시,토요일,경상북도 문경시 문경읍,부상신고사고,0,0,0,1,차량단독 - 전도전복,안전운전불이행,건조,맑음,단일로 - 기타,승용,남,38세,부상신고,,,,
2016123100100192,2016년 12월 31일 09시,토요일,경상북도 의성군 비안면,중상사고,0,1,1,0,차대사람 - 횡단중,안전운전불이행,건조,맑음,교차로 - 교차로부근,승용,여,62세,경상,보행자,여,72세,중상
2016123100100254,2016년 12월 31일 12시,토요일,경상북도 경주시 황오동,중상사고,0,1,0,0,차대사람 - 횡단중,보행자보호의무위반,건조,맑음,단일로 - 횡단보도상,이륜,남,22세,상해없음,보행자,남,41세,중상
2016123100100255,2016년 12월 31일 12시,토요일,경상북도 칠곡군 지천면,경상사고,0,0,2,0,차대차 - 측면충돌,교차로운행방법위반,건조,맑음,교차로 - 교차로안,화물,남,46세,경상,화물,남,36세,경상
2016123100100256,2016년 12월 31일 12시,토요일,경상북도 경산시 진량읍,경상사고,0,0,2,0,차대차 - 정면충돌,안전운전불이행,건조,맑음,단일로 - 기타,승용,여,49세,경상,화물,남,38세,경상
2016123100100286,2016년 12월 31일 13시,토요일,경상북도 안동시 옥야동,중상사고,0,1,0,0,차대사람 - 기타,안전운전불이행,건조,맑음,단일로 - 기타,승용,여,36세,상해없음,보행자,여,63세,중상
2016123100100287,2016년 12월 31일 13시,토요일,경상북도 경산시 사동,경상사고,0,0,1,0,차대사람 - 횡단중,안전운전불이행,건조,맑음,단일로 - 기타,승용,남,30세,상해없음,보행자,남,6세,경상
2016123100100288,2016년 12월 31일 13시,토요일,경상북도 구미시 도량동,중상사고,0,1,0,0,차대차 - 기타,안전운전불이행,건조,맑음,기타 - 기타,승용,여,33세,상해없음,승용,남,58세,중상
2016123100100321,2016년 12월 31일 14시,토요일,경상북도 포항시 북구 죽도동,경상사고,0,0,1,0,차대사람 - 기타,안전운전불이행,건조,맑음,기타 - 기타,승용,남,44세,상해없음,보행자,남,34세,경상
2016123100100322,2016년 12월 31일 14시,토요일,경상북도 포항시 북구 동빈2가,중상사고,0,1,0,0,차대사람 - 횡단중,안전운전불이행,건조,맑음,단일로 - 기타,이륜,남,24세,상해없음,보행자,여,61세,중상
2016123100100323,2016년 12월 31일 14시,토요일,경상북도 상주시 만산동,경상사고,0,0,1,0,차대차 - 측면충돌,안전운전불이행,건조,맑음,단일로 - 기타,승용,남,33세,상해없음,승용,남,24세,경상
2016123100100324,2016년 12월 31일 14시,토요일,경상북도 영덕군 병곡면,경상사고,0,0,1,0,차대차 - 추돌,안전운전불이행,건조,맑음,단일로 - 기타,이륜,남,65세,경상,승용,남,57세,상해없음
2016123100100380,2016년 12월 31일 16시,토요일,경상북도 경주시 외동읍,중상사고,0,1,0,0,차대사람 - 기타,안전운전불이행,건조,맑음,단일로 - 기타,건설기계,남,47세,상해없음,보행자,여,71세,중상
2016123100100381,2016년 12월 31일 16시,토요일,경상북도 포항시 북구 여천동,경상사고,0,0,2,0,차대차 - 정면충돌,안전운전불이행,건조,맑음,단일로 - 기타,승용,남,68세,기타불명,이륜,남,17세,경상
2016123100100382,2016년 12월 31일 16시,토요일,경상북도 구미시 옥계동,중상사고,0,1,1,0,차대차 - 기타,안전운전불이행,건조,맑음,교차로 - 교차로부근,이륜,남,65세,중상,승용,여,51세,경상
2016123100100404,2016년 12월 31일 17시,토요일,경상북도 안동시 법흥동,중상사고,0,1,0,0,차대차 - 기타,안전운전불이행,건조,맑음,단일로 - 기타,승용,여,55세,상해없음,자전거,남,77세,중상
2016123100100405,2016년 12월 31일 17시,토요일,경상북도 영덕군 강구면,경상사고,0,0,1,0,차대사람 - 횡단중,안전운전불이행,건조,맑음,단일로 - 기타,화물,남,53세,상해없음,보행자,여,33세,경상
2016123100100406,2016년 12월 31일 17시,토요일,경상북도 성주군 초전면,경상사고,0,0,3,0,차대차 - 정면충돌,안전운전불이행,건조,맑음,기타 - 기타,화물,남,53세,상해없음,승용,여,27세,경상
2016123100100443,2016년 12월 31일 18시,토요일,경상북도 의성군 춘산면,중상사고,0,1,1,0,차대차 - 정면충돌,직진우회전진행방해,건조,맑음,교차로 - 교차로안,화물,남,39세,경상,화물,남,60세,중상
2016123100100444,2016년 12월 31일 18시,토요일,경상북도 구미시 사곡동,경상사고,0,0,1,0,차대차 - 정면충돌,교차로운행방법위반,건조,맑음,교차로 - 교차로부근,이륜,남,33세,경상,승용,여,37세,상해없음
2016123100100445,2016년 12월 31일 18시,토요일,경상북도 칠곡군 석적읍,중상사고,0,1,0,0,차대차 - 측면직각충돌,차로위반,건조,맑음,단일로 - 기타,승용,여,49세,상해없음,승용,여,28세,중상
2016123100100504,2016년 12월 31일 19시,토요일,경상북도 포항시 북구 죽도동,경상사고,0,0,1,0,차대사람 - 차도통행중,안전운전불이행,건조,맑음,단일로 - 기타,승용,남,53세,상해없음,보행자,남,61세,경상
2016123100100505,2016년 12월 31일 19시,토요일,경상북도 안동시 안막동,중상사고,0,1,2,0,차대차 - 추돌,안전거리미확보,건조,맑음,단일로 - 기타,승용,남,45세,중상,승합,남,59세,경상
2016123100100549,2016년 12월 31일 20시,토요일,경상북도 경주시 서부동,중상사고,0,1,0,0,차대차 - 측면충돌,안전운전불이행,건조,맑음,교차로 - 교차로안,승용,남,26세,상해없음,승합,남,46세,상해없음
2016123100100550,2016년 12월 31일 20시,토요일,경상북도 경주시 성건동,경상사고,0,0,1,0,차대차 - 추돌,안전운전불이행,건조,맑음,단일로 - 기타,승용,남,35세,상해없음,승용,남,34세,경상
2016123100100551,2016년 12월 31일 20시,토요일,경상북도 경주시 양북면,경상사고,0,0,1,0,차대사람 - 길가장자리구역통행중,안전운전불이행,건조,맑음,단일로 - 기타,승용,남,66세,상해없음,보행자,남,50세,경상
2016123100100552,2016년 12월 31일 20시,토요일,경상북도 경산시 옥곡동,경상사고,0,0,1,0,차대차 - 측면충돌,안전운전불이행,건조,맑음,교차로 - 교차로안,승용,남,49세,상해없음,승합,남,53세,경상
2016123100100553,2016년 12월 31일 20시,토요일,경상북도 구미시 광평동,사망사고,1,0,0,0,차대차 - 추돌,안전운전불이행,건조,맑음,단일로 - 기타,원동기,남,49세,사망,화물,기타불명,기타불명,기타불명
2016123100100582,2016년 12월 31일 21시,토요일,경상북도 구미시 지산동,경상사고,0,0,4,0,차대차 - 측면충돌,신호위반,건조,맑음,교차로 - 교차로안,승용,여,60세,상해없음,승용,여,30세,경상
2016123100100648,2016년 12월 31일 23시,토요일,경상북도 경산시 정평동,중상사고,0,1,0,0,차대사람 - 횡단중,신호위반,건조,맑음,교차로 - 교차로안,이륜,남,24세,상해없음,보행자,남,49세,중상
2016123100100649,2016년 12월 31일 23시,토요일,경상북도 울진군 평해읍,중상사고,0,1,0,0,차대사람 - 길가장자리구역통행중,안전운전불이행,건조,맑음,단일로 - 기타,승용,여,52세,상해없음,보행자,남,55세,중상
2016123100100650,2016년 12월 31일 23시,토요일,경상북도 구미시 황상동,경상사고,0,0,1,0,차대차 - 정면충돌,안전운전불이행,건조,맑음,단일로 - 기타,화물,남,35세,상해없음,승용,남,30세,상해없음